code,rows,start,end,hold_cagr,hold_mdd,hold_sharpe,swing_cagr,swing_mdd,swing_sharpe,swing_trades,swing_win,swA_cagr,swA_mdd,swA_sharpe,swA_cagr_diff,swA_mdd_diff,swA_tim,swA_hedges,swA_hedge_ok,swA_hedge_ok_ratio,swA_cls,swB_cagr,swB_mdd,swB_sharpe,swB_cagr_diff,swB_mdd_diff,swB_tim,swB_hedges,swB_hedge_ok,swB_hedge_ok_ratio,swB_cls
000001.SZ,3515,20120228,20260821,0.06710381836557189,-0.6234888614558287,0.2915253107759472,-0.0041020218856056,-0.565053425464568,-0.018857015316470598,18,0.5,-0.010593577974852941,-0.5650534254645683,-0.048400446294533356,-0.07769739634042483,0.05843543599126044,0.42446657183499287,18,5,0.2777777777777778,中性,0.04649225111688171,-0.6517743616758602,0.22034378059014653,-0.020611567248690177,-0.028285500220031512,0.8512091038406828,28,8,0.2857142857142857,中性
000002.SZ,3376,20120215,20260821,-0.031201308065987754,-0.9050801032521012,0.03486655800822117,0.02370485640558706,-0.5803101653460936,0.14310515216856612,16,0.5625,0.029695329159187045,-0.5803101653460937,0.16535900902758374,0.0608966372251748,0.3247699379060075,0.5029620853080569,15,6,0.4,PASS,-0.014861345317855656,-0.8364529812494992,0.053238039205451324,0.016339962748132097,0.06862712200260201,0.7766587677725119,30,14,0.4666666666666667,PASS
000005.SZ,2757,20120531,20240305,-0.1158058913849187,-0.9582806573957017,-0.15044754954447812,-0.12025678749513868,-0.9590599422316595,-0.3649191175885052,18,0.1111111111111111,-0.12319312250547165,-0.9590599422316595,-0.37602622229133414,-0.007387231120552951,-0.0007792848359577942,0.4726151614073268,19,10,0.5263157894736842,中性,-0.12408246576782334,-0.9494805579456385,-0.2636523354405601,-0.008276574382904633,0.008800099450063215,0.7812840043525572,28,13,0.4642857142857143,中性
000006.SZ,3408,20120215,20260821,0.07152688247850691,-0.7812960502632553,0.336304255745561,-0.058394896463753176,-0.9212262233169198,-0.06406077623909358,18,0.3333333333333333,-0.050096898676401325,-0.9212262233169198,-0.03725066017257662,-0.12162378115490824,-0.1399301730536645,0.5005868544600939,18,6,0.3333333333333333,FAIL,-0.0016837378933657332,-0.9223880728725586,0.15730601075215475,-0.07321062037187265,-0.1410920226093033,0.8661971830985915,28,6,0.21428571428571427,FAIL
000008.SZ,3253,20120328,20260821,0.05647900573356002,-0.8659527523912434,0.29334414277034293,-0.00394893680720787,-0.8406243001305991,0.03205540495518479,16,0.3125,-0.0028841185833027305,-0.8406243001305992,0.03933694867977712,-0.05936312431686275,0.025328452260644174,0.3971718413771903,16,7,0.4375,FAIL,-0.04377280686946927,-0.9253402146144183,-0.006420772241045945,-0.10025181260302929,-0.059387462223174925,0.8235474946203505,31,6,0.1935483870967742,FAIL
000009.SZ,3429,20120215,20260821,0.013583183960893308,-0.7929104900819886,0.20961018434247639,-0.01956266604480328,-0.793005852990279,0.04224118235552576,20,0.4,-0.01818165519915671,-0.793005852990279,0.04655478732056848,-0.03176483916005002,-9.53629082904861e-05,0.41673957421988916,19,8,0.42105263157894735,FAIL,-0.01444445248942583,-0.8100387202589702,0.11579098700481502,-0.028027636450319138,-0.017128230176981618,0.7699037620297463,36,14,0.3888888888888889,中性
000012.SZ,3487,20120215,20260821,-0.027252551487286225,-0.7015588384687979,0.06713412010407895,-0.10698746645882962,-0.8960711886490061,-0.3025524589184463,19,0.3157894736842105,-0.10729954916521756,-0.8960711886490061,-0.3036158977661521,-0.08004699767793133,-0.1945123501802083,0.43131631775164897,19,8,0.42105263157894735,FAIL,-0.06105759715188297,-0.7909949469643681,-0.05345214133887754,-0.033805045664596745,-0.08943610849557027,0.8368224835101806,29,7,0.2413793103448276,FAIL
000016.SZ,3420,20120215,20260821,0.0301956830296779,-0.860790958477723,0.24912414418730222,0.05127549440942203,-0.8094852597856139,0.24956880976142662,18,0.3333333333333333,0.057453633987550434,-0.8094852597856141,0.26876970190983,0.027257950957872534,0.05130569869210888,0.3543859649122807,18,8,0.4444444444444444,PASS,-0.09887992714982552,-0.966927804597398,-0.10213182796223767,-0.12907561017950342,-0.106136846119675,0.8383040935672514,37,12,0.32432432432432434,FAIL
000021.SZ,3503,20120215,20260821,0.14452366697948604,-0.7322212492689052,0.4813668081555822,0.0639115986436456,-0.5899511578076797,0.2956044263002406,24,0.4166666666666667,0.06485334999256831,-0.5899511578076798,0.2979922165329529,-0.07967031698691773,0.14227009146122538,0.50870682272338,23,10,0.43478260869565216,中性,0.16117579225154066,-0.6194085556459383,0.5168321338838157,0.01665212527205462,0.11281269362296686,0.7893234370539538,32,17,0.53125,PASS
000024.SZ,769,20120215,20151207,0.38599824727301235,-0.5076727654688913,1.0532479175012213,0.3522107101162666,-0.3864779119048892,1.0721369621362795,4,0.75,0.37255450872802265,-0.38647791190488934,1.116540622483374,-0.013443738544989703,0.12119485356400195,0.6436931079323797,3,1,0.3333333333333333,PASS,0.2712047556041499,-0.613790740915976,0.847129472289265,-0.11479349166886244,-0.10611797544708468,0.8361508452535761,7,2,0.2857142857142857,FAIL
000025.SZ,3495,20120215,20260821,0.09113112070765128,-0.8497797632063978,0.3839142476376216,-0.041369932640132,-0.8101977456022469,-0.008676296515887878,16,0.125,-0.03985581035435748,-0.8101977456022469,-0.004027326278684798,-0.13098693106200876,0.03958201760415092,0.3296137339055794,16,6,0.375,中性,-0.06777301207236874,-0.9480612293126744,0.030926981333242676,-0.15890413278002002,-0.09828146610627664,0.8165951359084407,32,10,0.3125,FAIL
000027.SZ,3485,20120215,20260821,0.06189981426739499,-0.7065252866750089,0.284546941493866,-0.001316304604258467,-0.7742028196335159,0.04729581033127032,15,0.3333333333333333,0.0007075890735845913,-0.774202819633516,0.05589370203850156,-0.0611922251938104,-0.06767753295850709,0.4708751793400287,15,6,0.4,FAIL,-0.008714402724776527,-0.8303751642383038,0.06357301007462045,-0.07061421699217152,-0.12384987756329491,0.879196556671449,22,3,0.13636363636363635,FAIL
000028.SZ,3409,20120215,20260821,0.03290571874853576,-0.6932622474499667,0.2038597765403494,-0.010891323413057097,-0.7987626819390077,-0.019858904353172935,20,0.25,-0.006611527270108497,-0.7987626819390077,-0.001094354194082586,-0.03951724601864426,-0.105500434489041,0.5397477266060429,20,8,0.4,FAIL,0.024613551803539968,-0.8041838112552786,0.16153474665730977,-0.008292166944995794,-0.11092156380531193,0.7943678498093283,28,9,0.32142857142857145,中性
000029.SZ,2519,20120215,20260821,0.13848818910436744,-0.6624237930466305,0.5746892698417584,0.04393888107572663,-0.5728119583154747,0.2935455155491194,15,0.3333333333333333,0.05124754333133552,-0.5728119583154747,0.3188753047441801,-0.08724064577303192,0.08961183473115575,0.5696705041683208,15,4,0.26666666666666666,中性,0.13072082169306176,-0.4748663101604278,0.5626340848999651,-0.007767367411305681,0.18755748288620266,0.8015085351329893,20,8,0.4,PASS
000030.SZ,3509,20120216,20260821,-0.029765640198076482,-0.6891175788169115,0.06419960825585125,-0.08791407542812368,-0.8284532012705406,-0.23793410175470622,23,0.21739130434782608,-0.09733655783660977,-0.8284532012705406,-0.2735704315114859,-0.06757091763853329,-0.13933562245362907,0.46138500997435167,22,9,0.4090909090909091,FAIL,-0.05453186307978375,-0.6956955625267751,-0.042132056050142815,-0.024766222881707267,-0.006577983709863622,0.81761185522941,32,12,0.375,中性
000031.SZ,3338,20120215,20260821,-0.03713036400845193,-0.9052522443253488,0.05605272531840919,-0.09336523253391893,-0.9156818053584543,-0.24920662053115325,20,0.15,-0.09191657329729219,-0.9156818053584542,-0.24371863182351142,-0.05478620928884026,-0.010429561033105439,0.3987417615338526,20,8,0.4,FAIL,-0.0884736189587132,-0.9434999641225238,-0.12270009278689029,-0.05134325495026126,-0.038247719797175006,0.7789095266626722,37,15,0.40540540540540543,FAIL
000032.SZ,3250,20120215,20260821,0.07869900571135147,-0.7468196299810118,0.3815617595943581,-0.07266671432784988,-0.8701987072876426,-0.09126597982261418,20,0.25,-0.0724828064836317,-0.8701987072876427,-0.09068054865864188,-0.15118181219498317,-0.12337907730663089,0.488,20,7,0.35,FAIL,0.0026322227574773205,-0.8170093913499473,0.20346095484912843,-0.07606678295387415,-0.07018976136893551,0.8098461538461539,34,9,0.2647058823529412,FAIL
000034.SZ,3079,20120216,20260821,0.14045026810234318,-0.6868786698917617,0.5108178143818339,0.011496496643091492,-0.7864236536363831,0.18819753316180318,20,0.3,0.015608457039807622,-0.7864236536363832,0.20008786638390375,-0.12484181106253556,-0.0995449837446215,0.6001948684637869,19,4,0.21052631578947367,FAIL,0.11812048480155046,-0.6770151278717451,0.4629867725362072,-0.022329783300792716,0.009863542020016602,0.8252679441377071,27,6,0.2222222222222222,中性
000039.SZ,3496,20120215,20260821,0.032756070291315,-0.7254835629520633,0.21532453451309955,-0.012824118719167665,-0.6882130367707802,0.038088080509774046,19,0.3684210526315789,-0.012081872789864834,-0.68821303677078,0.040581823493813715,-0.04483794308117983,0.03727052618128324,0.5489130434782609,19,7,0.3684210526315789,中性,0.010373114155079799,-0.8116804856003619,0.13833048330089237,-0.0223829561362352,-0.08619692264829859,0.8303775743707094,30,9,0.3,中性
000040.SZ,2981,20120215,20250331,-0.1463637601900558,-0.9764145660123428,-0.22002730992286504,-0.008752306799434062,-0.8172412271522196,0.031624835509802544,15,0.26666666666666666,-0.009026219503080468,-0.8172412271522196,0.030609285611210284,0.13733754068697535,0.1591733388601232,0.38644750083864476,15,7,0.4666666666666667,PASS,-0.08385956332352873,-0.9257901506702187,-0.12331306285810914,0.06250419686652708,0.05062441534212403,0.7889969808788997,29,10,0.3448275862068966,PASS
000042.SZ,3345,20120215,20260821,0.01836932582430184,-0.8836952812923282,0.19502902615726428,-0.15111027474617944,-0.9643297798764607,-0.591555753201588,23,0.30434782608695654,-0.14614587634302956,-0.9643297798764607,-0.5670993145253568,-0.1645152021673314,-0.08063449858413252,0.4795216741405082,22,5,0.22727272727272727,FAIL,-0.07095100880484273,-0.9549982729042825,-0.09692459982210473,-0.08932033462914457,-0.0713029916119543,0.8310911808669657,30,8,0.26666666666666666,FAIL
000046.SZ,2804,20120215,20231227,-0.1688344088897109,-0.9799110583791706,-0.2790981333974189,-0.06227238144640734,-0.8665779383465081,-0.11572160391387899,17,0.35294117647058826,-0.041501361731164255,-0.8665779383465081,-0.040630410460098645,0.12733304715854665,0.1133331200326625,0.42296718972895864,17,7,0.4117647058823529,PASS,-0.06358674557460264,-0.9344568806637771,-0.03983169919980734,0.10524766331510826,0.04545417771539351,0.7582025677603423,27,15,0.5555555555555556,PASS
000049.SZ,3488,20120329,20260821,0.07424309142822305,-0.6917154378567574,0.3405990229176471,-0.06262517598322315,-0.9144962143598518,-0.08212281553013337,26,0.2692307692307692,-0.055816073571921754,-0.9144962143598518,-0.059781569600271076,-0.1300591650001448,-0.22278077650309447,0.5647935779816514,26,8,0.3076923076923077,FAIL,0.037056970220923136,-0.7178791633772275,0.2437825451087336,-0.037186121207299916,-0.026163725520470082,0.8061926605504587,35,14,0.4,FAIL
000050.SZ,3332,20120215,20260821,-0.01348321512481776,-0.8273378572241452,0.14864614966920192,-0.051966757776148564,-0.8753592202026746,-0.05744491712907552,20,0.25,-0.05164811332828545,-0.8753592202026746,-0.05637028915823052,-0.03816489820346769,-0.048021362978529436,0.503001200480192,20,7,0.35,FAIL,-0.040170805417726774,-0.8709162048798808,0.05580899876729825,-0.026687590292909014,-0.04357834765573554,0.8283313325330132,30,9,0.3,中性
000059.SZ,3518,20120215,20260821,-0.03091396238584254,-0.7112408871300824,0.053997594113144066,-0.11471279841449811,-0.9270321600729958,-0.32278644286986974,23,0.30434782608695654,-0.11262657929919995,-0.9270321600729958,-0.31483841312619326,-0.0817126169133574,-0.21579127294291345,0.496304718590108,22,8,0.36363636363636365,FAIL,-0.0772443845354539,-0.8531458432150396,-0.1057982743982799,-0.04633042214961136,-0.14190495608495723,0.8226264923251848,35,12,0.34285714285714286,FAIL
000060.SZ,3514,20120215,20260821,0.01270900131695063,-0.8142886338963181,0.17632781766334793,-0.02861589146708432,-0.8129374524926741,-0.0075874799128334775,19,0.42105263157894735,-0.027802859662972246,-0.812937452492674,-0.004936125291344407,-0.040511860979922876,0.0013511814036440972,0.5244735344336938,19,7,0.3684210526315789,FAIL,-0.07877707438979786,-0.902938317396867,-0.09519730116574472,-0.0914860757067485,-0.08864968350054891,0.8466135458167331,31,6,0.1935483870967742,FAIL
000061.SZ,3420,20120216,20260821,0.00015630549413581107,-0.8544765264976959,0.13564308136974082,0.04889401964130746,-0.659877393576733,0.2388574667254862,11,0.5454545454545454,0.05181262668862385,-0.659877393576733,0.24847507732704024,0.05165632119448804,0.19459913292096287,0.41228070175438597,11,6,0.5454545454545454,PASS,-0.04872033848291957,-0.8962742705327047,-0.016401434151137678,-0.04887664397705538,-0.0417977440350088,0.8663742690058479,29,6,0.20689655172413793,FAIL
000062.SZ,3409,20120215,20260821,0.1419685418988752,-0.8574366645292812,0.4844138778253075,-0.0034281267858258246,-0.9240637366626255,0.11873399406250944,18,0.3888888888888889,0.0007300021061014128,-0.9240637366626255,0.13042035678133396,-0.1412385397927738,-0.06662707213334429,0.42739806394837193,17,5,0.29411764705882354,FAIL,0.07119152275938867,-0.9113247617277136,0.3424366122978195,-0.07077701913948653,-0.05388809719843235,0.8310354942798475,33,15,0.45454545454545453,FAIL
000063.SZ,3445,20120215,20260821,0.07514761756880461,-0.6986301369863014,0.34002208562154573,0.06281113589982645,-0.7424673492592411,0.28738832325381675,15,0.4,0.06651565401875059,-0.7424673492592411,0.2981156971897334,-0.008631963550054023,-0.043837212272939685,0.548911465892598,14,7,0.5,中性,0.03922786814639023,-0.7524430696863159,0.24283184547609135,-0.03591974942241438,-0.053812932700014526,0.8435413642960813,26,10,0.38461538461538464,FAIL
000066.SZ,3302,20120215,20260821,0.07241166915647113,-0.8047784881568321,0.3504794583055525,-0.10469308246234144,-0.9426116978680539,-0.25587226259878326,24,0.2916666666666667,-0.10358692062148012,-0.9426116978680539,-0.2518366834196464,-0.17599858977795124,-0.13783320971122182,0.4273167777104785,24,6,0.25,FAIL,0.014488115662443235,-0.7599896109271509,0.19843457927067817,-0.05792355349402789,0.04478887722968117,0.7658994548758328,37,12,0.32432432432432434,中性
000068.SZ,3248,20120914,20260821,-0.021402079568202614,-0.8491582491582492,0.13447715848966318,-0.11478787962474513,-0.9188005113279941,-0.30323642661784644,19,0.3157894736842105,-0.10800078623145537,-0.9188005113279941,-0.2723204613857191,-0.08659870666325276,-0.0696422621697449,0.5267857142857143,19,7,0.3684210526315789,FAIL,-0.10805748775815693,-0.9268281156579647,-0.1108148864475419,-0.08665540818995432,-0.07766986649971552,0.8466748768472906,30,7,0.23333333333333334,FAIL
000069.SZ,3482,20120215,20260821,-0.05794072460409294,-0.8528149087715875,-0.05092826277120816,-0.058224804245988526,-0.8239364915112262,-0.18166875082232609,16,0.25,-0.05331233585613615,-0.8239364915112262,-0.1583691631216782,0.004628388747956791,0.028878417260361333,0.4867892016082711,15,5,0.3333333333333333,反例,-0.06916761334914046,-0.8965196981928754,-0.12261191702947985,-0.011226888745047514,-0.04370478942128786,0.8093049971280873,29,14,0.4827586206896552,中性
000078.SZ,3509,20120215,20260821,-0.036747383131405575,-0.9058873679895458,0.1644638656924276,-0.08901774274699092,-0.9403304473731936,0.006539328723467318,19,0.3157894736842105,-0.0882325427493501,-0.9403304473731936,0.008167101574100985,-0.05148515961794453,-0.03444307938364777,0.5269307495012824,19,5,0.2631578947368421,FAIL,-0.12580372140438278,-0.9661149324444309,-0.021275047839673274,-0.08905633827297721,-0.060227564454885085,0.8338557993730408,32,7,0.21875,FAIL
000088.SZ,3442,20120529,20260821,0.021645065056199675,-0.691994890019767,0.18444059275732766,-0.07083429224098858,-0.8655234472093822,-0.2088875017984771,15,0.3333333333333333,-0.07587203188135094,-0.8655234472093822,-0.2228996731726198,-0.09751709693755062,-0.17352855718961524,0.421266705403835,15,2,0.13333333333333333,FAIL,-0.0446994937935028,-0.8500878057407218,-0.021194059813874237,-0.06634455884970247,-0.15809291572095485,0.873329459616502,25,9,0.36,FAIL
000089.SZ,3524,20120215,20260821,0.03584814025507299,-0.5933385159664968,0.18837120836844123,0.008564774431129019,-0.699412580981602,0.0505714300983531,14,0.35714285714285715,0.0037405752072348086,-0.6994125809816019,0.03121293730257954,-0.03210756504783818,-0.10607406501510508,0.5198637911464246,14,5,0.35714285714285715,FAIL,0.008397681519484834,-0.6541191223672893,0.08547826610968144,-0.027450458735588157,-0.060780606400792525,0.8771282633371169,22,5,0.22727272727272727,中性
000090.SZ,3467,20120216,20260821,0.04719903852510976,-0.756208376052396,0.2570378213400581,0.0992450721947209,-0.4943807292236674,0.40979001517706126,16,0.5,0.10377630346024924,-0.4943807292236676,0.4255308600420756,0.05657726493513948,0.2618276468287284,0.4046726276319585,15,7,0.4666666666666667,PASS,-0.023113538148194057,-0.8255193470938522,0.04358685255239198,-0.07031257667330382,-0.06931097104145623,0.8249206807037784,34,9,0.2647058823529412,FAIL
000099.SZ,3401,20120215,20260821,0.044036899889891234,-0.8029342803681215,0.266371448894345,-0.012482955821627395,-0.8260292939620748,0.04247118883273608,20,0.4,-0.011548843764017658,-0.8260292939620749,0.04564992968329937,-0.05558574365390889,-0.023095013593953384,0.4504557483093208,20,7,0.35,FAIL,-0.05289916443832998,-0.8978383460862507,-0.01196982020162698,-0.09693606432822122,-0.09490406571812915,0.8194648632755072,33,10,0.30303030303030304,FAIL
000100.SZ,3331,20120216,20260821,0.09117220260329506,-0.6647154658539858,0.3758981506290988,0.02623977122212251,-0.5627433275401899,0.16789389398899274,16,0.5625,0.03401420724721227,-0.5627433275401901,0.19446437628592644,-0.05715799535608279,0.1019721383137957,0.5085559891924347,16,5,0.3125,中性,0.09192326395490613,-0.68335382462157,0.3775784948428881,0.0007510613516110709,-0.01863835876758424,0.8234764335034525,24,14,0.5833333333333334,反例
000155.SZ,2990,20120215,20260821,0.06552054696424925,-0.8071800810654314,0.3553971616257758,-0.046034652458570746,-0.8867941778984266,-0.004052214332075306,23,0.2608695652173913,-0.04400417487315711,-0.8867941778984266,0.0024825015015005076,-0.10952472183740636,-0.07961409683299525,0.5133779264214047,23,8,0.34782608695652173,FAIL,0.02629388378681541,-0.8300434724995418,0.2452588525541909,-0.03922666317743384,-0.022863391434110425,0.7933110367892977,33,11,0.3333333333333333,FAIL
000156.SZ,3163,20121123,20260821,-0.008573230014848443,-0.8834839146140876,0.13871832402287346,-0.11742595622747798,-0.9206994393654294,-0.33031047029844746,21,0.14285714285714285,-0.12492325599714982,-0.9206994393654294,-0.3560903873365505,-0.11635002598230137,-0.03721552475134182,0.4799241226683528,21,7,0.3333333333333333,FAIL,-0.1135860309145379,-0.9421874719279703,-0.20598623767533775,-0.10501280089968945,-0.05870355731388266,0.7935504268099906,32,12,0.375,FAIL
000157.SZ,3519,20120215,20260821,0.01878025191948418,-0.6510014002272877,0.15405448977641542,0.046575055642377405,-0.5394194168998616,0.21306189340031145,15,0.3333333333333333,0.05344381454102698,-0.5394194168998615,0.2407108640808797,0.0346635626215428,0.11158198332742619,0.4927536231884058,14,5,0.35714285714285715,PASS,0.053075201041878906,-0.6544960390184869,0.24669296252091222,0.034294949122394724,-0.003494638791199156,0.8309178743961353,25,8,0.32,反例
000158.SZ,3439,20120215,20260821,0.09860079229091157,-0.864365494156763,0.4090570389161945,0.0051533341481240225,-0.8803624332934212,0.14261185116125502,24,0.375,0.0065268451525526405,-0.8803624332934212,0.1464160758769905,-0.09207394713835892,-0.015996939136658228,0.40331491712707185,24,7,0.2916666666666667,FAIL,0.029347287383556298,-0.9282424976376134,0.2541718905793962,-0.06925350490735527,-0.06387700348085035,0.7493457400407095,40,13,0.325,FAIL
000159.SZ,3393,20120215,20260821,-0.028301409884845308,-0.7885007321795818,0.1291508359414702,-0.0522778432901716,-0.8481512252949683,-0.00046434245528707873,17,0.29411764705882354,-0.045349964171164436,-0.8481512252949683,0.01973220096469662,-0.01704855428631913,-0.059650493115386505,0.5635131152372531,17,9,0.5294117647058824,中性,-0.03826984212621709,-0.7797729091471834,0.0859866582433907,-0.009968432241371783,0.008727823032398385,0.8544061302681992,25,9,0.36,中性
000166.SZ,2756,20150309,20260821,-0.06511952436055479,-0.7235949748743719,-0.16158098049518424,-0.10644909418811677,-0.7587851897509288,-0.7113012375778507,14,0.21428571428571427,-0.09697199019966607,-0.7587851897509289,-0.6410085147028854,-0.03185246583911128,-0.03519021487655705,0.36792452830188677,14,4,0.2857142857142857,FAIL,-0.0935619203740572,-0.7538636069416539,-0.3402159472295487,-0.028442396013502402,-0.03026863206728203,0.8613933236574746,24,5,0.20833333333333334,中性
000301.SZ,3350,20120215,20260821,0.11847552117047866,-0.8150184767833266,0.44085991886989356,-0.03217778064438359,-0.788257641047253,0.0032223875136885233,19,0.2631578947368421,-0.032302481481392475,-0.7882576410472533,0.0028261417231445762,-0.15077800265187113,0.026760835736073352,0.6155223880597015,19,3,0.15789473684210525,FAIL,0.08258399034749564,-0.7336315431960669,0.35448466901012476,-0.03589153082298302,0.08138693358725968,0.8585074626865672,25,9,0.36,中性
000333.SZ,3052,20131101,20260821,0.20118007995323306,-0.605196609520483,0.6740819807001676,0.21087687962659207,-0.31830895387136404,0.8146659524988641,11,0.7272727272727273,0.2114346012295829,-0.31830895387136393,0.8164826907428377,0.010254521276349848,0.2868876556491191,0.6549803407601573,10,5,0.5,PASS,0.1709258406354146,-0.5752230133193355,0.6216643942200067,-0.030254239317818454,0.02997359620114759,0.8905635648754915,19,8,0.42105263157894735,FAIL
000338.SZ,3522,20120215,20260821,0.13302965082356,-0.6259476692549011,0.4663137641171914,0.009972732229590386,-0.6128905420070299,0.10154794067555925,20,0.45,0.0025339320310895364,-0.6128905420070299,0.07670478974721961,-0.13049571879247046,0.013057127247871225,0.6453719477569563,21,2,0.09523809523809523,FAIL,0.1184159482572893,-0.5681867295497778,0.4358492492145948,-0.014613702566270703,0.057760939705123304,0.855763770584895,25,7,0.28,PASS
000400.SZ,3464,20120215,20260821,0.06389697411408424,-0.7884489129074413,0.3115672216208367,-0.08317373746648016,-0.9127764944042605,-0.1553382784635465,25,0.2,-0.08507287181370671,-0.9127764944042605,-0.1612212843575776,-0.14896984592779094,-0.1243275814968191,0.5941108545034642,25,4,0.16,FAIL,0.05368624939590272,-0.7445518187111555,0.2753760993992972,-0.010210724718181519,0.043897094196285846,0.7990762124711316,29,13,0.4482758620689655,PASS
000401.SZ,3385,20120215,20260821,-0.09003525266223256,-0.8309280160081445,-0.09751437626557874,-0.0065213187779333825,-0.6009478672985782,0.04974716497494013,14,0.35714285714285715,-0.01111062405486063,-0.6009478672985783,0.03544044965466924,0.07892462860737193,0.22998014870956618,0.4259970457902511,15,10,0.6666666666666666,PASS,-0.0802725917411029,-0.8265238654030156,-0.12157351372728911,0.009762660921129651,0.004404150605128887,0.7819793205317578,29,14,0.4827586206896552,反例
000402.SZ,3523,20120215,20260821,-0.03979824218482131,-0.8319505892689069,0.012421343648638863,-0.0960343982805093,-0.86764039087199,-0.31071430747265616,21,0.23809523809523808,-0.09076871094562322,-0.86764039087199,-0.28853655265496153,-0.05097046876080191,-0.035689801603083104,0.4317343173431734,21,4,0.19047619047619047,FAIL,-0.09928521769513354,-0.9100896483951291,-0.20689439064385703,-0.059486975510312234,-0.07813905912622221,0.7959125745103605,35,12,0.34285714285714286,FAIL
000403.SZ,2955,20130322,20260821,0.02304842790616668,-0.7619965714317468,0.18929774457152337,0.009920185432258144,-0.6461141524754117,0.07806152925964449,17,0.4117647058823529,0.0014033424624380064,-0.6461141524754119,0.041950531576973996,-0.021645085443728673,0.11588241895633489,0.5238578680203045,17,7,0.4117647058823529,PASS,-0.028952245810093258,-0.8781884221045707,-0.0032971886060261953,-0.05200067371625994,-0.1161918506728239,0.8219966159052453,27,6,0.2222222222222222,FAIL
000407.SZ,3324,20120215,20260821,0.004675554573399632,-0.7909908303749924,0.1581679283554388,-0.034825489860355496,-0.7605604944568185,-0.020885684658898365,18,0.3888888888888889,-0.03394030764624523,-0.7605604944568186,-0.017584470963929587,-0.03861586221964486,0.03043033591817379,0.5457280385078219,17,6,0.35294117647058826,中性,-0.06582517067578597,-0.878312758935484,-0.061134826308273056,-0.0705007252491856,-0.08732192856049159,0.8727436823104693,28,7,0.25,FAIL
000408.SZ,3324,20120215,20260821,0.18829769253851247,-0.8977297956736738,0.5837804129557145,0.06992926768804653,-0.8765163644849743,0.31968365611157923,23,0.2608695652173913,0.07094476410388406,-0.8765163644849743,0.322441036621408,-0.11735292843462841,0.02121343118869956,0.5117328519855595,23,8,0.34782608695652173,FAIL,0.12967134825757953,-0.889773397984326,0.4679847448247728,-0.05862634428093294,0.00795639768934786,0.8384476534296029,34,14,0.4117647058823529,FAIL
000409.SZ,3254,20120215,20260821,0.030982013049546175,-0.8634805828304704,0.26182228542109226,-0.026106326406124203,-0.7556749894958846,0.031155329733631158,22,0.3181818181818182,-0.023436417610252502,-0.7556749894958845,0.04038199841585456,-0.05441843065979868,0.10780559333458584,0.48770743700061464,21,11,0.5238095238095238,中性,-0.03218076652787383,-0.8795821552124168,0.07783848860431243,-0.06316277957742,-0.016101572381946427,0.8374308543331285,30,10,0.3333333333333333,FAIL
000410.SZ,3457,20120216,20260821,-0.02677892044308472,-0.929493835158074,0.10436453904291172,-0.0512362610759568,-0.9215826196147622,-0.06375785312461599,20,0.25,-0.05115129349814651,-0.9215826196147622,-0.06340613073917466,-0.02437237305506179,0.007911215543311867,0.557130459936361,19,5,0.2631578947368421,中性,-0.02604909587982296,-0.8931620747432195,0.06114856933556975,0.0007298245632617606,0.03633176041485453,0.8035869250795488,30,13,0.43333333333333335,PASS
000413.SZ,2866,20120215,20240814,-0.17207237903562722,-0.9773907609566397,-0.3074456097434875,0.0024336928564212545,-0.6311391365422389,0.06795311568830383,15,0.4,0.001690663551385585,-0.6311391365422387,0.06517094952225805,0.1737630425870128,0.34625162441440094,0.46441032798325194,15,8,0.5333333333333333,PASS,-0.028559036660718462,-0.8466421875740258,0.04201340403710937,0.14351334237490876,0.13074857338261392,0.7826238660153524,25,10,0.4,PASS
000415.SZ,3081,20120215,20260821,0.01657932244564808,-0.8675211022066891,0.23311315518515752,-0.11980348046670353,-0.9236796150243625,-0.23113128528641608,22,0.2727272727272727,-0.11577829557849151,-0.9236796150243625,-0.21796161950206414,-0.1323576180241396,-0.05615851281767337,0.4287568971113275,21,6,0.2857142857142857,FAIL,-0.09800847164741289,-0.9166736064209842,-0.07158209682623685,-0.11458779409306097,-0.04915250421429507,0.8111002921129503,35,8,0.22857142857142856,FAIL
000416.SZ,2816,20120216,20240424,-0.18810028709334292,-0.9742235237023802,-0.2808407853354557,-0.0778628170703306,-0.8792564549964612,-0.14380466816560453,15,0.4,-0.07876798047151956,-0.8792564549964614,-0.14681809497493606,0.10933230662182336,0.09496706870591876,0.4588068181818182,15,6,0.4,PASS,-0.09071990525535589,-0.8681944031079555,-0.08697736585673292,0.09738038183798703,0.10602912059442471,0.7677556818181818,28,11,0.39285714285714285,PASS
000417.SZ,3520,20120216,20260821,-0.022467740499067634,-0.7643776524056233,0.07696691174818669,-0.04616257100973309,-0.7914698384539337,-0.07093348394487475,20,0.3,-0.04642285804238755,-0.7914698384539336,-0.07179380163378281,-0.023955117543319915,-0.02709218604831032,0.5150568181818181,19,7,0.3684210526315789,中性,-0.03029385555726738,-0.8222479416673181,0.04175389719903669,-0.007826115058199745,-0.057870289261694796,0.8275568181818181,30,10,0.3333333333333333,中性
000418.SZ,1703,20120215,20190507,0.3084268784725286,-0.45291828793774314,0.821120731651796,0.2808070555691664,-0.3622346897581533,0.8389528207292939,8,0.75,0.28241722782222456,-0.3622346897581532,0.842653168762643,-0.026009650650304028,0.09068359817958993,0.6024662360540223,7,2,0.2857142857142857,PASS,0.31698536442731484,-0.4190873938249273,0.8610103766644056,0.008558485954786255,0.03383089411281581,0.8837345860246624,11,6,0.5454545454545454,PASS
000422.SZ,3480,20120215,20260821,-0.0013792897998852194,-0.8645394510436122,0.1592353491269129,0.02939217632201374,-0.7552298683257432,0.1936933322374289,19,0.2631578947368421,0.032151449327374015,-0.7552298683257432,0.20254438086465126,0.033530739127259235,0.10930958271786895,0.5353448275862069,19,11,0.5789473684210527,PASS,0.0179165208982921,-0.7771061931547325,0.18877108576101115,0.019295810698177318,0.08743325788887968,0.8258620689655173,26,11,0.4230769230769231,PASS
000423.SZ,3525,20120215,20260821,0.031011995385991087,-0.6346075077543244,0.18712682886764118,-0.0815153703739373,-0.7494859329959465,-0.3096998912210106,23,0.30434782608695654,-0.08014500419786963,-0.7494859329959467,-0.30326848844418697,-0.11115699958386072,-0.11487842524162228,0.5120567375886524,22,5,0.22727272727272727,FAIL,-0.02033304520453605,-0.6950685947326702,0.008561651385985263,-0.051345040590527136,-0.060461086978345846,0.8382978723404255,32,7,0.21875,FAIL
000425.SZ,3486,20120215,20260821,0.04499407124590249,-0.5975235376017183,0.24193541924668402,0.019195969420697345,-0.6439122056909843,0.1296377192818759,19,0.3684210526315789,0.008066557171273914,-0.6439122056909844,0.09132823717989956,-0.036927514074628576,-0.046388668089266116,0.5760183591508893,20,6,0.3,FAIL,0.04960527727679631,-0.5292073749891131,0.24599663148657205,0.004611206030893822,0.0683161626126052,0.825588066551922,27,9,0.3333333333333333,PASS
000426.SZ,3233,20120216,20260821,0.15236153028062405,-0.6677790228567302,0.5202156038469359,0.04801295893311153,-0.5816056102110936,0.2677389830790174,20,0.4,0.04926670002334688,-0.5816056102110934,0.27119885402599425,-0.10309483025727717,0.08617341264563683,0.5706773894215899,20,4,0.2,中性,0.16834908469841503,-0.5811094053675434,0.5575942995032392,0.015987554417790983,0.08666961748918678,0.8348283328178163,24,11,0.4583333333333333,PASS
000428.SZ,3428,20120216,20260821,-0.0075328877254075,-0.8750767487526697,0.16690979524851676,-0.08295790084812216,-0.92068317571575,-0.15959161623676413,22,0.22727272727272727,-0.08372566694741412,-0.92068317571575,-0.16213225723070507,-0.07619277922200662,-0.04560642696308026,0.4460326721120187,21,6,0.2857142857142857,FAIL,-0.05188365035215525,-0.909609932550457,0.03979227502199848,-0.04435076262674775,-0.03453318379778725,0.8418903150525088,28,7,0.25,FAIL
000429.SZ,3445,20120215,20260821,0.14464992324437498,-0.4479532163742691,0.5764426822504399,0.1231487620365117,-0.54799571871082,0.5441459440147352,9,0.5555555555555556,0.11782947852775472,-0.5479957187108201,0.5212118697515064,-0.026820444716620262,-0.10004250233655099,0.6554426705370101,9,4,0.4444444444444444,中性,0.10410152546002083,-0.48977143840916304,0.44190561288763963,-0.04054839778435415,-0.04181822203489394,0.9280116110304789,15,2,0.13333333333333333,FAIL
000488.SZ,3498,20120216,20260821,-0.01616780671953455,-0.8530965878148842,0.0702315765625096,0.027556585325375638,-0.640063064418174,0.14661009295484007,17,0.35294117647058826,0.027375207091362652,-0.640063064418174,0.14592356614069937,0.0435430138108972,0.21303352339671022,0.4485420240137221,17,10,0.5882352941176471,PASS,0.009252865951522082,-0.7306851466184957,0.12279953162157917,0.025420672671056632,0.12241144119638847,0.8067467124070897,32,12,0.375,PASS
000501.SZ,3502,20120215,20260821,-0.01991669897223891,-0.7409225106443054,0.05957595040869333,-0.04268940469477844,-0.7127495851372501,-0.11296609116385942,21,0.2857142857142857,-0.03767334497455488,-0.7127495851372498,-0.09317866520035785,-0.017756646002315968,0.028172925507055524,0.46202170188463737,21,6,0.2857142857142857,中性,-0.011511365492023917,-0.696091704831403,0.0543418541152255,0.008405333480214994,0.04483080581290233,0.7658480868075386,32,11,0.34375,PASS
000503.SZ,3296,20120215,20260821,0.0008073873338640958,-0.9239033124440466,0.21970640296365265,-0.0642042938119578,-0.9306902681329408,-0.09046574725816316,19,0.2631578947368421,-0.06308364035764769,-0.9306902681329408,-0.08675510151452573,-0.06389102769151178,-0.006786955688894203,0.3780339805825243,18,8,0.4444444444444444,FAIL,-0.06866038418139386,-0.9621925096109545,0.006852031920138873,-0.06946777151525796,-0.03828919716690793,0.7587985436893204,38,15,0.39473684210526316,FAIL
000506.SZ,3168,20120220,20260821,0.057920516773197095,-0.9494839760999457,0.3482071848042866,-0.028129852577833403,-0.8766602643896844,0.047591866949625035,20,0.25,-0.029257492546382102,-0.8766602643896844,0.04456106533893003,-0.0871780093195792,0.07282371171026136,0.42424242424242425,20,5,0.25,中性,0.06541323876807215,-0.8819067471802716,0.3453806039211579,0.007492721994875051,0.0675772289196741,0.7932449494949495,32,10,0.3125,PASS
000507.SZ,3504,20120216,20260821,0.012140903397391378,-0.6670038531922171,0.16806257872635746,-0.016382731554714036,-0.7679666462352327,0.016707490519831853,15,0.3333333333333333,-0.016664820455848606,-0.7679666462352328,0.01584700734072583,-0.028805723853239984,-0.1009627930430157,0.4315068493150685,15,7,0.4666666666666667,中性,-0.04594994779362971,-0.7765705245769129,-0.002281382908762628,-0.05809085119102109,-0.10956667138469578,0.8861301369863014,25,8,0.32,FAIL
000510.SZ,3376,20120223,20260821,0.06226742628381454,-0.8321901265578205,0.33130185842149196,-0.06966238567140237,-0.9226820899218109,-0.05002149844203059,23,0.34782608695652173,-0.06556456309920511,-0.9226820899218109,-0.03723853423080377,-0.12783198938301965,-0.09049196336399035,0.5145142180094787,22,3,0.13636363636363635,FAIL,0.008685548710587243,-0.9045444293566793,0.20087291528574874,-0.0535818775732273,-0.0723543027988588,0.8279028436018957,32,6,0.1875,FAIL
000511.SZ,1049,20120215,20180717,-0.2075210209142968,-0.9625076828518746,-0.4358257808203095,0.006883755493532595,-0.7491733868291521,0.18731679318218336,7,0.42857142857142855,0.007663702689622465,-0.7491733868291522,0.19003417039680062,0.21518472360391927,0.21333429602272236,0.7321258341277407,7,3,0.42857142857142855,PASS,0.04105246430371223,-0.7701584451744046,0.3125348729088859,0.24857348521800904,0.19234923767747003,0.8474737845567207,8,3,0.375,PASS
000513.SZ,3430,20120215,20260821,0.12695425325243614,-0.599161737644917,0.46074968315032816,0.035205544516954346,-0.6147498110712053,0.18532547501360003,19,0.5789473684210527,0.03825957697060334,-0.6147498110712051,0.19622040010539823,-0.08869467628183281,-0.015588073426288096,0.5871720116618075,19,4,0.21052631578947367,FAIL,0.05819178662800373,-0.6417375660664919,0.27358546958302316,-0.06876246662443242,-0.042575828421574924,0.8615160349854227,26,9,0.34615384615384615,FAIL
000514.SZ,3438,20120215,20260821,-0.0007820977207783075,-0.8305660212038902,0.19167806207357804,-0.11527334799767686,-0.9413696555825534,-0.24065750917638454,20,0.1,-0.11436908625045616,-0.9413696555825533,-0.2376915717320929,-0.11358698852967786,-0.11080363437866303,0.3912158231529959,20,7,0.35,FAIL,-0.01303211057007403,-0.8168053871291399,0.14763531326452456,-0.012250012849295722,0.013760634074750366,0.7966841186736475,31,13,0.41935483870967744,中性
000517.SZ,3478,20120216,20260821,0.03921140591849581,-0.7746091133338373,0.26225207518881893,-0.03181037415668875,-0.8901904718859851,-0.06284710417173961,19,0.15789473684210525,-0.018673971134770984,-0.890190471885985,-0.011970352103300415,-0.057885377053266795,-0.11558135855214768,0.33438757906843014,18,5,0.2777777777777778,FAIL,-0.05555087222342747,-0.9456887678665149,0.006208093237207235,-0.09476227814192328,-0.1710796545326776,0.8128234617596319,34,8,0.23529411764705882,FAIL
000518.SZ,3412,20120215,20260821,-0.023921289884727526,-0.8113804004214963,0.11478380890703264,-0.10875250340013598,-0.8879073226395227,-0.3222368068598031,18,0.3333333333333333,-0.10890055538176291,-0.8879073226395227,-0.3225285523109952,-0.08497926549703538,-0.07652692221802637,0.4155920281359906,18,9,0.5,FAIL,-0.10053295718576205,-0.9308697865898002,-0.12413288066459509,-0.07661166730103453,-0.11948938616830396,0.8115474794841735,34,12,0.35294117647058826,FAIL
000519.SZ,3330,20120216,20260821,0.04860473985139979,-0.7255507748173504,0.2905532182253824,-0.11727816597223484,-0.864892689029577,-0.28700311562586595,23,0.21739130434782608,-0.10537527266941582,-0.864892689029577,-0.2414766880867137,-0.1539800125208156,-0.13934191421222664,0.5177177177177177,23,6,0.2608695652173913,FAIL,-0.015177815844207632,-0.7405468757943222,0.1101811322686991,-0.06378255569560742,-0.014996100976971793,0.8009009009009009,34,7,0.20588235294117646,FAIL
000520.SZ,3022,20120216,20260821,0.020519209832531082,-0.9099056603773585,0.24711303167125487,-0.10593444996751866,-0.8304617960704499,-0.35804311613955764,16,0.125,-0.10624306826380692,-0.8304617960704499,-0.3593764781109318,-0.126762278096338,0.07944386430690864,0.3689609530112508,16,5,0.3125,中性,-0.05678909479879124,-0.9548343893780608,0.19743656936804968,-0.07730830463132232,-0.04492872900070222,0.8120450033090668,32,10,0.3125,FAIL
000525.SZ,3477,20120215,20260821,-0.06595612430465303,-0.8767425794641042,0.009979874470220236,-0.03303855686019652,-0.8195341794977652,0.014731731338884455,23,0.21739130434782608,-0.030209422489692717,-0.8195341794977652,0.02329281554834247,0.03574670181496031,0.057208399966338974,0.5726200747771067,22,11,0.5,PASS,-0.0852480062032549,-0.9094637612909307,-0.08405770810324943,-0.01929188189860187,-0.032721181826826484,0.8073051481161921,34,11,0.3235294117647059,中性
000528.SZ,3504,20120215,20260821,0.0036771490606544166,-0.6419902912621358,0.13038100592363597,-0.01092907887438277,-0.7465268199096564,0.024861070096765865,18,0.5555555555555556,-0.017653482724630964,-0.7465268199096564,0.004769699247461613,-0.02133063178528538,-0.10453652864752061,0.5114155251141552,17,5,0.29411764705882354,中性,0.00447732433176018,-0.6611822817666182,0.11413888428950933,0.000800175271105763,-0.019191990504482392,0.8213470319634704,26,13,0.5,反例
000532.SZ,3492,20120216,20260821,0.02175768449485216,-0.7966768922045635,0.23991055701971886,-0.09200900031859982,-0.8781846722179689,-0.1517246698571315,21,0.38095238095238093,-0.09120140096254103,-0.878184672217969,-0.14918145462478852,-0.1129590854573932,-0.08150778001340553,0.47050400916380297,21,5,0.23809523809523808,FAIL,-0.11486941987512922,-0.9326121425813487,-0.11037184493211263,-0.13662710436998138,-0.13593525037678522,0.8344788087056129,32,11,0.34375,FAIL
000533.SZ,3349,20120215,20260821,0.05632276665686109,-0.8428781063321387,0.3218705832773181,0.041546090734593255,-0.7754830906312308,0.24945974184184835,18,0.4444444444444444,0.04093108427713399,-0.7754830906312308,0.24785946142248066,-0.0153916823797271,0.06739501570090789,0.5948044192296208,18,6,0.3333333333333333,PASS,0.08032286020321422,-0.7711588952196972,0.3604246578478215,0.02400009354635313,0.0717192111124415,0.8318901164526724,26,11,0.4230769230769231,PASS
000536.SZ,3369,20120217,20260821,-0.06248668439157601,-0.9286582213049759,0.05860449213234829,-0.04665264784751311,-0.8594696623875123,-0.0443773083565295,22,0.3181818181818182,-0.04476273847607004,-0.8594696623875123,-0.03818601596394197,0.017723945915505968,0.06918855891746356,0.43247254378153754,22,8,0.36363636363636365,PASS,-0.12790577732866415,-0.920231769905246,-0.16144561795474272,-0.06541909293708814,0.008426451399729862,0.7794597803502523,38,13,0.34210526315789475,FAIL
000537.SZ,3385,20120215,20260821,0.028664802461092265,-0.73498997230446,0.24633094719547174,-0.1092998359905426,-0.8922452044303729,-0.2286451780727297,23,0.2608695652173913,-0.10726310280616524,-0.8922452044303728,-0.2215334109154436,-0.1359279052672575,-0.15725523212591286,0.478877400295421,22,5,0.22727272727272727,FAIL,0.0069438287486498496,-0.8551825591343442,0.17512111348412127,-0.021720973712442415,-0.12019258682988421,0.7896602658788774,31,10,0.3225806451612903,中性
000538.SZ,3362,20120215,20260821,0.07191809528867288,-0.5650752098880596,0.3176731623265991,0.01817879020326285,-0.6259290743072659,0.10353922715877938,14,0.35714285714285715,0.01826995712009105,-0.6259290743072656,0.10407588183626082,-0.05364813816858183,-0.06085386441920604,0.6513979773944081,14,3,0.21428571428571427,FAIL,0.0416541008910174,-0.6526265527032529,0.2092377570914806,-0.03026399439765548,-0.08755134281519328,0.8848899464604402,21,7,0.3333333333333333,FAIL
000539.SZ,3491,20120215,20260821,0.03072745857000636,-0.6876357767383492,0.2021934242099511,0.005873106254069338,-0.7538973995566355,0.08829718674943142,16,0.3125,0.005444104595554444,-0.7538973995566354,0.08778777062998817,-0.025283353974451916,-0.06626162281828618,0.5445431108564881,16,6,0.375,中性,0.0051206287165153075,-0.7782900970593929,0.11412142402540111,-0.025606829853491053,-0.0906543203210437,0.866227441993698,21,5,0.23809523809523808,中性
000540.SZ,2325,20120215,20230518,-0.12030763109171816,-0.9625499634735413,-0.15798403662122734,-0.03427408216867245,-0.8849865513849897,-0.056617065132892566,12,0.16666666666666666,-0.03416255293319315,-0.8849865513849897,-0.056122593823341664,0.08614507815852501,0.07756341208855155,0.4017204301075269,12,5,0.4166666666666667,PASS,-0.1207495290433711,-0.9629093835318937,-0.23819055095210923,-0.00044189795165294754,-0.0003594200583524332,0.781505376344086,25,9,0.36,中性
000541.SZ,3513,20120215,20260821,-7.190588860916947e-05,-0.7158508326056126,0.12099534156976217,-0.01428137844898969,-0.7406687949593207,0.017205424842408952,15,0.4,-0.014664936579784627,-0.7406687949593207,0.015882166546493357,-0.014593030691175457,-0.024817962353708145,0.43296327924850553,15,6,0.4,中性,0.01905874564899457,-0.7442718817488543,0.1607309844136942,0.019130651537603738,-0.028421049143241728,0.8588101337887846,22,11,0.5,反例
000543.SZ,3490,20120215,20260821,0.08240413770652766,-0.689992906016156,0.3406396047101828,-0.0010227872906615199,-0.7488215007802681,0.052579297110476465,19,0.3684210526315789,0.0014499320301597507,-0.7488215007802681,0.06202589146567947,-0.08095420567636791,-0.05882859476411206,0.6346704871060171,19,5,0.2631578947368421,FAIL,0.03794900678089874,-0.6482406517470825,0.20474117861066543,-0.044455130925628916,0.041752254269073585,0.897134670487106,22,6,0.2727272727272727,中性
000547.SZ,3085,20120215,20260821,0.09424550792052955,-0.8548108592885211,0.41497781994735855,0.0889356951213478,-0.8919619628347738,0.3900393648002553,20,0.35,0.09128397816971523,-0.8919619628347739,0.39615069035350586,-0.002961529750814318,-0.03715110354625284,0.5439222042139384,20,7,0.35,中性,0.06614343147949664,-0.842554093829,0.340887562733493,-0.028102076441032908,0.012256765459521035,0.7837925445705024,33,12,0.36363636363636365,中性
000548.SZ,3525,20120215,20260821,0.010512222761707601,-0.8252696114950002,0.18195223789746587,-0.023120465993222372,-0.8644831547851037,0.01872890707312662,16,0.3125,-0.022556030383001913,-0.8644831547851037,0.020514310220709372,-0.033068253144709514,-0.039213543290103514,0.44113475177304967,16,7,0.4375,FAIL,0.0022597343033330386,-0.7955742039614324,0.15040030067788857,-0.008252488458374563,0.029695407533567808,0.8624113475177305,23,11,0.4782608695652174,中性
000550.SZ,3525,20120215,20260821,0.0220827081893038,-0.7491121633555062,0.2137075093861086,-0.002647017373046401,-0.7250415060698336,0.0679903182807041,21,0.38095238095238093,0.00047494658335089923,-0.7250415060698336,0.07856962783928592,-0.021607761605952902,0.024070657285672592,0.45390070921985815,20,8,0.4,中性,0.016218904897487896,-0.7889312115151191,0.18256095862095112,-0.0058638032918159055,-0.0398190481596129,0.8156028368794326,31,11,0.3548387096774194,中性
000552.SZ,3489,20120215,20260821,-0.017463728128046085,-0.7085071209466496,0.08912450493467787,-0.059125972294561846,-0.7626093265305428,-0.151804414000322,19,0.3157894736842105,-0.06794884447552885,-0.7626093265305428,-0.18143111637019124,-0.05048511634748276,-0.054102205583893226,0.47320149039839493,19,6,0.3157894736842105,FAIL,-0.07185870140874906,-0.8121868789567864,-0.09833645711678131,-0.054394973280702974,-0.10367975801013685,0.8526798509601605,29,8,0.27586206896551724,FAIL
000553.SZ,3138,20120516,20260821,-0.009669934914532718,-0.8002774203214088,0.11265824567261785,-0.07027934485729337,-0.8491806491300303,-0.21442247273340054,15,0.2,-0.07239173118192577,-0.8491806491300303,-0.22303337138419826,-0.06272179626739305,-0.048903228808621524,0.48661567877629064,15,6,0.4,FAIL,-0.05704806600969092,-0.8653460248219658,-0.07585623465818646,-0.047378131095158205,-0.06506860450055696,0.8173996175908221,27,10,0.37037037037037035,FAIL
000554.SZ,3526,20120215,20260821,-0.009302817004002706,-0.7936993240852983,0.15150213639097468,-0.06652842234307277,-0.9279182550165365,-0.06021155752242917,21,0.38095238095238093,-0.0779877293261233,-0.9279182550165366,-0.0903339880706422,-0.0686849123221206,-0.13421893093123827,0.5657969370391378,22,6,0.2727272727272727,FAIL,-0.023282329299954885,-0.8381834589391046,0.10095025811441606,-0.013979512295952179,-0.04448413485380631,0.8193420306296086,31,10,0.3225806451612903,中性
000555.SZ,3184,20120215,20260821,0.07906480661615123,-0.8683956349340834,0.37970272458922577,0.016821596723255006,-0.8699818240416194,0.17829082425262416,21,0.38095238095238093,0.015603775806160236,-0.8699818240416194,0.17474345787509207,-0.06346103080999099,-0.0015861891075359402,0.5251256281407035,21,9,0.42857142857142855,FAIL,0.04841618265241587,-0.8887701132205905,0.29495186121917033,-0.030648623963735355,-0.02037447828650707,0.7933417085427136,32,13,0.40625,FAIL
000559.SZ,3507,20120216,20260821,0.10526673701172151,-0.8152045170010402,0.40009914722955536,0.004899187421394835,-0.8043029464182818,0.12995746402151848,18,0.4444444444444444,-0.00359737595739551,-0.8043029464182817,0.10724439822896942,-0.10886411296911702,0.010901570582758535,0.5092671799258626,19,7,0.3684210526315789,FAIL,0.07539867647407905,-0.7982225378954297,0.33079451029391055,-0.02986806053764246,0.0169819791056105,0.8192187054462503,27,9,0.3333333333333333,中性
000562.SZ,498,20120215,20141209,0.7853511055054991,-0.3897650245745957,1.8242499027372567,0.2995086336887065,-0.47984938043657843,1.0727614693624852,5,0.6,0.30820593180435774,-0.47984938043657854,1.0973023362989343,-0.4771451737011414,-0.09008435586198282,0.6345381526104418,4,0,0.0,FAIL,0.38021393275607585,-0.46061135415435717,1.1869767249483714,-0.4051371727494233,-0.07084632957976145,0.8674698795180723,6,1,0.16666666666666666,FAIL
000563.SZ,3433,20120215,20260821,0.01948929362040963,-0.7468908418876365,0.19426385178405936,-0.10097063328970624,-0.9134558288111557,-0.3261266546084574,22,0.18181818181818182,-0.09929096825381156,-0.9134558288111556,-0.3196281780614935,-0.1187802618742212,-0.16656498692351906,0.4826682202155549,21,6,0.2857142857142857,FAIL,-0.019686190609328635,-0.8072125794200429,0.06270838022716126,-0.03917548422973827,-0.06032173753240633,0.8243518788231867,30,13,0.43333333333333335,FAIL
000564.SZ,3057,20120215,20260821,-0.03230923550305176,-0.8927844559088622,0.11230746448385212,-0.08186048943181512,-0.903122522215018,-0.1758629600649676,20,0.25,-0.08088674255702222,-0.903122522215018,-0.17235366429215299,-0.04857750705397046,-0.010338066306155747,0.4013738959764475,19,6,0.3157894736842105,FAIL,-0.004127969934083153,-0.8538120671686812,0.1468619279128679,0.028181265568968605,0.03897238874018105,0.7232580961727183,35,10,0.2857142857142857,PASS
000565.SZ,3393,20120215,20260821,0.05445758261117395,-0.8345207813607268,0.30029791991355226,-0.024617708495973,-0.9237730675838082,0.05486445426442442,21,0.3333333333333333,-0.023611731618930265,-0.9237730675838081,0.05780101110135524,-0.07806931423010421,-0.08925228622308123,0.5773651635720601,21,6,0.2857142857142857,FAIL,-0.009469383829123768,-0.910097006532902,0.13697581204343204,-0.06392696644029772,-0.07557622517217522,0.8140288829944002,31,8,0.25806451612903225,FAIL
000566.SZ,3262,20120216,20260821,-0.003001884229480445,-0.8920580894032222,0.18091838560939966,-0.06844114121975409,-0.8585678426686567,-0.12535159174064028,23,0.34782608695652173,-0.06735893124223524,-0.8585678426686567,-0.12147905028465657,-0.0643570470127548,0.033490246734565465,0.4865113427345187,23,5,0.21739130434782608,中性,0.002019169609687177,-0.8257294479882892,0.16642992849782853,0.005021053839167622,0.066328641414933,0.7970570202329859,32,11,0.34375,PASS
000568.SZ,3508,20120215,20260821,0.08862477467778773,-0.7230554257340065,0.3579389274588473,0.06974684317184443,-0.6567216518434692,0.3009740223870886,21,0.38095238095238093,0.0711737036980451,-0.6567216518434692,0.305450121692482,-0.017451070979742633,0.0663337738905373,0.6009122006841505,20,9,0.45,PASS,0.08512992907348771,-0.643941786852732,0.3468633268050962,-0.003494845604300023,0.07911363888127454,0.8075826681870011,31,10,0.3225806451612903,PASS
000571.SZ,3272,20120215,20260821,0.006039701379489504,-0.8559317222716348,0.19303274487384284,-0.0030918912985112845,-0.790035074805428,0.09863643053050515,16,0.4375,-0.0025229639558684847,-0.790035074805428,0.10038559258899774,-0.008562665335357988,0.06589664746620683,0.5342298288508558,16,4,0.25,PASS,-0.012900406177046131,-0.8075721580307579,0.12254814893506127,-0.018940107556535635,0.04835956424087695,0.8273227383863081,28,8,0.2857142857142857,PASS
000572.SZ,3519,20120215,20260821,0.006719719651605782,-0.846140694974094,0.20939155280963415,-0.0956914014104343,-0.9484428907313166,-0.175874246189095,21,0.2857142857142857,-0.0938532760776325,-0.9484428907313167,-0.16997209204998545,-0.10057299572923828,-0.10230219575722266,0.47144075021312876,21,6,0.2857142857142857,FAIL,-0.010532090267822092,-0.8418352313869268,0.14478876681277905,-0.017251809919427874,0.004305463587167213,0.7715260017050298,31,11,0.3548387096774194,中性
000573.SZ,3521,20120215,20260821,0.007612112314076214,-0.7989184332678435,0.19304629698050785,-0.12903411959009925,-0.9421056052131476,-0.24885368730262514,25,0.24,-0.12547738999122193,-0.9421056052131476,-0.23728685373149822,-0.13308950230529815,-0.14318717194530406,0.5643283158193695,25,7,0.28,FAIL,-0.05609272216733174,-0.8946854627312844,0.021454236290708705,-0.06370483448140796,-0.09576702946344084,0.8159613746094859,31,8,0.25806451612903225,FAIL
000581.SZ,3521,20120215,20260821,0.022276773891191093,-0.5929964982491245,0.16765008393343694,-0.09937384629169255,-0.8573760706728419,-0.3399801648835893,23,0.21739130434782608,-0.09830592951754413,-0.8573760706728419,-0.3353810029318804,-0.12058270340873523,-0.26437957242371746,0.566032377165578,22,2,0.09090909090909091,FAIL,-0.03665309901387359,-0.6984009597462063,-0.02630667418909599,-0.058929872905064684,-0.10540446149708182,0.8906560636182903,26,4,0.15384615384615385,FAIL
000582.SZ,3228,20120810,20260821,0.037409406440913395,-0.6985881631979636,0.2478539325437127,-0.07383298674114536,-0.8813707479791381,-0.16020630723834017,19,0.2631578947368421,-0.08401077657333722,-0.881370747979138,-0.19421158647833825,-0.12142018301425062,-0.18278258478117437,0.5678438661710037,19,4,0.21052631578947367,FAIL,-0.0401828958594731,-0.8549911804188619,0.02355178804160017,-0.0775923023003865,-0.15640301722089833,0.8578066914498141,28,8,0.2857142857142857,FAIL
000584.SZ,2858,20120215,20250710,-0.16600192759644938,-0.9936241153078657,-0.0032634810317647097,-0.06535693496780004,-0.9631082117781344,-0.09242858937804672,23,0.2608695652173913,-0.06475600923935632,-0.9631082117781344,-0.09019134766190239,0.10124591835709307,0.030515903529731214,0.5003498950314905,23,10,0.43478260869565216,PASS,-0.007782705265948597,-0.9547640635325615,0.16248809418945898,0.15821922233050079,0.03886005177530416,0.7746675997200839,31,11,0.3548387096774194,PASS
000587.SZ,2506,20120216,20230202,-0.1857298107641978,-0.9640151663691621,-0.2724016831978173,-0.192290711884071,-0.9468971314053715,-0.5865364427472546,12,0.25,-0.19161389800124828,-0.9468971314053715,-0.5820545223812531,-0.005884087237050473,0.017118034963790607,0.47406225059856344,12,4,0.3333333333333333,中性,-0.1630326361572484,-0.943742596549494,-0.2913994311504368,0.022697174606949422,0.020272569819668074,0.8028731045490822,23,9,0.391304347826087,反例
000589.SZ,3522,20120215,20260821,0.012045379757334329,-0.7979324693620657,0.14045698829403389,-0.006713306629509863,-0.7969364235091864,0.021423731407580457,18,0.4444444444444444,-0.0059814736002165025,-0.7969364235091864,0.024179532844839806,-0.01802685335755083,0.0009960458528793792,0.4951731970471323,18,7,0.3888888888888889,中性,-0.028528434212066522,-0.8046363191991903,-0.0046458157026604725,-0.04057381396940085,-0.006703849837124576,0.8293583191368541,31,11,0.3548387096774194,FAIL
000591.SZ,3416,20120215,20260821,0.041465763414293866,-0.8277539506634812,0.2594390609473525,0.021239798670515286,-0.8045252507425502,0.16098121026985704,15,0.4,0.02210183194000903,-0.8045252507425501,0.16379688615883314,-0.019363931474284835,0.02322869992093113,0.564695550351288,15,6,0.4,中性,-0.052890607707536064,-0.9125905559605193,-0.008465102769270219,-0.09435637112182993,-0.08483660529703807,0.8694379391100703,28,6,0.21428571428571427,FAIL
000592.SZ,3363,20120215,20260821,0.06442182985138256,-0.9432163423694641,0.3454335264177795,0.005607920988817794,-0.9186258354439387,0.16310300514893392,21,0.47619047619047616,0.0086786740602387,-0.9186258354439388,0.17107196379416997,-0.05574315579114386,0.024590506925525224,0.535831103181683,21,10,0.47619047619047616,FAIL,0.004342539643612087,-0.9746231778703747,0.20159894637128148,-0.060079290207770475,-0.03140683550091061,0.8308058281296461,31,11,0.3548387096774194,FAIL
000594.SZ,525,20120216,20150710,-0.1660973198594381,-0.6498422712933754,-0.47536906367206516,-0.05632427915909788,-0.3799482101684063,-0.42127861243272463,2,0.5,-0.05596300591541481,-0.3799482101684062,-0.41804290612998396,0.11013431394402329,0.26989406112496916,0.30857142857142855,2,2,1.0,PASS,-0.317335454986596,-0.805595451006211,-1.5878749087160065,-0.1512381351271579,-0.15575317971283564,0.7428571428571429,8,1,0.125,FAIL
000596.SZ,3525,20120215,20260821,0.06985541026933362,-0.7276851215889046,0.3225773951691571,-0.024822913044724504,-0.7023071132912218,0.023364308824046477,21,0.42857142857142855,-0.02292233504959762,-0.702307113291222,0.029322643687088142,-0.09277774531893124,0.025378008297682664,0.5506382978723404,20,6,0.3,FAIL,0.011113254125320937,-0.749168269251967,0.16793668695484743,-0.05874215614401268,-0.021483147663062363,0.8119148936170213,34,12,0.35294117647058826,FAIL
000597.SZ,3484,20120215,20260821,0.023561797574019216,-0.6152941176470588,0.20143198813700164,-0.056537241443212594,-0.765864508714235,-0.09509508710209301,21,0.5238095238095238,-0.057217314972074274,-0.7658645087142348,-0.09734792637870172,-0.08077911254609349,-0.15057039106717607,0.49425947187141217,21,5,0.23809523809523808,FAIL,-0.011253859865928861,-0.6152941176470588,0.09877289525776085,-0.03481565743994808,0.0,0.837256027554535,32,13,0.40625,FAIL
000598.SZ,3519,20120215,20260821,0.05614774431521741,-0.6824001591294082,0.26037876499563445,-0.021149673341753106,-0.6535094446297851,-0.03906031411802312,17,0.35294117647058826,-0.01862741618401964,-0.6535094446297851,-0.028956458519653675,-0.07477516049923705,0.028890714499623105,0.5785734583688548,16,2,0.125,FAIL,-0.002073359506676975,-0.7549671157022543,0.0680221317164868,-0.05822110382189438,-0.07256695657284606,0.8851946575731742,23,5,0.21739130434782608,FAIL
000599.SZ,3489,20120215,20260821,0.008399016286917416,-0.8326546423612409,0.18048089453290195,-0.06888421752156715,-0.9045796385043938,-0.09419963155685941,21,0.2857142857142857,-0.06789670846349638,-0.9045796385043938,-0.09104959849722247,-0.0762957247504138,-0.07192499614315295,0.5597592433361995,20,6,0.3,FAIL,-0.022094791282591508,-0.8589303635234803,0.0885337711621201,-0.030493807569508924,-0.026275721162239418,0.8291774147320149,31,11,0.3548387096774194,FAIL
000600.SZ,3445,20120216,20260821,0.06002015314383735,-0.7462836040495376,0.2962355632959649,0.0566165099992999,-0.6750106267410249,0.2709265592816904,16,0.5625,0.0475277216481349,-0.675010626741025,0.2454791786872804,-0.01249243149570245,0.07127297730851267,0.5982583454281567,17,7,0.4117647058823529,PASS,0.018902524725600278,-0.8146958128901266,0.18327225787060222,-0.04111762841823707,-0.06841220884058896,0.8214804063860668,28,7,0.25,FAIL
000601.SZ,3453,20120215,20260821,0.055593904843937336,-0.7404114118755172,0.28466565200850985,-0.051607388801288345,-0.8128281907616772,-0.06271297299304633,21,0.3333333333333333,-0.05080991156917014,-0.8128281907616772,-0.06002802823721617,-0.10640381641310748,-0.07241677888616005,0.5658847379090646,20,5,0.25,FAIL,-0.01139343459115938,-0.8221888586198903,0.10172668534273888,-0.06698733943509672,-0.08177744674437315,0.827686070083985,29,9,0.3103448275862069,FAIL
000603.SZ,3387,20120215,20260821,0.03903726772941618,-0.8319031544074913,0.2953288143792144,-0.10223713475320695,-0.9366351424374577,-0.14939180302150767,23,0.34782608695652173,-0.10223412391907294,-0.9366351424374578,-0.1490567985872629,-0.14127139164848912,-0.10473198802996653,0.5453203424859758,23,7,0.30434782608695654,FAIL,-0.03652948955822677,-0.9405359918396337,0.10263314872910273,-0.07556675728764295,-0.10863283743214236,0.8089754945379392,32,9,0.28125,FAIL
000607.SZ,3295,20120215,20260821,-0.009181901608816934,-0.8670323816432239,0.16493166288441058,-0.07644455866793232,-0.8806668346338933,-0.09315453992019974,23,0.21739130434782608,-0.07312202779082533,-0.8806668346338934,-0.08297367340028193,-0.0639401261820084,-0.013634452990669454,0.5362670713201821,22,9,0.4090909090909091,FAIL,-0.025866840756973652,-0.8759428492310932,0.10549142664655074,-0.01668493914815672,-0.008910467587869286,0.8127465857359636,32,11,0.34375,中性
000608.SZ,3298,20120216,20260821,0.04328909605392406,-0.8560408908570689,0.27576604151144213,-0.08313292194283017,-0.9353826302182873,-0.20741274056185166,19,0.3157894736842105,-0.0789156535580875,-0.9353826302182873,-0.19142851022224736,-0.12220474961201155,-0.07934173936121836,0.4993935718617344,19,5,0.2631578947368421,FAIL,0.007256040214774329,-0.8789997986613993,0.1764011935210023,-0.03603305583914973,-0.02295890780433041,0.8456640388114008,27,8,0.2962962962962963,FAIL
000609.SZ,3427,20120215,20260821,0.0234638620385883,-0.9499928194824749,0.27157107898918065,-0.10311249797504729,-0.9353778868548983,-0.1484016404684659,20,0.3,-0.10025956527249624,-0.9353778868548983,-0.140097379463587,-0.12372342731108454,0.014614932627576627,0.4502480303472425,20,6,0.3,FAIL,-0.04186241660479528,-0.948947411777644,0.10995049556015554,-0.06532627864338358,0.0010454077048309696,0.8278377589728626,33,12,0.36363636363636365,FAIL
000612.SZ,3258,20120215,20260821,0.035899681390204385,-0.730993669374875,0.26781582608961046,0.0027291539164762124,-0.8044484214889509,0.1218819957997963,18,0.3888888888888889,-0.004685131489942651,-0.804448421488951,0.1005060165216745,-0.040584812880147036,-0.07345475211407604,0.572744014732965,18,7,0.3888888888888889,FAIL,0.021149846241427017,-0.7322456703100084,0.21514417884884143,-0.014749835148777368,-0.001252000935133446,0.830877839165132,27,10,0.37037037037037035,中性
000616.SZ,2504,20120217,20230613,-0.0965942239374239,-0.9543555556988262,-0.06775616728246014,-0.06208995880971513,-0.9126989377577892,-0.1303989393974759,11,0.2727272727272727,-0.04653732353841589,-0.9126989377577891,-0.07003952314012886,0.05005690039900801,0.041656617941037144,0.41573482428115016,11,5,0.45454545454545453,PASS,-0.1302634865073259,-0.9678405423470654,-0.2096978704861005,-0.03366926256990199,-0.013484986648239161,0.8258785942492013,23,7,0.30434782608695654,FAIL
000617.SZ,3414,20120216,20260821,0.008949466300298026,-0.7039797275388229,0.1940573653039413,-0.13447852710880104,-0.9290800599216539,-0.30225381102682924,20,0.1,-0.13056054125302508,-0.9290800599216539,-0.2881898857992798,-0.1395100075533231,-0.225100332382831,0.4718804920913884,20,4,0.2,FAIL,-0.04667585443852362,-0.8318483288071306,0.04462272772763538,-0.05562532073882165,-0.12786860126830768,0.8175161101347393,32,10,0.3125,FAIL
000619.SZ,3478,20120215,20260821,-0.009559674118910011,-0.830558998700003,0.1271302280655586,-0.08996678330115893,-0.9415367323756545,-0.22510192086116773,23,0.21739130434782608,-0.08763538734709653,-0.9415367323756545,-0.2165150245294969,-0.07807571322818652,-0.11097773367565145,0.4252443933294997,23,9,0.391304347826087,FAIL,-0.04762441901010672,-0.8957376982619912,0.007799662290337583,-0.03806474489119671,-0.06517869956198818,0.820299022426682,33,15,0.45454545454545453,FAIL
000620.SZ,3493,20120215,20260821,-0.029398151851862564,-0.9423064102831191,0.1588088159907811,-0.11600514008363805,-0.9272751931436637,-0.24090331775330223,21,0.2857142857142857,-0.11625196540046545,-0.9272751931436637,-0.24157762424554616,-0.08685381354860289,0.015031217139455433,0.4254222731176639,20,6,0.3,FAIL,-0.11047547604795938,-0.9497664957050739,-0.061437862026997234,-0.08107732419609681,-0.007460085421954754,0.8136272545090181,33,9,0.2727272727272727,FAIL
000623.SZ,3524,20120215,20260821,0.034327535580646495,-0.5931153901197583,0.19381335606580613,-0.051992269526401014,-0.7844431271084771,-0.19402727468943237,21,0.2857142857142857,-0.048988265903511685,-0.784443127108477,-0.18095356453018022,-0.08331580148415818,-0.19132773698871863,0.5581725312145289,20,5,0.25,FAIL,-0.021792559146407986,-0.7615945651828748,-0.013326996667968629,-0.05612009472705448,-0.1684791750631165,0.8541430192962542,27,6,0.2222222222222222,FAIL
000625.SZ,3470,20120216,20260821,0.10162148939885496,-0.7432589074020461,0.3932016278982409,0.027856095370595968,-0.6087113090992557,0.17790465567395078,25,0.32,0.034243420186140794,-0.6087113090992557,0.19756851267542141,-0.06737806921271416,0.1345475983027904,0.5164265129682997,24,6,0.25,中性,0.1253850479798937,-0.6282172975360754,0.44873405994418697,0.023763558581038735,0.11504160986597078,0.7752161383285303,31,15,0.4838709677419355,PASS
000627.SZ,3118,20120216,20250813,-0.04798371446852934,-0.9120350677818311,0.04423241124937958,-0.009386546852978461,-0.8320090650820376,0.022260680687078174,15,0.2,-0.00906819561569272,-0.8320090650820376,0.023513435247209915,0.03891551885283662,0.08002600269979343,0.3556767158434894,15,6,0.4,PASS,-0.07116938494330916,-0.9148054811063911,-0.06188772044299424,-0.023185670474779818,-0.0027704133245600726,0.7812700449005773,33,14,0.42424242424242425,中性
000629.SZ,3074,20120305,20260821,-0.03141141305167838,-0.7125567322239033,0.08664818101463811,-0.045299874258707185,-0.7277668851021976,-0.07843851274148791,17,0.29411764705882354,-0.034332106215767655,-0.7277668851021974,-0.03198633270985423,-0.002920693164089272,-0.015210152878294192,0.3464541314248536,17,7,0.4117647058823529,中性,-0.05336027061646087,-0.847564619872997,-0.01553797880040408,-0.021948857564782487,-0.13500788764909377,0.7381262199089135,32,15,0.46875,中性
000630.SZ,3362,20120215,20260821,0.042547719539203444,-0.6341341865796424,0.24017898022178674,-0.010876456487948771,-0.7942963846824318,0.017797957519141382,15,0.26666666666666666,-0.01007131165514985,-0.7942963846824318,0.02077194883587077,-0.052619031194353294,-0.16016219810278942,0.4997025580011898,15,5,0.3333333333333333,FAIL,0.024932668192543028,-0.5675846533040569,0.18036929968218243,-0.017615051346660415,0.06654953327558544,0.8491969066032123,26,9,0.34615384615384615,PASS
000631.SZ,3524,20120215,20260821,0.05192749996956336,-0.6204916232771165,0.27691306692857437,-0.05498304787602526,-0.8644028475066821,-0.09401300285446895,18,0.3888888888888889,-0.053700039336379346,-0.8644028475066821,-0.08958344861261267,-0.10562753930594271,-0.24391122422956557,0.48524404086265605,18,5,0.2777777777777778,FAIL,-0.0354586022001967,-0.860127784183518,0.04977385096630672,-0.08738610216976006,-0.2396361609064015,0.8513053348467651,31,6,0.1935483870967742,FAIL
000636.SZ,3353,20120215,20260821,0.1561532654833082,-0.7639316844697606,0.5168712009536784,-0.009438022671632074,-0.8076067579487337,0.128452571678567,25,0.44,-0.0101012039129178,-0.8076067579487336,0.12673374924488223,-0.166254469396226,-0.04367507347897304,0.6152699075454816,24,6,0.25,FAIL,0.10751592560193401,-0.6613682899399579,0.41819501546004584,-0.0486373398813742,0.10256339452980268,0.8144944825529377,30,10,0.3333333333333333,中性
000650.SZ,3457,20120215,20260821,0.005936778084618455,-0.7280869736335841,0.1406635202471935,-0.04512653387723209,-0.8151998662389419,-0.08907785027780464,17,0.29411764705882354,-0.04145920656177604,-0.8151998662389419,-0.0755862730269573,-0.047395984646394496,-0.08711289260535782,0.4772924501012438,17,6,0.35294117647058826,FAIL,-0.0494959639319702,-0.7876728475189163,-0.03888023516213484,-0.055432742016588654,-0.05958587388533221,0.8440844663002603,31,8,0.25806451612903225,FAIL
000651.SZ,3365,20120220,20260821,0.16317853393164894,-0.5274136595452588,0.5887228348244202,0.07357626806616002,-0.4550911232958611,0.32895529128773104,19,0.5263157894736842,0.07627677071704908,-0.4550911232958611,0.33929644330868436,-0.08690176321459986,0.07232253624939766,0.6151560178306092,18,5,0.2777777777777778,中性,0.06783786204752018,-0.567582219692466,0.30367629957353437,-0.09534067188412876,-0.040168560147207266,0.8799405646359584,26,6,0.23076923076923078,FAIL
000652.SZ,3514,20120215,20260821,-0.013859081593426414,-0.8288727216039233,0.11911912607682466,-0.08846038003967316,-0.9106785669689073,-0.1953910807421035,21,0.19047619047619047,-0.08630319056814872,-0.9106785669689073,-0.18788192613176752,-0.07244410897472231,-0.08180584536498392,0.44763801935116676,21,6,0.2857142857142857,FAIL,-0.06410741842666179,-0.8813922771521294,-0.03461946251715655,-0.050248336833235374,-0.05251955554820609,0.8369379624359704,34,6,0.17647058823529413,FAIL
000655.SZ,3431,20120314,20260821,-0.048663222437637765,-0.8525345622119815,0.06062800158109582,-0.09209622564011699,-0.9055037640822885,-0.13758558211913535,20,0.3,-0.09982244523096573,-0.9055037640822884,-0.15989024327962295,-0.05115922279332796,-0.05296920187030685,0.5794229087729524,21,6,0.2857142857142857,FAIL,-0.02765448462221709,-0.7753733572733801,0.08647406485414155,0.021008737815420675,0.07716120493860146,0.8195861264937336,27,12,0.4444444444444444,PASS
000656.SZ,3441,20120217,20260821,-0.054370425775614795,-0.9177408581593701,0.055798980138775746,-0.013707477415880298,-0.743405181636779,0.0427657319986865,19,0.3157894736842105,0.0023478833237395857,-0.7434051816367788,0.09656747965191874,0.05671830909935438,0.1743356765225913,0.4664341761115955,19,9,0.47368421052631576,PASS,-0.07962775995024596,-0.9351538495603111,-0.07451606721323252,-0.025257334174631163,-0.01741299140094099,0.7820401046207498,35,15,0.42857142857142855,中性
000657.SZ,3102,20130322,20260821,0.1938717662875995,-0.7565771463547507,0.5848381753183564,-0.04284314869486128,-0.8759537156941359,-0.027893792303847555,20,0.3,-0.050523383104481234,-0.8759537156941359,-0.04994361803320244,-0.24439514939208073,-0.11937656933938523,0.5367504835589942,21,4,0.19047619047619047,FAIL,0.09935433744135347,-0.7682470104568467,0.39844328832840453,-0.09451742884624603,-0.011669864102096028,0.8185041908446163,29,9,0.3103448275862069,FAIL
000659.SZ,3387,20120216,20260821,-0.023168883463087653,-0.8418491484184915,0.1185024172301511,-0.07510106250310311,-0.9386154304438823,-0.18603117708296407,22,0.18181818181818182,-0.07535279291604247,-0.9386154304438823,-0.18649762661707928,-0.05218390945295481,-0.09676628202539084,0.4089164452317685,22,8,0.36363636363636365,FAIL,-0.04535080326110985,-0.8851593386772574,0.018081596251044763,-0.022181919798022198,-0.043310190258765924,0.7626217891939769,33,16,0.48484848484848486,中性
000661.SZ,3479,20120215,20260821,0.12799645632164336,-0.869730733009759,0.45030237927780514,0.12661364122740792,-0.6160547683333147,0.4765521173672852,17,0.5882352941176471,0.1458698170322057,-0.6160547683333147,0.5312455599097198,0.017873360710562336,0.25367596467644427,0.5423972405863754,16,5,0.3125,PASS,0.06877935339752406,-0.8846644644151864,0.31076321499414766,-0.0592171029241193,-0.01493373140542742,0.8571428571428571,30,10,0.3333333333333333,FAIL
000662.SZ,1877,20120216,20210409,-0.267453482778215,-0.9926463143712166,-0.39014994204927433,-0.008064541228692046,-0.7758275524162228,0.12441402696884345,9,0.5555555555555556,-0.011029732443008644,-0.7758275524162228,0.11565751114864747,0.25642375033520637,0.21681876195499383,0.4405966968566862,9,3,0.3333333333333333,PASS,-0.15951483094658037,-0.9530077660802667,-0.21191827799929647,0.10793865183163465,0.039638548290949926,0.7426744805540757,18,9,0.5,PASS
000667.SZ,2727,20120215,20230525,-0.11256705411266521,-0.9346757519101841,-0.20645971909319866,-0.03225214865165882,-0.7170282794062461,-0.0605146009692579,12,0.3333333333333333,-0.022562636511266554,-0.7170282794062461,-0.022802208158942395,0.09000441760139866,0.217647472503938,0.43601026769343604,12,5,0.4166666666666667,PASS,-0.1064749063013063,-0.920896291612476,-0.22488479624548702,0.006092147811358917,0.013779460297708157,0.8492849284928493,21,7,0.3333333333333333,反例
000669.SZ,3327,20120224,20260821,-0.05824212114626126,-0.951783839464353,0.016985566767719996,-0.17288567419832823,-0.9787156825314764,-0.5353368909340185,24,0.20833333333333334,-0.16631685952411157,-0.9787156825314764,-0.5066005773218158,-0.10807473837785031,-0.026931843067123484,0.5933273219116321,24,3,0.125,FAIL,-0.09119601938132993,-0.949769466247533,-0.13147585184355787,-0.03295389823506867,0.0020143732168199646,0.806131650135257,31,12,0.3870967741935484,FAIL
000671.SZ,2699,20120215,20230609,-0.10056066791016616,-0.9615294617949933,-0.05024854361267832,0.11578012615042166,-0.570896714026328,0.4321544049740681,13,0.46153846153846156,0.12798952648996775,-0.5708967140263281,0.4643321560780797,0.2285501944001339,0.3906327477686652,0.5850314931456095,13,8,0.6153846153846154,PASS,0.0839093632742598,-0.7273625290240431,0.35139367768062657,0.18447003118442595,0.23416693277095024,0.7654686921081882,22,9,0.4090909090909091,PASS
000677.SZ,3032,20120514,20260821,-0.0394190367687699,-0.8181818181818181,0.08742616372215312,0.046821808850474156,-0.6745947356182886,0.24774449205008972,14,0.5,0.03311116507769585,-0.6745947356182884,0.19782276846690552,0.07253020184646575,0.1435870825635297,0.3720316622691293,15,9,0.6,PASS,-0.01133057931033199,-0.6979632685171078,0.11388255542322939,0.02808845745843791,0.12021854966471035,0.7681398416886543,29,14,0.4827586206896552,PASS
000679.SZ,3381,20120216,20260821,-0.0014696771837272582,-0.9047898841534654,0.18249926919454973,-0.04850768079653933,-0.9423437346554054,-0.013746572913996839,18,0.2777777777777778,-0.04202927851564375,-0.9423437346554054,0.005933342518113994,-0.040559601331916495,-0.037553850501940045,0.5232179828453121,18,7,0.3888888888888889,FAIL,-0.07603191905067264,-0.9440332288169154,-0.03117290417994258,-0.07456224186694538,-0.03924334466345003,0.8071576456669625,30,8,0.26666666666666666,FAIL
000680.SZ,3524,20120215,20260821,0.03574637337549014,-0.7536971447583327,0.24421063534738938,-0.042458162467053695,-0.8271028598668253,-0.019657192178767532,23,0.30434782608695654,-0.03958498199369176,-0.8271028598668253,-0.010917714457803172,-0.0753313553691819,-0.07340571510849259,0.5133371169125993,22,8,0.36363636363636365,FAIL,0.008372941427051694,-0.7507722137499842,0.16531604200366715,-0.027373431948438443,0.0029249310083485636,0.8243473325766175,32,10,0.3125,中性
000681.SZ,3109,20130912,20260821,0.008417249539524052,-0.8617208907410533,0.2528297885866823,-0.13371470424384846,-0.9429269755231793,-0.15816233790932854,24,0.25,-0.13551437708192637,-0.9429269755231793,-0.16240585905576346,-0.14393162662145043,-0.08120608478212599,0.5516243165004825,24,6,0.25,FAIL,-0.06672243587378546,-0.9125593756431984,0.06545886227042273,-0.07513968541330951,-0.050838484902145153,0.7825667417175941,31,12,0.3870967741935484,FAIL
000682.SZ,3316,20120215,20260821,0.07693657389276876,-0.738488271068636,0.3434951838596486,0.015964208066205687,-0.7150204916046093,0.12969356620378936,19,0.3684210526315789,0.015546150510828083,-0.7150204916046095,0.12825497015663237,-0.06139042338194067,0.02346777946402656,0.4764776839565742,19,9,0.47368421052631576,FAIL,0.04267203902132244,-0.799073352416686,0.2476282907970726,-0.03426453487144632,-0.06058508134804996,0.8431845597104946,29,14,0.4827586206896552,FAIL
000683.SZ,3405,20120215,20260821,0.04466919366704136,-0.749971343878453,0.25978723500546363,0.05138210549986688,-0.7996963132309838,0.25434754530226455,18,0.5,0.051577648382526986,-0.7996963132309836,0.2549447375595375,0.0069084547154856235,-0.04972496935253057,0.5113069016152717,18,9,0.5,反例,0.048196006151970616,-0.767204455427478,0.25858343827597113,0.0035268124849292537,-0.01723311154902496,0.7979441997063142,29,10,0.3448275862068966,反例
000685.SZ,3508,20120215,20260821,0.06316784188696434,-0.6923582018103491,0.28064849049206986,0.000648470005843782,-0.7352576797940342,0.03040449950477128,15,0.5333333333333333,0.002588018345914822,-0.735257679794034,0.038466328467943706,-0.060579823541049516,-0.042899477983684875,0.49372862029646525,15,7,0.4666666666666667,FAIL,0.014844755952323485,-0.740697968083252,0.1151215187821482,-0.04832308593464085,-0.04833976627290282,0.8677309007981756,26,7,0.2692307692307692,FAIL
000686.SZ,3513,20120221,20260821,0.0251993349765518,-0.7885000992735,0.19797221585884753,-0.03176850532567721,-0.7896222771232797,-0.046868996436950666,21,0.23809523809523808,-0.023087816790633986,-0.7896222771232797,-0.015165491712666944,-0.04828715176718579,-0.0011221778497797485,0.44776544264161683,21,5,0.23809523809523808,FAIL,0.0031192536545179284,-0.7634476458448083,0.11591593170344794,-0.022080081322033873,0.025052453428691668,0.8035866780529461,33,8,0.24242424242424243,中性
000687.SZ,2295,20120215,20220616,-0.23645404022995042,-0.9906071787990607,-0.26633008579507095,0.04644545450119808,-0.7142801096971263,0.2634920260452564,11,0.45454545454545453,0.04975733192570475,-0.7142801096971265,0.272587223714638,0.2862113721556552,0.27632706910193416,0.40784313725490196,11,7,0.6363636363636364,PASS,-0.2084878556106896,-0.9850700304834922,-0.3504530548998525,0.027966184619260814,0.0055371483155685075,0.7546840958605664,27,13,0.48148148148148145,反例
000688.SZ,2944,20130605,20260821,0.11320053732344859,-0.6955461504934572,0.43942696038530243,0.015343612514138405,-0.813321482598023,0.16775372691823515,16,0.375,-0.006890506421774578,-0.813321482598023,0.10674175383630798,-0.12009104374522317,-0.1177753321045657,0.5968070652173914,16,5,0.3125,FAIL,0.043706396720064156,-0.7545926762223369,0.27589068310823084,-0.06949414060338444,-0.059046525728879695,0.8417119565217391,25,7,0.28,FAIL
000690.SZ,3475,20120215,20260821,0.05387273310149632,-0.731931123199572,0.2674280286671692,0.0008219277039172024,-0.7976479116616637,0.05750396879547171,19,0.42105263157894735,0.002704541396051585,-0.7976479116616637,0.06445342637341625,-0.05116819170544473,-0.06571678846209172,0.4981294964028777,19,6,0.3157894736842105,FAIL,0.07078328427294434,-0.645595777973702,0.30823760217663737,0.01691055117144802,0.08633534522586994,0.8316546762589928,25,11,0.44,PASS
000693.SZ,471,20140221,20190708,-0.5054533209980467,-0.9891304347826086,-2.212551959465608,-0.20813800708154728,-0.7362803734245897,-1.3055926703689649,5,0.0,-0.22462956747573526,-0.7481056392354036,-1.421296794085181,0.2808237535223115,0.24102479554720502,0.3991507430997877,5,1,0.2,PASS,-0.2683659348351889,-0.8620399882680162,-1.198938011688037,0.23708738616285785,0.12709044651459245,0.7515923566878981,6,2,0.3333333333333333,PASS
000697.SZ,3320,20120215,20260821,-0.029522412991106806,-0.8810666694455143,0.11231884467096595,-0.08929102291343372,-0.9080321406760342,-0.1765323547819603,21,0.3333333333333333,-0.09073772402515379,-0.9080321406760342,-0.18133403797824632,-0.06121531103404698,-0.026965471230519955,0.5551204819277108,21,9,0.42857142857142855,FAIL,-0.07982165896833171,-0.9381420437497202,-0.06103650653417918,-0.050299245977224905,-0.05707537430420595,0.7867469879518072,32,11,0.34375,FAIL
000698.SZ,3427,20120215,20260821,-0.03828511089743003,-0.7964297695678612,0.06977457233200267,-0.15364702753714643,-0.9663884411983306,-0.44944318273373274,22,0.13636363636363635,-0.1539328485076914,-0.9663884411983306,-0.450553632074288,-0.11564773761026137,-0.1699586716304694,0.5252407353370294,22,7,0.3181818181818182,FAIL,-0.04794748349072642,-0.7985194674308875,0.014294119271225529,-0.009662372593296387,-0.002089697863026374,0.7890283046396265,34,12,0.35294117647058826,中性
000703.SZ,3451,20120216,20260821,0.0596271452738919,-0.7301614708233413,0.2976371348419375,-0.02027357733502655,-0.7399931997714293,0.02291158661923346,23,0.30434782608695654,-0.009453554357315097,-0.7399931997714294,0.058767137722906204,-0.069080699631207,-0.009831728948088148,0.5181106925528832,22,6,0.2727272727272727,FAIL,0.02911764946410056,-0.7327093555053603,0.20770336116234803,-0.030509495809791343,-0.0025478846820190526,0.8122283396117067,33,11,0.3333333333333333,FAIL
000707.SZ,3404,20120215,20260821,-0.040215931190981435,-0.836111188402571,0.026906494386006174,0.006341032295171578,-0.7673742701400587,0.09319789306964722,19,0.3684210526315789,0.007729612963846666,-0.7673742701400585,0.09803067119700598,0.0479455441548281,0.06873691826251249,0.46504112808460635,19,10,0.5263157894736842,PASS,-0.022719868177611957,-0.8365648288314573,0.04500188045112008,0.01749606301336948,-0.00045364042888629275,0.7943595769682726,27,13,0.48148148148148145,反例
000708.SZ,3414,20120215,20260821,0.0898673464851325,-0.6635929685924256,0.36642185190571896,0.06773171138898437,-0.5672558014150977,0.30064493114103147,18,0.3333333333333333,0.06905544485164739,-0.5672558014150976,0.30516250144057694,-0.02081190163348512,0.09633716717732799,0.5626830697129467,17,6,0.35294117647058826,PASS,0.05822624148068378,-0.7646921488630961,0.2748355281636277,-0.03164110500444872,-0.10109918027067055,0.832747510251904,25,9,0.36,FAIL
000709.SZ,3487,20120215,20260821,-0.009550972958613957,-0.7063275878118407,0.058748035173588516,-0.0713493516989292,-0.8213072428604734,-0.28365535440835354,18,0.2222222222222222,-0.06743980610502776,-0.8213072428604735,-0.2655317800271579,-0.0578888331464138,-0.11497965504863283,0.4594207054774878,18,4,0.2222222222222222,FAIL,-0.06967174165806755,-0.8353081773878851,-0.16936524051677365,-0.0601207686994536,-0.1289805895760444,0.810438772583883,32,14,0.4375,FAIL
000712.SZ,3298,20120220,20260821,0.028421772120951427,-0.8565488422702654,0.2526418337145738,-0.09458952407118637,-0.9468527856549684,-0.240765285336974,22,0.18181818181818182,-0.09310621445568423,-0.9468527856549684,-0.2351339474870782,-0.12152798657663566,-0.09030394338470304,0.41904184354154034,22,5,0.22727272727272727,FAIL,-0.014808442160948676,-0.8744878077581242,0.11779283862965136,-0.0432302142819001,-0.017938965487858782,0.7771376591873863,35,13,0.37142857142857144,FAIL
000713.SZ,3374,20120215,20260821,-0.012191574989026677,-0.7986289820505557,0.13657769175068582,-0.046662034241629735,-0.807855740025223,-0.0876111560933506,18,0.2777777777777778,-0.047022281763053786,-0.807855740025223,-0.08884482776815777,-0.03483070677402711,-0.009226757974667321,0.36781268524007116,17,8,0.47058823529411764,FAIL,-0.08543710134012006,-0.8639847389664558,-0.08891065544879308,-0.07324552635109338,-0.06535575691590012,0.8073503260225252,35,14,0.4,FAIL
000717.SZ,3432,20120217,20260821,-0.00884239140638976,-0.8376232535200603,0.1400511421659392,-0.054048817752972544,-0.9069205850031217,-0.115526305441667,21,0.14285714285714285,-0.05088471649853388,-0.9069205850031217,-0.1037204831086603,-0.04204232509214412,-0.06929733148306139,0.44143356643356646,21,8,0.38095238095238093,FAIL,0.023170755599542847,-0.7721384124357638,0.19750630093333885,0.03201314700593261,0.06548484108429653,0.7695221445221445,32,14,0.4375,PASS
000718.SZ,3367,20120215,20260821,-0.033180195752242736,-0.872692580288053,0.07173909384898497,-0.00283689701146439,-0.7199960211761445,0.06810924682418165,18,0.3888888888888889,0.006135327128219625,-0.7199960211761446,0.09941432271328855,0.03931552288046236,0.15269655911190838,0.41877041877041876,18,8,0.4444444444444444,PASS,0.011088940285014948,-0.8140395278117037,0.15993569746380865,0.044269136037257684,0.05865305247634922,0.7626967626967627,30,14,0.4666666666666667,PASS
000719.SZ,3308,20120215,20260821,0.03671340998499151,-0.7493137591142227,0.24167781453538897,-0.06124762743069079,-0.7890847617267751,-0.11485682067970628,20,0.3,-0.059934914591070365,-0.7890847617267751,-0.10983707092161858,-0.09664832457606187,-0.0397710026125524,0.538391777509069,19,2,0.10526315789473684,FAIL,-0.007841844069581994,-0.770992204723147,0.10654510007831637,-0.0445552540545735,-0.02167844560892429,0.8473397823458283,29,12,0.41379310344827586,FAIL
000723.SZ,3278,20120321,20260821,-0.015232128267198664,-0.8371657462381185,0.1631078154639442,0.023982254673062364,-0.7584576565242473,0.1887736453143966,18,0.4444444444444444,0.014109909801759635,-0.7584576565242475,0.16024392714901342,0.029342038068958298,0.078708089713871,0.44264795607077484,19,9,0.47368421052631576,PASS,0.009048345345171738,-0.855325469300019,0.1910792601354507,0.0242804736123704,-0.0181597230619005,0.7574740695546065,32,11,0.34375,反例
000725.SZ,3517,20120215,20260821,0.09433265711781202,-0.6118337187406351,0.37053429355041106,0.09912079958384634,-0.41098901098901097,0.39848965420855453,14,0.5714285714285714,0.09841803295525575,-0.41098901098901097,0.3961425313243955,0.004085375837443728,0.2008447077516241,0.47767984077338643,14,4,0.2857142857142857,PASS,0.10023340604905728,-0.5592808591284243,0.38788600771878473,0.005900748931245259,0.05255285961221079,0.8657947114017629,23,9,0.391304347826087,PASS
000726.SZ,3495,20120215,20260821,0.003351572232399125,-0.6531733870088863,0.0740092170376512,-0.06589859373088924,-0.8184043830300209,-0.27568728087207817,19,0.3157894736842105,-0.06639926936561036,-0.8184043830300209,-0.27794647646290505,-0.06975084159800948,-0.16523099602113467,0.5007153075822603,18,6,0.3333333333333333,FAIL,-0.00763709811234925,-0.6657421397752091,0.02152412980947358,-0.010988670344748375,-0.012568752766322855,0.8603719599427754,24,9,0.375,中性
000727.SZ,3411,20120215,20260821,-0.0364700771542017,-0.8643640223419082,0.07405114234701553,-0.12388863340192058,-0.9133219401489714,-0.33954786428930506,19,0.2631578947368421,-0.12542300330076694,-0.9133219401489714,-0.34508169924303334,-0.08895292614656525,-0.048957917807063156,0.46437994722955145,19,4,0.21052631578947367,FAIL,-0.09801660200729023,-0.915567646058684,-0.1319780447893061,-0.061546524853088536,-0.05120362371677578,0.8056288478452067,32,13,0.40625,FAIL
000728.SZ,3496,20120215,20260821,0.03694964138033696,-0.7779207056471249,0.22892436364302735,-0.059472629120620235,-0.8538365343910044,-0.13222191935639663,18,0.2777777777777778,-0.049213826198330035,-0.8538365343910044,-0.09461631364344378,-0.086163467578667,-0.07591582874387948,0.4290617848970252,18,2,0.1111111111111111,FAIL,-0.00985942441594223,-0.768617449164041,0.08656682706459148,-0.04680906579627919,0.009303256483083944,0.8266590389016019,30,9,0.3,FAIL
000729.SZ,3521,20120215,20260821,0.04343287317262989,-0.5636716194078679,0.22426947956045024,-0.0034628744389466615,-0.5983365252674976,0.04096386556542861,19,0.3684210526315789,-3.683369209639409e-06,-0.5983365252674977,0.05375292061190453,-0.04343655654183953,-0.03466490585962978,0.6245384833854019,18,6,0.3333333333333333,FAIL,0.009841849789371748,-0.6749346277560161,0.11105627693609471,-0.033591023383258145,-0.11126300834814817,0.871343368361261,23,6,0.2608695652173913,FAIL
000731.SZ,3524,20120215,20260821,0.0028165324497591016,-0.7757867917946883,0.14853468485897556,-0.033606737334390124,-0.7761287827584509,-0.012635135541990094,20,0.35,-0.0324323471303255,-0.7761287827584507,-0.00885517188273662,-0.0352488795800846,-0.0003419909637623064,0.4650964812712826,20,7,0.35,FAIL,-0.014200850430576395,-0.841513587064299,0.09267391217648423,-0.017017382880335497,-0.06572679526961067,0.8635073779795687,27,7,0.25925925925925924,中性
000732.SZ,2704,20120216,20230602,-0.1508400283285679,-0.979185360094451,-0.17131196347220654,-0.120218950754867,-0.9518476786107886,-0.2447264702788068,15,0.3333333333333333,-0.11519451117351975,-0.9518476786107886,-0.22813865035632186,0.035645517155048156,0.027337681483662446,0.5196005917159763,15,5,0.3333333333333333,反例,-0.002994258823446949,-0.8692621986909216,0.15027093327409172,0.14784576950512096,0.10992316140352942,0.7414940828402367,24,10,0.4166666666666667,PASS
000733.SZ,3495,20120215,20260821,0.13386775304478182,-0.7567640701545074,0.4610002043460367,-0.009514075058742355,-0.8141074740246121,0.10174545664934868,22,0.36363636363636365,-0.008649477202560596,-0.8141074740246121,0.10410956514927011,-0.14251723024734242,-0.057343403870104726,0.5562231759656653,21,3,0.14285714285714285,FAIL,0.026404466109718916,-0.8364153282416315,0.22854044019275738,-0.10746328693506291,-0.07965125808712403,0.8589413447782547,29,8,0.27586206896551724,FAIL
000735.SZ,3509,20120215,20260821,0.012959783085533694,-0.7578401382005213,0.1997950043815285,-0.053086355433691224,-0.7848869292721028,-0.036031024279185496,21,0.23809523809523808,-0.05064578492335248,-0.7848869292721028,-0.02871336799398739,-0.06360556800888617,-0.027046791071581477,0.49501282416642917,20,5,0.25,FAIL,-0.03754873291440419,-0.8032357435410047,0.052722894547036485,-0.050508515999937886,-0.04539560534048337,0.8133371330863494,31,9,0.2903225806451613,FAIL
000737.SZ,3463,20120215,20260821,0.09270792898105618,-0.79073756432247,0.3798071472627488,-0.051261733289292066,-0.8556914692840301,-0.07177528964742046,22,0.36363636363636365,-0.051646436760936165,-0.8556914692840301,-0.0730440525078698,-0.14435436574199234,-0.06495390496156006,0.4484550967369333,21,6,0.2857142857142857,FAIL,-0.0010525234415850182,-0.833587848194685,0.15237395286711292,-0.0937604524226412,-0.04285028387221501,0.8278948888247184,36,10,0.2777777777777778,FAIL
000738.SZ,3517,20120215,20260821,0.03531230478399139,-0.7492154806491885,0.2497883200827881,-0.03657781873888721,-0.8805095303098822,-0.041300656711339014,21,0.3333333333333333,-0.03457699918584756,-0.8805095303098822,-0.034324028909946784,-0.06988930396983895,-0.1312940496606937,0.4657378447540517,20,6,0.3,FAIL,-0.0897048381197505,-0.9050293557203226,-0.11542650029436259,-0.12501714290374188,-0.1558138750711341,0.8322433892522035,34,8,0.23529411764705882,FAIL
000739.SZ,3461,20120319,20260821,0.1522861384380758,-0.7265100045771301,0.5040141975662541,0.03669390542865547,-0.6580437697351502,0.20227826252542938,21,0.42857142857142855,0.02830641848569493,-0.6580437697351503,0.17647249244669566,-0.12397971995238088,0.06846623484197978,0.5648656457671193,21,5,0.23809523809523808,中性,0.057536604478302555,-0.7620653994637654,0.2798037822702607,-0.09474953395977326,-0.03555539488663528,0.8361745160358278,32,8,0.25,FAIL
000748.SZ,949,20120215,20161031,0.5114989038845799,-0.5888501742160279,1.3914561657029454,0.3828725823777961,-0.4525481076262201,1.2343859119732619,5,0.8,0.3822622208290487,-0.4525481076262201,1.232670995718184,-0.12923668305553115,0.1363020665898078,0.6870389884088515,4,2,0.5,中性,0.5715278831865533,-0.4724087961538762,1.5712659944464744,0.060028979301973484,0.11644137806215171,0.8893572181243414,5,3,0.6,PASS
000750.SZ,3476,20120221,20260821,0.02730995894317223,-0.8121032547865095,0.21610501553726244,-0.05296684008788766,-0.833968982392704,-0.10827880188028823,17,0.35294117647058826,-0.051309842913139,-0.8339689823927039,-0.10214882977984303,-0.07861980185631123,-0.02186572760619443,0.41196777905638665,17,6,0.35294117647058826,FAIL,-0.033281901108910605,-0.8272309420021416,0.028222092992438254,-0.060591860052082835,-0.01512768721563218,0.8055235903337169,32,10,0.3125,FAIL
000751.SZ,3152,20120215,20260821,-0.0067373103470785844,-0.8053745928338762,0.1861316341313299,-0.07332879551247007,-0.9212317448343758,-0.014303994859538224,20,0.35,-0.06882977328153073,-0.9212317448343758,-0.003629970126648115,-0.06209246293445214,-0.11585715200049951,0.5234771573604061,20,8,0.4,FAIL,-0.052189853877442016,-0.8716317029149622,0.07586244099354447,-0.04545254353036343,-0.06625711008108592,0.8429568527918782,27,6,0.2222222222222222,FAIL
000755.SZ,3171,20120216,20260821,-0.03434695365823481,-0.8133074935400517,0.06967027188271525,-0.038084254470388657,-0.8519833885487826,-0.045205428644417324,20,0.3,-0.038380146339104804,-0.8519833885487827,-0.046222277041476224,-0.00403319268086999,-0.03867589500873103,0.4660990223904131,20,12,0.6,中性,-0.06199370962103379,-0.885022060630767,-0.04021820675794868,-0.027646755962798975,-0.07171456709071533,0.7978555660674866,32,12,0.375,中性
000758.SZ,3501,20120215,20260821,-0.0266959850522851,-0.754420734937117,0.10052685858618031,-0.08356367093609185,-0.8495946063625219,-0.16170789352507464,23,0.43478260869565216,-0.08124556831180318,-0.8495946063625219,-0.15395639927302177,-0.054549583259518086,-0.0951738714254049,0.48728934590117107,22,7,0.3181818181818182,FAIL,-0.07397348774526225,-0.7824960535299887,-0.04818625439184073,-0.04727750269297715,-0.028075318592871712,0.8171950871179663,31,10,0.3225806451612903,FAIL
000759.SZ,3495,20120215,20260821,-0.02201345056662607,-0.8004000479571907,0.11822459603462251,-0.0852531747800972,-0.9075960216501562,-0.1834809634721989,20,0.25,-0.09197466099260232,-0.9075960216501562,-0.20275915393337324,-0.06996121042597625,-0.10719597369296552,0.44892703862660943,20,7,0.35,FAIL,-0.08627993244986831,-0.9085063165524278,-0.07307555523006229,-0.06426648188324224,-0.10810626859523709,0.842346208869814,32,8,0.25,FAIL
000761.SZ,3498,20120215,20260821,-0.029933717545272187,-0.6821192873434203,0.046705486946908834,-0.01429839994300186,-0.698108923233552,-0.010786104712629302,19,0.21052631578947367,-0.022154721832043034,-0.698108923233552,-0.036868568830642406,0.007778995713229153,-0.015989635890131693,0.47284162378502004,19,8,0.42105263157894735,反例,-0.01650209714068762,-0.6617024014078987,0.056138075104613695,0.013431620404584566,0.0204168859355216,0.7953116066323613,29,13,0.4482758620689655,反例
000762.SZ,3463,20120215,20260821,0.028503221980214377,-0.7981563890654799,0.26900822062295987,-0.01782264530796074,-0.8289890139799716,0.0847932320521115,23,0.30434782608695654,-0.01542337952709072,-0.8289890139799716,0.09138133640124042,-0.043926601507305096,-0.03083262491449168,0.45105399942246605,23,10,0.43478260869565216,FAIL,0.020871754481110782,-0.8210712955839108,0.22697024643863262,-0.007631467499103595,-0.022914906518430866,0.7548368466647416,40,16,0.4,中性
000766.SZ,3096,20120215,20260821,0.08024816394677137,-0.884163628999595,0.37856139846552495,0.0819574443640354,-0.6043899120166034,0.36834446840379687,17,0.47058823529411764,0.0840482243882108,-0.6043899120166033,0.3741693179280813,0.0038000604414394346,0.2797737169829917,0.5426356589147286,16,7,0.4375,PASS,0.07301069085695389,-0.8855464697713713,0.3516012994127997,-0.007237473089817481,-0.0013828407717763058,0.810077519379845,24,7,0.2916666666666667,中性
000767.SZ,3478,20120215,20260821,-0.008610280306287632,-0.8209982788296041,0.1347912269079508,-0.05830633475246716,-0.8788203835512232,-0.0937440860584632,15,0.2,-0.05528957380793076,-0.8788203835512232,-0.08250467025082181,-0.046679293501643127,-0.05782210472161908,0.44968372627947095,15,5,0.3333333333333333,FAIL,-0.08338604976519581,-0.9368556925895166,-0.08086557470388583,-0.07477576945890818,-0.11585741375991254,0.8453133985048878,30,7,0.23333333333333334,FAIL
000768.SZ,3507,20120215,20260821,0.07327486846885356,-0.7328011566507417,0.3276352190874509,-0.013510885110063264,-0.7809514014796172,0.04316741770948015,24,0.2916666666666667,-0.012414952657065381,-0.7809514014796171,0.04669684387973489,-0.08568982112591894,-0.04815024482887531,0.5295124037639007,23,7,0.30434782608695654,FAIL,-0.03629651869394146,-0.8665634711731114,0.030210581130256643,-0.10957138716279502,-0.13376231452236964,0.8229255774165953,37,10,0.2702702702702703,FAIL
000776.SZ,3519,20120215,20260821,0.06174738610430475,-0.6095044438910864,0.28617233300740164,-0.04509922306842473,-0.7837037972785549,-0.10943048017896052,21,0.3333333333333333,-0.030271686249577878,-0.7837037972785549,-0.05214911267261603,-0.09201907235388262,-0.1741993533874685,0.5458937198067633,21,5,0.23809523809523808,FAIL,0.05101166007631708,-0.575713637435133,0.2474525206679803,-0.010735726027987669,0.03379080645595334,0.8508098891730606,28,10,0.35714285714285715,PASS
000777.SZ,3489,20120215,20260821,0.030184605173992907,-0.8358351709655569,0.24167193980579205,-0.05284329691138767,-0.9016834479245088,-0.028787644112216595,18,0.2777777777777778,-0.052999518595141626,-0.9016834479245088,-0.029235304386383297,-0.08318412376913453,-0.0658482769589519,0.6371453138435081,18,6,0.3333333333333333,FAIL,-0.020791160687825605,-0.8730625817126123,0.10053762631437402,-0.05097576586181851,-0.03722741074705538,0.8664373746059043,25,8,0.32,FAIL
000778.SZ,3457,20120215,20260821,0.00820539879713067,-0.7195076714356976,0.114318093489698,0.0024162586464071545,-0.6301287160609919,0.016699843873926742,11,0.45454545454545453,0.004590040136951634,-0.6301287160609916,0.026802874573629034,-0.0036153586601790355,0.08937895537470597,0.3954295632050911,11,7,0.6363636363636364,PASS,-0.01767083874396491,-0.714074777834605,0.011536096720043422,-0.02587623754109558,0.005432893601092559,0.860862019091698,25,7,0.28,中性
000780.SZ,2374,20120215,20211216,-0.001051584882162726,-0.8368563230160084,0.14438054137257883,0.02821027063238457,-0.8066256488547592,0.17675273277353484,15,0.26666666666666666,0.028846184110709272,-0.8066256488547592,0.17869828613300356,0.029897768992871998,0.03023067416124925,0.5075821398483572,14,6,0.42857142857142855,PASS,-0.005881433028594896,-0.8266298319629154,0.11336746275659336,-0.00482984814643217,0.010226491053093034,0.806234203875316,23,10,0.43478260869565216,中性
000783.SZ,3511,20120215,20260821,0.08030412855549751,-0.7653327427748865,0.3352738284622466,-0.022256441913461322,-0.8147402748932651,-0.047938807929042135,21,0.2857142857142857,-0.021750588663030146,-0.8147402748932653,-0.04591836717191641,-0.10205471721852766,-0.04940753211837878,0.4733694104243805,21,6,0.2857142857142857,FAIL,0.014776849175939022,-0.7978774096124754,0.1432123654078968,-0.06552727937955849,-0.03254466683758894,0.804044431785816,33,12,0.36363636363636365,FAIL
000785.SZ,3485,20120215,20260821,-0.06948395092073978,-0.8981142355965626,-0.016069960912923544,-0.0989088990572271,-0.9333635414241176,-0.26100033845628956,17,0.11764705882352941,-0.10060671054939796,-0.9333635414241176,-0.2671076389598684,-0.03112275962865818,-0.03524930582755503,0.4875179340028694,16,7,0.4375,FAIL,-0.14896654448451363,-0.9680585503063108,-0.29181028067683895,-0.07948259356377385,-0.06994431470974827,0.8051649928263989,30,11,0.36666666666666664,FAIL
000786.SZ,3381,20120215,20260821,0.09748862384772772,-0.6504389121719187,0.38819393555287696,-0.005928678967509038,-0.6863738402900474,0.0532168333757457,18,0.5555555555555556,-0.005839670614243397,-0.6863738402900474,0.053567515051978994,-0.10332829446197112,-0.035934928118128706,0.5338657202011239,18,6,0.3333333333333333,FAIL,0.06205505734625416,-0.6471449618310181,0.29225279120310227,-0.03543356650147356,0.003293950340900631,0.8210588583259391,28,10,0.35714285714285715,FAIL
000788.SZ,3412,20120215,20260821,-0.009029020913669084,-0.8135429275577835,0.13654947212876212,-0.004516842499295182,-0.6842297121167555,0.05623655802575387,20,0.45,-0.00452821112381141,-0.6842297121167557,0.05621677939883812,0.004500809789857674,0.1293132154410278,0.45076201641266117,20,11,0.55,PASS,-0.011995735993776346,-0.819420650922406,0.09161478102177759,-0.002966715080107263,-0.005877723364622556,0.791031652989449,37,14,0.3783783783783784,中性
000792.SZ,3181,20120215,20260821,0.014770574861509234,-0.7840076435381421,0.22062597270940004,-0.10648453696421833,-0.8899524687565546,-0.32316651519966516,20,0.15,-0.10248303413284332,-0.8899524687565546,-0.3067000909987233,-0.11725360899435255,-0.10594482521841253,0.507073247406476,20,7,0.35,FAIL,0.028139527071375348,-0.6873784010770363,0.22301695318719733,0.013368952209866114,0.09662924246110582,0.7881169443571204,27,13,0.48148148148148145,PASS
000793.SZ,3189,20120215,20260821,-0.06338562011457194,-0.9620662679236315,0.049117312268569545,-0.05737533676398188,-0.8812274855059311,-0.05048469900489304,18,0.16666666666666666,-0.052403126809283274,-0.8812274855059311,-0.034560442182905216,0.010982493305288665,0.08083878241770037,0.5402947632486673,18,7,0.3888888888888889,PASS,-0.07348194128543528,-0.9434247054846515,-0.01334271414260763,-0.010096321170863343,0.018641562438979964,0.8507369081216682,26,7,0.2692307692307692,中性
000799.SZ,3426,20120215,20260821,0.03306493006183486,-0.867843235440098,0.2490041077171353,0.04234161439232387,-0.7403862774969334,0.22757384569162872,23,0.391304347826087,0.0420008762897206,-0.7403862774969334,0.22657657828750852,0.008935946227885738,0.12745695794316458,0.5049620548744892,23,9,0.391304347826087,PASS,0.0421858647179294,-0.8128442617138838,0.25368438242949526,0.009120934656094537,0.054998973726214206,0.7761237594862814,33,16,0.48484848484848486,PASS
000800.SZ,3503,20120215,20260821,-0.021582994201476247,-0.8184335309060118,0.08850800082560194,-0.07139458048736103,-0.7912947032885796,-0.22756292018945795,18,0.2222222222222222,-0.0647564660809905,-0.7912947032885796,-0.20053578738436179,-0.04317347187951426,0.027138827617432137,0.3208678275763631,17,7,0.4117647058823529,FAIL,-0.08191867375247608,-0.890236631199143,-0.11968754349558752,-0.06033567955099983,-0.0718031002931312,0.8044533257208107,39,10,0.2564102564102564,FAIL
000806.SZ,2348,20120216,20230705,-0.165916085355453,-0.9857992073976222,-0.2081547337680761,0.006778229252299095,-0.8128676647169911,0.1263063345821275,15,0.4,0.007672958702195087,-0.8128676647169911,0.129607635240664,0.17358904405764808,0.17293154268063105,0.424190800681431,15,8,0.5333333333333333,PASS,-0.09696069043622235,-0.957849731650642,-0.13359267709192893,0.06895539491923064,0.027949475746980146,0.7338160136286201,27,8,0.2962962962962963,反例
000807.SZ,3419,20120215,20260821,0.11584908005500472,-0.7795231080987783,0.4343284464479915,-0.07270482895727903,-0.9318729477891453,-0.06497993668208543,26,0.34615384615384615,-0.06916055300320556,-0.9318729477891454,-0.0546251829068536,-0.18500963305821028,-0.15234983969036708,0.5337818075460661,26,6,0.23076923076923078,FAIL,0.11133597894329506,-0.6771053970095481,0.4209808831237292,-0.004513101111709661,0.10241771108923026,0.8157355952032758,31,8,0.25806451612903225,PASS
000809.SZ,3512,20120216,20260821,-0.0641022759532831,-0.8817222799881279,-0.006666983355038024,-0.09997855273581868,-0.8359093216703566,-0.25704254615695826,20,0.4,-0.09276883836133543,-0.8359093216703567,-0.23029980024595137,-0.02866656240805232,0.04581295831777121,0.5065489749430524,20,7,0.35,PASS,-0.12376326445842356,-0.9265177828225573,-0.22259529869672928,-0.059660988505140455,-0.044795502834429346,0.8231776765375854,31,10,0.3225806451612903,FAIL
000810.SZ,3324,20120316,20260821,0.040155408658093306,-0.8502265824998808,0.29966360895743605,0.0430780194202558,-0.6844660488380038,0.25399514512645566,18,0.3888888888888889,0.03113251845548981,-0.6844660488380039,0.22475372266944912,-0.009022890202603495,0.16576053366187693,0.4915764139590854,19,10,0.5263157894736842,PASS,0.045480727036937285,-0.7462014791627737,0.29286148912266785,0.0053253183788439795,0.10402510333710713,0.7554151624548736,32,15,0.46875,PASS
000813.SZ,3329,20120215,20260821,-0.04287911226259555,-0.8480804926222842,0.033458175172262725,0.014861172590112215,-0.5752358431543009,0.12759932390695872,18,0.5,0.014003988785149746,-0.5752358431543008,0.12466833126859138,0.0568831010477453,0.2728446494679835,0.46890958245719433,18,11,0.6111111111111112,PASS,-0.049358988965702455,-0.8042776190568777,-0.023259543710104157,-0.0064798767031069016,0.043802873565406575,0.7960348452988886,30,11,0.36666666666666664,PASS
000816.SZ,3469,20120405,20260821,-0.051734911156926966,-0.9282616932927117,0.06529012325144974,-0.0503691638380932,-0.8316411833145321,-0.10675046618999467,17,0.47058823529411764,-0.04542996968333801,-0.8316411833145321,-0.0883862376801815,0.006304941473588954,0.09662050997817961,0.3865667339290862,16,7,0.4375,PASS,-0.03151768334275962,-0.9169520161629074,0.06845753862943653,0.02021722781416735,0.011309677129804241,0.7711155952724128,30,15,0.5,反例
000818.SZ,3292,20120215,20260821,0.06658314384677899,-0.7216014897579144,0.3421973047615758,-0.03188971794383688,-0.8011385921750623,-0.014239861954085902,18,0.2222222222222222,-0.02875033643957281,-0.8011385921750622,-0.0030774484237509245,-0.0953334802863518,-0.07953710241714784,0.3888213851761847,18,7,0.3888888888888889,FAIL,-0.0320678815815818,-0.8082601468609302,0.0840817454697011,-0.0986510254283608,-0.08665865710301579,0.7715674362089915,38,16,0.42105263157894735,FAIL
000819.SZ,3524,20120215,20260821,0.017298333761967655,-0.8881391832926757,0.22716164929317653,0.05764054858377099,-0.7509662798516448,0.2699398025576692,20,0.35,0.058691848776168065,-0.7509662798516448,0.27282256289356727,0.04139351501420041,0.13717290344103095,0.4412599318955732,20,9,0.45,PASS,0.003374370784936964,-0.8372903891048479,0.1704403939405974,-0.01392396297703069,0.05084879418782784,0.8141316685584563,35,10,0.2857142857142857,PASS
000822.SZ,3524,20120215,20260821,-0.02152728781515212,-0.7371842990886553,0.11366702431179793,-0.09007319782227285,-0.894991477391758,-0.17161173526886256,23,0.21739130434782608,-0.08971403597802141,-0.894991477391758,-0.1705484874850133,-0.06818674816286929,-0.15780717830310265,0.4685017026106697,23,6,0.2608695652173913,FAIL,-0.06331175045131632,-0.8228827617977493,-0.020869221706269567,-0.0417844626361642,-0.08569846270909398,0.7908626560726447,35,10,0.2857142857142857,FAIL
000823.SZ,3525,20120215,20260821,0.03019316192737187,-0.7020961116425637,0.24377078638518404,-0.05544396493230486,-0.7909616878550008,-0.022492060392106585,20,0.25,-0.05790873057246415,-0.7909616878550008,-0.029318431297788165,-0.08810189249983602,-0.08886557621243707,0.6445390070921986,19,4,0.21052631578947367,FAIL,-0.02682348076337293,-0.7519321123941518,0.09464677526506135,-0.0570166426907448,-0.049836000751588116,0.8729078014184397,26,6,0.23076923076923078,FAIL
000825.SZ,3418,20120215,20260821,0.007948884070263729,-0.753611599478768,0.14841935047152136,-0.0037966224131515958,-0.7167798305699914,0.04947860571241742,16,0.25,-0.009701611761615103,-0.7167798305699913,0.028552702752816225,-0.017650495831878832,0.03683176890877671,0.5046811000585137,17,8,0.47058823529411764,PASS,-0.04672710505426536,-0.8008360850554876,-0.02988133913363634,-0.05467598912452909,-0.047224485576719655,0.8291398478642481,29,8,0.27586206896551724,FAIL
000826.SZ,3443,20120215,20260821,-0.10216834438606959,-0.9648663038407357,-0.0838694430474786,-0.02990785614617031,-0.8618378030744538,-0.00884053313161464,19,0.3157894736842105,-0.028730227436390976,-0.8618378030744538,-0.004789335959887626,0.07343811694967861,0.1030285007662819,0.4481556781876271,19,10,0.5263157894736842,PASS,-0.14653822993144305,-0.9739811893035261,-0.2557452376842782,-0.044369885545373466,-0.009114885462790379,0.7763578274760383,36,16,0.4444444444444444,FAIL
000828.SZ,3454,20120215,20260821,0.08555688742669809,-0.6751844751247559,0.3522675370239992,0.009718797256861755,-0.7423214726551859,0.08684370806341524,15,0.4,0.013030695468286835,-0.7423214726551857,0.09927482997575877,-0.07252619195841126,-0.06713699753042979,0.4681528662420382,14,4,0.2857142857142857,FAIL,-0.005551580780094767,-0.8179333075848565,0.09072925052594023,-0.09110846820679286,-0.14274883246010062,0.8815865662999421,27,7,0.25925925925925924,FAIL
000829.SZ,3275,20120215,20260821,0.0182169728718935,-0.8277417691997788,0.2650016588512842,-0.11210246525745671,-0.9088625792805327,-0.1799738869198922,25,0.24,-0.11063862832180249,-0.9088625792805327,-0.17560351966086926,-0.128855601193696,-0.08112081008075389,0.503206106870229,25,8,0.32,FAIL,-0.07242015017721282,-0.9143043440954709,0.028599868741959623,-0.09063712304910632,-0.08656257489569208,0.8045801526717558,38,8,0.21052631578947367,FAIL
000830.SZ,3515,20120215,20260821,0.0825000142815413,-0.6808751773162897,0.34840516767021196,0.010859457390238525,-0.708302467671406,0.13500560474157516,22,0.36363636363636365,0.007847755476863005,-0.7083024676714063,0.12717000970822961,-0.0746522588046783,-0.027427290355116596,0.5183499288762446,22,8,0.36363636363636365,FAIL,0.01315771117635367,-0.710827694026497,0.17038329436326302,-0.06934230310518763,-0.029952516710207377,0.813655761024182,34,10,0.29411764705882354,FAIL
000831.SZ,3248,20130322,20260821,0.06137398131531957,-0.7927318295739348,0.3281890873686746,-0.07119986231849729,-0.9028578670589855,-0.07154972518790101,22,0.36363636363636365,-0.0733622009176973,-0.9028578670589855,-0.07740973673792814,-0.13473618223301687,-0.11012603748505068,0.4282635467980296,21,6,0.2857142857142857,FAIL,-0.07413054328350333,-0.901964707474712,0.012663655246554441,-0.1355045245988229,-0.10923287790077718,0.7906403940886699,37,13,0.35135135135135137,FAIL
000837.SZ,3449,20120215,20260821,0.010878623855542724,-0.8532349109856708,0.20672129324594846,-0.0511747463503347,-0.7899113549965026,-0.038049669618700224,22,0.2727272727272727,-0.049828001878351125,-0.7899113549965027,-0.03391451206850991,-0.06070662573389385,0.06332355598916817,0.560742244128733,22,7,0.3181818181818182,中性,-0.052107911519230776,-0.8314563196528975,0.02159797272632686,-0.0629865353747735,0.021778591332773378,0.8115395766888953,32,10,0.3125,FAIL
000839.SZ,3401,20120215,20260821,-0.001799941005056871,-0.8677176072305196,0.1662774817245201,-0.031164789410587423,-0.8676087966403845,0.006826726887934154,23,0.2608695652173913,-0.02982093810805253,-0.8676087966403844,0.011038499153216903,-0.02802099710299566,0.0001088105901352332,0.509850044104675,23,7,0.30434782608695654,中性,-0.01749354252208768,-0.8534527836204205,0.0960374338030482,-0.01569360151703081,0.014264823610099064,0.7706556895030874,36,15,0.4166666666666667,中性
000848.SZ,3526,20120215,20260821,0.07245326171819788,-0.6184103812879256,0.3124945807255752,-0.039869096831313344,-0.7968380205405363,-0.07604075226359559,20,0.35,-0.03763787523763884,-0.7968380205405364,-0.06788577168088865,-0.11009113695583672,-0.17842763925261085,0.5258082813386273,19,5,0.2631578947368421,FAIL,0.016302465038493752,-0.6903825085853823,0.1507384846033143,-0.05615079667970413,-0.07197212729745672,0.8794668179239932,26,7,0.2692307692307692,FAIL
000850.SZ,3384,20120216,20260821,-0.007671018647777528,-0.7487443783180046,0.09621294704073953,-0.051364716725582404,-0.8047675522467292,-0.14095106243580255,17,0.35294117647058826,-0.04852915776971567,-0.8047675522467292,-0.12959896101966928,-0.04085813912193814,-0.05602317392872469,0.49497635933806144,16,5,0.3125,FAIL,-0.004469174924005004,-0.7195379357042169,0.08913140646018583,0.003201843723772524,0.029206442613787686,0.8489952718676123,23,7,0.30434782608695654,反例
000852.SZ,3443,20120215,20260821,-0.013344450805052754,-0.834534457296803,0.1486477197913373,-0.09939200292019268,-0.9104894557952702,-0.21562629175122294,23,0.21739130434782608,-0.09678339873050246,-0.9104894557952702,-0.20661730418848123,-0.0834389479254497,-0.07595499849846721,0.530932326459483,23,6,0.2608695652173913,FAIL,-0.12397459571997393,-0.9433805821878355,-0.17023378196560457,-0.11063014491492118,-0.10884612489103251,0.8219575951205345,34,8,0.23529411764705882,FAIL
000858.SZ,3466,20120215,20260821,0.0821899240871351,-0.7601627355925449,0.3413522196715611,0.09082168776550792,-0.5776439639323958,0.38221257601834324,20,0.5,0.09210445710917581,-0.5776439639323959,0.3867922283566864,0.009914533022040706,0.18251877166014896,0.5487593768032314,20,11,0.55,PASS,0.09717711780884586,-0.6149109827592568,0.3879037379106444,0.014987193721710756,0.14525175283328806,0.7963069821119446,29,13,0.4482758620689655,PASS
000859.SZ,3499,20120216,20260821,0.05909266126581891,-0.8144036220520146,0.3165187243508593,-0.09105700810240946,-0.9502231324038135,-0.13867523026799125,23,0.2608695652173913,-0.08976304909779809,-0.9502231324038135,-0.13470739540477092,-0.148855710363617,-0.13581951035179896,0.5244355530151472,23,7,0.30434782608695654,FAIL,-0.0572994526753261,-0.9481139685542695,0.04445571202617791,-0.11639211394114501,-0.133710346502255,0.8399542726493284,35,6,0.17142857142857143,FAIL
000860.SZ,3489,20120215,20260821,-0.004177901023025177,-0.8707652517422368,0.14068411164702954,-0.03545884323848103,-0.7307282346146607,-0.03642954328489347,18,0.4444444444444444,-0.03599511249625953,-0.7307282346146606,-0.03822698394773289,-0.03181721147323435,0.1400370171275762,0.44253367727142445,18,7,0.3888888888888889,中性,-0.04405731065704721,-0.8369342422809583,0.004185010633064495,-0.039879409634022034,0.033831009461278594,0.8045285182000573,31,9,0.2903225806451613,中性
000861.SZ,2984,20120215,20240805,-0.13889797308710972,-0.9561316349922132,-0.19526355592219222,-0.1285347587126623,-0.8912462780523096,-0.41652913752607623,19,0.2631578947368421,-0.12343404214853071,-0.8912462780523095,-0.39496844335140147,0.015463930938579007,0.06488535693990372,0.3914209115281501,19,9,0.47368421052631576,PASS,-0.15798800774624233,-0.9457261450587642,-0.3440960056870297,-0.019090034659132615,0.01040548993344903,0.8073056300268097,32,11,0.34375,中性
000869.SZ,3526,20120215,20260821,-0.08613201755671207,-0.7510949279104564,-0.19219256665426707,-0.057967650464018416,-0.6745096602124224,-0.24578480797998598,17,0.29411764705882354,-0.0643078185015894,-0.6969180181538287,-0.26929886869468483,0.021824199055122673,0.0541769097566277,0.3630175836642087,17,8,0.47058823529411764,PASS,-0.10151272792979049,-0.8001976169776344,-0.2994697179234517,-0.015380710373078421,-0.04910268906717796,0.8037436188315371,33,11,0.3333333333333333,中性
000875.SZ,3480,20120216,20260821,0.03196975869989416,-0.8763808521830616,0.228779702853973,-0.022533401057752367,-0.8814312023528552,-0.0036592092536941612,18,0.3333333333333333,-0.028114904623438464,-0.8814312023528551,-0.016248072953879256,-0.06008466332333262,-0.005050350169793494,0.3945402298850575,19,7,0.3684210526315789,FAIL,-0.026759144324835393,-0.8778717879448057,0.05767316836234139,-0.05872890302472955,-0.0014909357617440833,0.8379310344827586,33,9,0.2727272727272727,FAIL
000876.SZ,3385,20120215,20260821,-0.003860401235063482,-0.8555067226944106,0.10405163167101708,0.02955213001141055,-0.548316633149243,0.1595358245754167,12,0.25,0.030448999281528666,-0.5483166331492431,0.16307293527315328,0.03430940051659215,0.3071900895451676,0.39172821270310193,12,4,0.3333333333333333,PASS,0.023527987320554944,-0.7535914050490815,0.1717252330788657,0.027388388555618426,0.10191531764532913,0.8221565731166913,24,11,0.4583333333333333,PASS
000877.SZ,3489,20120220,20260821,-0.06688377052055228,-0.8346112394806022,-0.0003247683641102062,-0.04604705220897576,-0.7134164741105914,-0.07119042471558658,20,0.3,-0.04759457855648486,-0.7134164741105914,-0.07406718852844543,0.01928919196406742,0.12119476537001084,0.41501862997993694,21,11,0.5238095238095238,PASS,-0.10079141162511696,-0.8332676879104491,-0.13888073920086857,-0.03390764110456468,0.0013435515701530898,0.76841501862998,37,12,0.32432432432432434,FAIL
000878.SZ,3373,20120215,20260821,0.0014677463007106706,-0.6787755102040816,0.149894147736186,-0.07591911892142589,-0.8845465494347076,-0.19154108504870473,22,0.2727272727272727,-0.08353642726469168,-0.8845465494347076,-0.2182245761611879,-0.08500417356540235,-0.205771039230626,0.4906611325229766,23,5,0.21739130434782608,FAIL,-0.07837058314532208,-0.8275885326878413,-0.09723791810701987,-0.07983832944603275,-0.14881302248375972,0.8271568336792173,35,9,0.2571428571428571,FAIL
000881.SZ,3346,20120215,20260821,-0.01307302145448963,-0.8194400890170819,0.10884884753460337,-0.001688447333217602,-0.6563563864441946,0.08424003258970472,16,0.25,-0.000862162691524615,-0.6563563864441943,0.08694020656078029,0.012210858762965016,0.16308370257288762,0.5307830245068739,15,7,0.4666666666666667,PASS,-0.07020377368797537,-0.8687189042835775,-0.0733525835625145,-0.05713075223348574,-0.04927881526649558,0.8433950986252241,27,6,0.2222222222222222,FAIL
000882.SZ,3416,20120215,20260821,-0.056016241146572776,-0.8970094756369151,-0.02271982060251994,-0.11464043343223829,-0.9127638504242109,-0.38397987086631086,19,0.15789473684210525,-0.11356160188670272,-0.9127638504242109,-0.3796119771153767,-0.05754536074012995,-0.0157543747872958,0.444672131147541,19,9,0.47368421052631576,FAIL,-0.07898635032877943,-0.9348712141686434,-0.12244969725575426,-0.022970109182206655,-0.03786173853172825,0.8334309133489461,27,11,0.4074074074074074,中性
000883.SZ,3408,20120216,20260821,0.05742557410068194,-0.729025314039162,0.2741844627968924,0.033107818539302114,-0.5055497534619686,0.16728086330971143,15,0.4,0.03465318819046481,-0.5055497534619686,0.1735790377979077,-0.02277238591021713,0.22347556057719342,0.5026408450704225,14,5,0.35714285714285715,PASS,0.035613150157227214,-0.6664926768365612,0.19489604796825646,-0.02181242394345473,0.06253263720260083,0.8711854460093896,23,6,0.2608695652173913,PASS
000886.SZ,3524,20120215,20260821,0.027489722718117893,-0.6844756111735308,0.21940746604856404,-0.017437751048525962,-0.6437605051594784,0.05664267768727218,18,0.3333333333333333,-0.011542258598791655,-0.6437605051594781,0.07454248656213741,-0.03903198131690955,0.040715106014052704,0.5221339387060159,17,7,0.4117647058823529,中性,0.02076263864839678,-0.6758096907913923,0.19392832922197598,-0.006727084069721112,0.008665920382138537,0.8544267877412032,26,8,0.3076923076923077,中性
000887.SZ,3313,20120215,20260821,0.10846055281551759,-0.804711885871792,0.4205599043236255,-0.013310674103875098,-0.840625383825345,0.07309593825031305,25,0.32,-0.009155432410552167,-0.840625383825345,0.0860075102257873,-0.11761598522606975,-0.03591349795355303,0.6082100814971325,25,7,0.28,FAIL,0.07309102694188274,-0.8216855621304507,0.33247826820786763,-0.035369525873634844,-0.016973676258658754,0.8312707515846665,29,14,0.4827586206896552,FAIL
000893.SZ,3230,20120215,20260821,0.12659298844673939,-0.878504730457348,0.46837565100267536,0.16260346931199576,-0.6288785653813824,0.5842476095741358,17,0.47058823529411764,0.1711101338611669,-0.6288785653813824,0.6068953176655955,0.04451714541442753,0.24962616507596558,0.5232198142414861,17,8,0.47058823529411764,PASS,0.14145375206189104,-0.7532461349549752,0.5039973643750624,0.014860763615151651,0.12525859550237284,0.8291021671826625,31,10,0.3225806451612903,PASS
000895.SZ,3507,20120215,20260821,0.05468785110231855,-0.6105005234150227,0.25354705729730703,0.015157832843537777,-0.3674811181652724,0.07200057226886378,21,0.42857142857142855,0.017783058418695097,-0.3674811181652725,0.08445082982394812,-0.036904792683623455,0.2430194052497502,0.5697177074422584,20,5,0.25,中性,0.019786749400141135,-0.5553829282131779,0.12401525531093427,-0.03490110170217742,0.05511759520184478,0.8531508411747932,29,11,0.3793103448275862,中性
000897.SZ,3506,20120216,20260821,-0.026790517869045183,-0.8560858178426964,0.10269023523877349,-0.15345032216025545,-0.9585851054163517,-0.46776424362272334,20,0.2,-0.1538065873836626,-0.9585851054163517,-0.4691269617200135,-0.1270160695146174,-0.10249928757365523,0.3947518539646321,20,3,0.15,FAIL,-0.11419883252426677,-0.9462230649375385,-0.1512907353432705,-0.08740831465522159,-0.09013724709484205,0.8123217341699943,34,12,0.35294117647058826,FAIL
000898.SZ,3522,20120215,20260821,-0.02686560642560032,-0.70694225639293,0.031021837289607262,-0.05267650583188266,-0.6820917015690211,-0.14680416498988036,18,0.2222222222222222,-0.051253019094051555,-0.6820917015690209,-0.14107862242642064,-0.024387412668451236,0.024850554823909077,0.41113003975014195,17,9,0.5294117647058824,中性,-0.05180672273916065,-0.7405132851163805,-0.06801778982777772,-0.02494111631356033,-0.033571028723450524,0.7904599659284497,33,9,0.2727272727272727,中性
000899.SZ,3459,20120215,20260821,0.07556430947523185,-0.796585835092102,0.3378247563808994,0.002995800364666623,-0.7633500564491729,0.10678724631014257,20,0.35,0.005929337126596268,-0.7633500564491729,0.1159769908317524,-0.06963497234863558,0.03323577864292915,0.5238508239375542,20,4,0.2,中性,0.01981987399502394,-0.8465277044426678,0.19736360622020885,-0.05574443548020791,-0.04994186935056577,0.8433073142526741,30,7,0.23333333333333334,FAIL
000900.SZ,3381,20120216,20260821,0.026451438799251825,-0.5735559061040384,0.1584837576941097,-0.039312870431608915,-0.7916116732397946,-0.14825150693035966,13,0.38461538461538464,-0.03950975010564328,-0.7916116732397946,-0.14912984207547975,-0.06596118890489511,-0.21805576713575625,0.59094942324756,13,3,0.23076923076923078,FAIL,-0.02492542020641142,-0.7283017299237845,-0.04048180244896617,-0.051376859005663245,-0.1547458238197461,0.9219165927240461,17,1,0.058823529411764705,FAIL
000903.SZ,3381,20120215,20260821,-0.006960490264840913,-0.8028294312244961,0.15169733090520843,-0.08116211726586964,-0.8688526956282401,-0.16889116634503865,24,0.2916666666666667,-0.08013934987059534,-0.8688526956282401,-0.16540392027548453,-0.07317885960575443,-0.06602326440374395,0.4421768707482993,24,7,0.2916666666666667,FAIL,-0.02210314270758018,-0.805982363294497,0.08283504623537327,-0.015142652442739268,-0.003152932070000891,0.772256728778468,35,13,0.37142857142857144,中性
000905.SZ,3480,20120216,20260821,0.025741359256290064,-0.7806246903486235,0.224219104047417,-0.02160295243655641,-0.8030571351342406,0.028877155667095835,21,0.38095238095238093,-0.01749805933043691,-0.8030571351342406,0.04222008437774776,-0.043239418586726974,-0.022432444785617123,0.4910919540229885,20,4,0.2,FAIL,-0.042610223984229645,-0.8751159651603568,0.03251461033934855,-0.06835158324051971,-0.09449127481173336,0.8451149425287356,34,8,0.23529411764705882,FAIL
000910.SZ,3508,20120215,20260821,0.011346742720514946,-0.7890200548786039,0.1693477908220714,-0.04021745242504393,-0.8033289867588679,-0.08546695613368419,22,0.2727272727272727,-0.04025341798010962,-0.8033289867588679,-0.08547825287295091,-0.051600160700624564,-0.014308931880263942,0.5781071835803877,22,7,0.3181818181818182,FAIL,0.036627271089763935,-0.6217886540106907,0.21210444054591712,0.02528052836924899,0.16723140086791322,0.8041619156214367,28,10,0.35714285714285715,PASS
000911.SZ,3481,20120215,20260821,-0.0653372641848039,-0.8695337911095049,0.0173260590355177,-0.06620292528008054,-0.8412429279095313,-0.11238156809734537,22,0.3181818181818182,-0.07269200226764405,-0.8412429279095313,-0.13094256641094393,-0.007354738082840151,0.028290863199973648,0.5044527434645217,22,9,0.4090909090909091,中性,-0.13573216339914818,-0.9231519413722188,-0.22186416583714275,-0.07039489921434428,-0.05361815026271388,0.8043665613329503,36,12,0.3333333333333333,FAIL
000912.SZ,3158,20120215,20260821,-0.033619424507625784,-0.8117302052785924,0.06953730322699195,-0.04863018821242515,-0.7792574286373396,-0.0824604860143053,23,0.30434782608695654,-0.04780394720286796,-0.7792574286373395,-0.07934437196439657,-0.014184522695242174,0.03247277664125292,0.51931602279924,22,8,0.36363636363636365,PASS,-0.042257098812538585,-0.7867908303370248,0.0025276744850677205,-0.008637674304912801,0.024939374941567616,0.7868904369854338,32,11,0.34375,中性
000916.SZ,1161,20120215,20171204,0.21029610729813863,-0.6348364279398762,0.6941209170286118,-0.07798094423496627,-0.6571511309969471,-0.1352400886627936,9,0.3333333333333333,-0.07305899301241492,-0.6571511309969471,-0.11782547091485673,-0.28335510031055355,-0.02231470305707095,0.5848406546080964,9,2,0.2222222222222222,FAIL,0.14344625234833663,-0.6056277172779594,0.5485426992269157,-0.066849854949802,0.02920871066191677,0.859603789836348,10,3,0.3,FAIL
000917.SZ,3350,20120215,20260821,-0.03735484672424316,-0.9110463651785572,0.08025213251544225,-0.08811815833700454,-0.8811299780511093,-0.19730158701531278,21,0.38095238095238093,-0.08681337324323168,-0.8811299780511093,-0.19260174891594178,-0.04945852651898852,0.02991638712744793,0.4734328358208955,20,8,0.4,FAIL,-0.0671485249208712,-0.935416067931991,-0.03685148318174279,-0.029793678196628037,-0.024369702753433753,0.7764179104477612,35,16,0.45714285714285713,中性
000918.SZ,2687,20120215,20230531,-0.17154144133694427,-0.9591666666666667,-0.1870153939845054,-0.04064548083252073,-0.7722314299119236,-0.03822585643562964,13,0.23076923076923078,-0.03591755304010624,-0.7722314299119236,-0.022317215246139527,0.13562388829683802,0.1869352367547431,0.3650911797543729,13,9,0.6923076923076923,PASS,-0.09703213671282773,-0.8220466831575322,-0.07502082638102915,0.07450930462411653,0.13711998350913457,0.7718645329363603,26,10,0.38461538461538464,PASS
000919.SZ,3526,20120215,20260821,0.0017694825432084116,-0.7908593817273746,0.1304122453215743,-0.022958765238662582,-0.7843297384252098,-0.02806948473336258,16,0.375,-0.02238328667351286,-0.7843297384252096,-0.025955525327347146,-0.02415276921672127,0.006529643302164989,0.4665343165059558,16,4,0.25,中性,-0.0344762771334397,-0.8661634550999273,0.009397775105812836,-0.036245759676648115,-0.07530407337255274,0.8448667044809983,27,9,0.3333333333333333,FAIL
000921.SZ,3515,20120216,20260821,0.15525833928471267,-0.6056952961480557,0.5047596307278885,-0.027815579827641934,-0.8164776105535649,-0.022145819413992157,26,0.34615384615384615,-0.026648422974848374,-0.8164776105535649,-0.01807725170581374,-0.18190676225956104,-0.2107823144055092,0.44751066856330013,26,5,0.19230769230769232,FAIL,0.0976514684752634,-0.6644897397728287,0.3782305926176927,-0.05760687080944926,-0.05879444362477293,0.7806543385490754,38,10,0.2631578947368421,FAIL
000925.SZ,3274,20120215,20260821,0.0009316202748201885,-0.8727155450440766,0.20340567746466898,-0.1275146068312928,-0.938785954898736,-0.31161603530909915,25,0.2,-0.12823597244334206,-0.938785954898736,-0.3141924643958032,-0.12916759271816225,-0.0660704098546594,0.5265729993891265,24,7,0.2916666666666667,FAIL,-0.026057165160054407,-0.8685903961751571,0.09352345972643256,-0.026988785434874596,0.004125148868919459,0.8161270616982285,31,8,0.25806451612903225,中性
000926.SZ,3491,20120215,20260821,-0.05033017951140428,-0.8486351926844318,-0.02790819248635515,-0.08547565687378711,-0.8813576299509981,-0.2812507792428094,19,0.21052631578947367,-0.07865155435411164,-0.8813576299509981,-0.25189856964667734,-0.02832137484270736,-0.03272243726656632,0.4073331423660842,19,6,0.3157894736842105,中性,-0.07727162308678759,-0.892300745553094,-0.13789280378546515,-0.026941443575383306,-0.04366555286866225,0.813806932111143,32,10,0.3125,中性
000927.SZ,3442,20120216,20260821,-0.06567664110455829,-0.8130430133300822,-0.015395641683102016,-0.07516240773026406,-0.8213615068908212,-0.19975849951173194,19,0.3684210526315789,-0.0746989603081285,-0.8213615068908213,-0.19799778329778223,-0.009022319203570217,-0.008318493560739104,0.43608367228355605,18,7,0.3888888888888889,中性,-0.08709429363558296,-0.8864518849905887,-0.12854406765950538,-0.021417652531024678,-0.07340887166050647,0.7809413131900058,32,8,0.25,中性
000930.SZ,3385,20120215,20260821,-0.012414115302084139,-0.8304765676069794,0.12000649073653044,-0.039690301490213686,-0.8623910730568338,-0.03709965342406944,21,0.14285714285714285,-0.03889305153799549,-0.8623910730568339,-0.034311731828815153,-0.026478936235911354,-0.031914505449854524,0.47680945347119646,20,7,0.35,中性,-0.0008553506609708661,-0.8405500725343692,0.12645464013366964,0.011558764641113273,-0.010073504927389787,0.7961595273264401,34,11,0.3235294117647059,反例
000931.SZ,3459,20120216,20260821,-0.007548829651721434,-0.8247907949790795,0.13580938798825945,-0.13800083084518755,-0.9524564221180838,-0.3843593987665361,25,0.2,-0.13750880209158223,-0.9524564221180838,-0.38205453473665274,-0.1299599724398608,-0.1276656271390043,0.47267996530789247,25,5,0.2,FAIL,-0.044102666683592306,-0.8827647477079287,0.015385108252785449,-0.03655383703187087,-0.0579739527288492,0.800520381613183,35,10,0.2857142857142857,FAIL
000932.SZ,3359,20120215,20260821,0.059092159809122746,-0.5708527958249643,0.2943327323366487,-0.03813457428297318,-0.6485682900496972,-0.07110991796782423,17,0.29411764705882354,-0.04525956280470356,-0.6485682900496974,-0.0968531999598034,-0.1043517226138263,-0.07771549422473312,0.4775230723429592,17,7,0.4117647058823529,FAIL,0.034997960946123285,-0.6021140665542031,0.21991174519315537,-0.02409419886299946,-0.03126127072923879,0.802917534980649,25,8,0.32,中性
000933.SZ,3503,20120216,20260821,0.0812390523471076,-0.7431270412054807,0.3599547694130479,0.006220188504538093,-0.7663744400240133,0.13776097703536969,21,0.38095238095238093,0.010636074800014717,-0.7663744400240132,0.1501388953316211,-0.07060297754709288,-0.02324739881853255,0.5355409648872395,20,8,0.4,FAIL,0.10014605040993518,-0.7400344710747719,0.38987774639067385,0.018906998062827585,0.0030925701307087383,0.8138738224379104,32,11,0.34375,反例
000935.SZ,3262,20120216,20260821,0.07073856332449746,-0.7180343207093798,0.34472999598815157,0.022300319705209848,-0.7619142594277345,0.16476809938079634,21,0.23809523809523808,0.02498526431983983,-0.7619142594277344,0.17366670630363126,-0.04575329900465763,-0.043879938718354605,0.4193746167995095,21,8,0.38095238095238093,FAIL,0.03173092834084246,-0.7454981765758852,0.24079604221686987,-0.039007634983655004,-0.02746385586650546,0.8016554261189455,35,14,0.4,FAIL
000936.SZ,3478,20120215,20260821,0.009413069920177097,-0.8026287244496491,0.2145102091355049,-0.08495096827476079,-0.9379570536648992,-0.12341409655046258,23,0.21739130434782608,-0.08475061572492926,-0.9379570536648992,-0.12285008611115125,-0.09416368564510635,-0.13532832921525018,0.4761357101782634,23,9,0.391304347826087,FAIL,-0.0108132850329542,-0.8544064482396779,0.1461184234274158,-0.020226354953131298,-0.05177772379002887,0.784071305347901,32,13,0.40625,中性
000937.SZ,3518,20120215,20260821,-0.0223639144814467,-0.7961267585148545,0.08339857768125435,0.001719768186901005,-0.5620242268199249,0.08049908377698707,20,0.4,0.0024416498430406275,-0.5620242268199249,0.08328477731620863,0.024805564324487328,0.23410253169492956,0.47612279704377486,19,8,0.42105263157894735,PASS,-0.04399393991422651,-0.8437566632291396,-0.004661574697343441,-0.02163002543277981,-0.047629904714285076,0.8212052302444571,32,14,0.4375,中性
000938.SZ,3325,20120215,20260821,0.16177236031340136,-0.6970118835907396,0.528450504225092,-0.10312126483517503,-0.9205288026189867,-0.2053675361285144,26,0.23076923076923078,-0.10159888149368679,-0.9205288026189866,-0.20030019120669035,-0.26337124180708815,-0.223516919028247,0.4475187969924812,25,9,0.36,FAIL,0.16025177255457246,-0.7420720314829896,0.5304055480953214,-0.0015205877588289063,-0.04506014789224999,0.7578947368421053,35,21,0.6,中性
000939.SZ,1483,20120217,20201216,-0.33546507466541575,-0.9874216492435832,-1.0268837291736181,-0.0776635612682911,-0.7252438118421047,-0.22443387235671305,9,0.3333333333333333,-0.06804331523898866,-0.7252438118421047,-0.18075806639632497,0.2674217594264271,0.2621778374014785,0.48280512474713416,9,4,0.4444444444444444,PASS,-0.07055147137671769,-0.765757243878085,-0.12365702079668876,0.26491360328869806,0.22166440536549825,0.7633175994605529,14,7,0.5,PASS
000949.SZ,3504,20120215,20260821,0.04286156696272281,-0.7469789618039652,0.26157462569930906,-0.08691388816784873,-0.9120456027010793,-0.19448632918301098,21,0.23809523809523808,-0.08468093275479116,-0.9120456027010791,-0.1867906376267394,-0.12754249971751397,-0.16506664089711398,0.4571917808219178,20,6,0.3,FAIL,-0.010127867183428951,-0.8231198875366763,0.11808405149052775,-0.05298943414615176,-0.07614092573271114,0.8284817351598174,29,10,0.3448275862068966,FAIL
000950.SZ,3053,20120216,20260821,0.007110311081353071,-0.6946746027920567,0.16231446731636312,-0.09410089940686928,-0.9031453649042798,-0.29169805020599127,17,0.17647058823529413,-0.09575415291813483,-0.9031453649042798,-0.2984998523418285,-0.1028644639994879,-0.20847076211222304,0.49754339993449065,17,4,0.23529411764705882,FAIL,-0.03388200543587938,-0.7685572414159565,0.013259293457276744,-0.04099231651723245,-0.07388263862389977,0.8624303963314772,24,3,0.125,FAIL
000951.SZ,3526,20120215,20260821,0.11361779922424775,-0.7203275929205764,0.41583208994529297,-0.010050781051064162,-0.7434304721126228,0.06734597924522302,23,0.30434782608695654,-0.010108673816405567,-0.7434304721126228,0.06717530369826205,-0.12372647304065332,-0.023102879192046455,0.5771412365286444,22,4,0.18181818181818182,FAIL,0.07339339568794934,-0.5742539902845246,0.320837661865925,-0.040224403536298414,0.14607360263605174,0.8210436755530346,28,8,0.2857142857142857,中性
000952.SZ,3406,20120215,20260821,-0.0002684235090502085,-0.7987193017952742,0.15740658324952228,-0.09324222666572812,-0.9217690172927346,-0.25088003401715614,21,0.23809523809523808,-0.09331940811205663,-0.9217690172927344,-0.25124723120565795,-0.09305098460300643,-0.12304971549746024,0.5428655314151497,21,6,0.2857142857142857,FAIL,-0.04187297830933423,-0.8647279921725872,0.012666719719107829,-0.04160455480028402,-0.06600869037731305,0.8508514386376982,27,13,0.48148148148148145,FAIL
000958.SZ,3412,20120215,20260821,0.08470105181456189,-0.8638947478311261,0.36456427650911455,-0.05348583131254114,-0.8768216002902438,-0.078396998720479,23,0.21739130434782608,-0.053401081188767296,-0.8768216002902437,-0.07813868637920056,-0.13810213300332919,-0.012926852459117621,0.4220398593200469,23,6,0.2608695652173913,FAIL,-0.0030538691867463275,-0.9362802430134215,0.15326577324207444,-0.08775492100130822,-0.07238549518229542,0.8147713950762017,39,10,0.2564102564102564,FAIL
000959.SZ,3381,20120215,20260821,0.015656708218872106,-0.721736858085275,0.17121880779992357,-0.02213028988803012,-0.7512948767006968,-0.002654114710284563,16,0.3125,-0.017413200929807027,-0.7512948767006968,0.014250677794305023,-0.03306990914867913,-0.029558018615421844,0.4906832298136646,15,6,0.4,FAIL,0.012709645550616822,-0.7528805415869384,0.1518795777666965,-0.0029470626682552847,-0.03114368350166341,0.8189884649511979,27,12,0.4444444444444444,中性
000960.SZ,3432,20120216,20260821,0.036823131484126526,-0.7284497444633732,0.26361991061921997,-0.03884952568237321,-0.8873641012310147,0.02209205603351328,21,0.2857142857142857,-0.03964271448034595,-0.8873641012310147,0.01984276173049719,-0.07646584596447248,-0.15891435676764154,0.5559440559440559,21,5,0.23809523809523808,FAIL,-0.021821818742824184,-0.7984839354004463,0.10685075788421734,-0.05864495022695071,-0.07003419093707308,0.8196386946386947,30,9,0.3,FAIL
000961.SZ,2941,20120215,20240508,-0.12836538915404605,-0.9428269474636277,-0.11624681535856131,0.010283505795577241,-0.7520608018684127,0.11824802949529294,18,0.4444444444444444,0.02132359216808255,-0.7520608018684127,0.15362106966937927,0.1496889813221286,0.190766145595215,0.44950697041822507,18,8,0.4444444444444444,PASS,-0.08493851546931364,-0.8720960690337015,-0.0864615597755507,0.043426873684732414,0.0707308784299262,0.7368242094525671,36,14,0.3888888888888889,PASS
000962.SZ,3359,20120215,20260821,0.07979898909457961,-0.7393969858689116,0.36734840828465587,-0.0588967638452399,-0.8788615346364885,-0.031123684727557804,24,0.2916666666666667,-0.059288006287155026,-0.8788615346364885,-0.032294376517707495,-0.13908699538173463,-0.13946454876757697,0.5421256326287586,24,8,0.3333333333333333,FAIL,-0.009414714893040244,-0.7799843334184875,0.15646963920190984,-0.08921370398761985,-0.040587347549575936,0.8311997618338791,31,10,0.3225806451612903,FAIL
000963.SZ,3484,20120215,20260821,0.11661924482307628,-0.6168195366618083,0.4283515755448613,0.0615849374276527,-0.6361111166223432,0.27489363231942987,17,0.5294117647058824,0.06347331005168377,-0.6361111166223433,0.2811334473589103,-0.05314593477139251,-0.019291579960534988,0.607060849598163,17,5,0.29411764705882354,FAIL,0.03238811396430985,-0.7441505885021862,0.20158790993045517,-0.08423113085876643,-0.12733105184037785,0.8869115958668198,27,8,0.2962962962962963,FAIL
000965.SZ,3521,20120215,20260821,-0.02507382668360103,-0.8327423084820126,0.11522401089736194,-0.034289244513089456,-0.825711436897394,-0.018196542219307315,16,0.1875,-0.03149918149083342,-0.8257114368973941,-0.008970094203298907,-0.006425354807232386,0.007030871584618459,0.46123260437375746,16,6,0.375,中性,-0.05025786292384171,-0.8412487475357191,0.030216785871698324,-0.02518403624024068,-0.008506439053706516,0.8352740698665152,29,12,0.41379310344827586,中性
000967.SZ,3320,20120216,20260821,0.09265841344404158,-0.7007039689748896,0.3812293810378443,0.02086929390899872,-0.8152026704878417,0.14179765760001087,17,0.35294117647058826,0.021899292087061983,-0.8152026704878416,0.14550106783746108,-0.07075912135697959,-0.11449870151295194,0.47650602409638554,17,5,0.29411764705882354,FAIL,0.024912275434944453,-0.7799179552260391,0.19519280556088278,-0.06774613800909712,-0.0792139862511495,0.85,25,7,0.28,FAIL
000968.SZ,3322,20120215,20260821,-0.04991293199178315,-0.7470473552281949,0.03728986765750807,0.0029553035117118043,-0.6364355470981948,0.0924719540873642,14,0.42857142857142855,0.00832288364809064,-0.6364355470981948,0.11110286607425673,0.05823581563987379,0.11061180813000004,0.44912703190848885,13,6,0.46153846153846156,PASS,-0.06801040280841264,-0.8136787670027247,-0.05711914443609829,-0.01809747081662949,-0.0666314117745298,0.8067429259482239,31,11,0.3548387096774194,中性
000969.SZ,3449,20120215,20260821,0.0038277320859165798,-0.7996072320704251,0.1778186108417545,-0.08571829458767466,-0.8385820839555127,-0.1472579391279555,23,0.43478260869565216,-0.08593303541604391,-0.8385820839555128,-0.14787914323135185,-0.08976076750196049,-0.03897485188508776,0.5795882864598434,23,8,0.34782608695652173,FAIL,-0.0003738125288219596,-0.7344545013332995,0.1450398251469114,-0.004201544614738539,0.06515273073712557,0.8106697593505364,31,14,0.45161290322580644,PASS
000970.SZ,3515,20120215,20260821,0.01735945236007619,-0.7699604196539087,0.21190636001336344,-0.03953636264772886,-0.7917924592735339,-0.01762560925261083,20,0.4,-0.03555725099371421,-0.7917924592735338,-0.005153327233887658,-0.052916703353790395,-0.0218320396196251,0.4483641536273115,19,8,0.42105263157894735,FAIL,-0.011145450950977631,-0.7867802305593934,0.12069333698746217,-0.02850490331105382,-0.016819810905484678,0.8099573257467995,32,15,0.46875,中性
000972.SZ,3169,20120215,20260821,-0.024017020248104592,-0.8984375,0.09603284333101318,0.01602612078774035,-0.7298448493281913,0.14163316059802744,17,0.4117647058823529,0.015301732315856187,-0.7298448493281913,0.13913027337726358,0.03931875256396078,0.16859265067180873,0.4739665509624487,17,10,0.5882352941176471,PASS,-0.02751456987743517,-0.8366895536715667,0.050491085455370774,-0.0034975496293305763,0.06174794632843328,0.8018302303565794,30,11,0.36666666666666664,PASS
000973.SZ,3388,20120215,20260821,0.07493020049178911,-0.8144012049066329,0.3478950187106199,-0.05911848602706238,-0.7817465509572155,-0.029520056787000697,23,0.34782608695652173,-0.05826299361143117,-0.7817465509572156,-0.027148372173063758,-0.13319319410322028,0.032654653949417356,0.5767414403778041,23,5,0.21739130434782608,中性,-0.019038073145218104,-0.8334368788173185,0.1185188588815279,-0.09396827363700722,-0.019035673910685613,0.827922077922078,29,7,0.2413793103448276,FAIL
000975.SZ,3278,20120530,20260821,0.14851144750367795,-0.7150776053215078,0.5037802121044019,0.042051757459133476,-0.5678490343445588,0.23767265746418606,17,0.5294117647058824,0.027398653461037092,-0.5678490343445588,0.1964492239656334,-0.12111279404264086,0.14722857097694897,0.603111653447224,17,4,0.23529411764705882,中性,0.10758634668680611,-0.6521024441209993,0.41657061637722254,-0.04092510081687184,0.0629751612005085,0.8502135448444174,24,7,0.2916666666666667,中性
000977.SZ,3473,20120215,20260821,0.24071784985954126,-0.6610995115836631,0.6484567135663557,0.08682598045741385,-0.7617544105440244,0.3558906768022653,20,0.45,0.0915377588510462,-0.7617544105440244,0.3673673120394239,-0.14918009100849505,-0.10065489896036128,0.5410308090987619,19,4,0.21052631578947367,FAIL,0.15601426975010102,-0.7532486410417271,0.5048243169538431,-0.08470358010944024,-0.09214912945806397,0.8278145695364238,32,11,0.34375,FAIL
000979.SZ,1364,20120216,20181227,-0.22948913622502087,-0.9510764998835783,-0.46669414940610093,-0.031030660917197528,-0.6356005735656857,-0.02141830441223308,8,0.5,-0.03130787766155552,-0.6356005735656857,-0.02241943115055949,0.19818125856346536,0.3154759263178927,0.4479472140762463,8,4,0.5,PASS,-0.1783356879911473,-0.9167445159641725,-0.38058295920270074,0.05115344823387358,0.03433198391940584,0.8005865102639296,11,7,0.6363636363636364,PASS
000980.SZ,3348,20120215,20260821,-0.07204190482782757,-0.9358264085007822,0.06407998035527923,-0.020749326230952825,-0.8810793355087553,0.035672540558802895,18,0.3888888888888889,-0.0199899816514707,-0.8810793355087553,0.038110493624658494,0.052051923176356873,0.05474707299202697,0.39695340501792115,18,9,0.5,PASS,-0.03104575199919113,-0.9549367892731883,0.09664398687739607,0.040996152828636445,-0.01911038077240601,0.7075866188769414,40,16,0.4,反例
000981.SZ,3179,20120215,20260821,0.02664362006101717,-0.9039697837414937,0.25232820901066516,0.044911937796549894,-0.6732746950953223,0.2508894399127804,18,0.5555555555555556,0.049551401315699684,-0.6732746950953223,0.2649736274209882,0.022907781254682513,0.2306950886461714,0.5026737967914439,18,8,0.4444444444444444,PASS,0.0901181514343794,-0.7328616148821605,0.38576005566220084,0.06347453137336223,0.17110816885933322,0.7769738911607423,30,12,0.4,PASS
000982.SZ,2406,20120215,20240621,-0.2152694208833752,-0.980327868852459,-0.5119156063625726,-0.03989449651879351,-0.7147939481418781,-0.07288728455292338,14,0.2857142857142857,-0.040103423831316265,-0.7147939481418779,-0.0737109893128629,0.17516599705205893,0.26553392071058113,0.44347464671654196,14,8,0.5714285714285714,PASS,-0.06960575583762008,-0.8291358652891545,-0.10727436475520093,0.14566366504575512,0.15119200356330453,0.7477140482128013,24,10,0.4166666666666667,PASS
000983.SZ,3516,20120215,20260821,-0.009012926432372503,-0.7376032394186185,0.13297949153302085,0.007269766567402414,-0.5757513425159368,0.10536003358809969,17,0.5294117647058824,0.007026313193948752,-0.5757513425159368,0.10459362292507147,0.016039239626321256,0.16185189690268165,0.4513651877133106,16,8,0.5,PASS,-0.0025579984487617002,-0.6300352726640519,0.1290415172731896,0.006454927983610803,0.10756796675456659,0.8034698521046644,30,12,0.4,PASS
000987.SZ,3347,20120215,20260821,0.04199585119395066,-0.7998991645645709,0.2711664186526695,-0.05328496081567513,-0.8588418352126865,-0.0611956311036989,17,0.17647058823529413,-0.05113831773326394,-0.8588418352126865,-0.053963504326865044,-0.0931341689272146,-0.05894267064811565,0.4783388108754108,17,5,0.29411764705882354,FAIL,-0.021202352716168327,-0.8482035918243331,0.10116474064592464,-0.06319820391011899,-0.04830442725976225,0.8174484613086346,33,13,0.3939393939393939,FAIL
000988.SZ,3522,20120215,20260821,0.20009537118544496,-0.6274005488650187,0.5806425602520566,0.022717967675946138,-0.857227545747256,0.2033962679572313,23,0.391304347826087,0.022273417343559476,-0.857227545747256,0.2023235146874997,-0.17782195384188548,-0.2298269968822373,0.6482112436115843,23,5,0.21739130434782608,FAIL,0.09841316606859407,-0.7806933917671347,0.38673289678515554,-0.10168220511685089,-0.15329284290211598,0.8492333901192505,30,8,0.26666666666666666,FAIL
000989.SZ,3420,20120216,20260821,0.017222254078988142,-0.7959056311800388,0.18537812694715505,0.0058783423710631055,-0.8645306068552837,0.10347002996669317,16,0.5,0.004950598110831095,-0.8645306068552837,0.10042399869406815,-0.012271655968157047,-0.06862497567524495,0.5687134502923976,16,6,0.375,中性,-0.010968716110139831,-0.8451557050700114,0.09295951111471425,-0.028190970189127973,-0.0492500738899726,0.8611111111111112,26,8,0.3076923076923077,中性
000990.SZ,3316,20120215,20260821,0.013102104706157913,-0.8027070833451816,0.17568182971343693,-0.02023469696680924,-0.8188929733602304,-0.007438771383119645,20,0.35,-0.02048490409950432,-0.8188929733602306,-0.00829930302747674,-0.03358700880566223,-0.016185890015048998,0.48160434258142343,20,9,0.45,FAIL,-0.08231153294855753,-0.9317523512619788,-0.12932421894893972,-0.09541363765471544,-0.12904526791679716,0.8142340168878166,35,9,0.2571428571428571,FAIL
000996.SZ,2619,20120718,20240627,-0.23586950888842673,-0.9845225758697261,-0.28125821184488486,-0.10678811639594654,-0.8714149230531012,-0.24782822894634665,17,0.4117647058823529,-0.1080888581064412,-0.8714149230531012,-0.2523768206313715,0.12778065078198553,0.11310765281662494,0.49713631156930127,18,6,0.3333333333333333,PASS,-0.12378634691198998,-0.9255613962830236,-0.18572933485472784,0.11208316197643675,0.05896117958670255,0.7911416571210386,26,8,0.3076923076923077,PASS
000997.SZ,3381,20120215,20260821,0.08407741803667101,-0.7144974799470338,0.3740409269109799,-0.02244238996236847,-0.8954310930435984,0.08485046257761207,20,0.35,-0.025020255066754538,-0.8954310930435982,0.07888960900765662,-0.10909767310342555,-0.18093361309656442,0.5125702454895001,21,5,0.23809523809523808,FAIL,-0.0054031580321807215,-0.9143057202053361,0.17214679066596333,-0.08948057606885174,-0.19980824025830224,0.8382135462880804,31,9,0.2903225806451613,FAIL
000998.SZ,3368,20120215,20260821,0.004556892198673834,-0.7892358810467551,0.1508911011998527,-0.048532954789364924,-0.8690773043279619,-0.10639782042009271,18,0.2777777777777778,-0.04599406802145389,-0.8690773043279619,-0.09678608831003613,-0.05055096022012773,-0.0798414232812068,0.5133610451306413,17,5,0.29411764705882354,FAIL,-0.027804977687894805,-0.8466892050731099,0.04052549683143555,-0.03236186988656864,-0.057453324026354724,0.8283847980997625,31,12,0.3870967741935484,FAIL
000999.SZ,3454,20120216,20260821,0.08326528468173988,-0.48987448521943566,0.3454201217164659,-0.0031852641183720554,-0.7202718577813657,0.06510163463379084,22,0.4090909090909091,-0.0008058206195157291,-0.7202718577813656,0.07333845533617316,-0.08407110530125561,-0.23039737256192994,0.6618413433700058,21,5,0.23809523809523808,FAIL,0.0520314914570168,-0.5958482002383368,0.2545119122397375,-0.031233793224723083,-0.10597371501890118,0.8676896352055588,27,5,0.18518518518518517,FAIL
001203.SZ,1258,20210615,20260821,0.07592217778614763,-0.66684588441331,0.3361814628865135,0.11350303701362896,-0.6205791730696006,0.42060544665101196,6,0.16666666666666666,0.10800189131906834,-0.6205791730696006,0.40548109439917424,0.03207971353292072,0.04626671134370941,0.4109697933227345,7,5,0.7142857142857143,PASS,0.07291901958278801,-0.6229567344365945,0.3238545467761856,-0.0030031582033596127,0.04388914997671556,0.8267090620031796,10,4,0.4,PASS
001213.SZ,1172,20211022,20260821,-0.077034714539437,-0.48358236151603484,-0.2759941810160195,-0.10800091468373285,-0.43599492518079896,-0.9581850199119566,3,0.0,-0.11454733812012785,-0.4463544673381904,-1.0079909465233021,-0.03751262358069085,0.037227894177844445,0.4257679180887372,4,2,0.5,中性,-0.14404147990404548,-0.590848495031465,-0.6375301117294252,-0.06700676536460848,-0.10726613351543013,0.8779863481228669,8,1,0.125,FAIL
001227.SZ,1087,20220228,20260821,-0.15673289039594962,-0.6232820224719101,-0.6829224269497391,-0.05689805236190926,-0.34106221288699035,-0.6985022338148091,3,0.0,-0.08374967244403442,-0.441504133741091,-0.6269111868008187,0.0729832179519152,0.18177788873081913,0.40754369825206993,3,2,0.6666666666666666,PASS,-0.1436765972754035,-0.5874086006553361,-0.6872950339880183,0.013056293120546125,0.03587342181657405,0.7414903403863845,9,5,0.5555555555555556,PASS
001286.SZ,791,20230518,20260821,0.009799952027852665,-0.30455635491606725,0.07843238289359829,0.03357923436682686,-0.2508767787946735,0.14408047299563925,3,0.6666666666666666,0.0401785178138645,-0.2508767787946735,0.17919370571648124,0.030378565786011835,0.053679576121393735,0.49557522123893805,3,2,0.6666666666666666,PASS,0.0074823328172410886,-0.3306781306674944,0.051775161671367795,-0.0023176192106115767,-0.026121775751427156,0.8508217446270544,5,3,0.6,中性
001289.SZ,1082,20220307,20260821,-0.11344274484692429,-0.5361436896436896,-0.3129159574395999,-0.05206407044497352,-0.2845061030468463,-0.24548615112768268,5,0.2,-0.0856081744281999,-0.3923116050753933,-0.38048053636874474,0.02783457041872439,0.14383208456829633,0.47966728280961185,6,3,0.5,PASS,-0.19119913075924688,-0.6477572683722215,-0.7155570977422252,-0.07775638591232259,-0.11161357872853184,0.8706099815157117,10,2,0.2,FAIL
001309.SZ,979,20220805,20260821,0.8888376193071725,-0.6402061855670103,1.3004110222345397,0.09827750343968522,-0.6344536082474226,0.3941555661902609,8,0.375,0.011062242621738383,-0.6387641688185676,0.22924452248386382,-0.8777753766854341,0.0014420167484426871,0.5342185903983657,9,0,0.0,FAIL,0.4456851325856983,-0.6344536082474226,0.8931048346748934,-0.4431524867214742,0.005752577319587671,0.8753830439223698,12,3,0.25,FAIL
001389.SZ,553,20240514,20260821,0.676352362616284,-0.44419043290535176,1.1389963803218308,0.5488343142533088,-0.44419043290535165,1.07492346748159,2,1.0,0.5164413198228404,-0.44419043290535165,1.0304802313081078,-0.1599110427934436,1.1102230246251565e-16,0.6383363471971067,3,0,0.0,FAIL,0.7182296790625877,-0.44419043290535165,1.216924123839184,0.04187731644630377,1.1102230246251565e-16,0.8318264014466547,4,3,0.75,反例
001391.SZ,372,20250212,20260821,-0.2952688078095025,-0.4591028985507246,-1.5178008409695667,0.0,0.0,,0,,-0.04589833314177294,-0.0689051361344537,-2.1818626862163084,0.24937047466772955,0.3901977624162709,0.053763440860215055,1,1,1.0,PASS,-0.2699934746585866,-0.4013074865722073,-1.547254401081127,0.025275333150915902,0.05779541197851734,0.7553763440860215,4,3,0.75,PASS
001696.SZ,3380,20120215,20260821,0.08105527495805998,-0.8524370023471904,0.3585763801589415,0.029559114283358445,-0.7604851969574642,0.1974553169763696,23,0.391304347826087,0.03068002203600817,-0.7604851969574642,0.20074385315874577,-0.050375252922051805,0.09195180538972625,0.5301775147928994,23,10,0.43478260869565216,中性,0.04759338806334168,-0.739095862208559,0.2680292713794351,-0.033461886894718296,0.11334114013863139,0.8284023668639053,30,10,0.3333333333333333,中性
001872.SZ,3240,20120215,20260821,0.08889167543885224,-0.5546558987203539,0.3763761956634004,0.040205490420601064,-0.4272030847020424,0.20991536476381323,14,0.5714285714285714,0.04259229270306819,-0.42720308470204227,0.2190272851805615,-0.046299382735784045,0.12745281401831166,0.5287037037037037,13,3,0.23076923076923078,中性,0.06548340658253315,-0.507117351342955,0.30719473172130796,-0.02340826885631908,0.04753854737739893,0.9037037037037037,20,6,0.3,PASS
001914.SZ,3441,20120215,20260821,0.060922732595163565,-0.7718971663119163,0.31444226821097127,-0.08818822177965013,-0.8406063648868423,-0.20038905834511483,28,0.35714285714285715,-0.08824330723805085,-0.8406063648868423,-0.2006441592788817,-0.14916603983321441,-0.06870919857492597,0.41964545190351643,27,8,0.2962962962962963,FAIL,0.008373880054562965,-0.7617877774772415,0.17390688985722097,-0.0525488525406006,0.010109388834674826,0.7599535018889858,41,16,0.3902439024390244,FAIL
001965.SZ,2074,20180130,20260821,0.007781571607132776,-0.4068304054054054,0.06724007674442874,-0.0007821434790109549,-0.4727996377939597,-0.00902827418034473,9,0.2222222222222222,-0.009969699107847063,-0.4727996377939595,-0.05203814584104993,-0.01775127071497984,-0.06596923238855412,0.6740597878495661,9,2,0.2222222222222222,中性,0.007931222830951823,-0.340693017651131,0.051894080810655684,0.00014965122381904727,0.06613738775427436,0.8683702989392478,11,3,0.2727272727272727,PASS
001979.SZ,2543,20160204,20260821,-0.0361813755657614,-0.6948589749605529,8.57649582048413e-05,-0.0723588008756395,-0.6884554241333558,-0.26089965801803905,13,0.3076923076923077,-0.06589121409377663,-0.6884554241333558,-0.2233082954030578,-0.02970983852801523,0.006403550827197124,0.5367675973259929,12,3,0.25,中性,-0.08133989549088605,-0.8023274855803892,-0.18085647995028603,-0.04515851992512465,-0.10746851061983631,0.8214707038930397,22,7,0.3181818181818182,FAIL
002001.SZ,3512,20120215,20260821,0.14161717560987475,-0.5485448648384307,0.48785519060452937,0.015932763020883867,-0.5938665876975525,0.12883208117958694,27,0.4444444444444444,0.015539370672632336,-0.5938665876975524,0.1274961165265793,-0.1260778049372424,-0.04532172285912173,0.626993166287016,27,7,0.25925925925925924,FAIL,0.058138013671423794,-0.6468216574784016,0.2722310211294647,-0.08347916193845095,-0.09827679263997091,0.8465261958997722,34,9,0.2647058823529412,FAIL
002002.SZ,2666,20120517,20240118,-0.1036917102699022,-0.9605450010889133,-0.10241296734548729,-0.013229256508204057,-0.8469514499925278,0.04373874103015383,15,0.26666666666666666,-0.02036338326854492,-0.8469514499925278,0.022301050501945155,0.08332832700135728,0.11359355109638547,0.5450112528132033,16,5,0.3125,PASS,0.018174762236822906,-0.8053424294006375,0.18572406689315296,0.12186647250672511,0.15520257168827578,0.7801950487621906,22,11,0.5,PASS
002004.SZ,3374,20120216,20260821,0.03465062526846818,-0.7692495216229767,0.21208656372407766,-0.05223360430564783,-0.8756217310977266,-0.13587171540232157,19,0.47368421052631576,-0.0464085132455222,-0.8756217310977266,-0.11268951321790768,-0.08105913851399038,-0.1063722094747499,0.5391227030231179,18,4,0.2222222222222222,FAIL,-0.0008165608694280513,-0.8243707114971066,0.09001267076764502,-0.035467186137896234,-0.05512118987412995,0.8325429756965027,27,9,0.3333333333333333,FAIL
002005.SZ,3254,20120215,20260821,-0.08563208434946812,-0.950652499302688,-0.07450445292182978,-0.11248844401679636,-0.8991199808930728,-0.36308070623752015,23,0.21739130434782608,-0.1127156461975628,-0.8991199808930728,-0.364147295612976,-0.027083561848094684,0.05153251840961526,0.47357098955132143,23,10,0.43478260869565216,PASS,-0.1465349347928946,-0.9740553085917342,-0.3310366246225698,-0.06090285044342647,-0.023402809289046145,0.7959434542102028,34,10,0.29411764705882354,FAIL
002006.SZ,3190,20120215,20260821,-0.017269486932375067,-0.7993621076540629,0.16833334594182747,-0.06609405705430527,-0.8729024116444607,-0.07839422362381634,24,0.20833333333333334,-0.08516774051146214,-0.9096512726421679,-0.13394634796844226,-0.06789825357908708,-0.11028916498810504,0.44388714733542317,25,7,0.28,FAIL,-0.06040818158995209,-0.8693531787976573,0.025647482819305976,-0.043138694657577026,-0.06999107114359437,0.7789968652037618,39,13,0.3333333333333333,FAIL
002007.SZ,3519,20120215,20260821,0.04809318105013838,-0.8067312241936494,0.2623415529741181,0.0648389856935716,-0.6281833286602145,0.2877812629983742,13,0.46153846153846156,0.06587274403667598,-0.6281833286602145,0.290566159062862,0.0177795629865376,0.17854789553343486,0.5845410628019324,13,7,0.5384615384615384,PASS,0.024727841415448815,-0.8260348021076418,0.1993271087917272,-0.023365339634689564,-0.019303577913992398,0.8863313441318557,22,7,0.3181818181818182,中性
002008.SZ,3507,20120215,20260821,0.19598241293749563,-0.7435067591365616,0.5783015770254587,0.005272425902550282,-0.8843052228984054,0.1440695418160428,24,0.25,0.0050968940118676365,-0.8843052228984054,0.14358159445548146,-0.190885518925628,-0.1407984637618438,0.5925292272597662,24,4,0.16666666666666666,FAIL,0.12578480708103368,-0.8084493489081361,0.44348695909290653,-0.07019760585646195,-0.06494258977157452,0.8394639292842886,33,10,0.30303030303030304,FAIL
002010.SZ,3388,20120215,20260821,-0.016207199015843665,-0.8510925646280516,0.074083599088891,0.02032787351169074,-0.6329423384464604,0.1273121634320055,14,0.42857142857142855,0.019151399223287013,-0.6329423384464605,0.12298128016623078,0.03535859823913068,0.21815022618159108,0.4412632821723731,14,7,0.5,PASS,-0.03042070410237019,-0.8606305074379567,0.000465914189470012,-0.014213505086526523,-0.009537942809905053,0.8187721369539551,30,12,0.4,中性
002011.SZ,3340,20120215,20260821,0.002040782967017485,-0.8424172977489947,0.17962285427165184,-0.10315799619472998,-0.9150703429921088,-0.25155224499663453,24,0.25,-0.10049235367114173,-0.9150703429921088,-0.24175359948429445,-0.10253313663815922,-0.07265304524311411,0.4625748502994012,24,6,0.25,FAIL,-0.08250155754256983,-0.9229216172828107,-0.08203902666833429,-0.08454234050958731,-0.0805043195338161,0.798502994011976,36,12,0.3333333333333333,FAIL
002013.SZ,2538,20120215,20230207,0.1358629614453073,-0.5850616674506479,0.4772003439411992,-0.030290112549050896,-0.6960105537678549,0.024600146872328702,16,0.375,-0.0237070118168361,-0.6960105537678549,0.04489797509233073,-0.1595699732621434,-0.11094888631720701,0.5736800630417652,15,2,0.13333333333333333,FAIL,0.014570020144143214,-0.6783606701812817,0.19364814653446222,-0.12129294130116408,-0.09329900273063374,0.8656422379826635,22,4,0.18181818181818182,FAIL
002018.SZ,1539,20120215,20191031,-0.22844233620265142,-0.9913460420624611,-0.5151137225037565,-0.027528175274210365,-0.7718291339235079,-0.03369978031876985,11,0.2727272727272727,-0.029724306215959784,-0.7718291339235079,-0.04257280353333687,0.19871802998669164,0.2195169081389532,0.41195581546458737,11,3,0.2727272727272727,PASS,-0.069668304500201,-0.9123293404277876,-0.10291704387405952,0.1587740317024504,0.07901670163467356,0.7290448343079922,16,5,0.3125,PASS
002019.SZ,3413,20120216,20260821,0.064108744667986,-0.7127247013123592,0.32086043053159946,0.0909045491399405,-0.5218705906067325,0.3686884307622458,20,0.5,0.09461260835256735,-0.5218705906067325,0.3785984219699358,0.030503863684581356,0.19085411070562674,0.5098154116612951,20,11,0.55,PASS,0.09600058544713974,-0.6260066389716796,0.3836486014889591,0.031891840779153746,0.08671806234067958,0.7767360093759156,31,14,0.45161290322580644,PASS
002022.SZ,3486,20120215,20260821,-0.032997349945453114,-0.9159168169338758,0.07358992154794322,-0.07052661428362428,-0.9281475342123772,-0.13292546743769837,22,0.3181818181818182,-0.06773805134137678,-0.9281475342123772,-0.12334516087635346,-0.03474070139592367,-0.012230717278501335,0.5223752151462995,21,8,0.38095238095238093,FAIL,-0.09601848441599181,-0.9612227204340228,-0.13120178973358068,-0.0630211344705387,-0.04530590350014696,0.8307515777395296,32,8,0.25,FAIL
002024.SZ,3495,20120215,20260821,-0.12751197294828243,-0.9490852212931802,-0.22994954129769807,-0.08615485066568596,-0.8650050611829431,-0.22675377188881518,20,0.25,-0.07659452233703534,-0.8650050611829432,-0.18942667181960643,0.050917450611247084,0.084080160110237,0.41030042918454934,20,9,0.45,PASS,-0.11804951662690288,-0.9603441190317722,-0.25753791873020543,0.009462456321379542,-0.01125889773859201,0.7567954220314735,32,11,0.34375,反例
002025.SZ,3333,20120215,20260821,0.14175870332767482,-0.5966199217874312,0.4915546124836201,-0.011944283563472768,-0.7375557408299098,0.08178913060952919,22,0.4090909090909091,-0.008973282787536951,-0.7375557408299098,0.09095003303405633,-0.15073198611521177,-0.14093581904247865,0.5964596459645964,22,7,0.3181818181818182,FAIL,0.025367137113593063,-0.6581520144993114,0.22335065189208478,-0.11639156621408175,-0.061532092711880204,0.8532853285328533,29,11,0.3793103448275862,FAIL
002027.SZ,3430,20120215,20260821,0.12192642614931049,-0.7529677826018152,0.43400050072804147,0.11507279491065758,-0.5274967133769926,0.3928753179332983,22,0.4090909090909091,0.11568902604514797,-0.5274967133769924,0.39425202633671114,-0.006237400104162516,0.22547106922482274,0.48862973760932943,21,9,0.42857142857142855,PASS,0.08681077697992579,-0.7485026675914344,0.36187655394019175,-0.0351156491693847,0.004465115010380827,0.7950437317784257,33,13,0.3939393939393939,FAIL
002028.SZ,3524,20120215,20260821,0.2513388297659025,-0.6031684698608965,0.6973901561094548,0.1436649862512278,-0.7536126370383647,0.5046969647646999,19,0.5263157894736842,0.1458953362057276,-0.7536126370383647,0.5105366003667205,-0.1054434935601749,-0.15044416717746822,0.6319523269012486,18,5,0.2777777777777778,FAIL,0.215631212332293,-0.661359750023772,0.6437094330322963,-0.035707617433609506,-0.05819128016287556,0.8788308740068105,24,7,0.2916666666666667,FAIL
002029.SZ,3513,20120215,20260821,-0.029812720435320683,-0.8396566639406735,0.04416936329990164,-0.08380538510983193,-0.8982374940340939,-0.22076370181839064,22,0.3181818181818182,-0.08163947495055046,-0.8982374940340939,-0.21251246076427505,-0.05182675451522978,-0.05858083009342041,0.5576430401366353,22,7,0.3181818181818182,FAIL,-0.05485928639031368,-0.8727976211140419,-0.05933991708958449,-0.025046565954992994,-0.0331409571733684,0.8388841446057501,29,11,0.3793103448275862,中性
002030.SZ,3469,20120215,20260821,0.08356227962118612,-0.8365014885874958,0.35881359656099,-0.005327732154178588,-0.8759014299619828,0.06384952749623478,22,0.3181818181818182,-0.004178950265105286,-0.8759014299619828,0.06779498521484487,-0.0877412298862914,-0.03939994137448699,0.4407610262323436,21,6,0.2857142857142857,FAIL,-0.0003678666393437391,-0.9202149169635139,0.14997481313243227,-0.08393014626052986,-0.08371342837601803,0.8074373018160853,31,13,0.41935483870967744,FAIL
002032.SZ,3523,20120215,20260821,0.13002384988815918,-0.5085555399175534,0.4669224851361202,0.06470378295091361,-0.43971307009548144,0.2828434392240391,19,0.47368421052631576,0.06676480246369643,-0.43971307009548166,0.29022161458339685,-0.06325904742446276,0.06884246982207176,0.6159523133692876,19,5,0.2631578947368421,中性,0.11233080561626663,-0.39749663246994926,0.42902495171346794,-0.017693044271892555,0.11105890744760416,0.8441669032074937,27,7,0.25925925925925924,PASS
002038.SZ,3522,20120215,20260821,-0.017341261208203784,-0.8315543706467765,0.09186727854444858,-0.008616850920171282,-0.6260263410087596,0.008009534471208887,20,0.5,-0.007294212738521266,-0.6260263410087598,0.013246043956255437,0.010047048469682518,0.20552802963801675,0.47217490062464507,20,9,0.45,PASS,-0.04678665210873001,-0.8846474354025798,-0.031980658796348246,-0.029445390900526225,-0.05309306475580333,0.7947189097103918,34,14,0.4117647058823529,中性
002041.SZ,3526,20120215,20260821,-0.008560266993450916,-0.7965683037201237,0.14549010529338344,-0.03552059620356707,-0.696205835303668,-0.009273572145314619,23,0.391304347826087,-0.032604589549525276,-0.696205835303668,0.00036277187126242745,-0.02404432255607436,0.10036246841645569,0.4943278502552467,22,7,0.3181818181818182,PASS,-0.04277119186029821,-0.7982550678772328,0.03409117846395279,-0.03421092486684729,-0.0016867641571091108,0.8011911514463982,34,11,0.3235294117647059,FAIL
002044.SZ,3224,20120215,20260821,0.04729747142345975,-0.8438806678510856,0.29012268184553286,0.05276700965488823,-0.7234291590131616,0.26503719657872954,15,0.3333333333333333,0.054743257893568265,-0.7234291590131617,0.2715089560696039,0.0074457864701085175,0.12045150883792388,0.3390198511166253,15,4,0.26666666666666666,PASS,-0.01059503508326931,-0.9000223693390037,0.12219860848185889,-0.05789250650672906,-0.05614170148791808,0.7955955334987593,32,10,0.3125,FAIL
002048.SZ,3415,20120216,20260821,0.08488065419681412,-0.7303696803382597,0.35932903793827403,0.02278158184288337,-0.6391910811673418,0.17119803102826872,21,0.38095238095238093,0.0210085723756801,-0.639191081167342,0.1659023378846293,-0.06387208182113402,0.09117859917091764,0.6032210834553441,21,5,0.23809523809523808,中性,0.023959853116077845,-0.7647736579231459,0.19542214355117826,-0.060920801080736275,-0.034403977584886225,0.8193265007320644,31,11,0.3548387096774194,FAIL
002049.SZ,3271,20120216,20260821,0.16781324276592113,-0.7360165551204307,0.5436031832360979,0.010993231930096714,-0.768645396696244,0.1643336550828159,20,0.5,0.010938618461366678,-0.768645396696244,0.1642114157938159,-0.15687462430455446,-0.03262884157581325,0.5068786303882604,19,5,0.2631578947368421,FAIL,0.11475725151164684,-0.7411728260509975,0.4395178978850516,-0.05305599125427429,-0.005156270930566809,0.7817181290125343,32,11,0.34375,FAIL
002050.SZ,3410,20120216,20260821,0.20824341624140863,-0.6693318103940606,0.6133663240243802,0.10865985099613917,-0.5995624334769695,0.41600938988502195,21,0.5238095238095238,0.1136064816571638,-0.5995624334769696,0.42907425843614116,-0.09463693458424483,0.06976937691709106,0.6205278592375366,21,7,0.3333333333333333,中性,0.0761081134286099,-0.735443249938285,0.33966376240456086,-0.13213530281279873,-0.06611143954422438,0.8724340175953079,31,7,0.22580645161290322,FAIL
002051.SZ,3356,20120502,20260821,-0.01617542864578414,-0.7668633957293751,0.1077335633799291,-0.08937742493777445,-0.8868428412413679,-0.23691438822008726,18,0.16666666666666666,-0.0787016114332969,-0.886842841241368,-0.19320109774999306,-0.06252618278751276,-0.11997944551199291,0.49255065554231225,18,4,0.2222222222222222,FAIL,-0.048766024589532164,-0.8498846902876852,-0.0006006516706596736,-0.032590595943748024,-0.08302129455831009,0.8322407628128725,28,7,0.25,FAIL
002052.SZ,3245,20120216,20260821,0.03781460459701402,-0.9622641509433962,0.29207101140825475,0.14333529328701888,-0.8195479361953039,0.5132623714268639,16,0.4375,0.14104336401157447,-0.8195479361953039,0.5076426892535262,0.10322875941456044,0.14271621474809237,0.5556240369799692,16,9,0.5625,PASS,0.11296995154902989,-0.8476892839349118,0.4374120285529056,0.07515534695201587,0.1145748670084844,0.7870570107858244,28,13,0.4642857142857143,PASS
002053.SZ,3263,20120215,20260821,0.048056601376002206,-0.6901663329035562,0.2858774903817673,-0.017135900053911413,-0.7499411006909984,0.057202731491441235,15,0.3333333333333333,-0.014449226845915764,-0.7499411006909984,0.06580953174295104,-0.06250582822191797,-0.05977476778744217,0.5320257431811216,15,4,0.26666666666666666,FAIL,0.00840025986014692,-0.7448807654229201,0.1743978915153867,-0.03965634151585529,-0.05471443251936392,0.841556849524977,24,8,0.3333333333333333,FAIL
002056.SZ,3519,20120215,20260821,0.12600578628347203,-0.6195693797389435,0.44495029440468664,0.008050918927558381,-0.7140579882956175,0.15829378699251312,20,0.4,0.00868330175242682,-0.7140579882956175,0.1599973074434261,-0.11732248453104521,-0.09448860855667396,0.6021597044614947,20,6,0.3,FAIL,0.05995626622428496,-0.6670577007932348,0.30514485997142804,-0.06604952005918707,-0.04748832105429124,0.8698493890309748,28,10,0.35714285714285715,FAIL
002062.SZ,3504,20120215,20260821,0.09221070985494784,-0.7061789026617593,0.37075610904132034,-0.019977332383502966,-0.849179887803539,0.01962404884500405,17,0.4117647058823529,-0.017607581489996083,-0.849179887803539,0.02752179778614143,-0.10981829134494392,-0.14300098514177972,0.483162100456621,17,5,0.29411764705882354,FAIL,0.047494781222852334,-0.7730359475761552,0.26090944348374406,-0.0447159286320955,-0.06685704491439592,0.8301940639269406,31,10,0.3225806451612903,FAIL
002063.SZ,3436,20120215,20260821,0.04173058160810017,-0.8405684451959734,0.26606244444208554,-0.04363645803437477,-0.8445002090074636,-0.031183586619261787,24,0.375,-0.0431256847138467,-0.8445002090074635,-0.029385406141358615,-0.08485626632194687,-0.003931763811490074,0.5619906868451688,24,10,0.4166666666666667,FAIL,-0.0016228958215442901,-0.8351073461472548,0.13530704844746624,-0.04335347742964446,0.0054610990487186095,0.8073341094295693,32,13,0.40625,FAIL
002064.SZ,3507,20120215,20260821,0.11089282793862476,-0.6955030734864137,0.4115513758602384,-0.015340233141064585,-0.7163673569561234,0.01785038708714888,21,0.3333333333333333,-0.016047996812597054,-0.7163673569561233,0.015396171031915882,-0.12694082475122181,-0.020864283469709588,0.4576561163387511,20,4,0.2,FAIL,0.03131856128522581,-0.7905389256361702,0.2081594870418877,-0.07957426665339895,-0.09503585214975652,0.8639863130881095,30,6,0.2,FAIL
002065.SZ,3223,20120216,20260821,0.05009283596565539,-0.7989181669230628,0.29082974155364827,-0.031164373017739222,-0.8597608156727894,-0.0225641762156903,23,0.30434782608695654,-0.027191687726700553,-0.8597608156727894,-0.008073170947639492,-0.07728452369235594,-0.06084264874972656,0.48867514737821904,23,12,0.5217391304347826,FAIL,0.007627467881374583,-0.8490803274985448,0.1568397988383641,-0.04246536808428081,-0.05016216057548195,0.8023580515048092,32,12,0.375,FAIL
002069.SZ,3357,20120215,20260821,-0.12363108191958949,-0.9132885836171335,-0.1720097065080365,-0.1328840561826269,-0.8923690812150287,-0.3535228198892956,20,0.2,-0.1315656294175268,-0.8923690812150287,-0.3484536802902484,-0.007934547497937317,0.020919502402104828,0.5597259457849271,20,10,0.5,中性,-0.13858018308076925,-0.9317684491273368,-0.27462155577917274,-0.014949101161179756,-0.018479865510203308,0.8078641644325291,29,14,0.4827586206896552,中性
002073.SZ,3486,20120215,20260821,-0.05961875899978031,-0.8666766444841486,0.020758646256688988,-0.03619061875625362,-0.8108123034583682,-0.026476454191232658,22,0.36363636363636365,-0.04963827247761232,-0.8108123034583682,-0.06768670638753124,0.009980486522167986,0.05586434102578042,0.5172117039586919,22,8,0.36363636363636365,PASS,-0.024242730949686542,-0.8830625472895346,0.06944670786687435,0.035376028050093766,-0.016385902805385988,0.789443488238669,33,14,0.42424242424242425,反例
002074.SZ,3307,20120215,20260821,0.11200805237460743,-0.747938788315661,0.433645555588073,0.0659048005636731,-0.6631986409408253,0.3107752898067806,19,0.3684210526315789,0.06568437468103805,-0.6631986409408254,0.31022089760711596,-0.046323677693569376,0.0847401473748356,0.4339280314484427,19,8,0.42105263157894735,中性,0.05501336645293131,-0.8666509156840335,0.30313674392926154,-0.056994685921676114,-0.11871212736837256,0.789537345025703,41,11,0.2682926829268293,FAIL
002075.SZ,2831,20120215,20260821,0.010994106070490117,-0.8730711930358053,0.2187925669438368,-0.11626420201654575,-0.8846571616461445,-0.39634261030273904,16,0.25,-0.11164234825142805,-0.8846571616461445,-0.3742097312224698,-0.12263645432191816,-0.011585968610339226,0.34369480748851994,16,6,0.375,FAIL,-0.0001854574919941676,-0.8293085707297868,0.16169831589786518,-0.011179563562484285,0.04376262230601846,0.7601554221123278,29,12,0.41379310344827586,PASS
002078.SZ,3496,20120215,20260821,0.108394996984857,-0.6433050150130357,0.4074158581451264,0.0713172094808312,-0.6921476201351874,0.3070151337203458,17,0.5294117647058824,0.070153576937801,-0.6921476201351875,0.3033219163747461,-0.038241420047055996,-0.04884260512215177,0.5803775743707094,16,5,0.3125,FAIL,0.06811887742670386,-0.648542289532368,0.3014674089606567,-0.040276119558153134,-0.005237274519332313,0.8478260869565217,28,11,0.39285714285714285,FAIL
002080.SZ,3401,20120215,20260821,0.18361166525363348,-0.7685753452926696,0.5615131233934292,0.0820104074411454,-0.5896990826736026,0.3480311882090021,23,0.43478260869565216,0.08107264292850425,-0.5896990826736026,0.34567954578338034,-0.10253902232512924,0.17887626261906697,0.5054395765951191,23,6,0.2608695652173913,中性,0.16644109578821253,-0.6094879306188431,0.5376358179982782,-0.01717056946542095,0.15908741467382648,0.7685974713319612,31,11,0.3548387096774194,PASS
002081.SZ,3473,20120215,20260821,-0.010559905767882238,-0.864845061387943,0.1178605191448152,-0.04733592332756942,-0.7911310513237735,-0.11647565757215862,21,0.3333333333333333,-0.041125285559648006,-0.7911310513237736,-0.09194609864850875,-0.030565379791765768,0.07371401006416944,0.5191477109127556,21,7,0.3333333333333333,中性,-0.025053334552604167,-0.8587257359663902,0.046414563567941464,-0.014493428784721929,0.0061193254215528015,0.803052116325943,31,12,0.3870967741935484,中性
002083.SZ,3526,20120215,20260821,0.07084015329215743,-0.6262766052717992,0.3113850576296295,0.016864089254299497,-0.771967606565732,0.12926307114093347,14,0.2857142857142857,0.017196789256338052,-0.7719676065657319,0.13052356859007214,-0.053643364035819374,-0.14569100129393275,0.5524673851389676,14,5,0.35714285714285715,FAIL,0.02842418978243466,-0.7297224507983577,0.19330938421283844,-0.042415963509722765,-0.10344584552655856,0.8825865002836075,24,6,0.25,FAIL
002085.SZ,3399,20120215,20260821,0.15081701200662812,-0.820844893353651,0.4878364260374161,0.08812072059275766,-0.7916471295504783,0.35380527166752224,21,0.3333333333333333,0.08952014117118923,-0.7916471295504783,0.35684098756500043,-0.06129687083543889,0.029197763803172627,0.48220064724919093,21,6,0.2857142857142857,FAIL,0.0857586683035716,-0.7582434394729848,0.36267433064454924,-0.06505834370305652,0.06260145388066618,0.8311268020005884,34,7,0.20588235294117646,中性
002088.SZ,3456,20120215,20260821,0.06684361353230917,-0.6941388026349266,0.3104220534086807,0.08688797763303668,-0.5813420044363784,0.35618361865901954,15,0.4666666666666667,0.08800477747231561,-0.5813420044363784,0.3594004719896988,0.021161163940006444,0.11279679819854815,0.6261574074074074,15,6,0.4,PASS,0.0841524641969158,-0.6322974683251021,0.34928187460884463,0.017308850664606634,0.061841334309824414,0.8139467592592593,24,13,0.5416666666666666,PASS
002091.SZ,3379,20120215,20260821,0.03399369910859451,-0.6845244096320136,0.2359612561937158,-0.033213153284274766,-0.6840913438233551,-0.0435831022622191,23,0.34782608695652173,-0.03218715081603418,-0.6840913438233551,-0.040012563361648275,-0.06618084992462869,0.00043306580865842825,0.42497780408404856,22,7,0.3181818181818182,FAIL,-0.08012813008271624,-0.8548126375574722,-0.11063460641166496,-0.11412182919131075,-0.1702882279254586,0.826575910032554,37,7,0.1891891891891892,FAIL
002092.SZ,3361,20120215,20260821,-0.03639580611910209,-0.8098310868709668,0.05186273596945949,0.009329444060835357,-0.6037056258830729,0.10160875824091065,20,0.55,0.009818015789557988,-0.6037056258830727,0.10334836627794779,0.04621382190866008,0.20612546098789408,0.4004760487950015,19,9,0.47368421052631576,PASS,-0.03463230858250088,-0.8031870672472702,0.023131819393479254,0.0017634975366012107,0.006644019623696651,0.7872656947337102,36,14,0.3888888888888889,反例
002093.SZ,3497,20120215,20260821,0.005494277757567501,-0.8335609059388861,0.19669159212307666,-0.06789049878432196,-0.9194025311874019,-0.11974598561644945,22,0.18181818181818182,-0.05921610006210698,-0.9194025311874019,-0.08967392116786768,-0.06471037781967448,-0.0858416252485158,0.4892765227337718,21,6,0.2857142857142857,FAIL,-0.03203282096562465,-0.9159785813230115,0.07520825978519964,-0.037527098723192154,-0.08241767538412537,0.7943951958821848,31,13,0.41935483870967744,FAIL
002097.SZ,3421,20120215,20260821,0.015644829037300134,-0.6626970114813362,0.18583198964307465,-0.046571696333015944,-0.8373774294427299,-0.07695742170740148,25,0.2,-0.04586206349990596,-0.8373774294427297,-0.07451222902678739,-0.06150689253720609,-0.17468041796139355,0.48085355159310145,25,7,0.28,FAIL,-0.030826154263466465,-0.7039212432017592,0.03617466956511103,-0.0464709833007666,-0.041224231720423,0.8015200233849752,38,11,0.2894736842105263,FAIL
002106.SZ,3373,20120215,20260821,-0.03359092358248672,-0.786979557692098,0.0627931199659767,-0.11883859939298513,-0.8663042424163829,-0.3366720075006973,22,0.3181818181818182,-0.12727786912310934,-0.8788582662700373,-0.36372662082938345,-0.09368694554062262,-0.09187870857793923,0.5363178179662021,22,6,0.2727272727272727,FAIL,-0.1042645134478779,-0.8395544787937663,-0.18144012703973667,-0.07067358986539118,-0.05257492110166828,0.843166320782686,33,7,0.21212121212121213,FAIL
002107.SZ,3505,20120215,20260821,0.06754562468061742,-0.8735637683475751,0.3292836597953504,0.050378660935563424,-0.7555453601869413,0.26170549988053016,21,0.23809523809523808,0.05251369274739348,-0.7555453601869414,0.2657751945956262,-0.015031931933223941,0.11801840816063369,0.46847360912981456,21,8,0.38095238095238093,PASS,0.12573149688032825,-0.749300021943262,0.4093729438533556,0.05818587219971083,0.12426374640431315,0.797432239657632,32,13,0.40625,PASS
002109.SZ,3343,20120215,20260821,-0.04576072285239796,-0.6782274406464471,0.01721639490181362,-0.15510405159924479,-0.9307806422616897,-0.5310316256903942,24,0.125,-0.15457820396025002,-0.9307806422616897,-0.5287209028316959,-0.10881748110785205,-0.25255320161524253,0.5172001196530063,24,6,0.25,FAIL,-0.0464421918785507,-0.7277827240544443,-0.011315771124507377,-0.0006814690261527367,-0.0495552834079972,0.8169309003888723,29,9,0.3103448275862069,中性
002110.SZ,3247,20120215,20260821,-0.007829911466109007,-0.765933339627986,0.12112270855938485,-0.10345224234642802,-0.8789478147261409,-0.2853446099315811,22,0.2727272727272727,-0.10150012552938914,-0.878947814726141,-0.27769420927172905,-0.09367021406328013,-0.11301447509815499,0.479519556513705,21,6,0.2857142857142857,FAIL,-0.014557651692528317,-0.6091781408807633,0.08344125968996864,-0.00672774022641931,0.15675519874722277,0.7717893440098552,27,9,0.3333333333333333,PASS
002118.SZ,2702,20120215,20230615,-0.22251168484907247,-0.9764481222151495,-0.3075309670018254,-0.06165797540043749,-0.8370666333047254,-0.035662818906771886,13,0.3076923076923077,-0.057697795954420594,-0.8370666333047253,-0.02338032546801216,0.16481388889465187,0.13938148891042423,0.47853441894892673,13,7,0.5384615384615384,PASS,-0.08088670567795031,-0.8643748894106185,-0.016574267874155554,0.14162497917112216,0.11207323280453108,0.7938564026646928,21,10,0.47619047619047616,PASS
002120.SZ,3474,20120216,20260821,0.07289190707502025,-0.8004349133933272,0.3381938268258706,-4.961182052953816e-07,-0.8785056417738183,0.11529878226248531,27,0.37037037037037035,0.0014995348988582347,-0.8785056417738183,0.11966187602142617,-0.07139237217616201,-0.07807072838049112,0.517846862406448,27,11,0.4074074074074074,FAIL,0.0015427199328998942,-0.850487102480801,0.1575963784770739,-0.07134918714212035,-0.050052189087473775,0.7944732297063903,38,9,0.23684210526315788,FAIL
002121.SZ,3347,20120216,20260821,0.016280699455026637,-0.8299975601821731,0.22769391070045092,0.03301494460661614,-0.5586854887364485,0.20218959420406485,17,0.35294117647058826,0.031005823666330867,-0.5586854887364485,0.1960545740044294,0.01472512421130423,0.27131207144572456,0.4893934867045115,17,7,0.4117647058823529,PASS,-0.08554159365202219,-0.9008213225653926,-0.06771392434828194,-0.10182229310704882,-0.07082376238321952,0.8004182850313714,30,8,0.26666666666666666,FAIL
002122.SZ,3328,20120216,20260821,-0.0629366852082105,-0.921549443510046,0.04560024842243398,-0.014158288878500902,-0.7590069434099687,0.0528458868206661,17,0.35294117647058826,-0.011539944471352537,-0.7590069434099687,0.06154987665522703,0.05139674073685796,0.16254250010007731,0.41586538461538464,17,6,0.35294117647058826,PASS,0.012082195041027255,-0.7273618568658844,0.18998088192116555,0.07501888024923775,0.19418758664416158,0.7686298076923077,32,12,0.375,PASS
002123.SZ,3382,20120215,20260821,-0.04855487958308424,-0.8321033824673978,0.10310003634917007,-0.03177212604685509,-0.8096517298164443,0.05064063255456653,19,0.3157894736842105,-0.02864924912240474,-0.8096517298164443,0.05942132995695371,0.019905630460679502,0.022451652650953502,0.4618568894145476,19,8,0.42105263157894735,反例,-0.0862261320645884,-0.9107954287396995,-0.022665657850406244,-0.03767125248150416,-0.07869204627230175,0.7945002956830278,34,14,0.4117647058823529,FAIL
002124.SZ,3468,20120216,20260821,0.034397624630698065,-0.8699034035823453,0.25836987374253007,-0.07082440313073712,-0.9038834361360137,-0.11488557863274008,23,0.30434782608695654,-0.0693535792032306,-0.9038834361360137,-0.1100674198187008,-0.10375120383392866,-0.03398003255366844,0.552479815455594,23,8,0.34782608695652173,FAIL,-0.03955458786679733,-0.8719488692628288,0.062198982622801414,-0.0739522124974954,-0.0020454656804834714,0.8019031141868512,32,8,0.25,FAIL
002126.SZ,3450,20120215,20260821,0.19244947219697117,-0.5978421152469038,0.5764729314175239,-0.06331323451555981,-0.8118719758408514,-0.06639567788594858,28,0.42857142857142855,-0.06255626737608011,-0.8118719758408515,-0.06411963848268094,-0.2550057395730513,-0.21402986059394769,0.4979710144927536,27,4,0.14814814814814814,FAIL,0.0655612142518347,-0.7477768219471097,0.31620943637490395,-0.12688825794513647,-0.14993470670020592,0.8307246376811595,37,11,0.2972972972972973,FAIL
002127.SZ,3196,20120216,20260821,0.033586496948278644,-0.8883093706528056,0.2644530714621355,0.023254865998964425,-0.5852991825328853,0.17072923289499822,22,0.4090909090909091,0.02149380825700642,-0.585299182532885,0.16488735900453425,-0.012092688691272224,0.30301018811992053,0.38266583229036294,22,9,0.4090909090909091,PASS,-0.021478130538487683,-0.8651783594795419,0.10189787901223822,-0.05506462748676633,0.02313101117326366,0.8138297872340425,37,10,0.2702702702702703,FAIL
002128.SZ,3377,20120215,20260821,0.07576704807020751,-0.6537996111099446,0.337088691175571,0.05627656285015248,-0.6502542402833504,0.26347224476383446,14,0.5,0.0602480271989132,-0.6502542402833505,0.27747548564409213,-0.015519020871294309,0.0035453708265940076,0.4980752146875925,14,7,0.5,中性,0.03784231585750075,-0.6572013149143593,0.2282922931521642,-0.03792473221270676,-0.003401703804414735,0.853124074622446,27,7,0.25925925925925924,FAIL
002129.SZ,3063,20120215,20260821,0.04787171846139304,-0.8475310850099893,0.3159074909246634,-0.017055443533457892,-0.7959274471471882,0.09060484964920908,25,0.4,-0.015481822843538384,-0.7959274471471882,0.09531152020919564,-0.06335354130493143,0.05160363786280109,0.55435847208619,25,7,0.28,中性,0.056693237120249984,-0.777807392987666,0.31827077603165893,0.008821518658856942,0.06972369202232331,0.7838720208945479,33,10,0.30303030303030304,PASS
002130.SZ,3448,20120216,20260821,0.11358105023745102,-0.8064200425247834,0.4247444631256884,0.012072247083545928,-0.7957356166138275,0.1530058199056212,22,0.36363636363636365,0.018307359114327015,-0.7957356166138275,0.17096689309040294,-0.095273691123124,0.010684425910955864,0.5452436194895591,22,7,0.3181818181818182,FAIL,0.05422351555032612,-0.7490471083933326,0.2880819974354295,-0.0593575346871249,0.05737293413145084,0.8517981438515081,28,11,0.39285714285714285,中性
002131.SZ,3283,20120217,20260821,0.09928725440205399,-0.8900101422882082,0.3853058803855646,0.16462061423453878,-0.6348754156622958,0.56949570945587,20,0.5,0.16615115524484803,-0.6348754156622958,0.5731982500887781,0.06686390084279403,0.2551347266259124,0.4395370088333841,20,9,0.45,PASS,0.09791125590372962,-0.9304657844464459,0.36983151931976754,-0.0013759984983243712,-0.040455642158237715,0.7660676210782821,32,16,0.5,中性
002133.SZ,3522,20120215,20260821,-0.008222268175033465,-0.8498557249565128,0.12691037931822827,-0.14121670489251237,-0.9529913861983516,-0.4186058179038054,21,0.19047619047619047,-0.13645750593859718,-0.9529913861983516,-0.39982601595145406,-0.12823523776356371,-0.1031356612418387,0.4892106757524134,21,5,0.23809523809523808,FAIL,-0.03057158591337439,-0.8917201378352343,0.044178213127395,-0.022349317738340924,-0.041864412878721446,0.8157296990346394,31,10,0.3225806451612903,中性
002138.SZ,3520,20120215,20260821,0.1832421823074848,-0.628447596532703,0.5576549262818353,-0.011773049031629124,-0.7718751970710701,0.07902828654793197,30,0.43333333333333335,-0.007391021717121471,-0.7718751970710701,0.09194001215549051,-0.19063320402460626,-0.14342760053836712,0.6056818181818182,29,5,0.1724137931034483,FAIL,0.11029018696421922,-0.6874561848259921,0.4088421895321686,-0.07295199534326557,-0.059008588293289144,0.8303977272727273,32,8,0.25,FAIL
002140.SZ,3510,20120215,20260821,-0.036266789568834,-0.835220338042155,0.07476559320944616,-0.10365211121524309,-0.8517739597453906,-0.231978608554281,21,0.14285714285714285,-0.09893295712940764,-0.8517739597453905,-0.21547649777421599,-0.06266616756057364,-0.016553621703235488,0.4965811965811966,21,7,0.3333333333333333,FAIL,-0.02615444564745595,-0.8515890990966628,0.07547272335044918,0.010112343921378053,-0.016368761054507797,0.7937321937321937,31,14,0.45161290322580644,反例
002142.SZ,3517,20120216,20260821,0.15677260716510943,-0.5275041879284084,0.5441409539226585,0.1431072414441128,-0.3616344304370219,0.5803032795770167,13,0.6153846153846154,0.13813456810774527,-0.3616344304370218,0.5612889207771903,-0.018638039057364164,0.16586975749138655,0.5464884845038385,13,6,0.46153846153846156,PASS,0.1540442441171801,-0.5568972712618125,0.5577415346599612,-0.0027283630479293386,-0.02939308333340418,0.8635200454933182,23,8,0.34782608695652173,中性
002143.SZ,1487,20120216,20191128,-0.30076594657254885,-0.9917479970114735,-0.41599346263686265,0.015408441955252705,-0.8208532137215739,0.251426965969632,10,0.2,0.032283037997377306,-0.820853213721574,0.29320698742036244,0.33304898456992615,0.1708947832898995,0.5205110961667787,10,5,0.5,PASS,-0.11638211368939944,-0.932193226879081,-0.028242442873141,0.1843838328831494,0.05955477013239252,0.7242770679219905,15,6,0.4,PASS
002146.SZ,3487,20120216,20260821,-0.06252632031539218,-0.9064372354148116,0.034423688308636215,-0.07643731584163937,-0.8289233290434144,-0.1781437008869473,19,0.3684210526315789,-0.06493857732218833,-0.8289233290434144,-0.1361755805580703,-0.002412257006796148,0.07751390637139721,0.3857183825638084,19,7,0.3684210526315789,PASS,-0.10212401184715758,-0.9275676959176742,-0.12116781133143444,-0.0395976915317654,-0.021130460502862602,0.7585316891310582,36,15,0.4166666666666667,FAIL
002147.SZ,2149,20120215,20220622,-0.24412664469382783,-0.9782562218698236,-0.251326334372122,-0.011488299143564529,-0.8656122955916099,0.058585379970188596,13,0.23076923076923078,-0.011981624395548618,-0.8656122955916099,0.056991386444104286,0.23214502029827921,0.11264392627821374,0.5956258724988367,13,7,0.5384615384615384,PASS,0.029816458119782174,-0.8400017748483574,0.2170333695260014,0.27394310281361,0.13825444702146628,0.780362959516054,20,10,0.5,PASS
002152.SZ,3463,20120216,20260821,0.06750275068738087,-0.7848939625900411,0.3202670283119144,-0.047790704467874034,-0.8856308986204859,-0.0781421476038531,21,0.23809523809523808,-0.04468275466832439,-0.8856308986204859,-0.0672764574074174,-0.11218550535570526,-0.10073693603044487,0.5062084897487727,21,7,0.3333333333333333,FAIL,-0.033477550038710224,-0.911574466810695,0.06665764764854658,-0.1009803007260911,-0.1266805042206539,0.8486861103089807,30,11,0.36666666666666664,FAIL
002153.SZ,3407,20120215,20260821,0.06149480883609271,-0.8252905851753186,0.33808289825459803,-0.12449090207944646,-0.9851161140472641,-0.21260675691688263,25,0.24,-0.12087713063073546,-0.985116114047264,-0.2013301732516378,-0.18237193946682817,-0.15982552887194534,0.4769592016436748,24,6,0.25,FAIL,0.05340931272342386,-0.8242105852076884,0.30674809484451326,-0.008085496112668844,0.0010799999676301963,0.7971822717933666,30,16,0.5333333333333333,中性
002154.SZ,3519,20120216,20260821,0.0014984357763454526,-0.8179691531164014,0.1490240705793054,-0.04961105581179792,-0.9267274516054381,-0.10109973047859601,19,0.15789473684210525,-0.044461157768167725,-0.9267274516054381,-0.08240110621635004,-0.04595959354451318,-0.10875829848903673,0.4342142654163115,19,6,0.3157894736842105,FAIL,0.011573530680160093,-0.7957701508245384,0.15391348416955417,0.010075094903814641,0.022199002291863,0.7939755612389884,31,14,0.45161290322580644,反例
002155.SZ,3443,20120215,20260819,0.06213337511868544,-0.6534833259693161,0.3099300770303945,0.00020465548329795524,-0.595875110390418,0.11258174625546963,22,0.45454545454545453,0.000898207067466128,-0.5958751103904179,0.11460484579758756,-0.06123516805121931,0.05760821557889828,0.5820505373221028,22,7,0.3181818181818182,中性,0.038716421358818254,-0.6447638011079442,0.2491837617269305,-0.023416953759867187,0.008719524861371952,0.8193435957014232,31,12,0.3870967741935484,中性
002156.SZ,3429,20120215,20260821,0.1965221431573565,-0.6872693724013038,0.5796430691532385,0.035613494736479456,-0.7974518993121824,0.2325350832074267,24,0.3333333333333333,0.033875002435653556,-0.7974518993121825,0.22811708158434696,-0.16264714072170294,-0.11018252691087871,0.5226013414989793,23,8,0.34782608695652173,FAIL,0.10941336787588196,-0.7400104496299296,0.41810641912250307,-0.08710877528147454,-0.052741077228625755,0.8013998250218722,33,11,0.3333333333333333,FAIL
002157.SZ,3421,20120215,20260821,-0.002998943455106984,-0.9250973216178835,0.1789846806153801,0.007140119022485791,-0.749258374992986,0.1357981994316176,22,0.3181818181818182,0.007162953574675557,-0.749258374992986,0.13590261137681023,0.01016189702978254,0.17583894662489752,0.47880736626717335,22,12,0.5454545454545454,PASS,-0.05589799985078403,-0.9366584368121444,0.016424202041174778,-0.05289905639567705,-0.011561115194260951,0.7755042385267465,35,14,0.4,FAIL
002161.SZ,3372,20120216,20260821,-0.03036829025007448,-0.893060334568449,0.1452594040573713,-0.027734043277813925,-0.8541154125706332,0.046253243134265654,23,0.391304347826087,-0.023253495631261667,-0.8541154125706332,0.05971832956900109,0.007114794618812814,0.03894492199781585,0.4961447212336892,23,12,0.5217391304347826,PASS,-0.033028283104292955,-0.8902835864244192,0.08791925409764721,-0.0026599928542184736,0.002776748144029839,0.7491103202846975,36,15,0.4166666666666667,中性
002167.SZ,3371,20120215,20260821,0.02932112092341832,-0.7828533177072975,0.2617467254938226,-0.015725510220360728,-0.8299211368294699,0.08983496650852636,20,0.45,-0.010686498137030043,-0.8299211368294699,0.10426550180977438,-0.04000761906044836,-0.047067819122172394,0.5502818154850193,20,8,0.4,FAIL,-0.03838779128985159,-0.8986398279970864,0.08360292706081739,-0.06770891221326991,-0.11578651028978892,0.8246811035301097,29,10,0.3448275862068966,FAIL
002168.SZ,3115,20120216,20260821,-0.05598291462723093,-0.9141986062717771,0.07191619431812728,-0.13370042081863542,-0.91872881108916,-0.3441161155381776,24,0.16666666666666666,-0.13052131924316235,-0.91872881108916,-0.3299732805028069,-0.07453840461593142,-0.004530204817382977,0.47383627608346707,24,10,0.4166666666666667,FAIL,-0.027263679483815695,-0.7818022581250167,0.1020284588991096,0.028719235143415234,0.13239634814676038,0.7643659711075441,31,15,0.4838709677419355,PASS
002172.SZ,3431,20120215,20260821,-0.007402365688403023,-0.8718091009988901,0.18811253933285957,-0.012786571228208476,-0.795746947940235,0.08003666674589267,19,0.42105263157894735,-0.014535149768713285,-0.795746947940235,0.07498974574388388,-0.0071327840803102616,0.07606215305865505,0.4552608568930341,18,10,0.5555555555555556,PASS,-0.04556819279102453,-0.9292960134699484,0.0719705649823684,-0.03816582710262151,-0.057486912471058305,0.816671524336928,28,12,0.42857142857142855,FAIL
002174.SZ,3282,20120220,20260821,0.08091599248035797,-0.8585252074779379,0.37472154088465265,0.031368470599913545,-0.8523908852886688,0.21997492193737567,21,0.3333333333333333,0.03353172915885039,-0.8523908852886688,0.22590408297395256,-0.04738426332150758,0.006134322189269126,0.4628275441803778,21,10,0.47619047619047616,FAIL,0.05726415588095968,-0.872784616569835,0.31354327703266066,-0.02365183659939829,-0.014259409091897046,0.7909811090798293,30,13,0.43333333333333335,中性
002176.SZ,3389,20120215,20260821,0.05881170048265205,-0.9355723023141387,0.33173668985390714,-4.467861313228738e-05,-0.8596631897712425,0.14723916319687175,20,0.5,0.0016813090629941296,-0.8596631897712423,0.1516883294674286,-0.05713039141965792,0.07590911254289634,0.5131307170256713,20,9,0.45,中性,0.13810570623991092,-0.8145738464738463,0.47768262862855565,0.07929400575725887,0.12099845584029234,0.7453526113897905,33,19,0.5757575757575758,PASS
002179.SZ,3517,20120215,20260821,0.16717069527911987,-0.5334033663751101,0.5296619360354164,0.07142873427852559,-0.6054501604660544,0.30688881791911093,16,0.5625,0.07371363442877299,-0.6054501604660544,0.31364873929743964,-0.09345706085034688,-0.07204679409094428,0.5754904748365084,15,6,0.4,FAIL,0.050889471258866115,-0.6588086621763372,0.26835351703238125,-0.11628122402025376,-0.12540529580122706,0.8851293716235428,27,9,0.3333333333333333,FAIL
002180.SZ,3190,20120215,20260821,0.06806008843107691,-0.7707171810999596,0.345922786422595,-0.021167709559894554,-0.8923227734914,0.032022086801754855,21,0.2857142857142857,-0.017557051901857523,-0.8923227734914,0.0441873396905508,-0.08561714033293444,-0.12160559239144042,0.4122257053291536,21,7,0.3333333333333333,FAIL,0.0278865053671693,-0.7825510468557654,0.23443197682712982,-0.040173583063907614,-0.011833865755805806,0.7783699059561129,34,13,0.38235294117647056,FAIL
002181.SZ,3480,20120215,20260821,0.01873871637174873,-0.8698693418959357,0.25422690912485263,-0.1836057536116562,-0.9798738953104352,-0.3439106243547082,24,0.125,-0.181224896784285,-0.9798738953104352,-0.3360315251207851,-0.19996361315603373,-0.11000455341449955,0.5626436781609195,24,5,0.20833333333333334,FAIL,-0.0685838479250096,-0.9366699674326755,0.05137118345511658,-0.08732256429675833,-0.06680062553673982,0.8505747126436781,29,9,0.3103448275862069,FAIL
002182.SZ,3511,20120215,20260821,0.07938702206549308,-0.6790540540540541,0.3539525362741542,-0.03595090080465335,-0.7121804184421479,0.013799997930817822,28,0.35714285714285715,-0.036026659669439964,-0.7121804184421477,0.013633861204018063,-0.11541368173493305,-0.03312636438809369,0.5630874394759328,28,12,0.42857142857142855,FAIL,-0.055920348098815964,-0.8783707564472835,0.02060668746377254,-0.13530737016430905,-0.1993167023932294,0.8086015380233552,40,10,0.25,FAIL
002183.SZ,3389,20120216,20260821,0.03431391811911877,-0.9214294432693936,0.28499249266173915,0.04311970351150607,-0.8788984136791544,0.2427062954494884,19,0.47368421052631576,0.04209134610569887,-0.8788984136791544,0.23991941697070646,0.007777427986580099,0.04253102959023913,0.4868692829743287,19,11,0.5789473684210527,PASS,0.03832534835441681,-0.9316335912545717,0.25113494319994595,0.004011430235298041,-0.010204147985178103,0.7683682502213042,33,14,0.42424242424242425,反例
002185.SZ,3501,20120215,20260821,0.17545832271796402,-0.6997935513181002,0.5403648864032762,0.02525917883352191,-0.7833224847018938,0.1933112723727298,22,0.5,0.02509206712003742,-0.7833224847018937,0.1929238981171167,-0.1503662555979266,-0.08352893338379352,0.5558411882319337,21,6,0.2857142857142857,FAIL,0.09139569804947367,-0.734478753018558,0.37031642696462785,-0.08406262466849035,-0.03468520170045786,0.8331905169951442,29,8,0.27586206896551724,FAIL
002186.SZ,3511,20120215,20260821,-0.019917350980046433,-0.7731104252409604,0.05727725571421393,-0.09465171121291738,-0.8595968480961061,-0.2719735602815896,24,0.2916666666666667,-0.08983192510292193,-0.8595968480961059,-0.2515866259817079,-0.0699145741228755,-0.08648642285514552,0.5200797493591569,23,6,0.2608695652173913,FAIL,-0.05163577398341024,-0.8361858075611841,-0.054106655972910006,-0.031718423003363805,-0.0630753823202237,0.8424950156650527,30,9,0.3,FAIL
002190.SZ,3292,20120215,20260821,0.019988102569347577,-0.8348540303958222,0.25025035495289405,-0.08565102700260496,-0.9308158013730707,-0.11209792721380453,19,0.3157894736842105,-0.08573329217627212,-0.9308158013730707,-0.11233670931609147,-0.1057213947456197,-0.09596177097724856,0.531591737545565,19,7,0.3684210526315789,FAIL,-0.04936299497959007,-0.9506812087695281,0.06124170548983375,-0.06935109754893765,-0.11582717837370593,0.8134872417982989,31,12,0.3870967741935484,FAIL
002191.SZ,3396,20120215,20260821,-0.0018555908831847656,-0.7910821277220621,0.12281880668790612,0.032173572090589575,-0.6274653799293959,0.17759150079998842,19,0.3684210526315789,0.03344883423391387,-0.6274653799293959,0.18211556585550367,0.03530442511709864,0.16361674779266622,0.4870435806831567,19,11,0.5789473684210527,PASS,-0.0007825721062437729,-0.7372462479679934,0.09737506452812736,0.0010730187769409927,0.05383587975406867,0.833922261484099,28,8,0.2857142857142857,PASS
002192.SZ,3409,20120216,20260821,0.14056942978882225,-0.8546236054038733,0.4869217458019875,0.08228259097240609,-0.8005752316219161,0.3520452953745306,19,0.3684210526315789,0.0833602790024337,-0.8005752316219162,0.35458472098995625,-0.05720915078638855,0.05404837378195704,0.46318568495159873,19,7,0.3684210526315789,中性,0.13104925894652664,-0.8378692571491976,0.4642917054220996,-0.009520170842295617,0.0167543482546757,0.7926078028747433,29,13,0.4482758620689655,中性
002194.SZ,3478,20120216,20260821,0.0346834413628776,-0.8703959218026475,0.2795478283593505,-0.12116286567754653,-0.9404172637133719,-0.21065026193481032,27,0.2962962962962963,-0.12202275631717496,-0.9404172637133719,-0.21323953429497688,-0.15670619768005256,-0.0700213419107244,0.5454284071305348,27,9,0.3333333333333333,FAIL,0.010954526479072912,-0.8250425121727623,0.2051687744629776,-0.023728914883804686,0.04535340962988521,0.7725704427832087,34,14,0.4117647058823529,PASS
002195.SZ,3433,20120216,20260821,0.12410126129137677,-0.8722367238968874,0.4488270658966148,0.08728449657233628,-0.7959289325914738,0.35655822478592647,21,0.2857142857142857,0.09078269440771392,-0.7959289325914737,0.365645903066485,-0.03331856688366286,0.07630779130541376,0.47888144480046607,21,7,0.3333333333333333,中性,0.07721643871559003,-0.8455315202133162,0.34279235526511226,-0.046884822575786744,0.02670520368357121,0.7797844450917565,33,12,0.36363636363636365,FAIL
002200.SZ,3400,20120216,20260821,-0.032535923705779846,-0.8670212765957447,0.053968083113362986,-0.10729885133871886,-0.874918852962494,-0.3003486886739164,24,0.25,-0.10484145279467738,-0.874918852962494,-0.2901409926743448,-0.07230552908889754,-0.00789757636674937,0.5576470588235294,23,7,0.30434782608695654,FAIL,-0.13259356476966377,-0.9317104039166664,-0.29059934378326724,-0.10005764106388393,-0.06468912732092169,0.8323529411764706,35,7,0.2,FAIL
002202.SZ,3512,20120215,20260821,0.09937303636345396,-0.6733653036326096,0.38570953216698467,0.06338901572776501,-0.6412003260389514,0.28223122207422036,19,0.3684210526315789,0.0640729613743436,-0.6412003260389516,0.28423719048528756,-0.035300074989110364,0.032164977593657995,0.5333143507972665,19,7,0.3684210526315789,中性,0.09679644792027364,-0.5869128172984771,0.37657562353231033,-0.0025765884431803165,0.0864524863341325,0.80125284738041,29,10,0.3448275862068966,PASS
002203.SZ,3296,20120216,20260821,0.12835376463521264,-0.49922600619195057,0.4813056463558814,0.0517232753070036,-0.7576933386998851,0.25053233103308076,19,0.3684210526315789,0.055445643451148996,-0.7576933386998851,0.2641649543939208,-0.07290812118406365,-0.2584673325079345,0.5673543689320388,19,5,0.2631578947368421,FAIL,0.0621460271438492,-0.6925388200774729,0.2916742464136847,-0.06620773749136344,-0.19331281388552235,0.8671116504854369,28,9,0.32142857142857145,FAIL
002204.SZ,3525,20120216,20260821,-0.007981228948531482,-0.7180515889894878,0.14016652118210407,-0.09257280449679306,-0.8104371858457655,-0.19286797684029472,21,0.14285714285714285,-0.08927682533544568,-0.8104371858457655,-0.1818807229865575,-0.08129559638691419,-0.09238559685627767,0.4765957446808511,21,8,0.38095238095238093,FAIL,-0.03033714025964418,-0.7216822219330361,0.06116472140155984,-0.022355911311112697,-0.003630632943548262,0.8190070921985816,31,13,0.41935483870967744,中性
002212.SZ,3276,20120215,20260821,-0.0010930475638657455,-0.8659825363238948,0.1603330663051632,-0.06428676515578569,-0.830195714593309,-0.20350594980651546,20,0.25,-0.06439746697307003,-0.8301957145933091,-0.20376941806998908,-0.06330441940920428,0.03578682173058567,0.38278388278388276,20,9,0.45,中性,-0.060023391787921154,-0.8623924191097012,-0.04357645504991469,-0.05893034422405541,0.0035901172141935556,0.7970085470085471,37,10,0.2702702702702703,FAIL
002216.SZ,3511,20120215,20260821,0.06339977988698942,-0.767463547281293,0.2951474719446827,0.05442513716848074,-0.6556771706640983,0.24768314942403719,17,0.47058823529411764,0.0581189896915284,-0.6556771706640983,0.2603607312032812,-0.005280790195461016,0.1117863766171947,0.4155511250356024,16,8,0.5,PASS,-0.012610835894321881,-0.8460770527128942,0.07775709502353867,-0.0760106157813113,-0.07861350543160128,0.8510395898604386,33,7,0.21212121212121213,FAIL
002217.SZ,3320,20120215,20260821,-0.047862723719154676,-0.9201478489892185,0.0821343408598378,-0.030416398146807522,-0.9238952441228697,-0.008341507028483597,20,0.3,-0.03076759860313616,-0.9238952441228697,-0.009545478624872338,0.017095125116018517,-0.003747395133651188,0.4478915662650602,20,8,0.4,反例,-0.0515059563456961,-0.9130715215801275,0.012776620332653536,-0.003643232626541426,0.007076327409091032,0.7777108433734939,31,11,0.3548387096774194,中性
002218.SZ,3515,20120215,20260821,-0.023961984713356754,-0.7185456855004421,0.13137051795839783,-0.09014026653657448,-0.8959858466565676,-0.15143951741011544,20,0.3,-0.08850403143262742,-0.8959858466565676,-0.14559373159308647,-0.06454204671927066,-0.1774401611561255,0.5004267425320057,20,5,0.25,FAIL,-0.0913923338103112,-0.8944137370308499,-0.05884889941779261,-0.06743034909695445,-0.17586805153040785,0.836130867709815,32,9,0.28125,FAIL
002219.SZ,3056,20120217,20260821,-0.018121027853451155,-0.9448584975302775,0.1339249262750815,0.031097133409729416,-0.6744120632754825,0.19566345050833606,17,0.5294117647058824,0.029758136828772708,-0.6744120632754824,0.1908350330706345,0.04787916468222386,0.2704464342547951,0.4028141361256545,16,5,0.3125,PASS,-0.035732995651045596,-0.9059438024619024,0.047947538795586275,-0.01761196779759444,0.03891469506837508,0.7797774869109948,29,10,0.3448275862068966,PASS
002221.SZ,3487,20120215,20260821,0.07455482676922665,-0.7801010863151377,0.3293642033736767,-0.050054636774260475,-0.9457111259281205,-0.09712598904077924,27,0.25925925925925924,-0.04582953206431428,-0.9457111259281205,-0.08200710017971648,-0.12038435883354093,-0.1656100396129827,0.44336105534843706,27,6,0.2222222222222222,FAIL,-0.05327767351082813,-0.9488392661243008,-0.02414870661733059,-0.12783250028005477,-0.16873817980916306,0.8273587611127043,41,8,0.1951219512195122,FAIL
002223.SZ,3451,20120215,20260821,0.08511857314833682,-0.653133920252571,0.35249849878515566,0.021966964757207164,-0.6650308644881162,0.15392880346380508,20,0.4,0.02110174680049992,-0.6650308644881164,0.15127853241798056,-0.0640168263478369,-0.011896944235545437,0.6203998840915677,19,7,0.3684210526315789,FAIL,0.055783091181462074,-0.6477714395894036,0.27018767446918335,-0.029335481966874744,0.005362480663167357,0.8559837728194726,26,6,0.23076923076923078,中性
002225.SZ,3418,20120216,20260821,-0.06111278706529644,-0.7806042485166562,-0.018053236573271382,-0.2291105701718018,-0.9800963654991476,-0.7589125336178374,25,0.12,-0.22808360232324298,-0.9800963654991476,-0.7538154625529189,-0.16697081525794655,-0.19949211698249136,0.593622001170275,24,3,0.125,FAIL,-0.12501156175465566,-0.8773197760910916,-0.23043126739127806,-0.06389877468935923,-0.09671552757443536,0.861029842012873,29,6,0.20689655172413793,FAIL
002226.SZ,3194,20120222,20260821,0.016378264369961038,-0.6734347864798573,0.18514756561313428,-0.0035763840862778062,-0.6292861072021926,0.03798410880775152,15,0.26666666666666666,-0.0026250381088930297,-0.6292861072021926,0.041975494573219425,-0.019003302478854067,0.04414867927766475,0.4370695053224796,14,5,0.35714285714285715,PASS,-0.0608251830676767,-0.8135262813048764,-0.07970489832669896,-0.07720344743763774,-0.14009149482501904,0.8337507827175955,32,9,0.28125,FAIL
002230.SZ,3453,20120215,20260821,0.14061507352722158,-0.5897260273972602,0.47724276996535225,0.026214833164854623,-0.7205797643016902,0.18795955197502826,23,0.391304347826087,0.033726948926736,-0.7205797643016902,0.20949119196534818,-0.10688812460048558,-0.13085373690443003,0.5702287865624095,23,7,0.30434782608695654,FAIL,0.05139779190809168,-0.7233900239914309,0.27785027828805614,-0.0892172816191299,-0.13366399659417072,0.7987257457283522,37,9,0.24324324324324326,FAIL
002232.SZ,3524,20120216,20260821,0.037950982469569405,-0.7954598585050754,0.2897650292156561,-0.1471848784661064,-0.9628643625519904,-0.30150407472611146,27,0.14814814814814814,-0.1448977934128587,-0.9628643625519904,-0.2940774645798128,-0.1828487758824281,-0.16740450404691498,0.5451191827468785,27,7,0.25925925925925924,FAIL,-0.11399113897800772,-0.9578314302585343,-0.07635811290597158,-0.15194212144757713,-0.16237157175345895,0.8144154370034052,36,11,0.3055555555555556,FAIL
002233.SZ,3484,20120215,20260821,0.015884396288705638,-0.6918367346938776,0.15860264587247838,0.034122990617924565,-0.7780335407438745,0.17467258858454454,13,0.5384615384615384,0.02441707030689111,-0.7780335407438745,0.14048582487480452,0.008532674018185471,-0.08619680604999691,0.45665901262916186,14,5,0.35714285714285715,反例,-0.03372484320824454,-0.7776801789854344,-0.016268283052506112,-0.049609239496950175,-0.08584344429155677,0.8349598163030999,29,7,0.2413793103448276,FAIL
002236.SZ,3517,20120216,20260821,0.10643053906254774,-0.6311258592709231,0.40062037036800463,0.03940891985855233,-0.6056327110270187,0.20248665820042472,20,0.45,0.04358968036971711,-0.6056327110270187,0.21613613878716367,-0.06284085869283063,0.025493148243904473,0.4691498436167188,20,6,0.3,FAIL,0.03323639864894634,-0.6891023704438628,0.21456916766801296,-0.0731941404136014,-0.05797651117293967,0.8046630651123117,37,13,0.35135135135135137,FAIL
002237.SZ,3508,20120215,20260821,0.04143978660503933,-0.5752505084775659,0.2569507559349911,0.029439567416540413,-0.5382271472115263,0.18116523620546382,18,0.3888888888888889,0.02084856362882559,-0.5382271472115263,0.15555989510749557,-0.02059122297621374,0.037023361266039556,0.4811858608893957,19,10,0.5263157894736842,PASS,0.017015360772544952,-0.607917919920476,0.1853336237928248,-0.02442442583249438,-0.03266741144291008,0.8417901938426454,28,12,0.42857142857142855,中性
002238.SZ,3374,20120215,20260821,0.00434678664758148,-0.8006472251822077,0.18779568817675096,-0.010048296398609269,-0.7101445938935229,0.08886999168482622,19,0.3684210526315789,-0.004518006151966181,-0.7101445938935229,0.10549873501208916,-0.00886479279954766,0.09050263128868474,0.530823947836396,18,5,0.2777777777777778,PASS,-0.07385730254925282,-0.8723958482970715,-0.02916732528793833,-0.0782040891968343,-0.07174862311486385,0.8452874925903971,31,9,0.2903225806451613,FAIL
002240.SZ,3240,20120215,20260821,0.14856765669948757,-0.8539134610563182,0.5136552507008258,0.134437286681794,-0.8703908510669793,0.4846771375939822,15,0.4,0.1390903644398731,-0.8703908510669793,0.4949137853784704,-0.009477292259614467,-0.016477390010661175,0.47932098765432096,15,5,0.3333333333333333,中性,0.14867311658131022,-0.7790704982411801,0.5118224098680164,0.00010545988182264487,0.07484296281513803,0.8169753086419753,27,10,0.37037037037037035,PASS
002241.SZ,3511,20120215,20260821,0.09209306882961732,-0.7460072853975293,0.37663462013589327,0.06481415639829136,-0.6985085621481777,0.29135093384439587,22,0.45454545454545453,0.06657366736773485,-0.6985085621481777,0.2961793817219998,-0.025519401461882474,0.04749872324935156,0.5744802050697807,22,8,0.36363636363636365,PASS,0.08880944703815485,-0.7475388390259552,0.3610394744196475,-0.0032836217914624655,-0.0015315536284259412,0.8174309313585872,32,10,0.3125,中性
002242.SZ,3499,20120215,20260821,0.03992463860742257,-0.7927471106378357,0.23997337915960967,0.01352335344948341,-0.7869581045955871,0.12231409050728516,20,0.4,0.015525091284687376,-0.7869581045955869,0.1291183002094619,-0.024399547322735193,0.0057890060422487455,0.5621606173192341,19,10,0.5263157894736842,中性,0.03607322508607291,-0.7116095801935463,0.2130652036269997,-0.003851413521349656,0.0811375304442894,0.801086024578451,30,11,0.36666666666666664,PASS
002244.SZ,3515,20120215,20260821,0.08339528262005413,-0.7175641470231691,0.34736258858039515,0.013599367159759401,-0.6912967960170302,0.12614290144053214,19,0.3157894736842105,0.023372891629526826,-0.6912967960170304,0.15766295074014444,-0.06002239099052731,0.02626735100613864,0.47339971550497867,18,7,0.3888888888888889,FAIL,0.08135484962153972,-0.64627585979811,0.3374686706651296,-0.0020404329985144187,0.07128828722505909,0.7903271692745377,30,13,0.43333333333333335,PASS
002249.SZ,3413,20120216,20260821,0.044153778943187394,-0.7938359377403181,0.28759281302211614,-0.07463097110707062,-0.9094815716499899,-0.16527151154510997,21,0.2857142857142857,-0.06757763664680327,-0.9094815716499899,-0.1397294536881739,-0.11173141558999067,-0.11564563390967175,0.4696747729270437,21,6,0.2857142857142857,FAIL,-0.009236255512012126,-0.8332055528213651,0.1734927149227309,-0.05339003445519952,-0.03936961508104697,0.8075007324934076,33,12,0.36363636363636365,FAIL
002250.SZ,3513,20120215,20260821,0.039364863640964476,-0.845590278377832,0.2372219056684046,0.041795847908884465,-0.7072913858167931,0.20649394097021592,20,0.5,0.04472589219064549,-0.7072913858167931,0.216566988922342,0.005361028549681013,0.1382988925610389,0.5015656134358099,20,6,0.3,PASS,0.010342838847543279,-0.8278269616843961,0.14266557423667298,-0.029022024793421197,0.017763316693435893,0.8013094221463137,34,10,0.29411764705882354,中性
002251.SZ,3442,20120215,20260821,-0.06539718311104203,-0.922218044723762,0.0020564421615391964,-0.056862830525515995,-0.8538632746620392,-0.09524329801656414,19,0.3684210526315789,-0.05464496491614701,-0.853863274662039,-0.08727198120018503,0.010752218194895025,0.06835477006172297,0.5095874491574666,19,10,0.5263157894736842,PASS,-0.08985680409480923,-0.9438632767870938,-0.11228495519439266,-0.024459620983767194,-0.0216452320633318,0.7838466008134806,32,14,0.4375,中性
002252.SZ,3041,20120215,20260821,0.07113921232831077,-0.8256319676103665,0.3370235607046803,0.08650120552336293,-0.5541344046935257,0.3714466114034165,11,0.18181818181818182,0.08958938931769045,-0.5541344046935259,0.3810036577769203,0.018450176989379674,0.2714975629168406,0.39756658993752053,11,4,0.36363636363636365,PASS,0.04575415684965001,-0.8244937616726349,0.26406843306428407,-0.025385055478660767,0.0011382059377316178,0.8585991450180862,20,5,0.25,中性
002254.SZ,3480,20120215,20260821,0.041727952850517,-0.7050160470445164,0.24300333377441571,-0.022291340694968076,-0.608328326844543,-0.024188234114674557,21,0.42857142857142855,-0.022310308983422455,-0.608328326844543,-0.02432992609472472,-0.06403826183393946,0.0966877201999734,0.4324712643678161,20,6,0.3,中性,-0.0050458842064116105,-0.6318244097646706,0.09265233153889227,-0.04677383705692861,0.07319163727984579,0.8235632183908046,32,11,0.34375,中性
002258.SZ,3517,20120215,20260821,0.11873011936451472,-0.7285445237519204,0.42807320306218866,0.08525562459937475,-0.5586353944562901,0.348717207844615,15,0.4666666666666667,0.08878184701435266,-0.5586353944562901,0.3574347633116136,-0.029948272350162064,0.1699091292956303,0.6531134489621837,14,5,0.35714285714285715,PASS,0.05780373241937409,-0.7216859679184955,0.28925854004867424,-0.06092638694514063,0.006858555833424873,0.8473130508956497,26,8,0.3076923076923077,FAIL
002261.SZ,3365,20120215,20260821,0.10756485029872542,-0.896878615631164,0.4378112080050944,-0.017283054484877436,-0.9267979770081257,0.09339874482625928,19,0.21052631578947367,-0.02009097986618935,-0.9267979770081257,0.08742273081656089,-0.12765583016491477,-0.029919361376961717,0.4436849925705795,20,7,0.35,FAIL,0.016271186639486457,-0.896826326161387,0.23849450106282546,-0.09129366365923897,5.228946977697824e-05,0.763150074294205,36,11,0.3055555555555556,FAIL
002262.SZ,3526,20120215,20260821,0.12321765112182925,-0.6017151024297285,0.4408769211234165,0.020753639759118148,-0.6647223624149419,0.1415643058311349,20,0.5,0.02551556211203998,-0.6647223624149418,0.1586661115048291,-0.09770208900978927,-0.06300725998521328,0.6134429948950653,19,7,0.3684210526315789,FAIL,0.04485786479073983,-0.751852175002343,0.2341755697231337,-0.07835978633108942,-0.15013707257261455,0.861883153715258,26,7,0.2692307692307692,FAIL
002265.SZ,3414,20120215,20260821,0.07239533114946828,-0.8133033419023137,0.3642150203295151,0.061565211699128986,-0.7787579924498554,0.3012112207893193,23,0.2608695652173913,0.06446122789721387,-0.7787579924498554,0.3082366454410336,-0.00793410325225441,0.03454534945245824,0.4513766842413591,23,9,0.391304347826087,PASS,-0.00795244122746408,-0.9087744631222191,0.18518757216231477,-0.08034777237693236,-0.09547112121990542,0.7703573520796719,36,11,0.3055555555555556,FAIL
002266.SZ,3379,20120216,20260821,0.04045683816677226,-0.8263204719425835,0.2420373526391146,-0.037354483247483916,-0.879912368257635,-0.08423537002027298,19,0.15789473684210525,-0.03305029378842228,-0.8799123682576349,-0.06718355663948868,-0.07350713195519454,-0.053591896315051346,0.4723290914471737,18,5,0.2777777777777778,FAIL,0.021526060659484703,-0.8311243991804544,0.17473744898163732,-0.018930777507287555,-0.004803927237870931,0.7957975732465227,29,9,0.3103448275862069,中性
002267.SZ,3519,20120215,20260821,0.02129123517464615,-0.6945986146529379,0.15184886458147,0.019815210532807548,-0.5337916011956076,0.10820677203428965,14,0.35714285714285715,0.022438845537560592,-0.5337916011956076,0.1188227755695828,0.0011476103629144419,0.16080701345733028,0.6231884057971014,13,6,0.46153846153846156,PASS,0.0015350790626800226,-0.7133842956882659,0.07739825719311375,-0.019756156111966128,-0.01878568103532796,0.8991190679170219,20,6,0.3,中性
002268.SZ,3402,20120215,20260821,0.07364900544452468,-0.8134562585605289,0.3493285137639549,-0.05987194177739408,-0.9614641653182199,-0.07262802076903113,27,0.25925925925925924,-0.056143400767230345,-0.9614641653182199,-0.06033720725042995,-0.12979240621175503,-0.14800790675769093,0.4853027630805409,27,9,0.3333333333333333,FAIL,0.02837333023298405,-0.8831517742277998,0.22778661149129006,-0.045275675211540634,-0.06969551566727084,0.7548500881834215,36,14,0.3888888888888889,FAIL
002269.SZ,3480,20120215,20260821,-0.11795519465730508,-0.9176182707993474,-0.0688136454977123,-0.11816045071077574,-0.9371669497446429,-0.2399721910029317,19,0.21052631578947367,-0.11726673776561569,-0.9371669497446429,-0.2367375268589005,0.000688456891689393,-0.01954867894529544,0.38362068965517243,19,9,0.47368421052631576,反例,-0.15785544600273338,-0.9663150714857869,-0.23092929362908143,-0.039900251345428295,-0.048696800686439445,0.792816091954023,33,7,0.21212121212121213,FAIL
002271.SZ,3516,20120215,20260821,0.13642463134825733,-0.8354409955104715,0.4642289704807298,0.15382928392097983,-0.6561360610835438,0.5408830722291906,20,0.45,0.15554652565634908,-0.656136061083544,0.5453914765369663,0.019121894308091747,0.1793049344269274,0.6117747440273038,20,8,0.4,PASS,0.1401798665774625,-0.6742938850704485,0.47885461299724347,0.0037552352292051783,0.16114711044002294,0.8253697383390216,29,10,0.3448275862068966,PASS
002273.SZ,3461,20120216,20260821,0.15085300023394654,-0.6808619921357069,0.4968855595718466,-0.04082136056737029,-0.7732313396728161,0.03536930390068878,26,0.34615384615384615,-0.0395871820714464,-0.7732313396728162,0.03880213681738909,-0.19044018230539295,-0.09236934753710935,0.6307425599537706,26,7,0.2692307692307692,FAIL,0.04721873150233358,-0.7960345132409015,0.28404449525227865,-0.10363426873161297,-0.1151725211051946,0.8185495521525571,34,8,0.23529411764705882,FAIL
002274.SZ,3492,20120215,20260821,0.043718494976152655,-0.7264875046426487,0.26647654926805153,-0.052671381395384964,-0.8602440146819995,-0.05743691987279706,21,0.23809523809523808,-0.05202242349357822,-0.8602440146819996,-0.05539589020247921,-0.09574091846973087,-0.13375651003935096,0.44186712485681556,21,7,0.3333333333333333,FAIL,-0.004147704556169862,-0.7572911274325018,0.1360743394001612,-0.04786619953232252,-0.030803622789853158,0.8032646048109966,33,9,0.2727272727272727,FAIL
002275.SZ,3523,20120215,20260821,0.036273825633655,-0.658268656716418,0.20445369441408692,-0.0020853442878591144,-0.7283117655750665,0.03316524869643015,16,0.4375,0.001239686978652177,-0.7283117655750666,0.046569606440280985,-0.03503413865500282,-0.07004310885864862,0.5492478001703094,16,6,0.375,FAIL,-0.01565412376137243,-0.8162114920519852,0.02614184855129888,-0.05192794939502743,-0.1579428353355672,0.8739710474027818,23,6,0.2608695652173913,FAIL
002276.SZ,3452,20120216,20260821,0.0510658466529772,-0.8953089726773937,0.28846542933178654,0.022245639772437764,-0.8534789135422691,0.1764750204067079,20,0.45,0.02799789091018723,-0.8534789135422692,0.1929576435715775,-0.02306795574278997,0.0418300591351245,0.5454808806488992,20,9,0.45,PASS,0.06722113562026077,-0.8823156728806156,0.31330974684829804,0.016155288967283576,0.012993299796778102,0.7862108922363847,30,15,0.5,反例
002277.SZ,3505,20120215,20260821,0.011780057993280302,-0.827476241240497,0.20427469255396913,-0.06154574001326185,-0.8581379015725182,-0.043815024818298395,24,0.4166666666666667,-0.05827079783691003,-0.8581379015725182,-0.034111758830256834,-0.07005085583019033,-0.030661660332021223,0.5726105563480742,24,7,0.2916666666666667,FAIL,-0.005636971220668308,-0.8300322861336309,0.14465352320849237,-0.01741702921394861,-0.0025560448931338797,0.8262482168330956,30,11,0.36666666666666664,中性
002280.SZ,2739,20120215,20240626,-0.13213687460837897,-0.989822882818355,-0.003349492620151724,0.07507047925173804,-0.9056018471560401,0.3430155816797168,14,0.2857142857142857,0.07419413841782707,-0.9056018471560401,0.340815092571931,0.20633101302620604,0.08422103566231487,0.3833515881708653,14,7,0.5,PASS,-0.01471002705669866,-0.9493637316613528,0.1821108110147983,0.11742684755168031,0.04045915115700216,0.7320189850310332,31,15,0.4838709677419355,PASS
002281.SZ,3479,20120222,20260821,0.22566458598650585,-0.6177594197767122,0.6226572385587607,0.10937601703857602,-0.5980823069251642,0.4091475199764077,21,0.5714285714285714,0.0775656225340482,-0.5980823069251644,0.335697185878943,-0.14809896345245765,0.01967711285154783,0.5981603909169302,22,6,0.2727272727272727,FAIL,0.15315331697961865,-0.6514370425473948,0.4991102450121038,-0.0725112690068872,-0.033677622770682536,0.8301235987352688,30,13,0.43333333333333335,FAIL
002283.SZ,3387,20120215,20260821,0.050147018747427996,-0.7829934891030679,0.2845783168643566,0.04998007886666911,-0.7558132968695437,0.2603082543218016,17,0.4117647058823529,0.05187934152311113,-0.7558132968695437,0.26558246102683686,0.0017323227756831372,0.027180192233524192,0.5798641865958075,17,6,0.35294117647058826,反例,0.037366281101256726,-0.8429137176773812,0.2390881450810953,-0.01278073764617127,-0.05992022857431334,0.8296427516976675,26,10,0.38461538461538464,中性
002285.SZ,3492,20120216,20260821,-0.0014287951368613383,-0.9390588134152282,0.2176491691431593,-0.11078663773357234,-0.9058741196293667,-0.23073550695294268,23,0.17391304347826086,-0.1018572498695246,-0.9058741196293668,-0.2003305652545942,-0.10042845473266326,0.03318469378586142,0.3510882016036655,23,9,0.391304347826087,中性,-0.007837322439325667,-0.9371009478794735,0.16644686629093247,-0.0064085273024643286,0.0019578655357547214,0.7577319587628866,38,14,0.3684210526315789,中性
002287.SZ,3521,20120215,20260821,0.04923589299035647,-0.6256123757483685,0.26763225177830585,-0.02540619803938393,-0.7751051472203473,0.013533744037779058,20,0.35,-0.018026498461157003,-0.7751051472203472,0.03788473236624794,-0.06726239145151347,-0.1494927714719787,0.5046861687020733,20,6,0.3,FAIL,-0.01782008539750901,-0.7945867583617525,0.08649976369275894,-0.06705597838786548,-0.16897438261338404,0.8398182334564044,32,11,0.34375,FAIL
002292.SZ,3381,20120215,20260821,-0.0065952650431303494,-0.9339664691777367,0.20184431370957676,-0.016686517554932667,-0.7682723465206758,0.10176891447908992,18,0.3888888888888889,-0.0148093205353651,-0.7682723465206757,0.10710815886838498,-0.00821405549223475,0.16569412265706107,0.5113871635610766,17,8,0.47058823529411764,PASS,0.03494776310032277,-0.8227995019223008,0.2665544591333295,0.04154302814345312,0.11116696725543596,0.7778763679384797,27,15,0.5555555555555556,PASS
002293.SZ,3503,20120216,20260821,0.02969698403336052,-0.7352513088262729,0.20145642017338994,0.009353242576150445,-0.7013562679048312,0.08893908146607844,16,0.4375,0.011732905893233836,-0.7013562679048312,0.09771916622512392,-0.017964078140126682,0.03389504092144169,0.5795032829003711,15,6,0.4,PASS,0.004259728388512851,-0.8147450803660495,0.11283251611184401,-0.025437255644847667,-0.07949377153977666,0.8467028261490152,23,7,0.30434782608695654,中性
002294.SZ,3526,20120215,20260821,0.11065229299999135,-0.62432202905146,0.4091381780519521,0.03340591334385956,-0.6794521789890178,0.17192318541856644,22,0.45454545454545453,0.03746607703466087,-0.679452178989018,0.18655501232077926,-0.07318621596533048,-0.05513014993755805,0.5224049914917753,22,7,0.3181818181818182,FAIL,0.11669233102495657,-0.53694226095484,0.42968348461005945,0.006040038024965222,0.08737976809661996,0.8218944980147476,31,12,0.3870967741935484,PASS
002299.SZ,3412,20120215,20260821,0.027818589297152085,-0.6659689725549105,0.21318341745172908,0.0015630393397803033,-0.4817556686694743,0.07195396158653189,19,0.47368421052631576,0.005549531503366234,-0.4817556686694744,0.08626272293361814,-0.02226905779378585,0.1842133038854361,0.48007033997655335,19,8,0.42105263157894735,PASS,-0.007043569856501897,-0.6544857433756718,0.09575593007431873,-0.03486215915365398,0.011483229179238719,0.7919109026963658,33,11,0.3333333333333333,FAIL
002302.SZ,3428,20120215,20260821,-0.004568682876644914,-0.8081552894738949,0.2066109766028285,-0.14571534104257566,-0.9365823040244714,-0.19087736945358888,21,0.19047619047619047,-0.14491524983226167,-0.9365823040244714,-0.18851019892979834,-0.14034656695561676,-0.12842701455057648,0.558634772462077,20,4,0.2,FAIL,-0.07233840488067289,-0.8564386655496248,0.05077526520112277,-0.06776972200402798,-0.048283376075729856,0.8299299883313885,29,11,0.3793103448275862,FAIL
002303.SZ,3394,20120216,20260821,0.07437830655299371,-0.8864883434034908,0.33413541926994506,0.005385164174410484,-0.8641521252382199,0.1137727302705368,19,0.3684210526315789,-0.010614117859068295,-0.86415212523822,0.06710958283919904,-0.084992424412062,0.02233621816527076,0.5851502651738362,19,4,0.21052631578947367,FAIL,0.05285728408437573,-0.8486190940456335,0.27333502949785415,-0.02152102246861798,0.03786924935785729,0.8470830878020036,28,9,0.32142857142857145,PASS
002304.SZ,3524,20120216,20260821,-0.022120863821003534,-0.8227899740390645,0.0529879127270078,0.005265960006997306,-0.6559204751253618,0.06725752925404202,18,0.3888888888888889,0.009041971566778217,-0.6559204751253619,0.08144633725940538,0.03116283538778175,0.16686949891370262,0.4741770715096481,17,7,0.4117647058823529,PASS,-0.016316252282275845,-0.7494470906041988,0.04570897272369252,0.005804611538727689,0.07334288343486572,0.7880249716231555,33,17,0.5151515151515151,PASS
002305.SZ,3436,20120215,20260821,-0.03733210560567657,-0.8947590773118131,0.1369825341978697,-0.11642721239351894,-0.9534273126222343,-0.23011470508036705,19,0.2631578947368421,-0.11755695518167841,-0.9534273126222343,-0.23294368520220027,-0.08022484957600184,-0.0586682353104212,0.4121071012805588,19,6,0.3157894736842105,FAIL,-0.15044662458224167,-0.9807985766318758,-0.17276515460289468,-0.1131145189765651,-0.0860394993200626,0.7980209545983702,31,10,0.3225806451612903,FAIL
002306.SZ,3115,20120215,20260821,-0.045541348747608956,-0.8690763052208835,0.07438606929453351,-0.18639437993072905,-0.9673799483615861,-0.6379031149414924,20,0.25,-0.18567499382119457,-0.9673799483615861,-0.6347133141846771,-0.1401336450735856,-0.09830364314070261,0.4696629213483146,20,6,0.3,FAIL,-0.09650477873801266,-0.9310008290458085,-0.11973997290723475,-0.05096342999040371,-0.06192452382492497,0.7887640449438202,30,7,0.23333333333333334,FAIL
002308.SZ,2896,20120215,20240822,-0.2097767828619269,-0.9879813227005636,-0.32353163019877357,-0.14763520739903468,-0.9578454832683354,-0.356814137726908,22,0.18181818181818182,-0.14546305078874833,-0.9578454832683354,-0.3489065948946105,0.06431373207317859,0.030135839432228195,0.4544198895027624,22,8,0.36363636363636365,PASS,-0.08359956957048031,-0.9252917264523417,-0.05862280230663844,0.1261772132914466,0.0626895962482219,0.7424033149171271,33,15,0.45454545454545453,PASS
002309.SZ,3289,20120216,20260821,-0.08207564632880171,-0.958418639887699,-0.007999026458006438,-0.09493385153070233,-0.8847294445025113,-0.24816914774030643,20,0.3,-0.09364685657527294,-0.8847294445025113,-0.24317502392760343,-0.01157121024647123,0.0736891953851877,0.4186682882335056,19,9,0.47368421052631576,PASS,-0.08622298745743784,-0.9478593032603734,-0.07489871353980472,-0.004147341128636128,0.010559336627325666,0.8111888111888111,29,10,0.3448275862068966,中性
002310.SZ,3311,20120216,20260821,-0.05965125838600882,-0.963396221650726,0.004243324643358921,-0.026461178874111035,-0.8715512816390173,-0.014335064715684657,16,0.4375,-0.02161012275177998,-0.8715512816390172,0.0032406028121771424,0.03804113563422884,0.09184494001170884,0.4599818785865297,16,10,0.625,PASS,-0.07352583077677666,-0.9534367617763516,-0.08208462907597211,-0.013874572390767836,0.00995945987437441,0.7903956508607671,28,11,0.39285714285714285,中性
002311.SZ,3515,20120216,20260821,0.14944619449097685,-0.5874258950540054,0.5138274334440911,0.11490779064938428,-0.440184802636719,0.47047542205059184,17,0.6470588235294118,0.11926890820520764,-0.4401848026367188,0.4860624185189969,-0.03017728628576921,0.14724109241728667,0.5308677098150782,16,5,0.3125,中性,0.12144620468043743,-0.635862275832852,0.45294195172515983,-0.027999989810539416,-0.0484363807788466,0.8364153627311522,29,12,0.41379310344827586,中性
002312.SZ,3124,20120217,20260821,0.11207397998239088,-0.9340804444863622,0.4505762657958215,0.12489216668848391,-0.8834464019009531,0.47561238345812423,15,0.4666666666666667,0.1293881603186846,-0.8834464019009531,0.48640214712757945,0.017314180336293727,0.050634042585409045,0.5227272727272727,15,7,0.4666666666666667,PASS,0.11133342040576588,-0.8786469841596696,0.44410773657743624,-0.0007405595766249995,0.05543346032669261,0.791933418693982,27,11,0.4074074074074074,PASS
002314.SZ,3335,20120215,20260821,-0.05070135362673822,-0.8968408057464639,0.05090362229046596,-0.10615613919776135,-0.9104341496344419,-0.3025460902929389,18,0.16666666666666666,-0.10349006971115404,-0.9104341496344419,-0.2920338858153438,-0.05278871608441582,-0.01359334388797806,0.383208395802099,18,8,0.4444444444444444,FAIL,-0.10479149061946691,-0.9487242816047794,-0.1347526683561838,-0.05409013699272869,-0.05188347585831554,0.8059970014992504,33,7,0.21212121212121213,FAIL
002315.SZ,3524,20120216,20260821,0.08269588123697402,-0.8487816308254503,0.3755779957592891,0.03645368999576171,-0.8458153766252136,0.22625848890885208,22,0.45454545454545453,0.04010459639813169,-0.8458153766252134,0.23561769936915547,-0.042591284838842336,0.002966254200236884,0.4594211123723042,22,9,0.4090909090909091,FAIL,-0.018418806205403038,-0.9196181266474097,0.15597370774735808,-0.10111468744237706,-0.07083649582195939,0.8013620885357549,36,17,0.4722222222222222,FAIL
002317.SZ,3461,20120215,20260821,0.13311621718533995,-0.7290152311470458,0.4612187822029838,-0.09402607599543988,-0.8811362592185832,-0.18619772071588117,24,0.2916666666666667,-0.09244557698762212,-0.8811362592185832,-0.18090819999617577,-0.22556179417296207,-0.15212102807153738,0.5674660502744872,23,5,0.21739130434782608,FAIL,0.0016758590517897964,-0.7811297930539569,0.16378584259852227,-0.13144035813355015,-0.052114561906911105,0.8338630453626119,31,8,0.25806451612903225,FAIL
002318.SZ,3500,20120215,20260821,0.12924674890000554,-0.826321287408244,0.45319927058155157,-0.022044624260805445,-0.8480291870947675,0.02688423627836486,20,0.35,-0.020430009496710033,-0.8480291870947675,0.032026359493869005,-0.14967675839671557,-0.021707899686523535,0.6634285714285715,20,3,0.15,FAIL,0.05859322346770912,-0.8596076646552427,0.2810669550917823,-0.07065352543229642,-0.03328637724699879,0.8868571428571429,23,6,0.2608695652173913,FAIL
002320.SZ,3374,20120215,20260821,0.07204169480378741,-0.6323315681181709,0.34453555126873553,-0.013240516591439322,-0.6877619182846839,0.09782722233948474,20,0.35,-0.010469813839614095,-0.6877619182846837,0.10563992882561887,-0.08251150864340151,-0.055430350166512765,0.505334914048607,20,5,0.25,FAIL,0.0038277133034134714,-0.7435469852959586,0.17746889117740403,-0.06821398150037394,-0.11121541717778771,0.8120924718435092,31,10,0.3225806451612903,FAIL
002322.SZ,3397,20120217,20260821,0.03852146658555,-0.7794426110907405,0.2520164909569875,-0.0260318058564053,-0.8070087455331469,0.016199202685854668,23,0.30434782608695654,-0.025104017140707535,-0.8070087455331469,0.01937636333380191,-0.06362548372625754,-0.02756613444240641,0.6446864880777157,22,5,0.22727272727272727,FAIL,-0.0094596326189752,-0.8579915462221983,0.1089239390418985,-0.0479810992045252,-0.07854893513145778,0.8110097144539299,30,11,0.36666666666666664,FAIL
002325.SZ,2889,20120215,20240628,-0.170771291217365,-0.9812782098281452,-0.2721970528429553,-0.0681193628576452,-0.8788558037415188,-0.16191248417164097,16,0.3125,-0.06004745773154607,-0.8788558037415186,-0.13171390761333976,0.11072383348581893,0.10242240608662656,0.42436829352717204,16,8,0.5,PASS,-0.13430469029877945,-0.9667552885985466,-0.24359412803106342,0.03646660091858556,0.014522921229598529,0.7725856697819314,27,9,0.3333333333333333,反例
002326.SZ,3411,20120215,20260821,0.09583994858446676,-0.9042955707819434,0.4061142096104052,0.0907318788886724,-0.7036804638028111,0.3720726809759456,25,0.36,0.08813704879456008,-0.7036804638028111,0.3660925872663957,-0.007702899789906681,0.20061510697913232,0.48284960422163586,24,7,0.2916666666666667,PASS,0.09467767782801761,-0.8663110697899555,0.3935184609853564,-0.0011622707564491463,0.03798450099198791,0.7637056581647611,36,16,0.4444444444444444,PASS
002327.SZ,3520,20120216,20260821,0.03614257667013265,-0.6630765046285125,0.21336998237979254,-0.04357243814600997,-0.8167977350433044,-0.08002799845069539,21,0.2857142857142857,-0.0432014785650674,-0.8167977350433046,-0.07807640372733027,-0.07934405523520005,-0.15372123041479202,0.6122159090909091,21,4,0.19047619047619047,FAIL,0.012079695736983309,-0.7383510587282788,0.1329062854256388,-0.024062880933149344,-0.07527455409976624,0.8588068181818181,24,8,0.3333333333333333,中性
002328.SZ,3457,20120215,20260821,0.05410925424268864,-0.7862642324820395,0.2928201742601292,0.01127358642146481,-0.8254096443456188,0.1445920138487282,22,0.45454545454545453,0.011625161944653684,-0.8254096443456188,0.14605275865710002,-0.04248409229803496,-0.03914541186357934,0.5201041365345676,22,8,0.36363636363636365,FAIL,0.030327647528834323,-0.8496816841865815,0.22321315379737625,-0.02378160671385432,-0.06341745170454205,0.809372288111079,33,15,0.45454545454545453,中性
002332.SZ,3509,20120215,20260821,0.04599705130043752,-0.7074079300185726,0.2566339874593032,-0.06326348807788662,-0.8683168444347168,-0.17809990015021532,23,0.43478260869565216,-0.06229459409489013,-0.8683168444347167,-0.17405352830747783,-0.10829164539532765,-0.16090891441614408,0.5024223425477344,23,4,0.17391304347826086,FAIL,-0.03526695034287464,-0.8522306255174041,0.005291548443384316,-0.08126400164331216,-0.14482269549883153,0.8304360216585922,33,11,0.3333333333333333,FAIL
002335.SZ,3413,20120215,20260821,0.14571999773012467,-0.7918097190195575,0.49346413695036173,0.18181250648823477,-0.6008964749477473,0.5740364786444198,19,0.5789473684210527,0.18358843850289697,-0.6008964749477472,0.577749002691889,0.037868440772772294,0.19091324407181032,0.5481980662174041,19,8,0.42105263157894735,PASS,0.1079564516953746,-0.7844011700813369,0.41842952641971826,-0.03776354603475007,0.007408548938220627,0.7869909170817463,33,11,0.3333333333333333,FAIL
002336.SZ,3155,20120215,20250703,-0.23560614142869052,-0.9849082884114859,-0.19053682206138123,-0.08601349842899864,-0.931704067862082,-0.1334396297689491,22,0.3181818181818182,-0.08528729877447361,-0.931704067862082,-0.13103684054515605,0.1503188426542169,0.05320422054940388,0.5315372424722662,22,8,0.36363636363636365,PASS,-0.26540003739662477,-0.9899133220822357,-0.32389315200001667,-0.029793895967934247,-0.005005033670749781,0.835499207606973,29,10,0.3448275862068966,中性
002340.SZ,3450,20120215,20260821,0.07828869483324619,-0.6963207137175798,0.3429928743462608,0.031061779506537546,-0.4907250681301235,0.18129184342655227,20,0.5,0.03675417206564924,-0.49072506813012384,0.1997931823354248,-0.04153452276759695,0.2055956455874559,0.4420289855072464,20,8,0.4,中性,0.09137556348315168,-0.6080931890305428,0.3678166537566811,0.013086868649905492,0.08822752468703698,0.7904347826086957,31,15,0.4838709677419355,PASS
002342.SZ,3504,20120215,20260821,0.012093844870583403,-0.8034649412401547,0.21879040371451264,-0.11959810016592431,-0.883519141077352,-0.2616400413737028,22,0.2727272727272727,-0.11830224281205881,-0.883519141077352,-0.2568314851481343,-0.13039608768264221,-0.0800541998371973,0.4720319634703196,22,5,0.22727272727272727,FAIL,-0.10224939797158361,-0.9443983074258296,-0.07269824001544849,-0.11434324284216701,-0.14093336618567498,0.8264840182648402,32,7,0.21875,FAIL
002344.SZ,3428,20120216,20260821,-0.06290136131363644,-0.8946442953912737,-0.07444932931636228,-0.05402095972212961,-0.8171726879859806,-0.14200379410934144,21,0.2857142857142857,-0.051391391489524985,-0.8171726879859806,-0.1317715784901681,0.011509969824111455,0.07747160740529302,0.5408401400233372,20,9,0.45,PASS,-0.0695687002736246,-0.8909139233703239,-0.14268303287587245,-0.006667338959988167,0.0037303720209497238,0.8153442240373395,28,12,0.42857142857142855,中性
002345.SZ,3323,20120215,20260821,0.05613386968661871,-0.8333374501171533,0.2920217729556665,0.07534670184298076,-0.7130961589780671,0.3314438529632878,16,0.5,0.07954545554184489,-0.7130961589780671,0.3451680473447115,0.02341158585522618,0.12024129113908621,0.4920252783629251,16,7,0.4375,PASS,0.01396926419184119,-0.8312861355442505,0.16667779403141889,-0.04216460549477752,0.0020513145729028626,0.8077038820343063,31,14,0.45161290322580644,FAIL
002352.SZ,3478,20120215,20260821,0.12418729345405777,-0.7112363661913976,0.4436921419730579,0.048839566434221826,-0.6742142875793218,0.23328562283452925,22,0.22727272727272727,0.051524588265538185,-0.6742142875793218,0.24219398733099506,-0.07266270518851958,0.03702207861207585,0.49137435307648075,21,10,0.47619047619047616,中性,0.09556507727250985,-0.6418826719810868,0.3755815361804098,-0.02862221618154792,0.06935369421031079,0.81196089706728,31,11,0.3548387096774194,PASS
002353.SZ,3412,20120215,20260821,0.16717305080781264,-0.7735809268564076,0.5364858549539507,0.011267081455215155,-0.8997522629456173,0.1452429109680674,22,0.36363636363636365,0.013650629198505682,-0.8997522629456173,0.15236244236591576,-0.15352242160930696,-0.12617133608920972,0.5805978898007034,21,4,0.19047619047619047,FAIL,0.13930804181544754,-0.7010165447219265,0.4836926115941482,-0.027865008992365103,0.07256438213448102,0.8256154747948418,30,8,0.26666666666666666,PASS
002354.SZ,3198,20120215,20260821,0.0407123823179345,-0.9600612805402772,0.31780090242621034,-0.02577370523338851,-0.9349944496938111,0.04506859840308984,24,0.25,-0.022642533264704223,-0.9349944496938111,0.05506111592184722,-0.06335491558263873,0.025066830846466104,0.4133833646028768,23,9,0.391304347826087,FAIL,0.055243692550141166,-0.9240364359239847,0.32115605483807336,0.014531310232206662,0.03602484461629252,0.734208880550344,35,13,0.37142857142857144,PASS
002358.SZ,3311,20120216,20260821,0.005200906304274833,-0.9328821534901481,0.1761936158555327,-0.15066073545531056,-0.961057040222294,-0.43847260188939785,27,0.18518518518518517,-0.15111426186931232,-0.961057040222294,-0.44018611206427444,-0.15631516817358715,-0.028174886732145854,0.5448504983388704,27,7,0.25925925925925924,FAIL,-0.03172836791117084,-0.8915660705499858,0.048381419651902874,-0.03692927421544567,0.04131608294016231,0.7777106614315916,32,10,0.3125,中性
002359.SZ,1801,20120217,20210722,-0.19785132326134514,-0.9899425287356322,-0.3482015147648664,-0.2071229138954963,-0.9597460471249122,-0.7660297856126835,12,0.4166666666666667,-0.21344860425465306,-0.9597460471249122,-0.782825502701875,-0.015597280993307927,0.030196481610719972,0.4969461410327596,13,3,0.23076923076923078,PASS,-0.2775888314058981,-0.990898310074951,-0.7548502408028858,-0.07973750814455294,-0.0009557813393188397,0.8017767906718489,21,7,0.3333333333333333,FAIL
002362.SZ,3523,20120217,20260821,0.007342499378427236,-0.7848008768724881,0.23028747534364427,-0.0745668221404655,-0.8983993220406036,-0.05372171833576161,28,0.35714285714285715,-0.07336989566995522,-0.8983993220406036,-0.05041445014010396,-0.08071239504838246,-0.11359844516811546,0.5347715015611695,28,13,0.4642857142857143,FAIL,-0.09147228350651782,-0.9353488923451261,-0.023552624046495052,-0.09881478288494505,-0.15054801547263796,0.7970479704797048,38,15,0.39473684210526316,FAIL
002366.SZ,3323,20120215,20260821,0.010761282470153732,-0.9589967593553517,0.2434192877525958,0.012460868710716833,-0.9063087858052956,0.1633332459834483,17,0.29411764705882354,0.012810913747710595,-0.9063087858052956,0.16430889914322774,0.0020496312775568626,0.052687973550056055,0.4908215467950647,17,6,0.35294117647058826,PASS,-0.015309170243782755,-0.9346440096229279,0.15671481825215092,-0.026070452713936487,0.02435274973242374,0.8188383990370147,31,10,0.3225806451612903,中性
002368.SZ,3307,20120215,20260821,0.05397108649773519,-0.7396186094177524,0.31637735322844396,-0.06118829658741354,-0.8794169042645181,-0.06392154932620815,25,0.36,-0.060070285508881605,-0.8794169042645182,-0.06040685233451573,-0.11404137200661679,-0.13979829484676587,0.5421832476564863,25,6,0.24,FAIL,0.02830341210978604,-0.8270423354860573,0.23997348012929381,-0.025667674387949146,-0.08742372606830495,0.7786513456304808,32,13,0.40625,中性
002371.SZ,3455,20120215,20260821,0.33540585903303377,-0.7159395973154362,0.7995609182741811,0.020621499648678432,-0.8444580821927912,0.19961441444823705,28,0.4642857142857143,0.022215274609653557,-0.8444580821927912,0.2037104692782154,-0.3131905844233802,-0.12851848487735495,0.5973950795947902,28,5,0.17857142857142858,FAIL,0.2153162274913336,-0.7352772502483078,0.6167722941935182,-0.12008963154170016,-0.019337652932871596,0.8338639652677279,34,6,0.17647058823529413,FAIL
002372.SZ,3526,20120215,20260821,0.11970103312137059,-0.6640936172779228,0.4313205431487048,0.018130641746744836,-0.59806495312191,0.13745707549163447,20,0.4,0.020263837007176377,-0.59806495312191,0.14441841625768498,-0.09943719611419422,0.06602866415601283,0.633862733976177,20,4,0.2,中性,0.06966085641981556,-0.6020858354443248,0.30352982659602257,-0.05004017670155503,0.06200778183359801,0.8425978445830969,28,7,0.25,中性
002373.SZ,3248,20120216,20260821,0.05434785698107558,-0.8137284131677017,0.3163756170326228,-0.016105343840426722,-0.8702896927597192,0.0678483897565549,22,0.3181818181818182,-0.010894016059430855,-0.8702896927597192,0.08452813162280867,-0.06524187304050644,-0.05656127959201751,0.49599753694581283,21,7,0.3333333333333333,FAIL,-0.05636446950945617,-0.9582229208039074,0.018612546227346684,-0.11071232649053175,-0.14449450763620564,0.8017241379310345,35,9,0.2571428571428571,FAIL
002375.SZ,3479,20120216,20260821,-0.053849921300328285,-0.9049793955353036,0.015631095322925316,-0.07396193948293373,-0.8291125373712523,-0.18953132496239905,19,0.2631578947368421,-0.06785385169589575,-0.8291125373712523,-0.16598897044837674,-0.014003930395567465,0.07586685816405125,0.43978154642138545,19,5,0.2631578947368421,PASS,-0.10934101415572584,-0.9404860823628695,-0.18858057294476013,-0.05549109285539755,-0.03550668682756586,0.8272492095429721,31,13,0.41935483870967744,FAIL
002378.SZ,3504,20120215,20260821,0.07713217749668266,-0.8355716298316054,0.3534474233475269,-0.07411150923496845,-0.8938731716091171,-0.08091272500273858,24,0.3333333333333333,-0.05572434527793091,-0.8938731716091171,-0.02538876333737625,-0.13285652277461357,-0.05830154177751168,0.5065639269406392,24,8,0.3333333333333333,FAIL,-0.04863008745629893,-0.9380602535565715,0.06367459212662002,-0.1257622649529816,-0.10248862372496614,0.8162100456621004,35,7,0.2,FAIL
002382.SZ,3390,20120215,20260821,0.03101812375049029,-0.880506639117059,0.24826137222248384,-0.0010666637252650935,-0.7321573018825638,0.09467647260110153,21,0.38095238095238093,0.0003481938405032192,-0.7321573018825639,0.09939308114829562,-0.03066992990998707,0.14834933723449506,0.41858407079646015,21,7,0.3333333333333333,中性,0.011979110071711263,-0.7820424002053615,0.17970897474930123,-0.019039013678779027,0.09846423891169742,0.7932153392330383,35,8,0.22857142857142856,PASS
002383.SZ,3311,20120215,20260821,-0.0006950848172229129,-0.7787011426732828,0.2008563827818767,-0.09209959656801969,-0.9039671165860841,-0.16797914657520144,25,0.24,-0.08746908525015074,-0.9039671165860842,-0.15261089683326207,-0.08677400043292782,-0.12526597391280136,0.4959226819691936,25,9,0.36,FAIL,-0.0911367167597289,-0.8526722792550401,-0.06381951643730509,-0.09044163194250598,-0.07397113658175725,0.7795228027786167,36,13,0.3611111111111111,FAIL
002384.SZ,3323,20120215,20260821,0.32944189346697406,-0.6704045150053641,0.8086158310655006,0.2001052424431351,-0.643080727506171,0.6214542028440553,21,0.5238095238095238,0.20423289433700864,-0.643080727506171,0.6300258229663688,-0.12520899912996541,0.027323787499193175,0.5988564550105326,20,7,0.35,FAIL,0.22624799386730698,-0.7850838857303799,0.6483712359750856,-0.10319389959966707,-0.11467937072501577,0.8606680710201625,31,8,0.25806451612903225,FAIL
002385.SZ,3491,20120216,20260821,0.0035564639592251535,-0.7751869130272397,0.15922132063899433,-0.0909350673348226,-0.8416819724411162,-0.29124458980436657,21,0.23809523809523808,-0.09001696482220645,-0.8416819724411162,-0.28750330739283914,-0.0935734287814316,-0.06649505941387646,0.41592666857633914,21,8,0.38095238095238093,FAIL,-0.06378882909731665,-0.8631803462400152,-0.06353920471890374,-0.0673452930565418,-0.08799343321277542,0.805213405900888,32,9,0.28125,FAIL
002386.SZ,3484,20120215,20260821,0.01466799624946602,-0.7341245828290608,0.20122505415728612,-0.008787186884019249,-0.7163879436949158,0.10022524837292049,22,0.3181818181818182,-0.007012161987699828,-0.7163879436949157,0.105279426498706,-0.021680158237165847,0.017736639134145138,0.5433409873708381,22,8,0.36363636363636365,中性,0.008941143572716026,-0.7616037021369647,0.17240862654219627,-0.005726852676749994,-0.02747911930790392,0.7921928817451206,29,11,0.3793103448275862,中性
002387.SZ,3359,20120215,20260821,-0.0024612463912523364,-0.7996289424860854,0.17644633904893592,0.06467063881267476,-0.5722072255189012,0.2953512046567735,16,0.4375,0.06620739417400134,-0.5722072255189012,0.3001264808129243,0.06866864056525368,0.22742171696718416,0.5040190532896696,16,9,0.5625,PASS,-0.05298955544392392,-0.9035823972574009,0.00048138471375203394,-0.05052830905267158,-0.10395345477131546,0.8079785650491218,32,9,0.28125,FAIL
002390.SZ,3370,20120216,20260821,0.026871349424080204,-0.8916583077899766,0.26799320957888256,0.020664555105387006,-0.8774170924226344,0.21526609700323052,19,0.3684210526315789,0.021789655410957343,-0.8774170924226345,0.21738361971458703,-0.005081694013122862,0.01424121536734202,0.4516320474777448,19,8,0.42105263157894735,中性,0.013311327596972733,-0.8938687861124301,0.22726126271434172,-0.013560021827107471,-0.0022104783224535796,0.8047477744807122,33,13,0.3939393939393939,中性
002392.SZ,3390,20120216,20260821,0.034644520916231825,-0.7858294780270887,0.23953758825492577,-0.03053646006631372,-0.8084064963660502,-0.012912654951194457,21,0.38095238095238093,-0.029642653552009124,-0.8084064963660503,-0.009829000167529963,-0.06428717446824095,-0.02257701833896164,0.5132743362831859,21,6,0.2857142857142857,FAIL,-0.03609903714259133,-0.8569140171253321,0.031638162182368534,-0.07074355805882315,-0.07108453909824342,0.81976401179941,33,13,0.3939393939393939,FAIL
002393.SZ,3525,20120215,20260821,-0.0037887083857202075,-0.697528464315468,0.08797429177478615,-0.020402562779117228,-0.5847973883969771,-0.022951009580317344,19,0.5263157894736842,-0.018455849412912895,-0.5847973883969771,-0.015548342314535037,-0.014667141027192687,0.11273107591849085,0.5083687943262412,19,5,0.2631578947368421,PASS,0.004882557587042147,-0.6480749846303064,0.09896443708684698,0.008671265972762354,0.04945347968516156,0.8320567375886525,27,11,0.4074074074074074,PASS
002396.SZ,3323,20120215,20260821,0.12530845813079106,-0.7286725555915614,0.4600247569799842,0.0302580165626416,-0.8023029782056885,0.22926676583958824,22,0.45454545454545453,0.031472267082559124,-0.8023029782056884,0.23249545616542808,-0.09383619104823193,-0.073630422614127,0.6467047848329822,21,6,0.2857142857142857,FAIL,0.073092442570736,-0.7649158527092919,0.3468185246577048,-0.05221601556005506,-0.036243297117730444,0.8435148961781522,27,8,0.2962962962962963,FAIL
002399.SZ,3295,20120215,20260821,-0.017598198845402813,-0.7532725806188433,0.05353696389635201,-0.023818689013895056,-0.6360773397201768,-0.05470204219694823,19,0.3684210526315789,-0.022680250065871044,-0.6360773397201767,-0.049739179756680345,-0.005082051220468231,0.11719524089866662,0.5320182094081942,18,8,0.4444444444444444,PASS,-0.01081565078746094,-0.6280567545584765,0.05054026195864216,0.006782548057941873,0.12521582606036674,0.8203338391502276,28,10,0.35714285714285715,PASS
002400.SZ,3298,20120215,20260821,0.08093825512764585,-0.8856037711714441,0.3733859864416007,0.06351778910730754,-0.7500638544211575,0.30569519430267295,20,0.4,0.06421857596223046,-0.7500638544211575,0.3075825990221051,-0.01671967916541539,0.13553991675028654,0.5042449969678593,19,10,0.5263157894736842,PASS,0.0993861004979193,-0.8818360555509722,0.40228141500876224,0.01844784537027344,0.0037677156204718454,0.7701637355973318,29,12,0.41379310344827586,反例
002402.SZ,3504,20120215,20260821,0.18444820946235008,-0.7274038461538461,0.5513446903795989,0.09739328715012396,-0.7236596331947471,0.3801415252982173,26,0.46153846153846156,0.098492127778673,-0.7236596331947469,0.3826590477854256,-0.08595608168367708,0.0037442129590992135,0.596175799086758,26,9,0.34615384615384615,FAIL,0.19456542144507116,-0.6743059088251069,0.5789609736581529,0.010117211982721086,0.05309793732873924,0.7773972602739726,32,12,0.375,PASS
002405.SZ,3390,20120215,20260821,-0.00025037050138010386,-0.8171858922504449,0.21791686442706268,-0.013830362514090866,-0.8170807475737165,0.13809157323934912,20,0.35,-0.00825535174335068,-0.8170807475737164,0.1516644824721253,-0.008004981241970577,0.00010514467672850802,0.5572271386430678,20,9,0.45,中性,0.031784862359852895,-0.7748504137835344,0.26471593522844467,0.032035232861233,0.04233547846691055,0.8297935103244838,24,12,0.5,PASS
002407.SZ,3437,20120215,20260821,0.14851956619834605,-0.7928760022500205,0.4973620209245871,0.1495335387528578,-0.7171691460392431,0.5013335152854348,23,0.43478260869565216,0.15297203668191806,-0.7171691460392431,0.5087650690549878,0.004452470483572002,0.07570685621077744,0.4506837358161187,22,11,0.5,PASS,0.08221378804422463,-0.755853384783752,0.371594091464788,-0.06630577815412142,0.03702261746626856,0.761419842886238,40,15,0.375,中性
002408.SZ,3347,20120215,20260821,0.009088916079782017,-0.7162013678663528,0.17384358098575386,-0.022789051979986263,-0.7102658512252604,0.01584934014943668,19,0.42105263157894735,-0.023391371197783117,-0.7102658512252604,0.013869578437775417,-0.032480287277565134,0.005935516641092375,0.5383925903794443,18,6,0.3333333333333333,FAIL,-0.04647206605408538,-0.7404573546109359,9.792654264557422e-05,-0.0555609821338674,-0.02425598674458307,0.8434418882581416,28,9,0.32142857142857145,FAIL
002409.SZ,3228,20120215,20260821,0.22925871876062143,-0.6830862779894566,0.6667634107975965,0.09451878983443884,-0.5430457466632614,0.39288566510573075,18,0.4444444444444444,0.0988296219286029,-0.5430457466632614,0.4040444720864805,-0.13042909683201853,0.1400405313261952,0.6171003717472119,17,4,0.23529411764705882,中性,0.22063318104394014,-0.668089568430536,0.6658402471022221,-0.008625537716681286,0.014996709558920629,0.8398389095415117,25,6,0.24,中性
002410.SZ,3487,20120215,20260821,0.05067302143883112,-0.8703882219037604,0.2901757453813249,0.04428106599545556,-0.7162388459245395,0.23032919414375466,22,0.4090909090909091,0.04854436095616266,-0.7162388459245395,0.2429159425307657,-0.002128660482668465,0.15414937597922096,0.5643819902494981,21,6,0.2857142857142857,PASS,0.057824311639978365,-0.8701051993197179,0.2882453444548971,0.007151290201147242,0.0002830225840425582,0.8193289360481789,31,11,0.3548387096774194,反例
002411.SZ,2399,20120216,20230711,-0.1924878925882968,-0.9817524802347737,-0.08100035417061192,-0.015689295643042223,-0.7820889198213623,0.10114868698957093,13,0.38461538461538464,-0.0036758902215705547,-0.7820889198213623,0.13711225983941577,0.18881200236672624,0.19966356041341138,0.5373072113380575,13,4,0.3076923076923077,PASS,-0.07634552460630084,-0.9287809517343251,-0.00916802906385223,0.11614236798199595,0.05297152850044862,0.7936640266777825,21,7,0.3333333333333333,PASS
002414.SZ,3441,20120215,20260821,0.16895905811291434,-0.7418628313102532,0.5374004211332494,0.07423973927134009,-0.7274387389098795,0.322124985668383,23,0.5217391304347826,0.07581821741542094,-0.7274387389098793,0.326423172756797,-0.0931408406974934,0.0144240924003739,0.5893635571054926,23,9,0.391304347826087,FAIL,0.10115770370737498,-0.7429574134624919,0.39356105898937754,-0.06780135440553936,-0.0010945821522386767,0.8233071781458878,32,9,0.28125,FAIL
002415.SZ,3478,20120215,20260821,0.1782188748991218,-0.6037461019725789,0.5666237542228811,0.09908361790636899,-0.4768008442638193,0.38889231984918105,19,0.3684210526315789,0.10566891990860539,-0.4768008442638194,0.408059035087779,-0.07254995499051642,0.12694525770875953,0.5989074180563543,19,4,0.21052631578947367,中性,0.14773308361054371,-0.5381491993838206,0.5068331367169714,-0.03048579128857809,0.06559690258875839,0.8490511788384129,27,11,0.4074074074074074,中性
002416.SZ,3456,20120215,20260821,0.02278077197569739,-0.7742939985892378,0.2435491289826991,-0.12172888673287285,-0.9556894023587096,-0.2949738671650195,25,0.24,-0.13056815744488504,-0.9556894023587096,-0.32175172059321633,-0.15334892942058242,-0.18139540376947183,0.45341435185185186,25,9,0.36,FAIL,0.01693743765571165,-0.7974708250310013,0.2055468312485376,-0.005843334319985738,-0.023176826441763554,0.8064236111111112,35,11,0.3142857142857143,中性
002419.SZ,3525,20120216,20260821,-0.03772339083104792,-0.713450314356569,0.04059175679707478,-0.09837943113711733,-0.8621018928163618,-0.2745746684762936,27,0.25925925925925924,-0.09382046968693847,-0.862101892816362,-0.25692128855610014,-0.05609707885589055,-0.14865157845979293,0.484822695035461,26,8,0.3076923076923077,FAIL,-0.06261870729875796,-0.8070034337556602,-0.06797148882191754,-0.024895316467710038,-0.09355311939909117,0.7775886524822695,37,10,0.2702702702702703,中性
002422.SZ,3502,20120215,20260821,0.09521390654749151,-0.5678948790017411,0.3736816807662191,-0.021182042536951662,-0.5965275503643708,-0.0031641233267656224,20,0.3,-0.019208337546114618,-0.5965275503643708,0.004089709132055996,-0.11442224409360613,-0.028632671362629702,0.6170759565962307,19,5,0.2631578947368421,FAIL,0.015139036919694426,-0.6678898419357,0.14767835191223358,-0.08007486962779709,-0.09999496293395893,0.8586521987435751,28,11,0.39285714285714285,FAIL
002423.SZ,3365,20120216,20260821,0.011616977971484088,-0.7376771756452525,0.22026608762494057,-0.1305219711275062,-0.8736657515001269,-0.32975326549294764,20,0.2,-0.1285483907327456,-0.8736657515001272,-0.3226426775324511,-0.1401653687042297,-0.13598857585487467,0.45438335809806835,20,7,0.35,FAIL,-0.040354261635615285,-0.8290944504637711,0.06770383108895069,-0.05197123960709937,-0.09141727481851858,0.7931649331352154,33,12,0.36363636363636365,FAIL
002424.SZ,3518,20120215,20260821,-0.00515009982430803,-0.9100380380022298,0.14412872511184413,-0.033125282390423116,-0.9144069677653671,-0.04267492490427234,22,0.22727272727272727,-0.03370474184507155,-0.9144069677653671,-0.044519391258413844,-0.02855464202076352,-0.004368929763137297,0.4343376918703809,22,9,0.4090909090909091,中性,-0.03437632896041365,-0.9248034614903082,0.032610477653549026,-0.02922622913610562,-0.01476542348807841,0.7890847072200113,35,12,0.34285714285714286,中性
002426.SZ,3199,20120215,20260821,0.03819144604459135,-0.8734968197198512,0.28539572482325415,0.002040410735485887,-0.8621640774605588,0.13907402739475133,17,0.29411764705882354,0.0019566579504950443,-0.8621640774605588,0.13885804422589337,-0.036234788094096304,0.011332742259292372,0.5608002500781494,17,5,0.29411764705882354,FAIL,0.043266225508388656,-0.8373423393104574,0.28359688052757387,0.005074779463797308,0.03615448040939373,0.8261956861519225,26,9,0.34615384615384615,PASS
002428.SZ,3518,20120215,20260821,0.18227798327797284,-0.8353038575441957,0.5454172711685674,0.013394531229555806,-0.7901255085767807,0.19136302794019985,26,0.3076923076923077,0.0133500404575424,-0.7901255085767807,0.19134128385681898,-0.16892794282043044,0.045178348967415016,0.5793064241046049,26,6,0.23076923076923078,中性,0.1319586430626012,-0.7834497823554567,0.4555946985338592,-0.050319340215371655,0.05185407518873897,0.8152359295054008,35,12,0.34285714285714286,中性
002429.SZ,3439,20120215,20260821,0.1284386263629047,-0.7339381228424413,0.4544787270454445,0.05487738765853489,-0.6367243110151923,0.26232565768723315,15,0.6,0.05569457645560005,-0.6367243110151926,0.2648130155199264,-0.07274404990730465,0.09721381182724875,0.46466996219831347,15,3,0.2,中性,0.08493346148701253,-0.6497182976254736,0.3569307785957608,-0.04350516487589218,0.08421982521696769,0.850828729281768,27,8,0.2962962962962963,中性
002430.SZ,3509,20120216,20260821,0.04321019889211608,-0.657767040781291,0.2728086524407899,-0.040994128399951646,-0.7430199934892222,-0.006587639347800281,22,0.36363636363636365,-0.038344729467455596,-0.7430199934892221,0.0015952724088550622,-0.08155492835957168,-0.0852529527079311,0.5773724707893987,22,7,0.3181818181818182,FAIL,0.021685716996106885,-0.6747790767653412,0.20684547695236802,-0.021524481896009195,-0.01701203598405021,0.84155029923055,28,10,0.35714285714285715,中性
002431.SZ,3371,20120215,20260821,-0.11151844932874377,-0.9337169841811359,-0.09969075325909244,-0.12282334598966071,-0.9210650035496274,-0.3365529684781461,20,0.3,-0.11776800807457655,-0.9210650035496273,-0.31729927918858686,-0.006249558745832773,0.01265198063150863,0.4446751705725304,20,10,0.5,中性,-0.2133038373283882,-0.981479342248261,-0.46314864499066966,-0.10178538799964443,-0.047762358067125144,0.7964995550281816,37,10,0.2702702702702703,FAIL
002432.SZ,3487,20120215,20260821,0.18258972942195606,-0.8887351349804582,0.547523996052922,0.054141300089566524,-0.8093103654916283,0.2790658722215469,22,0.3181818181818182,0.053959002863863015,-0.8093103654916283,0.2786871465370015,-0.12863072655809304,0.07942476948882993,0.47490679667335817,22,8,0.36363636363636365,中性,0.11185222180998888,-0.8055923920849793,0.4203269120110094,-0.07073750761196718,0.08314274289547885,0.7972469171207341,38,12,0.3157894736842105,中性
002434.SZ,3391,20120215,20260821,0.06530060186945796,-0.7327135386403254,0.3186933495566231,-0.016271486394619172,-0.7133725558806938,0.06429055458735493,22,0.36363636363636365,-0.011459132528253368,-0.7133725558806938,0.07904488620216925,-0.07675973439771133,0.019340982759631586,0.6207608375110587,22,6,0.2727272727272727,FAIL,0.02518732535093071,-0.7622896427561108,0.2085218764891736,-0.04011327651852725,-0.029576104115785373,0.8115600117959304,30,9,0.3,FAIL
002436.SZ,3371,20120215,20260821,0.19332568716224752,-0.688282306351298,0.5812250570268898,0.029851681451930068,-0.7528018081573207,0.21865079821566274,25,0.44,0.03228733695878083,-0.7528018081573208,0.22507084729691207,-0.16103835020346668,-0.06451950180602284,0.56036784336992,25,7,0.28,FAIL,0.1664275734980012,-0.6122703207723451,0.5369286889061796,-0.026898113664246326,0.07601198557895283,0.8223079204983684,30,11,0.36666666666666664,PASS
002437.SZ,3262,20120215,20260821,0.0479741953543773,-0.8803610812053457,0.28262867380341117,-0.043472262704723263,-0.822192694399155,-0.15068034327849839,19,0.2631578947368421,-0.041068227277993086,-0.822192694399155,-0.13950243602323043,-0.08904242263237039,0.05816838680619074,0.37339055793991416,19,6,0.3157894736842105,中性,0.023626445997650736,-0.875936910492247,0.198118775909674,-0.024347749356726567,0.004424170713098752,0.7915389331698345,35,17,0.4857142857142857,中性
002439.SZ,3371,20120215,20260821,0.08438437424278145,-0.7726197997644935,0.3698800240970141,-0.06872558844864596,-0.9235328517729496,-0.11642095075921938,26,0.34615384615384615,-0.06587914099674808,-0.9235328517729497,-0.10646715518794875,-0.15026351523952952,-0.15091305200845628,0.5087511124295462,25,5,0.2,FAIL,-0.016925452308876987,-0.9120993190234662,0.10643782505937598,-0.10130982655165843,-0.13947951925897273,0.7807772174428953,36,9,0.25,FAIL
002440.SZ,3465,20120215,20260821,0.08323307986103212,-0.7065550729796786,0.34943698827032943,0.0167633351205434,-0.7726542098260183,0.12349271463970483,22,0.36363636363636365,0.019030916334217052,-0.7726542098260183,0.131483449438466,-0.06420216352681507,-0.06609913684633972,0.4836940836940837,22,5,0.22727272727272727,FAIL,-0.010026845246978056,-0.8363693492694637,0.09370941376311114,-0.09325992510801018,-0.12981427628978515,0.8242424242424242,35,14,0.4,FAIL
002444.SZ,3521,20120215,20260821,0.14170681932209828,-0.7056339119720915,0.4756553115494726,0.03504248279557509,-0.8208733002999549,0.2142316655109868,24,0.2916666666666667,0.03636500338636939,-0.8208733002999549,0.21786007119177464,-0.10534181593572889,-0.1152393883278634,0.6472593013348481,24,5,0.20833333333333334,FAIL,0.12171711077915681,-0.742840361528365,0.4349949756444512,-0.019989708542941464,-0.0372064495562735,0.8349900596421471,27,10,0.37037037037037035,中性
002447.SZ,2191,20120216,20220624,-0.24399842155464457,-0.9852745929168694,-0.22218772318765287,-0.17887045688197112,-0.945735991961451,-0.47424770953887196,14,0.35714285714285715,-0.17233227300924392,-0.945735991961451,-0.4464520355492409,0.07166614854540065,0.03953860095541839,0.5823824737562757,14,4,0.2857142857142857,PASS,-0.29435410199028855,-0.9893273031983864,-0.4421797866436823,-0.05035568043564398,-0.004052710281516991,0.8644454586946599,17,2,0.11764705882352941,FAIL
002449.SZ,3478,20120215,20260821,0.018171178462677684,-0.7095543457078827,0.21387050329564042,-0.04726928111663031,-0.8669158025446523,-0.03020214132703791,22,0.3181818181818182,-0.043986624027557375,-0.8669158025446524,-0.01997783456432514,-0.06215780249023506,-0.15736145683676972,0.5839562967222541,22,9,0.4090909090909091,FAIL,0.00045361253615161523,-0.7711708316829715,0.15130506221084974,-0.01771756592652607,-0.06161648597508884,0.8545140885566418,27,8,0.2962962962962963,中性
002450.SZ,1573,20120215,20210528,-0.2608819747845411,-0.9924645042441393,-0.6913422351845064,0.005763616460449761,-0.7283803300651548,0.1214350619355818,12,0.5,0.009731835705817593,-0.7283803300651548,0.13901030117725394,0.2706138104903587,0.26408417417898455,0.5899554990464081,12,3,0.25,PASS,-0.16797433686032393,-0.9664607322609405,-0.47203563151728245,0.09290763792421719,0.02600377198319881,0.806738715829625,16,6,0.375,反例
002456.SZ,3451,20120217,20260821,0.0926512628000884,-0.8230988868232688,0.38735979359259315,0.005764689615308516,-0.8830653139413067,0.14147499310461698,22,0.4090909090909091,0.013186187480475953,-0.8830653139413067,0.16208340750425795,-0.07946507531961244,-0.0599664271180379,0.5140538974210374,21,8,0.38095238095238093,FAIL,0.045294700671033805,-0.8795326858295659,0.27393121764903605,-0.04735656212905459,-0.05643379900629708,0.7939727615184005,33,12,0.36363636363636365,FAIL
002458.SZ,3417,20120215,20260821,0.07778217850088298,-0.7968401486988848,0.35766473258921894,-0.07240567462406622,-0.810731332700363,-0.12490038768471348,25,0.32,-0.06693094959171542,-0.810731332700363,-0.1064610712632431,-0.1447131280925984,-0.013891184001478263,0.4261047702663155,25,8,0.32,FAIL,0.0017745006462357438,-0.8024968082822186,0.17641219097872501,-0.07600767785464724,-0.005656659583333834,0.8042142230026339,39,9,0.23076923076923078,FAIL
002459.SZ,3439,20120216,20260821,0.02797983396729875,-0.876029121518018,0.27197257073014547,0.07787059478477643,-0.7778859293573488,0.3417674985177157,17,0.4117647058823529,0.07804115632112096,-0.7778859293573488,0.3421497126247716,0.05006132235382221,0.09814319216066925,0.5862169235242803,17,8,0.47058823529411764,PASS,0.0012656309086058748,-0.7997395110855258,0.19970898737721618,-0.026714203058692876,0.07628961043249227,0.842977609770282,28,10,0.35714285714285715,PASS
002460.SZ,3443,20120215,20260821,0.23586961839427523,-0.8311546886110032,0.6385236919275669,0.20740637189079236,-0.7444282444903281,0.6192976229267632,20,0.55,0.21034432692275673,-0.7444282444903281,0.6251486108708191,-0.025525291471518496,0.0867264441206751,0.5335463258785943,20,10,0.5,PASS,0.13999086869502642,-0.853023378273958,0.47729427887421916,-0.09587874969924881,-0.021868689662954854,0.8132442637234969,36,8,0.2222222222222222,FAIL
002461.SZ,3481,20120217,20260821,0.04147491332312225,-0.6866151575396109,0.2371529989822254,-0.03814769768764559,-0.7965851886783885,-0.07629256622528652,19,0.21052631578947367,-0.03836945667876168,-0.7965851886783885,-0.07709877588187691,-0.07984437000188394,-0.10997003113877757,0.5515656420568802,18,5,0.2777777777777778,FAIL,0.0061323192710500685,-0.7109190279990867,0.1238153891541375,-0.035342594052072185,-0.024303870459475796,0.8738868141338696,23,8,0.34782608695652173,FAIL
002463.SZ,3525,20120216,20260821,0.2967195231439459,-0.7163989215333304,0.7342135289256326,0.11014148611564178,-0.7364220458578232,0.4073203800603525,23,0.4782608695652174,0.10827138021862659,-0.7364220458578232,0.4029846264845733,-0.1884481429253193,-0.020023124324492825,0.5182978723404256,23,7,0.30434782608695654,FAIL,0.20320005290267695,-0.7172094217182057,0.5887497865655679,-0.09351947024126894,-0.0008105001848752735,0.8422695035460993,31,5,0.16129032258064516,FAIL
002465.SZ,3383,20120215,20260821,0.07994324773010963,-0.6938851828888367,0.3483804828051559,-0.08725237385148488,-0.9209915326862333,-0.26519273726554654,23,0.21739130434782608,-0.08154142726349589,-0.9209915326862332,-0.24206642418843907,-0.16148467499360553,-0.22710634979739652,0.4753177652970736,23,3,0.13043478260869565,FAIL,-0.01669790654761638,-0.8812271208638928,0.07537453405199686,-0.09664115427772602,-0.18734193797505605,0.8318060892698788,35,10,0.2857142857142857,FAIL
002466.SZ,3376,20120215,20260821,0.1646695130103808,-0.8172815512830344,0.4740023850634156,0.0520983331162459,-0.8177972349698839,0.3158851974749723,19,0.47368421052631576,0.05629135293287546,-0.8177972349698839,0.32099401518241005,-0.10837816007750534,-0.0005156836868495107,0.5165876777251185,19,7,0.3684210526315789,FAIL,0.08044538012784441,-0.7844007717298995,0.372879901411514,-0.08422413288253638,0.03288077955313484,0.8204976303317536,30,11,0.36666666666666664,中性
002468.SZ,3395,20120215,20260821,0.06259793498497768,-0.8582510681969894,0.3110764110723537,0.017218819644573058,-0.7535212685674582,0.1542361028668465,19,0.3684210526315789,0.019070164470985862,-0.7535212685674583,0.15994084502851916,-0.043527770513991815,0.1047297996295311,0.4556701030927835,19,6,0.3157894736842105,中性,0.050733997155631316,-0.7933630194190654,0.27232907576969256,-0.01186393782934636,0.06488804877792398,0.7949926362297496,28,11,0.39285714285714285,PASS
002470.SZ,3415,20120215,20260821,-0.03875279756090011,-0.9317059442850534,0.044673394716778066,-0.025933952490634016,-0.8255873920766789,-0.02328043878840306,18,0.2777777777777778,-0.024166603605691672,-0.8255873920766787,-0.016817107820035933,0.014586193955208437,0.10611855220837463,0.5142020497803806,18,7,0.3888888888888889,PASS,0.0012578690356761513,-0.8604257477664131,0.11931499276054816,0.04001066659657626,0.07128019651864026,0.7935578330893118,28,11,0.39285714285714285,PASS
002472.SZ,3514,20120215,20260821,0.14865328795032595,-0.7794625751199463,0.4877592372568547,0.050103962785902345,-0.6760402604793163,0.24940810871450336,24,0.375,0.050812701216288,-0.6760402604793163,0.2513966354765041,-0.09784058673403795,0.10342231464063001,0.5461013090495163,23,9,0.391304347826087,中性,0.0987058363939477,-0.7083013765505928,0.3825314916615547,-0.04994745155637825,0.07116119856935355,0.8076266363118952,33,10,0.30303030303030304,中性
002475.SZ,3506,20120215,20260821,0.2811394561623246,-0.592747830634048,0.7403328321228028,0.12304059600785,-0.6420312873639606,0.44830391523832097,23,0.5652173913043478,0.1279775483587431,-0.6420312873639604,0.4612014549925262,-0.15316190780358152,-0.04928345672991241,0.5955504848830576,23,4,0.17391304347826086,FAIL,0.21770847259582715,-0.5074917402776469,0.6428343954403165,-0.06343098356649746,0.08525609035640114,0.8545350827153452,29,5,0.1724137931034483,中性
002477.SZ,1683,20120217,20191015,-0.3006107208016303,-0.9823737862141309,-0.5779255850093694,-0.1062447649910584,-0.8045708226455529,-0.26473631785632074,8,0.5,-0.10482880339202916,-0.8045708226455528,-0.25949762672466786,0.19578191740960116,0.17780296356857805,0.39750445632798576,8,4,0.5,PASS,-0.23096341312199875,-0.9421059269655978,-0.5131984403452471,0.06964730767963156,0.040267859248533044,0.7658942364824718,19,4,0.21052631578947367,PASS
002479.SZ,3485,20120217,20260821,-0.012419501179477876,-0.8350610217819301,0.09522296906720214,-0.07454925128655232,-0.9130556841690916,-0.22454202761736722,22,0.36363636363636365,-0.07114513012749302,-0.9130556841690916,-0.21072068217624923,-0.05872562894801514,-0.07799466238716146,0.5199426111908177,21,7,0.3333333333333333,FAIL,-0.016316644581467865,-0.7845120266662979,0.051795786675192586,-0.0038971434019899887,0.050548995115632156,0.8172166427546629,31,10,0.3225806451612903,PASS
002480.SZ,3483,20120215,20260821,-0.017806941216552685,-0.8942410203866807,0.13065771710167534,-0.061693205984416744,-0.9136577373536616,-0.09316632595326708,20,0.25,-0.05944168037828701,-0.9136577373536616,-0.0858072297285657,-0.041634739161734324,-0.019416716966980885,0.43755383290267014,20,8,0.4,FAIL,-0.07027982739435013,-0.9486974379496631,-0.037987925839959066,-0.05247288617779744,-0.05445641756298236,0.7884008039046799,35,13,0.37142857142857144,FAIL
002482.SZ,3477,20120215,20260821,-0.0941197087005653,-0.9292095534116901,-0.06506618454343463,-0.1847979822995227,-0.9668667239992719,-0.6188250860799307,24,0.25,-0.17776136689611555,-0.9668667239992719,-0.5877735665434429,-0.08364165819555025,-0.03765717058758178,0.38912855910267474,24,7,0.2916666666666667,FAIL,-0.16216573807034973,-0.9582027822424053,-0.3231066631789629,-0.06804602936978443,-0.0289932288307152,0.7842968075927523,39,9,0.23076923076923078,FAIL
002487.SZ,3505,20120215,20260821,0.1718946781197701,-0.8279133986337515,0.5289356630207872,0.16135742223638205,-0.7758433942035706,0.5350610019882672,19,0.42105263157894735,0.1644580844319421,-0.7758433942035705,0.5424444832616608,-0.007436593687828008,0.05207000443018095,0.503851640513552,19,5,0.2631578947368421,PASS,0.18359930359857635,-0.7766300827174516,0.5612923089671944,0.011704625478806241,0.051283315916299865,0.7937232524964337,34,12,0.35294117647058826,PASS
002489.SZ,3492,20120216,20260821,0.03584301641241039,-0.8303180179769128,0.23758432156082,0.055219845739746365,-0.7600440407219327,0.25790163350279277,16,0.3125,0.056595241400889895,-0.7600440407219327,0.26209327774321656,0.020752224988479506,0.07027397725498019,0.48911798396334477,16,7,0.4375,PASS,0.06938234922933484,-0.7219110023109252,0.30759575282759516,0.03353933281692445,0.10840701566598765,0.7981099656357389,26,17,0.6538461538461539,PASS
002490.SZ,3521,20120215,20260821,0.029757709758736928,-0.9185912240184757,0.28311503843402186,-0.08897577468244433,-0.8886975276348469,-0.09772433953387424,22,0.3181818181818182,-0.08751211834385664,-0.8886975276348468,-0.09342638875548857,-0.11726982810259357,0.02989369638362893,0.5197387105935813,22,9,0.4090909090909091,FAIL,-0.0824773130935369,-0.955194505461309,0.016953995060436603,-0.11223502285227382,-0.03660328144283331,0.8105651803464925,36,11,0.3055555555555556,FAIL
002491.SZ,3287,20120215,20260821,0.13955982040817627,-0.911457562396989,0.4898355087302521,0.06844908786788495,-0.8784721762218819,0.31900428130408165,20,0.4,0.06837850993665873,-0.8784721762218819,0.3188224590234685,-0.07118131047151754,0.032985386175107156,0.4624277456647399,20,9,0.45,中性,0.15297716286529983,-0.8190104506119031,0.518570508435605,0.01341734245712356,0.09244711178508591,0.7846060237298449,29,15,0.5172413793103449,PASS
002493.SZ,3519,20120217,20260821,0.1221055763696075,-0.7275134100875992,0.43500158893554813,-0.022661616704770404,-0.8182884161302981,0.02867725001731354,25,0.32,-0.021250818021124385,-0.8182884161302981,0.0332085457986099,-0.1433563943907319,-0.09077500604269895,0.5490196078431373,24,5,0.20833333333333334,FAIL,0.05507588046983947,-0.8282282971551521,0.27335451568654295,-0.06702969589976804,-0.10071488706755294,0.8289286729184427,32,11,0.34375,FAIL
002497.SZ,3472,20120215,20260821,0.11080696784682997,-0.8128913257402519,0.422679754507222,0.07047745997092947,-0.6645267916675504,0.3187814678023859,21,0.47619047619047616,0.072593526516042,-0.6645267916675504,0.3238507949536103,-0.03821344133078797,0.14836453407270156,0.5181451612903226,21,7,0.3333333333333333,中性,0.06451466978204534,-0.8480117913852502,0.3201918639696181,-0.04629229806478463,-0.03512046564499827,0.8027073732718893,35,14,0.4,FAIL
002498.SZ,3486,20120215,20260821,0.05955860308792493,-0.807700174920105,0.29878258079269016,0.10769778966424792,-0.6600659641560643,0.4062707050140965,16,0.4375,0.11028628852611533,-0.6600659641560642,0.4130355320806897,0.050727685438190395,0.14763421076404082,0.46414228341939184,16,9,0.5625,PASS,0.04909641901075057,-0.7064813725306954,0.2624261189621539,-0.010462184077174363,0.10121880238940961,0.8215720022948939,29,11,0.3793103448275862,PASS
002500.SZ,3403,20120215,20260821,-0.003096190458808268,-0.8154810880893609,0.12191200348496552,-0.03824414490338013,-0.8079859196552258,-0.09451018029293917,20,0.3,-0.036552856233742936,-0.8079859196552257,-0.08748722143906718,-0.03345666577493467,0.007495168434135224,0.41786658830443724,20,8,0.4,FAIL,-0.006534212289228125,-0.7766535610199381,0.07380475787289259,-0.0034380218304198573,0.03882752706942283,0.7925359976491331,33,12,0.36363636363636365,PASS
002503.SZ,2697,20120215,20230522,-0.10335281346960612,-0.9522857853242855,-0.04675850343414606,-0.0051512089836751596,-0.7490236359577023,0.09036801567521374,8,0.25,0.008120856661683051,-0.7490236359577023,0.13089835961741578,0.11147367013128917,0.20326214936658327,0.4938820912124583,8,4,0.5,PASS,-0.10718886077348455,-0.9358196375020131,-0.10040878266460448,-0.0038360473038784315,0.016466147822272403,0.814238042269188,25,6,0.24,中性
002505.SZ,2762,20120215,20240702,-0.0997264299936117,-0.9413528244591743,-0.06997162548747513,-0.020896203193929486,-0.6526388773114956,-0.005640972301627701,16,0.3125,-0.02213174754180547,-0.6526388773114957,-0.010253951599749702,0.07759468245180623,0.2887139471476786,0.3294713975380159,16,4,0.25,PASS,-0.05882972276211407,-0.8714813786922622,-0.039225041522886146,0.04089670723149763,0.06987144576691218,0.7451122375090514,31,10,0.3225806451612903,PASS
002506.SZ,3123,20120216,20260821,-0.04928790713992237,-0.9007936507936508,0.22201357465307953,0.045837603146823724,-0.8362826299509238,0.24114940718540498,17,0.47058823529411764,0.035995262990035526,-0.8362826299509238,0.23761865010420952,0.0852831701299579,0.06451102084272697,0.33685558757604867,18,10,0.5555555555555556,PASS,-0.027243971221253882,-0.8728406587441057,0.22389040405095462,0.02204393591866849,0.027952992049545156,0.7736151136727506,33,16,0.48484848484848486,反例
002507.SZ,3334,20120215,20260821,0.12843052846387026,-0.7004312348111486,0.4706402324347862,0.03933015256641981,-0.6937763830797845,0.21464191291683263,18,0.4444444444444444,0.041250753471550716,-0.6937763830797847,0.22093406729363402,-0.08717977499231955,0.00665485173136382,0.6982603479304139,17,4,0.23529411764705882,FAIL,0.10112974145718501,-0.7165846182900957,0.4042076340148883,-0.027300787006685256,-0.016153383478947125,0.8728254349130175,21,5,0.23809523809523808,中性
002508.SZ,3521,20120215,20260821,0.11650234762123457,-0.6539113750070005,0.4250445145069646,0.027676750405627004,-0.7266019069303624,0.15480829252592046,19,0.3157894736842105,0.027087262862781847,-0.7266019069303626,0.15437414171870853,-0.08941508475845272,-0.07269053192336217,0.5308151093439364,20,5,0.25,FAIL,0.099178454352439,-0.5916874706940343,0.3836465677539633,-0.017323893268795576,0.062223904312966205,0.8205055381993752,27,11,0.4074074074074074,PASS
002509.SZ,1615,20120215,20200717,-0.2233443325823048,-0.9855663055528325,-0.39575857258433794,5.6449894781707144e-05,-0.7643210041200211,0.1267180105664988,8,0.375,0.011148884873474207,-0.764321004120021,0.16527888521366954,0.234493217455779,0.22124530143281151,0.5739938080495356,8,2,0.25,PASS,-0.04436656771906311,-0.8750653640611376,0.04994877693230495,0.17897776486324168,0.11050094149169498,0.8229102167182663,12,4,0.3333333333333333,PASS
002511.SZ,3487,20120216,20260821,0.06498508273421666,-0.8210393890334862,0.29889050197218997,0.019101183118639176,-0.5422779556499903,0.12023216589960056,19,0.47368421052631576,0.022427128123989837,-0.5422779556499903,0.13268490917020095,-0.04255795461022682,0.2787614333834959,0.49784915400057356,18,5,0.2777777777777778,中性,0.03671946762901723,-0.7961485666039936,0.21236338399339716,-0.028265615105199426,0.024890822429492587,0.8603383997705765,30,12,0.4,中性
002512.SZ,3108,20120215,20260821,0.003407447688887011,-0.8983943104333162,0.2314067106968452,-0.11139918762760315,-0.9495041528710733,-0.17027298313781014,19,0.2631578947368421,-0.1114018097531917,-0.9495041528710733,-0.17021898601582985,-0.1148092574420787,-0.05110984243775707,0.5871943371943372,19,5,0.2631578947368421,FAIL,0.01694913570388734,-0.8022844144669994,0.23286367021243368,0.01354168801500033,0.0961098959663168,0.8130630630630631,25,10,0.4,PASS
002517.SZ,3254,20120215,20260821,0.14296714249882436,-0.8921364724099099,0.500853698016984,0.06108257430081876,-0.7567983796599606,0.30474171098361924,17,0.4117647058823529,0.06207978199624398,-0.7567983796599607,0.3073912038568906,-0.08088736050258039,0.13533809274994923,0.4870928088506454,17,6,0.35294117647058826,中性,0.09895315098095292,-0.786980369078071,0.41038038805040755,-0.04401399151787144,0.10515610333183889,0.8097725875845113,30,7,0.23333333333333334,中性
002518.SZ,3497,20120216,20260821,0.16626514397193826,-0.7694061730295566,0.5207970810593777,0.16420979302781413,-0.7406588045366992,0.5268666321475366,21,0.5238095238095238,0.16408547679231456,-0.7406588045366991,0.5266059434747562,-0.002179667179623701,0.028747368492857528,0.49671146697169,21,9,0.42857142857142855,中性,0.12627538778942338,-0.7400370467492792,0.4465431289256604,-0.03998975618251488,0.029369126280277436,0.7760937946811552,35,13,0.37142857142857144,FAIL
002531.SZ,3483,20120216,20260821,0.09384148691842942,-0.7218348033811098,0.3813803375179912,0.015731253383037158,-0.782059811818084,0.16639256931394944,21,0.38095238095238093,0.01964657286569471,-0.782059811818084,0.17709307380491576,-0.0741949140527347,-0.0602250084369742,0.5644559287970141,21,6,0.2857142857142857,FAIL,0.09329014089792897,-0.7643529541663341,0.3742894502110521,-0.0005513460205004428,-0.04251815078522425,0.8159632500717772,31,10,0.3225806451612903,中性
002532.SZ,3412,20120215,20260821,0.07520497468019949,-0.6847682119205298,0.34302362009105164,0.036817629586720635,-0.760503070402784,0.22290036276851438,20,0.45,0.03944735060151627,-0.760503070402784,0.23029614146786243,-0.035757624078683214,-0.07573485848225414,0.6181125439624854,19,8,0.42105263157894735,FAIL,0.03903276855080717,-0.7477967417728429,0.2487123800557629,-0.036172206129392315,-0.06302852985231311,0.8276670574443142,30,7,0.23333333333333334,FAIL
002534.SZ,3478,20120215,20260821,0.04776626318866417,-0.7613486634154254,0.29098398697371086,-0.034355452395210095,-0.7436769008968875,0.02741023081681935,19,0.2631578947368421,-0.02896203110411366,-0.7436769008968875,0.04304683957242306,-0.07672829429277783,0.01767176251853786,0.5951696377228292,19,6,0.3157894736842105,FAIL,-0.027755179095086957,-0.7640375079762691,0.09595477361635746,-0.07552144228375113,-0.0026888445608437284,0.8108108108108109,34,10,0.29411764705882354,FAIL
002544.SZ,3369,20120215,20260821,0.09422697017821946,-0.8205781530337557,0.38981296011095196,0.11354217137718381,-0.7820142014811153,0.4342435487529334,21,0.42857142857142855,0.11603572993642342,-0.7820142014811153,0.4408810134364869,0.021808759758203955,0.03856395155264036,0.5360641139804097,21,7,0.3333333333333333,PASS,0.0817864751582873,-0.8383547982188477,0.3532609278238773,-0.012440495019932163,-0.017776645185092033,0.7812407242505195,34,13,0.38235294117647056,中性
002551.SZ,3373,20120216,20260821,-0.01160600610766882,-0.932070726889822,0.15965539979632068,0.020933189020821308,-0.8395176625591425,0.18756151433043594,19,0.3684210526315789,0.022699105620617166,-0.8395176625591425,0.19248153099551032,0.034305111728285986,0.09255306433067945,0.4995552920249037,19,9,0.47368421052631576,PASS,-0.02368247500851317,-0.9339327498410346,0.09701812960817897,-0.01207646890084435,-0.0018620229512126274,0.776460124518233,32,9,0.28125,中性
002555.SZ,3245,20120216,20260821,0.1843743911195237,-0.7198179577225712,0.5514273721243619,0.20054557733014233,-0.6306702143268297,0.6578280817992389,16,0.375,0.1985775472804605,-0.6306702143268299,0.6530776378648147,0.014203156160936814,0.08914774339574127,0.5540832049306625,16,8,0.5,PASS,0.1611600128153674,-0.7526305705584702,0.5093998842919704,-0.02321437830415629,-0.03281261283589898,0.8366718027734977,29,11,0.3793103448275862,中性
002557.SZ,3485,20120215,20260821,0.058609131700168016,-0.6937645478154456,0.28047513053622175,0.03312800245967562,-0.5436395708679129,0.18176880228539993,17,0.4117647058823529,0.03705945583812853,-0.5436395708679129,0.1950251483214364,-0.021549675862039486,0.15012497694753268,0.5540889526542324,17,7,0.4117647058823529,PASS,0.018593453958699158,-0.7186222696325082,0.16238471310528116,-0.04001567774146886,-0.024857721817062584,0.8553802008608321,28,7,0.25,FAIL
002558.SZ,3156,20120215,20260821,0.11616878203266934,-0.8961141730731322,0.4503969914270841,0.0992948297467251,-0.7022303359309422,0.4220863538208876,18,0.2777777777777778,0.10180381886600887,-0.7022303359309423,0.43025296191464035,-0.014364963166660472,0.19388383714218993,0.36723700887198985,17,6,0.35294117647058826,PASS,0.0680117693461304,-0.8811449916098428,0.32541220972808516,-0.048157012686538936,0.014969181463289405,0.7987959442332065,30,13,0.43333333333333335,FAIL
002563.SZ,3512,20120215,20260821,0.009957551715221946,-0.6313528139981468,0.14156468932406666,-0.01852104882130956,-0.5535764721155687,-0.0323649898608311,17,0.35294117647058826,-0.01640666667719015,-0.5535764721155687,-0.023841366002129005,-0.026364218392412098,0.07777634188257809,0.49800683371298404,16,6,0.375,PASS,0.009481549843088022,-0.7343662997177114,0.12382050618608138,-0.0004760018721339243,-0.10301348571956459,0.8137813211845103,28,9,0.32142857142857145,中性
002568.SZ,3457,20120215,20260821,0.15861509208926927,-0.9073060844140856,0.5094198914164498,0.29605774923762995,-0.6796858967885657,0.8390987559756259,17,0.4117647058823529,0.29891935513191514,-0.6796858967885656,0.8449913070149403,0.14030426304264587,0.22762018762551994,0.5201041365345676,16,8,0.5,PASS,0.12439200290353125,-0.885838728191886,0.4433189196702922,-0.03422308918573802,0.02146735622219953,0.8004049754122071,35,13,0.37142857142857144,FAIL
002570.SZ,3410,20120216,20260821,-0.051372891559295586,-0.9223820675811308,0.05561343342369049,-0.049917518917603765,-0.887188828037901,-0.06196553099332867,18,0.2222222222222222,-0.04823167383874072,-0.8871888280379011,-0.05628803612469551,0.0031412177205548675,0.035193239543229726,0.4472140762463343,17,6,0.35294117647058826,PASS,-0.10989352065929936,-0.9525725769271663,-0.13324013020276418,-0.058520629100003774,-0.03019050934603551,0.8111436950146628,34,11,0.3235294117647059,FAIL
002572.SZ,3495,20120216,20260821,0.0762393062973441,-0.7582474523169559,0.33139205551751133,0.0659540058925081,-0.66724502931647,0.29026160944682927,16,0.4375,0.07274432445555701,-0.6672450293164702,0.31084522959691757,-0.0034949818417870926,0.09100242300048567,0.5848354792560801,15,6,0.4,PASS,0.03148368389119249,-0.7382404037150938,0.21015095415312465,-0.04475562240615161,0.020007048601862087,0.8208869814020029,29,9,0.3103448275862069,FAIL
002573.SZ,3280,20120215,20260821,-0.02867188760705386,-0.8845837695477504,0.055211155688338905,-0.04765477376933225,-0.8580427729997043,-0.0772915531314465,19,0.3157894736842105,-0.05656156271763835,-0.8580427729997042,-0.10657429761402952,-0.02788967511058449,0.026540996548046203,0.5536585365853659,19,8,0.42105263157894735,中性,-0.07051452310282913,-0.9307491376323286,-0.09418506916182177,-0.04184263549577527,-0.04616536808457816,0.8317073170731707,29,8,0.27586206896551724,FAIL
002574.SZ,3343,20120215,20260821,-0.05294087125537439,-0.8380961382662706,-0.006601832921707517,-0.026456138994664702,-0.6576301464939611,-0.020028918944012448,18,0.3888888888888889,-0.022593018278376786,-0.6576301464939613,-0.0056433983922373684,0.030347852976997602,0.18046599177230926,0.49775650613221656,18,8,0.4444444444444444,PASS,0.009863527608942935,-0.6874890447579212,0.148647228814356,0.06280439886431732,0.15060709350834944,0.7998803469937182,25,14,0.56,PASS
002581.SZ,3416,20120215,20260821,-0.0048578848191668245,-0.955599396488752,0.2137152417529888,0.035639070744000856,-0.8716707633431688,0.2218373810055738,21,0.19047619047619047,0.038278236452709447,-0.871670763343169,0.22905415914763277,0.04313612127187627,0.08392863314558308,0.4259367681498829,20,11,0.55,PASS,0.018366538752975448,-0.9231984292200038,0.2265713157979362,0.023224423572142272,0.03240096726874819,0.767271662763466,38,13,0.34210526315789475,PASS
002583.SZ,3476,20120216,20260821,0.0644879626863819,-0.8476346836546402,0.32236472464200705,-0.022214317226231906,-0.6909685175163297,0.025884198795667734,22,0.45454545454545453,-0.019899204696386397,-0.6909685175163299,0.033622294273852674,-0.0843871673827683,0.1566661661383103,0.4810126582278481,22,7,0.3181818181818182,中性,0.053138385853392034,-0.8038402893032291,0.28264164906670813,-0.011349576832989872,0.04379439435141108,0.7980437284234753,34,12,0.35294117647058826,PASS
002585.SZ,3518,20120215,20260821,0.010342884762952531,-0.8555307803628878,0.20531298665596445,0.021059022055276655,-0.858306880662709,0.18268861425434343,21,0.3333333333333333,0.02461781462047985,-0.8583068806627089,0.1922292269614211,0.014274929857527319,-0.002776100299821116,0.5324047754405913,21,8,0.38095238095238093,反例,-0.0022935516121193045,-0.8123108885786476,0.14921525995467072,-0.012636436375071836,0.04321989178424013,0.7848209209778283,31,14,0.45161290322580644,PASS
002588.SZ,3521,20120215,20260821,0.05273783238866381,-0.8082853306620793,0.26570716387118104,0.024042344399177074,-0.6857336665155203,0.1494197592290881,18,0.4444444444444444,0.025817936586308488,-0.6857336665155203,0.15550194239424123,-0.02691989580235532,0.12255166414655905,0.47401306447032093,17,5,0.29411764705882354,PASS,0.004424286052312709,-0.817216897082309,0.12472293634582207,-0.0483135463363511,-0.008931566420229742,0.8349900596421471,31,7,0.22580645161290322,FAIL
002589.SZ,3413,20120215,20260821,0.015029635959127097,-0.9048406071970966,0.18731727387099098,-0.04171671567363777,-0.8730549231171431,-0.04819723991215553,20,0.35,-0.03857008339787993,-0.8730549231171432,-0.037433340849111936,-0.053599719357007025,0.031785684079953413,0.5414591268678582,19,7,0.3684210526315789,中性,0.005451447942888432,-0.8778011239910875,0.1496143883868084,-0.009578188016238665,0.02703948320600913,0.8394374450629944,30,13,0.43333333333333335,中性
002594.SZ,3516,20120215,20260821,0.1787624668592238,-0.5544585987261146,0.5506172363778836,0.07936762468234382,-0.5922629356359451,0.32908977469410783,19,0.42105263157894735,0.08469322606938956,-0.5922629356359452,0.3445029082325636,-0.09406924078983425,-0.03780433690983065,0.44141069397042093,19,7,0.3684210526315789,FAIL,0.19173309564649021,-0.5528492280710153,0.590547404283812,0.012970628787266403,0.0016093706550992515,0.8068828213879409,31,12,0.3870967741935484,反例
002595.SZ,3524,20120215,20260821,0.21915478490975726,-0.5720339684292969,0.6815367879465674,0.10743495052780361,-0.4853761863435925,0.41924139140942357,18,0.6666666666666666,0.11021914881276862,-0.48537618634359236,0.4277983952579775,-0.10893563609698864,0.08665778208570452,0.5916572077185017,17,3,0.17647058823529413,中性,0.18880757863647224,-0.5273647990974842,0.6227146381908182,-0.03034720627328502,0.04466916933181264,0.8595346197502838,25,9,0.36,中性
002600.SZ,3272,20120216,20260821,0.09175256388014086,-0.7728971962616822,0.4026597329085992,0.03236238983896156,-0.5875591615956728,0.22419897378910672,22,0.4090909090909091,0.04092749205651325,-0.5875591615956728,0.2477681415299289,-0.05082507182362761,0.1853380346660094,0.49877750611246946,22,7,0.3181818181818182,中性,0.08013854200547477,-0.6852462241529536,0.36650335862605055,-0.011614021874666092,0.08765097210872863,0.8013447432762836,32,11,0.34375,PASS
002601.SZ,3422,20120215,20260821,0.04116695334571485,-0.7081642749244712,0.2628630028765738,0.02721557590855639,-0.6707665770316557,0.1886580965026834,18,0.5,0.026392744880072705,-0.6707665770316554,0.186361760059631,-0.014774208465642147,0.03739769789281577,0.5257159555815313,18,7,0.3888888888888889,PASS,0.04972337750571665,-0.7065058319112583,0.2708920950014925,0.008556424160001797,0.0016584430132129402,0.8234950321449445,27,10,0.37037037037037035,反例
002602.SZ,3058,20120215,20260821,0.1621186809924,-0.8031356510344548,0.5644268193630134,0.14287327606164735,-0.782293945342134,0.5479171994886755,19,0.42105263157894735,0.14564859159385257,-0.7822939453421341,0.5557250172702658,-0.01647008939854744,0.02084170569232069,0.5317200784826684,19,4,0.21052631578947367,中性,0.17722531848949585,-0.7664376333842985,0.6125674126530561,0.015106637497095843,0.036698017650156345,0.7871157619359058,27,15,0.5555555555555556,PASS
002603.SZ,3507,20120215,20260821,0.05145411146668799,-0.7420744535349841,0.28215447204730837,-0.05966514958109459,-0.8238766494810497,-0.07205585952931125,21,0.2857142857142857,-0.06943290051293549,-0.8238766494810497,-0.10108711308761804,-0.12088701197962348,-0.08180219594606553,0.4975762760193898,22,6,0.2727272727272727,FAIL,-0.020007829617306294,-0.7302315552563211,0.09827492844413552,-0.07146194108399428,0.011842898278663028,0.8252067293983462,35,10,0.2857142857142857,FAIL
002607.SZ,3352,20120216,20260821,-0.033483216578037434,-0.9677482464513447,0.14922639028376405,-0.03498683013898651,-0.7910501795570317,-0.0022449971849483282,21,0.3333333333333333,-0.030598394944503005,-0.7910501795570317,0.011932956303887778,0.002884821633534429,0.176698066894313,0.4454057279236277,21,9,0.42857142857142855,PASS,-0.03835409044340188,-0.9094983382068615,0.09051139457748669,-0.0048708738653644446,0.05824990824448317,0.7637231503579952,34,15,0.4411764705882353,PASS
002608.SZ,3129,20120216,20260821,-0.009405416452902826,-0.6731366360360261,0.08941998488410036,-0.07247532150969738,-0.7300932247810201,-0.23274864030118156,18,0.2777777777777778,-0.07141702821085139,-0.7300932247810201,-0.22822266133891686,-0.06201161175794856,-0.056956588744993986,0.544263342921061,18,4,0.2222222222222222,FAIL,-0.054078837828649085,-0.7808658450404544,-0.08105714371511326,-0.04467342137574626,-0.10772920900442828,0.8392457654202621,28,9,0.32142857142857145,FAIL
002612.SZ,3325,20120215,20260821,0.01639368895089266,-0.8621475768634312,0.23745615104171205,0.037828451544320574,-0.7876620525527347,0.2344492949369611,20,0.35,0.04009356405974662,-0.7876620525527347,0.2407309057376778,0.023699875108853963,0.07448552431069655,0.48330827067669174,19,10,0.5263157894736842,PASS,0.04125354079386323,-0.8196166772176815,0.26902487648260687,0.02485985184297057,0.04253089964574974,0.7897744360902256,34,16,0.47058823529411764,PASS
002624.SZ,3140,20120216,20260821,0.07016875434351588,-0.8084447065987894,0.35191986648935936,0.03517837378400457,-0.7457994155794196,0.22442457825658266,21,0.3333333333333333,0.040604937228838844,-0.7457994155794196,0.24101810240405566,-0.029563817114677038,0.06264529101936978,0.5041401273885351,21,8,0.38095238095238093,PASS,0.09696150558165284,-0.7147441883435276,0.4065186839805973,0.026792751238136958,0.09370051825526182,0.7745222929936306,30,14,0.4666666666666667,PASS
002625.SZ,3215,20120215,20260821,0.19318524806030712,-0.9013562528443575,0.5935060612544508,0.2131604406268679,-0.6738906719695391,0.6689301497453026,20,0.35,0.21355451054450958,-0.6738906719695391,0.6697622460129956,0.020369262484202455,0.22746558087481838,0.5094867807153965,20,11,0.55,PASS,0.17012757827838487,-0.8707207695632326,0.557842826113093,-0.023057669781922252,0.030635483281124865,0.7850699844479004,33,9,0.2727272727272727,PASS
002635.SZ,3425,20120216,20260821,0.06935943844438763,-0.766766345985996,0.3425315497770203,-0.020570251351114788,-0.8243808700739857,0.09219529244977569,18,0.3888888888888889,-0.020615191861820592,-0.8243808700739856,0.09302072810360502,-0.08997463030620823,-0.057614524087989616,0.6531386861313868,17,4,0.23529411764705882,FAIL,0.0694606227261545,-0.6547950959513046,0.33098725670387663,0.000101184281766864,0.11197125003469144,0.8636496350364964,20,7,0.35,PASS
002638.SZ,3156,20120215,20260821,-0.01866635068544642,-0.8855401844532279,0.16085615933296377,0.007279466065758022,-0.806739565734631,0.13929437763035257,18,0.4444444444444444,0.008774930329636499,-0.806739565734631,0.14409244499003118,0.02744128101508292,0.0788006187185969,0.5519645120405576,18,8,0.4444444444444444,PASS,0.004585514149948677,-0.9287008366644723,0.1794473602610894,0.023251864835395097,-0.04316065221124443,0.8044993662864385,26,9,0.34615384615384615,反例
002640.SZ,3351,20120216,20260821,0.041249079888610485,-0.946344417071914,0.3225954820933236,-0.045522800747028525,-0.9442231770276238,0.05922114210253126,23,0.34782608695652173,-0.04128261492927099,-0.9442231770276238,0.07007405931037645,-0.08253169481788147,0.0021212400442901513,0.5293942106833781,23,7,0.30434782608695654,FAIL,-0.047928579548892514,-0.9774283597570058,0.1151798790011596,-0.089177659437503,-0.031083942685091848,0.8149806028051328,38,11,0.2894736842105263,FAIL
002642.SZ,3268,20120215,20260821,0.013641987814893453,-0.9393026219487859,0.2633817562222671,-0.07147333776802522,-0.9516226393867186,-0.03528205585099112,23,0.2608695652173913,-0.0615159313677377,-0.9516226393867186,-0.006452234819138097,-0.07515791918263115,-0.012320017437932762,0.5477356181150551,22,9,0.4090909090909091,FAIL,-0.03211287831569232,-0.9586270301581795,0.13479729753242728,-0.04575486613058577,-0.01932440820939363,0.7965116279069767,32,10,0.3125,FAIL
002646.SZ,3526,20120215,20260821,-0.055351304684347236,-0.8386568410311119,0.008371901859014569,-0.042110384812434676,-0.7332160607275165,-0.07591442694119029,22,0.3181818181818182,-0.03796483163827524,-0.7332160607275165,-0.060663012510899575,0.017386473046071993,0.10544078030359538,0.4083947816222348,21,9,0.42857142857142855,PASS,-0.04461266332170288,-0.8099153697556276,0.003485727072193957,0.010738641362644352,0.02874147127548432,0.7960862166761202,37,19,0.5135135135135135,反例
002648.SZ,3501,20120215,20260821,0.1595296102306094,-0.6648884578079535,0.5105892728686521,0.07240806707403369,-0.7523419606031245,0.31642573615015235,21,0.6190476190476191,0.07331298912246575,-0.7523419606031245,0.3187504116319813,-0.08621662110814365,-0.08745350279517106,0.6066838046272494,20,6,0.3,FAIL,0.07490561230788595,-0.6906639097743126,0.3329252915841721,-0.08462399792272346,-0.02577545196635911,0.8403313339045987,30,6,0.2,FAIL
002651.SZ,3479,20120220,20260821,0.012429800624773613,-0.8362625758889852,0.2297838926840284,-0.10237707561147436,-0.9376970880247153,-0.17850935895242936,26,0.23076923076923078,-0.09777958302170875,-0.9376970880247153,-0.16325071212776737,-0.11020938364648236,-0.10143451213573007,0.452141419948261,25,7,0.28,FAIL,-0.03767088406047714,-0.8575198061876061,0.0910213320204181,-0.05010068468525075,-0.02125723029862092,0.7893072722046565,38,14,0.3684210526315789,FAIL
002653.SZ,3512,20120228,20260821,0.18308287100051368,-0.7330099128034638,0.5542646631949636,0.04804890200864986,-0.7079797207472689,0.23727154511828374,22,0.36363636363636365,0.0500147075182531,-0.707979720747269,0.2431386684465839,-0.13306816348226058,0.025030192056194833,0.48177676537585423,21,6,0.2857142857142857,FAIL,0.07158977843374914,-0.7931841305187576,0.31860411544157863,-0.11149309256676454,-0.06017421771529374,0.8260250569476082,34,9,0.2647058823529412,FAIL
002657.SZ,3423,20120406,20260821,0.03870983055125654,-0.9433998242813337,0.3153171724508098,0.00310268165436578,-0.8872823212650961,0.16505682081789,22,0.22727272727272727,-0.003046351991254581,-0.8872823212650962,0.15138144931388486,-0.04175618254251112,0.056117503016237524,0.4940111013730646,23,10,0.43478260869565216,中性,-0.01519841616544726,-0.9305638000024724,0.17975599001034984,-0.0539082467167038,0.012836024278861324,0.782646801051709,37,15,0.40540540540540543,FAIL
002662.SZ,3302,20120418,20260821,-0.012300118210037847,-0.8027092481191562,0.15255198821812846,-0.058165312566056726,-0.804647107338202,-0.0802360854996857,21,0.2857142857142857,-0.05387127136789949,-0.804647107338202,-0.06503690795102805,-0.04157115315786164,-0.0019378592190457677,0.5003028467595396,21,9,0.42857142857142855,FAIL,-0.07300879548187666,-0.8913878429107288,-0.04017187053009989,-0.06070867727183882,-0.08867859479157258,0.8040581465778316,32,10,0.3125,FAIL
002663.SZ,3250,20120426,20260821,-0.07191577350820688,-0.9232667424996446,-0.012862459778237375,-0.06811170709831704,-0.883808910980453,-0.1543303912773628,15,0.2,-0.06923622567584264,-0.883808910980453,-0.1575423476175685,0.0026795478323642374,0.03945783151919158,0.47507692307692306,16,5,0.3125,PASS,-0.08047214092355137,-0.9278962728742187,-0.08116367094621676,-0.00855636741534449,-0.004629530374574142,0.8323076923076923,26,7,0.2692307692307692,中性
002665.SZ,2671,20120508,20240627,-0.12969460727651083,-0.9769271688416101,-0.1097215016558029,-0.0312155913166825,-0.8960414732267277,0.00669246334288072,16,0.3125,-0.02613004409948072,-0.8960414732267278,0.024250762860804333,0.10356456317703011,0.08088569561488235,0.43317109696742795,16,6,0.375,PASS,-0.08938045335341527,-0.9538678165562571,-0.06322483891192746,0.040314153923095564,0.023059352285353052,0.7686259827779858,27,11,0.4074074074074074,反例
002670.SZ,3222,20120523,20260821,0.07753521444915479,-0.6323695889463975,0.3580274790032682,-0.01680784890455167,-0.8801199521967161,0.016882215236130434,19,0.2631578947368421,-0.02268693954836587,-0.8801199521967162,-0.003815299060119294,-0.10022215399752066,-0.24775036325031874,0.3472998137802607,20,8,0.4,FAIL,-0.0025907848286627067,-0.806344680629155,0.1563742286719845,-0.0801259992778175,-0.1739750916827575,0.8066418373680944,36,12,0.3333333333333333,FAIL
002672.SZ,3352,20120605,20260821,-0.05559349939033098,-0.8876978905425027,-0.03090373156912905,-0.08161479330493249,-0.8846631170022649,-0.2621950236629406,19,0.15789473684210525,-0.07902624681339443,-0.884663117002265,-0.251572088429148,-0.02343274742306345,0.003034773540237734,0.48836515513126494,19,7,0.3684210526315789,中性,-0.13066581853936732,-0.9508058873986975,-0.30916133803733786,-0.07507231914903634,-0.06310799685619484,0.8326372315035799,34,11,0.3235294117647059,FAIL
002673.SZ,3431,20120607,20260821,0.0036192728526642792,-0.8326990204591184,0.15662778650945278,-0.005957102647404788,-0.8024011196493281,0.03591364034658922,15,0.26666666666666666,-0.005581383635955728,-0.8024011196493283,0.03927145431221549,-0.009200656488620007,0.030297900809790113,0.30778198775867094,16,7,0.4375,PASS,0.03421607564643958,-0.8096727897131097,0.2123489222533744,0.030596802793775302,0.023026230746008625,0.7784902360827747,29,15,0.5172413793103449,反例
002678.SZ,3395,20120706,20260821,-0.006308462858344077,-0.8378158582631426,0.14632137000124174,-0.12999454698213153,-0.926041607115235,-0.3350041493930929,18,0.1111111111111111,-0.14785931006818454,-0.926041607115235,-0.3902062295580953,-0.14155084720984046,-0.08822574885209233,0.5375552282768777,19,4,0.21052631578947367,FAIL,-0.07745222582610922,-0.9130332513245683,-0.05648534509904825,-0.07114376296776515,-0.07521739306142561,0.8568483063328424,30,6,0.2,FAIL
002681.SZ,3274,20120712,20260821,0.10938400969346107,-0.8527352264952714,0.44092488854834316,-0.021025450974706983,-0.9104731280748694,0.08329348983197105,23,0.30434782608695654,-0.029796049650424927,-0.9104731280748694,0.05975101332101871,-0.139180059343886,-0.057737901579597906,0.45051924251679903,24,6,0.25,FAIL,0.05779517407902324,-0.9246645926958388,0.319351087501935,-0.051588835614437833,-0.07192936620056734,0.7849725106902871,33,10,0.30303030303030304,FAIL
002683.SZ,3244,20120718,20260821,0.12410723775479271,-0.7741705557893306,0.453361556832417,0.0009756353306584753,-0.6836621584637721,0.08426197582325408,24,0.4583333333333333,0.005374085599112233,-0.6836621584637721,0.10134772697795837,-0.11873315215568048,0.09050839732555849,0.5212700369913686,24,7,0.2916666666666667,中性,0.155806501890553,-0.7638260114444839,0.5352718192007898,0.0316992641357603,0.010344544344846662,0.7922318125770653,28,12,0.42857142857142855,反例
002690.SZ,3383,20120904,20260821,0.109791956917213,-0.7223536966729285,0.4081777012738156,0.1005371106384092,-0.7788839420554262,0.3900812724765617,17,0.4117647058823529,0.10309836755367563,-0.7788839420554263,0.3972694861123353,-0.006693589363537367,-0.056530245382497846,0.6571090747856931,16,6,0.375,中性,0.02635443378476765,-0.8780653641028954,0.1992001371080951,-0.08343752313244535,-0.1557116674299669,0.8678687555424179,24,6,0.25,FAIL
002698.SZ,3339,20121023,20260821,0.07632092536517399,-0.8444489671897126,0.33658942011613496,-0.02313239484084273,-0.8430129835064992,-0.0038940616527594054,22,0.2727272727272727,-0.028226952456956056,-0.8430129835064991,-0.020852487847020942,-0.10454787782213004,0.0014359836832135153,0.48787061994609165,23,7,0.30434782608695654,FAIL,0.01013626500681064,-0.8332682538372003,0.15635696502453902,-0.06618466035836335,0.011180713352512361,0.7984426474992513,36,9,0.25,FAIL
002699.SZ,2537,20121023,20240425,-0.13266953421011773,-0.987203622128944,-0.036155710040273376,-0.25374041814018566,-0.9946904021035127,-0.6889519322449478,15,0.06666666666666667,-0.26167388372120726,-0.9946904021035127,-0.7134508496671305,-0.12900434951108952,-0.0074867799745687025,0.4875837603468664,16,5,0.3125,FAIL,-0.12469534538492721,-0.9844313344152852,-0.0768428062597982,0.00797418882519052,0.002772287713658783,0.816712652739456,24,7,0.2916666666666667,反例
002701.SZ,3264,20121115,20260821,0.0633598591051645,-0.6843205724982193,0.2908705875414224,0.013094773985168118,-0.6340109901645958,0.09971283608217472,18,0.3888888888888889,0.02887300920256819,-0.6340109901645957,0.1613709759447925,-0.03448684990259632,0.05030958233362359,0.5128676470588235,17,3,0.17647058823529413,中性,0.03220340831228152,-0.7381347933102195,0.18973496028101786,-0.031156450792882984,-0.05381422081200016,0.8262867647058824,28,8,0.2857142857142857,FAIL
002705.SZ,3033,20140304,20260821,0.027710897619800168,-0.7940691212226467,0.2205080761680296,0.009152268999962798,-0.6611763383171618,0.10425339187230825,19,0.47368421052631576,-0.004766589136773303,-0.6611763383171618,0.06136890351326398,-0.03247748675657347,0.1328927829054849,0.5515990768216288,20,9,0.45,中性,0.048545840321567946,-0.6580070641259836,0.2516502563489024,0.020834942701767778,0.13606205709666308,0.7784371909000989,28,14,0.5,PASS
002707.SZ,2770,20140318,20260821,-0.014116025871774851,-0.8804670968434068,0.2542257672061555,0.012267517225654556,-0.8077618452398907,0.2415957194712614,16,0.3125,0.006330613995449541,-0.8077618452398907,0.23413363629470912,0.020446639867224392,0.07270525160351615,0.5043321299638989,17,7,0.4117647058823529,PASS,-0.0771355462260328,-0.9424892742130669,0.14445267749859098,-0.06301952035425795,-0.06202217736966009,0.7891696750902527,28,8,0.2857142857142857,FAIL
002709.SZ,3004,20140306,20260821,0.24345389985873833,-0.8374461110578681,0.6394254082069387,0.22204105774117622,-0.6930668859391326,0.6423879977548641,18,0.5555555555555556,0.21322599623861294,-0.6930668859391326,0.6246356102812578,-0.030227903620125396,0.14437922511873558,0.47769640479360853,18,7,0.3888888888888889,中性,0.18098567662474974,-0.7752216132442856,0.5447627217973208,-0.062468223233988596,0.062224497813582524,0.7736351531291611,33,15,0.45454545454545453,中性
002714.SZ,3003,20140311,20260821,0.2863728469911311,-0.6373169307999884,0.7491734587646192,0.14680748658323028,-0.5467515025328555,0.5094916812781917,16,0.4375,0.13828731042168285,-0.5467515025328555,0.48679061353069597,-0.14808553656944823,0.09056542826713287,0.49716949716949715,17,3,0.17647058823529413,中性,0.22548195522826164,-0.547153321973031,0.6564078669141624,-0.06089089176286944,0.0901636088269574,0.8168498168498168,27,8,0.2962962962962963,中性
002727.SZ,2829,20140806,20260821,-0.012669838223946517,-0.7784932959022512,0.12263574262093799,-0.007379121941326505,-0.6841865790999347,0.06268309800829923,17,0.35294117647058826,0.011191465007204693,-0.6841865790999346,0.12505030807426387,0.02386130323115121,0.09430671680231661,0.5337575114881583,16,10,0.625,PASS,-0.00529273419821108,-0.6740656187569614,0.11254640832539652,0.007377104025735437,0.10442767714528989,0.8006362672322376,29,10,0.3448275862068966,PASS
002736.SZ,2787,20150204,20260821,-0.03649902423043716,-0.7902126188418322,-0.008061750945389235,-0.08448009369482157,-0.7970184576164292,-0.3915662204751919,16,0.25,-0.05585412763099418,-0.7970184576164293,-0.2383561407803,-0.019355103400557017,-0.006805838774597062,0.41621815572299964,16,6,0.375,中性,-0.06250870667960506,-0.7560792972380876,-0.13949814999809282,-0.026009682449167904,0.034133321603744604,0.7936849659131683,28,10,0.35714285714285715,PASS
002738.SZ,2675,20150205,20260821,0.1501394462198582,-0.6804838387204265,0.5065975687874679,-0.05185029615399128,-0.7704608526683053,0.003567730616358912,19,0.3684210526315789,-0.04214322506756907,-0.7704608526683052,0.03557027862235206,-0.19228267128742726,-0.08997701394787871,0.5177570093457944,19,5,0.2631578947368421,FAIL,0.14821518254382315,-0.689789022686122,0.499906042435128,-0.0019242636760350429,-0.009305183965695463,0.8041121495327103,23,10,0.43478260869565216,中性
002739.SZ,2338,20150305,20260821,-0.11086746818946125,-0.9078462024136895,-0.14705411000043164,-0.1327192247938257,-0.9064851791385228,-0.48136061106785244,12,0.16666666666666666,-0.11936665912583,-0.9064851791385228,-0.4073563189475918,-0.00849919093636875,0.0013610232751667395,0.3661248930710009,11,5,0.45454545454545453,中性,-0.18766920884536775,-0.9629362820196279,-0.49219974774379877,-0.0768017406559065,-0.05509007960593837,0.7536355859709153,26,7,0.2692307692307692,FAIL
002745.SZ,2559,20150331,20260821,-0.03673185849746974,-0.8172345317725753,0.08230857713843985,-0.09779433822996864,-0.8382330861246696,-0.21737886949850127,17,0.23529411764705882,-0.08821079859625724,-0.8382330861246698,-0.1817876750158335,-0.05147894009878751,-0.020998554352094523,0.6017975771785854,16,4,0.25,FAIL,-0.03958752630594886,-0.7478373480219469,0.03114199015973609,-0.002855667808479123,0.06939718375062842,0.835873388042204,22,8,0.36363636363636365,PASS
002756.SZ,2579,20150619,20260821,0.07976545290341686,-0.7422805610150682,0.3745175279253094,0.1328270509218188,-0.6833453615856346,0.4739088394144478,14,0.6428571428571429,0.08859738328598343,-0.6833453615856347,0.3699281381798171,0.008831930382566577,0.05893519942943348,0.5839472663823188,15,6,0.4,PASS,0.008855203803776801,-0.7405765054268159,0.2054192061964415,-0.07091024909964005,0.0017040555882523734,0.8134936021713842,24,9,0.375,FAIL
002761.SZ,2603,20150716,20260821,-0.03400309771169219,-0.8479831054575722,0.1388235966261982,-0.07873956772362434,-0.7951913973631867,-0.09344544745948273,16,0.1875,-0.08168577954730305,-0.7951913973631868,-0.10092335776937743,-0.04768268183561086,0.05279170809438538,0.46139070303495966,15,5,0.3333333333333333,中性,-0.13628627673456717,-0.9316584817192229,-0.14359422570655353,-0.10228317902287498,-0.08367537626165078,0.815597387629658,27,12,0.4444444444444444,FAIL
002773.SZ,2685,20150731,20260821,-0.03304318879845247,-0.7650394352855762,0.06177685407640763,-0.0835347979755452,-0.8280935605255748,-0.25956383723819954,16,0.3125,-0.07331073885034833,-0.8280935605255747,-0.21348760714385495,-0.04026755005189586,-0.06305412523999854,0.46108007448789573,16,5,0.3125,FAIL,-0.09953067971862473,-0.8435195811346858,-0.16801043180860475,-0.06648749092017225,-0.07848014584910967,0.8182495344506517,29,8,0.27586206896551724,FAIL
002791.SZ,2501,20160505,20260821,-0.07314434407143955,-0.9439970963452559,0.01895573604457673,0.021439849997298754,-0.8125321453377272,0.1546633903324476,16,0.1875,-0.0009849934533654459,-0.8125321453377272,0.08654720927182105,0.0721593506180741,0.13146495100752864,0.42822870851659334,17,8,0.47058823529411764,PASS,-0.065720477284817,-0.9270160489256767,-0.018217566185346968,0.007423866786622546,0.016981047419579176,0.734906037584966,28,13,0.4642857142857143,反例
002797.SZ,2455,20160617,20260821,-0.11824918507551596,-0.8464703895212304,-0.1953619043738295,-0.13478666597114353,-0.7807089887722118,-0.5486222631568959,14,0.14285714285714285,-0.13179678366557257,-0.7880084800677365,-0.5252016680935305,-0.013547598590056609,0.05846190945349394,0.31120162932790224,14,6,0.42857142857142855,PASS,-0.13785366556711975,-0.8019431907406125,-0.33863422319075664,-0.019604480491603793,0.04452719878061795,0.7918533604887984,25,7,0.28,PASS
002807.SZ,2384,20161018,20260821,-0.05003505533452601,-0.7941599661447313,-0.10512320689198215,-0.08706707666408764,-0.752113853296752,-0.520960580626767,8,0.375,-0.09248620240356531,-0.752113853296752,-0.5336887333237235,-0.0424511470690393,0.04204611284797932,0.4563758389261745,8,3,0.375,中性,-0.07729304858263164,-0.7800927457156634,-0.25120662043704844,-0.027257993248105628,0.014067220429067828,0.899748322147651,11,2,0.18181818181818182,中性
002812.SZ,2288,20161028,20260821,0.10631641229521716,-0.9173645971546514,0.42746359838842113,0.23567987922339695,-0.5944036058983485,0.6286718642103767,11,0.5454545454545454,0.23699604858556444,-0.5944036058983484,0.6309097580372719,0.1306796362903473,0.32296099125630295,0.42526223776223776,11,4,0.36363636363636365,PASS,0.13002595065022193,-0.8256651114469248,0.4531566156122732,0.023709538355004778,0.09169948570772657,0.7508741258741258,24,13,0.5416666666666666,PASS
002815.SZ,2371,20161116,20260821,-0.06052002019412339,-0.767296180338134,0.02045217465652412,-0.050917482432304206,-0.7093421468493337,-0.02300330798832941,14,0.42857142857142855,-0.07445529111830707,-0.75550064181127,-0.08872417513287853,-0.013935270924183674,0.011795538526863991,0.627161535217208,15,7,0.4666666666666667,中性,-0.06339394702489776,-0.7174661057497997,-0.027192061595143473,-0.002873926830774365,0.04983007458833422,0.7882749894559258,20,7,0.35,PASS
002818.SZ,2351,20161214,20260821,-0.0702452640072333,-0.6887000000000001,-0.18419482423997005,-0.03243111042619662,-0.499545729246069,-0.13883101377898432,8,0.25,-0.03721670055862025,-0.530002226194771,-0.1586556484407479,0.033028563448613046,0.1586977738052291,0.6005954912803062,8,5,0.625,PASS,-0.05316755476595403,-0.6468415579775211,-0.14745635055147133,0.01707770924127927,0.041858442022479014,0.8655891110165886,13,7,0.5384615384615384,PASS
002821.SZ,2344,20161223,20260821,0.15347677255762093,-0.8325089329322624,0.4794495349074256,0.06304463465318122,-0.6466193240303735,0.3025252992949286,13,0.38461538461538464,0.07632200951500212,-0.6466193240303735,0.32944699592833787,-0.07715476304261881,0.18588960890188888,0.5793515358361775,12,3,0.25,中性,0.12192344363610519,-0.7915375820239743,0.42366973371871747,-0.031553328921515744,0.04097135090828807,0.8327645051194539,18,5,0.2777777777777778,中性
002831.SZ,2324,20170123,20260821,0.045793416905532736,-0.5043842860740368,0.23858896685643502,0.002533765564731061,-0.5736877803146547,0.04977328491661,13,0.38461538461538464,0.01613803518472423,-0.5736877803146547,0.10344421983577431,-0.029655381720808505,-0.06930349424061788,0.5137693631669535,12,5,0.4166666666666667,中性,0.07911407836628581,-0.5530881313366809,0.3280993174342181,0.033320661460753076,-0.04870384526264404,0.8205679862306369,19,8,0.42105263157894735,反例
002837.SZ,2239,20170210,20260821,0.3277171532624341,-0.6348338820468749,0.7601784420030122,0.1961820042629887,-0.6018628255425669,0.5893228470925486,14,0.5714285714285714,0.20645389613595277,-0.6018628255425671,0.6087600227616874,-0.12126325712648134,0.03297105650430776,0.5381866904868244,14,6,0.42857142857142855,中性,0.14089420088439764,-0.6906349064352169,0.4867594984104507,-0.18682295237803648,-0.055801024388342,0.8405538186690487,24,4,0.16666666666666666,FAIL
002839.SZ,2287,20170307,20260821,-0.11358682548071575,-0.8377085141903172,-0.2872626496040614,-0.18861704790680678,-0.8890698562109847,-0.9308070316509324,12,0.16666666666666666,-0.1808622684962614,-0.8890698562109847,-0.877436318244113,-0.06727544301554567,-0.051361342020667444,0.4175776125929165,11,3,0.2727272727272727,FAIL,-0.1510685389213804,-0.8639133051775992,-0.48821393846947975,-0.037481713440664643,-0.02620479098728201,0.8513336248360297,19,5,0.2631578947368421,FAIL
002841.SZ,2301,20170302,20260821,0.0018689306634387393,-0.8062326260360797,0.12660471793869923,-0.1033286674651035,-0.7156697850810412,-0.4407671536587655,16,0.25,-0.09822544189944882,-0.7156697850810412,-0.414647962923335,-0.10009437256288756,0.09056284095503853,0.4124293785310734,16,4,0.25,中性,-0.1113207518304441,-0.8714055881235132,-0.27165803687055234,-0.11318968249388284,-0.0651729620874335,0.7787918296392873,29,10,0.3448275862068966,FAIL
002850.SZ,2276,20170410,20260821,0.11021111112986648,-0.7838257522743176,0.4199480325988719,0.02542215703192574,-0.5752739116731179,0.20467202620795602,15,0.4,0.008194778255584678,-0.6444609046489499,0.1628297883763176,-0.1020163328742818,0.13936484762536772,0.5500878734622144,15,5,0.3333333333333333,中性,0.07016644647205661,-0.6503916752175267,0.33043601056750227,-0.04004466465780987,0.1334340770567909,0.8000878734622144,23,10,0.43478260869565216,中性
002851.SZ,2194,20170412,20260821,0.20886726740938077,-0.5577448634010321,0.5923980318539427,0.05536910119075378,-0.5946383033763172,0.295207981985713,16,0.375,0.03229543512409361,-0.5946383033763174,0.24451480649946938,-0.17657183228528717,-0.03689343997528527,0.5692798541476755,17,4,0.23529411764705882,FAIL,0.148978847309287,-0.562837389275991,0.49477581346274085,-0.059888420100093764,-0.0050925258749588975,0.7898814949863263,21,6,0.2857142857142857,FAIL
002865.SZ,2240,20170602,20260821,0.0895144257450291,-0.8039787145691393,0.40883538094841815,0.004760893698830815,-0.8457599920563191,0.18829201037132565,17,0.4117647058823529,0.003424585293459792,-0.8457599920563191,0.18690735761785077,-0.08608984045156931,-0.04178127748717986,0.47410714285714284,18,7,0.3888888888888889,FAIL,0.020884759477857617,-0.8255130029172493,0.2709740348926583,-0.06862966626717149,-0.021534288348109998,0.7883928571428571,28,8,0.2857142857142857,FAIL
002867.SZ,2238,20170606,20260821,0.029992919788491168,-0.5373469473684209,0.1981900143481522,-0.07337618278796287,-0.5861365121661053,-0.24461540380543287,17,0.29411764705882354,-0.0729811518709439,-0.5861365121661053,-0.24251571020332463,-0.10297407165943506,-0.04878956479768437,0.5084897229669347,17,5,0.29411764705882354,FAIL,0.010274527773649567,-0.4719982040825976,0.12332910637134285,-0.0197183920148416,0.0653487432858233,0.792225201072386,22,11,0.5,PASS
002901.SZ,2135,20171103,20260821,0.007919795660978668,-0.8064255009177447,0.1823888953067342,0.0573100421803463,-0.49692054765236415,0.25783372277862837,12,0.6666666666666666,0.028253258155892302,-0.49977389765084734,0.1622556043370253,0.020333462494913634,0.30665160326689733,0.4426229508196721,12,6,0.5,PASS,-0.05935901343477279,-0.8192988474186098,-0.021044044115844776,-0.06727880909575146,-0.012873346500865135,0.789695550351288,23,6,0.2608695652173913,FAIL
002916.SZ,2080,20180122,20260821,0.3305096872121165,-0.7372142974875806,0.7826156943670681,0.22305757032950502,-0.5006465908998283,0.6522399083180275,12,0.3333333333333333,0.20232018950198505,-0.5006465908998283,0.6072021531601292,-0.12818949771013144,0.23656770658775228,0.5769230769230769,13,2,0.15384615384615385,中性,0.23398257776097986,-0.6009709415008132,0.6431224425920696,-0.09652710945113663,0.1362433559867674,0.8408653846153846,18,6,0.3333333333333333,中性
002920.SZ,2073,20180131,20260821,0.11779809084846438,-0.589670243902439,0.4302361344836863,0.11065589604085235,-0.5968526857485748,0.4101525542747159,13,0.38461538461538464,0.10563378185843586,-0.5968526857485748,0.39770221934041006,-0.012164308990028516,-0.007182441846135701,0.5127834056922335,13,4,0.3076923076923077,中性,0.14940797348333135,-0.5544927478606436,0.48990379604625794,0.03160988263486697,0.03517749604179543,0.7626628075253257,20,10,0.5,PASS
002925.SZ,2058,20180228,20260821,-0.06757268277803818,-0.7916338257866462,-0.0023887134440240525,-0.04119659062722136,-0.606461824979412,-0.029616908037182713,10,0.3,-0.02639800948241322,-0.606461824979412,0.0196719235145819,0.041174673295624964,0.18517200080723417,0.5189504373177842,9,4,0.4444444444444444,PASS,-0.07582054190268894,-0.7865316750162288,-0.0730671745789873,-0.008247859124650758,0.005102150770417424,0.8002915451895044,18,7,0.3888888888888889,中性
002926.SZ,2045,20180319,20260821,-0.053805528521153834,-0.5524363439567846,-0.07937111118440737,-0.11420023050814909,-0.6567219466364326,-0.6408109729138973,12,0.16666666666666666,-0.1537782602804132,-0.7604259820769675,-0.8106723452565583,-0.09997273175925936,-0.2079896381201829,0.33838630806845965,13,2,0.15384615384615385,FAIL,-0.13887446489797295,-0.7295604174323644,-0.4340968054081064,-0.08506893637681912,-0.1771240734755798,0.8171149144254278,22,6,0.2727272727272727,FAIL
002936.SZ,1893,20181101,20260821,-0.10139008515619208,-0.6862392807745505,-0.46803704385621925,-0.08973518150978443,-0.5198343065008992,-0.9630311198257366,8,0.0,-0.09965334429717965,-0.5689555670050694,-1.0228163321524764,0.0017367408590124311,0.1172837137694811,0.23454833597464342,8,3,0.375,PASS,-0.1713673110334054,-0.7859586669324813,-0.908220932187522,-0.06997722587721333,-0.09971938615793075,0.8077126254622292,17,3,0.17647058823529413,FAIL
002938.SZ,1894,20181031,20260821,0.2297029972272986,-0.6950634057164798,0.626988284575774,0.07419512348517165,-0.6869743445423253,0.31671161148091,14,0.35714285714285715,0.050062919440812204,-0.6869743445423255,0.2543390615593505,-0.17964007778648639,0.00808906117415431,0.5179514255543822,15,4,0.26666666666666666,FAIL,0.1650156230552644,-0.6655174900573515,0.5184651013025674,-0.06468737417203418,0.02954591565912834,0.8041182682154171,19,8,0.42105263157894735,FAIL
002939.SZ,1872,20181130,20260821,-0.020639893441899204,-0.633866489449789,0.07137620367759641,-0.13061190608109652,-0.7893828796160133,-0.501394757779934,10,0.3,-0.13113776128130317,-0.7893828796160132,-0.5026862361489115,-0.11049786783940396,-0.1555163901662242,0.37767094017094016,11,2,0.18181818181818182,FAIL,-0.11128755354792641,-0.7515005632478864,-0.2410750489408937,-0.0906476601060272,-0.11763407379809743,0.780448717948718,21,8,0.38095238095238093,FAIL
002941.SZ,1849,20190104,20260821,-0.10155375722083726,-0.7829436036480157,-0.022481921016160457,-0.06610514672773149,-0.6644939816259703,-0.06487878682997664,11,0.2727272727272727,-0.0190572970143692,-0.6644939816259705,0.07545912438671935,0.08249646020646806,0.11844962202204523,0.4570037858301785,10,7,0.7,PASS,-0.04632419473349958,-0.7190087870703442,0.07377556582989014,0.05522956248733768,0.06393481657767153,0.7782585181179016,17,10,0.5882352941176471,PASS
002945.SZ,1815,20190228,20260821,0.00512861135835907,-0.5643475168898897,0.18285275015403127,-0.155669823454456,-0.815040273702333,-0.4722751376703389,11,0.2727272727272727,-0.14978384277024492,-0.8150402737023331,-0.4481084675883605,-0.154912454128604,-0.2506927568124434,0.3944903581267218,11,4,0.36363636363636365,FAIL,-0.021522603592754486,-0.5724941502506781,0.10629493836222365,-0.026651214951113555,-0.008146633360788358,0.8071625344352618,17,10,0.5882352941176471,中性
002946.SZ,1809,20190308,20260821,-0.04120837411360001,-0.6805679982771616,0.06649572542277868,-0.08719520280986126,-0.6523643938027399,-0.23774306806938098,8,0.375,-0.08415860625487326,-0.6569738785074085,-0.2246645879407222,-0.04295023214127325,0.02359411976975312,0.4007739082365948,7,2,0.2857142857142857,FAIL,-0.02914993789538356,-0.6875039276871522,0.06958837352618787,0.01205843621821645,-0.006935929409990549,0.8153676064123825,15,8,0.5333333333333333,反例
002948.SZ,1810,20190227,20260821,0.015548444789645233,-0.5773874862788144,0.10221855245043447,-0.12328132627934019,-0.6979696637180293,-0.9996862528464031,10,0.2,-0.11709513441352393,-0.7277860434806199,-0.870169648636843,-0.13264357920316916,-0.1503985572018055,0.2977900552486188,9,2,0.2222222222222222,FAIL,-0.07617223186858202,-0.7222794899249332,-0.29046484339349177,-0.09172067665822725,-0.14489200364611876,0.8447513812154697,16,2,0.125,FAIL
002957.SZ,1689,20190830,20260821,0.03742671373994666,-0.7460128087831657,0.2851597615924268,-0.09997647972101997,-0.7581989437955599,-0.1887803870559036,10,0.3,-0.07208054912426776,-0.7581989437955599,-0.09470998792227811,-0.10950726286421442,-0.012186135012394184,0.4517465956187093,10,4,0.4,FAIL,0.06955942698086348,-0.6055457615753881,0.3269230974770742,0.03213271324091682,0.14046704720777758,0.7578448786264061,16,7,0.4375,PASS
002958.SZ,1772,20190506,20260821,-0.10929110448320078,-0.7067630457933972,-0.3962201783452875,-0.057202265921683426,-0.5045454915942807,-0.5272569836032438,6,0.16666666666666666,-0.06033816956378435,-0.5045454915942809,-0.4950084816915241,0.048952934919416435,0.20221755419911636,0.23137697516930023,6,4,0.6666666666666666,PASS,-0.16098087036659858,-0.7752996496284615,-0.7284676362878382,-0.0516897658833978,-0.06853660383506432,0.8250564334085779,18,3,0.16666666666666666,FAIL
002966.SZ,1684,20190906,20260821,0.021343146096812537,-0.3764752475247525,0.110298082747223,-0.049506034168798174,-0.49275631398053354,-0.39542924284853975,9,0.3333333333333333,-0.07519128497650063,-0.5683955913088943,-0.5335692107151451,-0.09653443107331316,-0.1919203437841418,0.5041567695961995,9,1,0.1111111111111111,FAIL,-0.007324591258439206,-0.4817050592949633,-0.02700940833003412,-0.028667737355251743,-0.10522981177021085,0.838479809976247,11,3,0.2727272727272727,中性
002984.SZ,1413,20201026,20260821,-0.015400280154485024,-0.5952666479946666,0.0920372520862863,-0.1239605235318566,-0.6999512702799318,-0.46272551120769123,10,0.3,-0.10582993825417242,-0.6999512702799318,-0.3816093467968026,-0.0904296580996874,-0.1046846222852652,0.4861995753715499,9,2,0.2222222222222222,FAIL,-0.037133080002193064,-0.5933316096532846,-0.00857838052306653,-0.02173279984770804,0.0019350383413819783,0.7749469214437368,14,5,0.35714285714285715,中性
002985.SZ,1505,20200608,20260821,-0.08190425118895206,-0.8401794910497727,-0.029994376364798053,-0.12666095546358302,-0.795852781547123,-0.38334811180011585,11,0.36363636363636365,-0.06387870380684912,-0.795852781547123,-0.13222928608387555,0.018025547382102936,0.04432670950264972,0.44651162790697674,11,4,0.36363636363636365,PASS,-0.024924626808409456,-0.7733489619677332,0.0593266942339985,0.056979624380542604,0.06683052908203957,0.7089700996677741,18,10,0.5555555555555556,PASS
003021.SZ,1359,20210111,20260821,0.15301223034085187,-0.6880165289256197,0.5081209349499041,0.04711403273753212,-0.6518662567356963,0.2802537480161862,10,0.5,0.06439058014555465,-0.6518662567356963,0.3192761678267698,-0.08862165019529722,0.036150272189923394,0.5481972038263428,10,3,0.3,中性,0.06096996759983453,-0.7421923903381289,0.35522300895535197,-0.09204226274101734,-0.054175861412509185,0.7961736571008095,14,4,0.2857142857142857,FAIL
003022.SZ,1357,20210113,20260821,0.04114867183199222,-0.8392348930636816,0.301252756829495,0.006744694153086206,-0.632365587037073,0.17170595374992878,9,0.4444444444444444,0.03448656799230565,-0.6323655870370731,0.2406155182920276,-0.006662103839686573,0.20686930602660847,0.48563006632277084,9,3,0.3333333333333333,PASS,0.09640520295829291,-0.6373851923438956,0.3887648400790206,0.05525653112630069,0.20184970071978603,0.7258658806190126,14,6,0.42857142857142855,PASS
003031.SZ,1329,20210208,20260821,0.4008508478863819,-0.6712139871062168,0.8700180180269037,0.1421935552495548,-0.48867413202433907,0.4846309728143689,8,0.625,0.11633591055437176,-0.4886741320243392,0.4245406183086349,-0.28451493733201016,0.18253985508187764,0.5387509405568096,9,3,0.3333333333333333,中性,0.2295629907067629,-0.5690482282337073,0.6337248336346465,-0.17128785717961903,0.10216575887250956,0.8186606471030851,14,6,0.42857142857142855,中性
003035.SZ,1328,20210302,20260821,-0.06289490736616232,-0.726442718446602,-0.01895610926043048,-0.10240248737891078,-0.5464672526811891,-0.39053201086439965,7,0.2857142857142857,-0.006791583256893885,-0.5543301643892129,0.04344346619153403,0.05610332410926844,0.17211255405738912,0.3990963855421687,7,4,0.5714285714285714,PASS,-0.019410621232543557,-0.7123935933112214,0.05843364535130147,0.043484286133618766,0.014049125135380591,0.6942771084337349,14,8,0.5714285714285714,反例
003816.SZ,1668,20191008,20260821,0.01508351933710328,-0.36880568720379137,0.07484995081886991,0.025657397089282608,-0.2867472831199107,0.0931005965032966,5,0.4,0.02824949920513231,-0.2867472831199105,0.10844012189610365,0.013165979868029032,0.08205840408388088,0.5359712230215827,6,3,0.5,PASS,0.01804326248700483,-0.3691106972695166,0.08007305634953404,0.0029597431499015503,-0.000305010065725253,0.8764988009592326,8,3,0.375,反例
300001.SZ,3440,20120215,20260821,0.1830928554594251,-0.671109545176634,0.5562124186794323,0.010757636909404011,-0.8631706589347408,0.15027759346082714,25,0.36,0.011836575781293046,-0.8631706589347409,0.15342992227759314,-0.17125627967813206,-0.19206111375810686,0.5229651162790697,25,7,0.28,FAIL,0.13514224047908008,-0.7645139860178543,0.4669706043410056,-0.04795061498034503,-0.09340444084122024,0.8351744186046511,30,11,0.36666666666666664,FAIL
300002.SZ,3414,20120215,20260821,0.05039058240937311,-0.8899793543704747,0.32985999773984204,-0.046426876660930816,-0.9445133284747063,0.05681240873765451,25,0.24,-0.045892203850784075,-0.9445133284747064,0.05818434669760571,-0.09628278626015718,-0.054533974104231664,0.45899238429994144,25,10,0.4,FAIL,-0.0177927738795427,-0.9474410806783229,0.17822100886203104,-0.06818335628891581,-0.05746172630784818,0.8043350908025776,36,9,0.25,FAIL
300003.SZ,3411,20120215,20260821,0.047155916144293375,-0.7862122701400546,0.2734969622242435,0.05421770610264742,-0.6484338176110589,0.25885551472047974,16,0.4375,0.05533680420921838,-0.6484338176110588,0.26242682936194567,0.008180888064925007,0.1377784525289958,0.5576077396657871,16,7,0.4375,PASS,0.05547852084478633,-0.606333625714238,0.2810351541077193,0.008322604700492953,0.17987864442581658,0.8232189973614775,28,9,0.32142857142857145,PASS
300009.SZ,3391,20120215,20260821,0.14472731835316277,-0.602116402116402,0.49220217884233763,-0.009722048353153934,-0.8164772741983931,0.07699325557939506,21,0.3333333333333333,-0.006974293104112905,-0.8164772741983931,0.0854945326091646,-0.15170161145727568,-0.21436087208199106,0.5594219994102034,21,5,0.23809523809523808,FAIL,0.02706562939737478,-0.801837211395684,0.21767006133667935,-0.11766168895578799,-0.19972080927928193,0.8442937186670598,32,7,0.21875,FAIL
300010.SZ,3227,20120216,20260821,-0.0482545895134493,-0.9638021362381246,0.23859579181147783,0.047615924715043834,-0.8641874157408181,0.31122222896273455,21,0.3333333333333333,0.047235499655093216,-0.8641874157408183,0.31057844720543837,0.09549008916854251,0.09961472049730635,0.47133560582584444,21,8,0.38095238095238093,PASS,-0.020455676986744886,-0.9569923651759475,0.23586438174437266,0.02779891252670441,0.006809771062177061,0.7471335605825844,30,11,0.36666666666666664,反例
300012.SZ,3437,20120216,20260821,0.1472698524915388,-0.7249895867555264,0.4960849480255152,0.047373117887972604,-0.7411442680848478,0.24055269157879017,21,0.38095238095238093,0.050456451665529256,-0.7411442680848478,0.2498552433005553,-0.09681340082600953,-0.016154681329321408,0.5545533895839395,20,5,0.25,FAIL,0.07837237488876947,-0.7215671967587166,0.3359689553919541,-0.06889747760276932,0.0034223899968097715,0.8274658132091941,30,8,0.26666666666666666,FAIL
300014.SZ,3472,20120215,20260821,0.268732824439035,-0.7856512732494414,0.6808889351483917,0.22858231638069393,-0.6741657315546901,0.6497715615055308,21,0.5238095238095238,0.23027910611073032,-0.6741657315546901,0.6529844442948054,-0.03845371832830469,0.11148554169475133,0.554147465437788,21,9,0.42857142857142855,中性,0.18688200493591656,-0.8073423038776841,0.557009291003148,-0.08185081950311845,-0.021691030628242736,0.8125,36,14,0.3888888888888889,FAIL
300015.SZ,3508,20120215,20260821,0.14954771005250556,-0.8029242688729431,0.49291670248231345,0.11708711170744257,-0.6644963719573014,0.43274284009577085,16,0.5,0.11292266725657729,-0.6644963719573013,0.42109195033255753,-0.036625042795928264,0.13842789691564183,0.6009122006841505,15,6,0.4,中性,0.10490503260054518,-0.7940874792669571,0.3965177031824086,-0.04464267745196038,0.008836789605985995,0.862884834663626,26,9,0.34615384615384615,FAIL
300017.SZ,3481,20120215,20260821,0.21240259809820694,-0.8224795168409464,0.5965431992889341,0.18473155794656826,-0.745153132261354,0.5685939926215415,19,0.5263157894736842,0.18655643185378312,-0.7451531322613539,0.572289181135838,-0.02584616624442382,0.07732638457959251,0.5679402470554439,19,8,0.42105263157894735,PASS,0.20491718658801839,-0.7426563551020207,0.589758898133254,-0.0074854115101885554,0.07982316173892579,0.8098247629991382,30,12,0.4,PASS
300024.SZ,3526,20120215,20260821,0.09379927699434609,-0.8758041414259087,0.3779291605282858,-0.021615918012133917,-0.8394487159298858,0.011835675835324017,23,0.30434782608695654,-0.017714660947552918,-0.8394487159298857,0.024896923485734013,-0.11151393794189901,0.036355425496023,0.4239931934203063,23,11,0.4782608695652174,中性,0.06484026061335202,-0.7798804615169028,0.30479220971088666,-0.028959016380994074,0.09592367990900585,0.7796369824163358,34,14,0.4117647058823529,PASS
300026.SZ,3414,20120409,20260821,0.05358133436821766,-0.7174477048889789,0.2833288639965161,-0.025823459305618024,-0.8345536594583697,-0.014405112598647095,23,0.34782608695652173,-0.01504484437596465,-0.8345536594583696,0.023930061359018713,-0.06862617874418231,-0.11710595456939066,0.44200351493848855,22,8,0.36363636363636365,FAIL,0.00930198411551908,-0.8015824381054755,0.15419018607042564,-0.04427935025269858,-0.08413473321649656,0.7782659636789689,32,13,0.40625,FAIL
300027.SZ,3339,20120215,20260821,-0.04707265990816434,-0.9536160025693557,0.08936819643039119,-0.05178559361572588,-0.9070994379369706,-0.05144164495780824,18,0.2777777777777778,-0.048803153187500614,-0.9070994379369706,-0.04155887070942046,-0.001730493279336276,0.04651656463238518,0.40161725067385445,18,8,0.4444444444444444,PASS,-0.13268654308640715,-0.981416787843302,-0.16115399845629447,-0.08561388317824281,-0.02780078527394625,0.8101227912548667,34,10,0.29411764705882354,FAIL
300032.SZ,3304,20120215,20260821,-0.0005874338526461464,-0.941863516372755,0.2239717222351941,-0.0287673536644919,-0.8716997414105594,0.08218713157585286,18,0.3888888888888889,-0.019739804715789067,-0.8716997414105594,0.10625708711047856,-0.01915237086314292,0.07016377496219561,0.6053268765133172,18,4,0.2222222222222222,PASS,0.019601385925861026,-0.9054500458885675,0.2407893088867945,0.020188819778507172,0.03641347048418753,0.8668280871670703,21,5,0.23809523809523808,PASS
300033.SZ,3513,20120215,20260821,0.36292748352359183,-0.7715973025817007,0.797746689342272,0.1443887780434947,-0.7324919183512975,0.47794813194912267,24,0.375,0.15553821208904894,-0.7324919183512975,0.5007293544012273,-0.2073892714345429,0.03910538423040322,0.46427554796470255,24,8,0.3333333333333333,中性,0.3449419647491472,-0.5572297464994354,0.7995611094531951,-0.017985518774444653,0.21436755608226532,0.793623683461429,35,12,0.34285714285714286,PASS
300037.SZ,3441,20120216,20260821,0.1952556695761163,-0.6688417537612885,0.5734620785938134,0.0934487386138918,-0.7589461693671118,0.3775430826937431,22,0.45454545454545453,0.09509675538104956,-0.7589461693671116,0.3812038754332079,-0.10015891419506673,-0.09010441560582305,0.5294972391746585,21,6,0.2857142857142857,FAIL,0.16229210498517865,-0.6750782434959879,0.5181967192493916,-0.03296356459093763,-0.006236489734699369,0.8198198198198198,29,9,0.3103448275862069,FAIL
300039.SZ,3521,20120215,20260821,0.02297919948526861,-0.7785081257436723,0.21744972000622165,-0.07630809244993009,-0.8754232822743753,-0.12171787369057215,24,0.3333333333333333,-0.06864256274204761,-0.8754232822743752,-0.0929660047261884,-0.09162176222731622,-0.09691515653070282,0.5498437943765976,23,6,0.2608695652173913,FAIL,-0.0171733456081955,-0.8092581667780859,0.10148991723552134,-0.04015254509346411,-0.03075004103441359,0.8139733030389094,32,10,0.3125,FAIL
300043.SZ,3239,20120221,20260821,0.05545152960420641,-0.9050305294438517,0.34372839224419177,-0.08933199415766369,-0.9623418374554092,-0.05996830496427791,22,0.2727272727272727,-0.08872521802923505,-0.9623418374554092,-0.05805562635962873,-0.14417674763344146,-0.05731130801155759,0.49737573325100337,22,6,0.2727272727272727,FAIL,0.011474630757557946,-0.9180375809855048,0.23882916734183537,-0.04397689884664846,-0.013007051541653158,0.8033343624575486,31,8,0.25806451612903225,FAIL
300054.SZ,3396,20120215,20260821,0.2376077505401497,-0.7379947029890277,0.6621866573543688,0.17961509923751184,-0.49379474499909703,0.5816070047850401,21,0.5238095238095238,0.18142135027023332,-0.49379474499909715,0.5856499987771724,-0.05618640026991639,0.24419995798993055,0.6098351001177856,21,8,0.38095238095238093,中性,0.22564193590841986,-0.43333333333333324,0.6579959907282513,-0.011965814631729854,0.30466136965569446,0.8165488810365136,30,12,0.4,PASS
300055.SZ,3462,20120216,20260821,-0.006352582051693534,-0.9205055764384629,0.1777522878421313,-0.013418536395908176,-0.7939588285535069,0.0689534319697539,22,0.2727272727272727,-0.01108202472878328,-0.7939588285535069,0.07608945271486613,-0.004729442677089746,0.126546747884956,0.5193529751588677,22,9,0.4090909090909091,PASS,-0.001598990214728091,-0.9122643075207791,0.15847308732558094,0.004753591836965443,0.00824126891768373,0.7957827845176199,32,12,0.375,反例
300058.SZ,3378,20120221,20260821,0.129480109548745,-0.8374626224422362,0.4665320171379793,0.007967280650320152,-0.8652016979580293,0.18355721483093337,22,0.36363636363636365,0.009249563394183147,-0.8652016979580293,0.1867112714333555,-0.12023054615456186,-0.02773907551579302,0.5334517465956187,22,8,0.36363636363636365,FAIL,0.052915092500162464,-0.8588665098055894,0.31241358687359083,-0.07656501704858254,-0.02140388736335319,0.798105387803434,34,11,0.3235294117647059,FAIL
300059.SZ,3469,20120215,20260821,0.31356537172654075,-0.778771691890201,0.7607481853780814,0.17490403012562594,-0.8295439482999386,0.557518819784875,23,0.391304347826087,0.19207184522963705,-0.8295439482999386,0.5941848905075439,-0.1214935264969037,-0.05077225640973759,0.5309887575670222,23,10,0.43478260869565216,FAIL,0.286954021429888,-0.8081122722188568,0.7476190740270887,-0.026611350296652736,-0.02934058032865583,0.777457480541943,35,15,0.42857142857142855,中性
300070.SZ,3446,20120215,20260821,-0.020777756614589027,-0.8680201784648179,0.07413279910163975,-0.06961170152516294,-0.8708716510498133,-0.2232790143792394,22,0.3181818181818182,-0.0690468308515565,-0.8708716510498135,-0.2206386910830194,-0.04826907423696747,-0.002851472584995518,0.4840394660475914,21,8,0.38095238095238093,FAIL,-0.06471692822854469,-0.9047522261424705,-0.10459133863133203,-0.04393917161395566,-0.03673204767765259,0.7974463145676146,33,11,0.3333333333333333,FAIL
300072.SZ,3465,20120215,20260821,0.05960483441413489,-0.9456831000975948,0.3202671317831199,0.0645212356792848,-0.8080522469720453,0.2880832418101775,20,0.3,0.06609602068492615,-0.8080522469720453,0.2926878376208253,0.00649118627079126,0.13763085312554957,0.44761904761904764,20,7,0.35,PASS,0.06597271798873261,-0.9480163506493949,0.31979542386708354,0.006367883574597721,-0.0023332505518001145,0.8222222222222222,34,13,0.38235294117647056,反例
300073.SZ,3413,20120215,20260821,0.15593084661116974,-0.7514555726174741,0.5098623792907978,-0.01938188368386684,-0.6963523344165453,0.08121938464925094,30,0.43333333333333335,-0.015403220086790737,-0.6963523344165454,0.09223655194176612,-0.17133406669796047,0.05510323820092866,0.48315265162613535,30,10,0.3333333333333333,中性,0.11517842330754924,-0.7241471237689727,0.4309941317872124,-0.0407524233036205,0.027308448848501365,0.7647231174919426,38,15,0.39473684210526316,FAIL
300085.SZ,3314,20120215,20260821,0.2132849749450174,-0.9273523805827288,0.6104419975978383,0.07477850530747632,-0.9469715335696226,0.34776040640776784,18,0.2777777777777778,0.0804387749128348,-0.9469715335696226,0.36033614370417244,-0.13284620003218262,-0.019619152986893762,0.3995171997585999,18,8,0.4444444444444444,FAIL,0.15297217612283087,-0.9548394373859553,0.5140129731833281,-0.06031279882218654,-0.027487056803226495,0.7945081472540736,34,12,0.35294117647058826,FAIL
300088.SZ,3075,20120215,20260821,0.10355455560900961,-0.7140498561464905,0.43657212456704014,-0.03722405680397378,-0.8283990096919691,0.037884398242516264,23,0.2608695652173913,-0.03618635545727955,-0.8283990096919692,0.04170810841053746,-0.13974091106628916,-0.1143491535454787,0.5996747967479675,22,7,0.3181818181818182,FAIL,0.04345442597157856,-0.7432227776097811,0.29138891759666663,-0.060100129637431055,-0.029172921463290535,0.8373983739837398,29,6,0.20689655172413793,FAIL
300100.SZ,3263,20120215,20260821,0.1140805037993291,-0.8972144315278001,0.45434542781156356,0.14016941547097672,-0.6139717145720929,0.49260300112284006,16,0.4375,0.14070357228131525,-0.6139717145720928,0.4937875644454056,0.026623068481986145,0.28324271695570735,0.41250383083052405,16,6,0.375,PASS,0.020741020426068735,-0.8988923881324266,0.263141444789729,-0.09333948337326037,-0.0016779566046264405,0.7759730309531107,36,15,0.4166666666666667,FAIL
300104.SZ,1342,20120216,20200720,-0.245532514894505,-0.995873553371953,-0.2736068284496514,0.09109885674595541,-0.7930082370117673,0.47783355028754043,8,0.25,0.1310551840649019,-0.7930082370117671,0.583124588252882,0.3765876989594069,0.2028653163601859,0.5536512667660208,8,4,0.5,PASS,-0.06508074756057292,-0.9719475391848658,0.1145030088165872,0.1804517673339321,0.023926014187087286,0.7742175856929955,14,4,0.2857142857142857,反例
300113.SZ,3418,20120215,20260821,0.10824302365671046,-0.8042229682490712,0.4329358129443755,-0.03445822384669639,-0.8776883940821953,0.08070116567825407,22,0.2727272727272727,-0.021570331099393547,-0.8776883940821955,0.11389993427859096,-0.129813354756104,-0.07346542583312421,0.49473376243417205,22,7,0.3181818181818182,FAIL,0.019588271754703568,-0.9070857642406297,0.2566976411624013,-0.08865475190200689,-0.10286279599155845,0.802223522527794,38,17,0.4473684210526316,FAIL
300115.SZ,3497,20120216,20260821,0.11197889227743363,-0.8003035274143667,0.42764887792300665,0.09128030958430977,-0.6269236120857236,0.3658799950489968,20,0.5,0.09240361648999151,-0.6269236120857238,0.3684997334639255,-0.019575275787442115,0.17337991532864294,0.5627680869316557,20,6,0.3,PASS,0.05426388745392785,-0.8253685624009247,0.30459561661941537,-0.05771500482350578,-0.025065034986557988,0.812124678295682,32,8,0.25,FAIL
300116.SZ,2687,20120215,20240516,-0.19426310432877614,-0.9933399939138904,-0.13740556439393986,-0.13771614149540068,-0.9507179816888923,-0.3387143747977914,16,0.25,-0.13274690514714138,-0.9507179816888923,-0.32037676253789327,0.061516199181634756,0.04262201222499806,0.42352065500558245,16,7,0.4375,PASS,-0.001071059562726684,-0.8343115954502647,0.20440074295852412,0.19319204476604945,0.1590283984636257,0.7815407517677707,25,8,0.32,PASS
300118.SZ,3379,20120216,20260821,0.01349388885793723,-0.7704277172241987,0.263268716474445,-0.08155982993046917,-0.8780969971665968,-0.06750384350000552,23,0.34782608695652173,-0.07867924259243952,-0.8780969971665967,-0.05933719011354166,-0.09217313145037676,-0.10766927994239806,0.4539804675939627,23,10,0.43478260869565216,FAIL,-0.016454806396381305,-0.8208587559029774,0.17057083734026987,-0.029948695254318536,-0.05043103867877874,0.7821840781296241,38,17,0.4473684210526316,中性
300122.SZ,3456,20120215,20260821,0.09733005031962505,-0.9202537341647111,0.39431797068394836,0.07452334038853414,-0.6964452746383477,0.32178083051287754,18,0.5555555555555556,0.07551258111281034,-0.6964452746383476,0.3245012168272622,-0.02181746920681471,0.22380845952636352,0.5228587962962963,17,5,0.29411764705882354,PASS,0.04011531583043082,-0.8620522427531894,0.26309953945814857,-0.05721473448919423,0.058201491411521755,0.8107638888888888,32,11,0.34375,中性
300124.SZ,3511,20120215,20260821,0.1993587020890315,-0.5677595628415302,0.591730935417336,0.11264469764591101,-0.6226769870107035,0.41771558475394444,19,0.3684210526315789,0.11680477901182718,-0.6226769870107035,0.42841163491717443,-0.08255392307720433,-0.054917424169173334,0.6041013956137853,19,5,0.2631578947368421,FAIL,0.14556994516737265,-0.7155434486725931,0.4883377394912395,-0.053788756921658853,-0.14778388583106294,0.8481913984619767,27,10,0.37037037037037035,FAIL
300133.SZ,3406,20120215,20260821,0.04042838181810482,-0.8469073532817651,0.2955212852440236,-0.12916851097586268,-0.9631751877570203,-0.24477394887340156,25,0.2,-0.12488570380798736,-0.9631751877570203,-0.2306274530826766,-0.16531408562609218,-0.11626783447525513,0.5302407516147974,25,8,0.32,FAIL,0.0022887112356348993,-0.9093044117372477,0.19322638739912168,-0.03813967058246992,-0.0623970584554826,0.7880211391661773,33,12,0.36363636363636365,FAIL
300134.SZ,3149,20120215,20260821,0.007600443026899439,-0.8797746127388565,0.2632360446882533,-0.044838588269469404,-0.9123157209641213,0.031003184602954037,25,0.28,-0.04335564773588474,-0.9123157209641213,0.035701156339326134,-0.05095609076278418,-0.03254110822526479,0.5274690377897745,25,10,0.4,FAIL,0.026076939632164953,-0.8628063494687275,0.2685323342377984,0.018476496605265513,0.016968263270129014,0.7567481740234995,32,13,0.40625,反例
300136.SZ,3455,20120322,20260821,0.23072054833562294,-0.7864038147014587,0.6150027939822152,0.09593881692300643,-0.8143455894738912,0.39194543356998074,25,0.4,0.08618777648901443,-0.8143455894738911,0.3746396659882245,-0.1445327718466085,-0.027941774772432426,0.6422575976845152,26,6,0.23076923076923078,FAIL,0.13831127121353592,-0.7674305385844084,0.47400978109175834,-0.09240927712208702,0.018973276117050353,0.8315484804630969,33,10,0.30303030303030304,FAIL
300140.SZ,3309,20120215,20260821,-0.012889734434469169,-0.9312623474752463,0.20490047446827217,-0.111820630527947,-0.9817379225516383,-0.18956660819597992,23,0.13043478260869565,-0.10865138890108061,-0.9817379225516384,-0.17908232903547694,-0.09576165446661145,-0.05047557507639211,0.4418253248715624,22,7,0.3181818181818182,FAIL,-0.06846915231878681,-0.9603845951196364,0.04900026717225712,-0.05557941788431764,-0.029122247644390087,0.7944998488969477,35,9,0.2571428571428571,FAIL
300142.SZ,3257,20120215,20260821,0.09305442927073537,-0.8943642440349345,0.39147637095644033,0.10555921934188439,-0.6070053316586055,0.43978158310424786,17,0.5882352941176471,0.11099825580226708,-0.6070053316586056,0.45781030514518,0.017943826531531704,0.28735891237632893,0.4055879643844028,16,4,0.25,PASS,0.12492591212567339,-0.8146701256514097,0.4628026520427487,0.031871482854938016,0.0796941183835248,0.7863064169481118,32,15,0.46875,PASS
300144.SZ,3438,20120215,20260821,0.049966903653483774,-0.7218633075163019,0.26945991992556145,0.0015266349969831339,-0.8146231543712078,0.0744038801607455,19,0.3157894736842105,0.007342960835932111,-0.8146231543712079,0.09494584438592707,-0.04262394281755166,-0.09275984685490601,0.4810936591041303,18,8,0.4444444444444444,FAIL,0.027191245680463494,-0.7813538922342229,0.1925469143552493,-0.02277565797302028,-0.05949058471792101,0.8042466550319953,30,15,0.5,中性
300146.SZ,3360,20120215,20260821,0.05247012611126345,-0.7150218529469823,0.27748245851933384,-0.0006667564470613785,-0.5701319629074214,0.07699370809518699,16,0.4375,0.005087990912819418,-0.5701319629074215,0.09685779804400356,-0.04738213519844403,0.14488989003956076,0.45535714285714285,16,4,0.25,中性,0.03276260736294323,-0.6402826038072829,0.2159431799114309,-0.01970751874832022,0.07473924913969943,0.8074404761904762,29,12,0.41379310344827586,PASS
300147.SZ,3509,20120215,20260821,0.037281180170331885,-0.9206139104044149,0.29479041775436465,-0.024698118671684588,-0.9128295765353822,0.04960435358462861,21,0.3333333333333333,-0.02253278627865951,-0.9128295765353822,0.05592712078525249,-0.059813966448991396,0.007784333869032656,0.45454545454545453,21,10,0.47619047619047616,FAIL,-0.032986356258721816,-0.9499153183235022,0.13370477475335527,-0.0702675364290537,-0.029301407919087308,0.8210316329438586,33,11,0.3333333333333333,FAIL
300156.SZ,1793,20120215,20200824,-0.3441591799353566,-0.9966668262163305,-0.6147225087905887,-0.029520941920622268,-0.7302822830713266,0.0822972106745042,11,0.36363636363636365,-0.021617292848056358,-0.7302822830713267,0.1048340394966224,0.32254188708730025,0.2663845431450038,0.581148912437256,11,5,0.45454545454545453,PASS,-0.07207210054276625,-0.8965131398019652,0.017601225209257908,0.27208707939259036,0.10015368641436528,0.7657557166759621,15,8,0.5333333333333333,PASS
300159.SZ,3367,20120215,20260821,0.0008290743986119065,-0.950789032096826,0.2578583516099806,-0.00020292345104266918,-0.8892791659358978,0.13491155296517032,21,0.2857142857142857,0.004480010832077719,-0.8892791659358977,0.14782953667823898,0.0036509364334658123,0.06150986616092824,0.4855954855954856,21,8,0.38095238095238093,PASS,-0.1148314571819472,-0.9868816840685051,-0.028394732107581557,-0.11566053158055911,-0.0360926519716791,0.8045738045738046,37,11,0.2972972972972973,FAIL
300166.SZ,3303,20120216,20260821,0.10051689547123588,-0.8279616685464126,0.4343972905550195,-0.13198582439293538,-0.9648741853114488,-0.21911884072299265,27,0.2222222222222222,-0.12459138120392776,-0.9648741853114488,-0.19350972472394373,-0.22510827667516364,-0.13691251676503613,0.45382985165001516,27,8,0.2962962962962963,FAIL,0.027837949733452882,-0.9030147532780441,0.28752780563559166,-0.072678945737783,-0.07505308473163153,0.7786860429912201,37,13,0.35135135135135137,FAIL
300168.SZ,3300,20120215,20260821,0.041734067807475794,-0.9418805132317563,0.30914491244979836,-0.00526627109683131,-0.9490514838862099,0.15189133928695803,19,0.3157894736842105,-0.005545000568940139,-0.9490514838862097,0.15149769618881942,-0.047279068376415934,-0.00717097065445349,0.5451515151515152,18,7,0.3888888888888889,FAIL,0.03048660306928186,-0.9432282469654962,0.26402400161547185,-0.011247464738193935,-0.0013477337337399753,0.8012121212121213,30,13,0.43333333333333335,中性
300180.SZ,3362,20120216,20260821,0.06924747980249712,-0.7581254063331193,0.33243653297197356,-0.01597458594634249,-0.8131087355155363,0.060844218337789205,20,0.3,-0.01350562291636237,-0.8131087355155362,0.06851583573131147,-0.0827531027188595,-0.054983329182416885,0.5642474717430102,20,6,0.3,FAIL,0.029234911942355613,-0.8039120900150709,0.22568410265322977,-0.04001256786014151,-0.0457866836819516,0.8271861986912552,27,10,0.37037037037037035,FAIL
300182.SZ,3372,20120215,20260821,0.056504841046624454,-0.8445786675041694,0.334975913167641,-0.03879397019190978,-0.8725684083949956,0.02766700216409951,23,0.30434782608695654,-0.03419241876239365,-0.8725684083949956,0.04125596383535212,-0.0906972598090181,-0.027989740890826176,0.43505338078291816,23,9,0.391304347826087,FAIL,0.06906718719300486,-0.6948799627840363,0.34004425250273634,0.01256234614638041,0.14969870472013314,0.7603795966785291,34,13,0.38235294117647056,PASS
300197.SZ,3210,20120216,20260821,-0.016597905653609968,-0.88803372718906,0.14300911399254168,-0.019434580050501804,-0.7694835994510886,0.000419846764151018,17,0.4117647058823529,-0.011963092714660672,-0.7694835994510886,0.028892792107984868,0.004634812938949295,0.11855012773797147,0.41869158878504675,17,8,0.47058823529411764,PASS,-0.005000695071204819,-0.8740834573745775,0.13963537900679965,0.011597210582405149,0.013950269814482552,0.8021806853582555,30,14,0.4666666666666667,反例
300199.SZ,3373,20120215,20260821,0.12844788978873045,-0.9120250860471274,0.4804551449777108,0.012690058444946306,-0.9125698148046578,0.2316793839532921,23,0.34782608695652173,0.017174659015058324,-0.9125698148046578,0.2409976366050734,-0.11127323077367213,-0.0005447287575304216,0.539875481766973,22,10,0.45454545454545453,FAIL,0.1122559149824669,-0.9046573690125912,0.4453026538638377,-0.016191974806263554,0.007367717034536203,0.7900978357545212,31,13,0.41935483870967744,中性
300202.SZ,2486,20120215,20220701,-0.19201692667286252,-0.9910317213292044,-0.10072009930094836,0.11297523083153127,-0.5917233543288509,0.4220261606387773,13,0.5384615384615384,0.11792329393573486,-0.5917233543288509,0.43487278492905856,0.3099402206085974,0.39930836700035344,0.5470635559131134,13,5,0.38461538461538464,PASS,-0.02581737868642131,-0.9180534235426756,0.11507238054188464,0.1661995479864412,0.07297829778652876,0.7932421560740145,23,9,0.391304347826087,PASS
300207.SZ,3475,20120216,20260821,0.1611587560455543,-0.784064920148837,0.5129189008847624,-0.03025278032914469,-0.7865152555302912,0.05698142529212309,26,0.34615384615384615,-0.028807396518171213,-0.7865152555302911,0.061146316448093825,-0.1899661525637255,-0.0024503353814541162,0.5536690647482014,26,8,0.3076923076923077,FAIL,0.10075928204111717,-0.8101971771454681,0.3966003334226948,-0.060399474004437126,-0.02613225699663113,0.8017266187050359,35,11,0.3142857142857143,FAIL
300212.SZ,3342,20120215,20260821,0.05073425940385534,-0.8812182434234754,0.3528793823724812,-0.022199280597898552,-0.8825582760743003,0.1077991077973672,23,0.34782608695652173,-0.01410092028556098,-0.8825582760743003,0.1284739455917675,-0.06483517968941632,-0.0013400326508248295,0.5448833034111311,23,9,0.391304347826087,FAIL,0.08950901622019325,-0.8500997173097268,0.3949404116061644,0.03877475681633791,0.031118526113748657,0.7716935966487134,31,14,0.45161290322580644,PASS
300223.SZ,3281,20120215,20260821,0.19218340095866915,-0.7739399060620693,0.5842233654914791,0.11502746667639485,-0.6216218446785946,0.4390412381900683,16,0.625,0.11539384667723729,-0.6216218446785946,0.43983243252529336,-0.07678955428143186,0.1523180613834747,0.48186528497409326,16,5,0.3125,中性,0.07146923076397771,-0.782848677427052,0.3780690253482271,-0.12071417019469144,-0.008908771364982693,0.8137762877171594,33,9,0.2727272727272727,FAIL
300244.SZ,3434,20120215,20260821,0.127437078339119,-0.8817437330670206,0.4527272507269357,-0.0172642166923912,-0.920908781618348,0.05319779437877046,20,0.3,-0.013757753520219018,-0.920908781618348,0.0641363963550272,-0.141194831859338,-0.03916504855132741,0.4545719277810134,19,7,0.3684210526315789,FAIL,0.05758859762663704,-0.9074492921065154,0.3018125113127194,-0.06984848071248195,-0.025705559039494785,0.8235294117647058,30,8,0.26666666666666666,FAIL
300251.SZ,3411,20120215,20260821,0.12287981824120564,-0.680375771710279,0.4497018023840892,-0.03622925621997031,-0.8296703090163466,0.017192222264727736,22,0.2727272727272727,-0.0330145088028484,-0.8296703090163468,0.026828631370665483,-0.15589432704405404,-0.1492945373060678,0.49076517150395776,22,8,0.36363636363636365,FAIL,0.06847110178952343,-0.7146503425635716,0.33677295934087986,-0.054408716451682215,-0.03427457085329266,0.8038698328935796,33,12,0.36363636363636365,FAIL
300253.SZ,3458,20120215,20260821,0.14533640567060635,-0.8176689849096552,0.48804180837458955,-0.08025652678376838,-0.9901362840611448,-0.07908371355379447,23,0.21739130434782608,-0.07729033514068406,-0.9901362840611448,-0.07040676701034218,-0.2226267408112904,-0.17246729915148962,0.5587044534412956,23,7,0.30434782608695654,FAIL,0.07652049873983113,-0.9188897144942941,0.35363388138911256,-0.06881590693077522,-0.1012207295846389,0.7972816657027183,34,11,0.3235294117647059,FAIL
300257.SZ,3477,20120215,20260821,0.053104266583679394,-0.8043942619038404,0.28481984873079225,0.012962554486187328,-0.8405036743600978,0.13123820218617518,21,0.38095238095238093,0.014554437053376557,-0.8405036743600978,0.13624047184519447,-0.03854982953030284,-0.03610941245625732,0.546160483175151,21,10,0.47619047619047616,FAIL,-0.015354803123300842,-0.9119140678596771,0.09395194031890941,-0.06845906970698024,-0.10751980595583666,0.8044291055507622,32,9,0.28125,FAIL
300266.SZ,3134,20120215,20260821,0.01596762551431996,-0.94895881982349,0.2530705213206683,0.06137913134372597,-0.7972590941869335,0.30634620258699435,18,0.2777777777777778,0.06356528885223978,-0.7972590941869335,0.3124930653862173,0.047597663337919816,0.15169972563655643,0.5529674537332483,18,8,0.4444444444444444,PASS,0.08617997637939823,-0.8373996924068834,0.38498419386600197,0.07021235086507827,0.11155912741660656,0.8018506700701978,25,9,0.36,PASS
300267.SZ,3362,20120215,20260821,0.04656574859733986,-0.9028884150291514,0.2945721102985103,0.02370713414150538,-0.8769077065544393,0.1887456413338459,18,0.2777777777777778,0.026580165540604606,-0.8769077065544393,0.19691200924332486,-0.019985583056735257,0.025980708474712122,0.491076740035693,18,6,0.3333333333333333,中性,0.041112973873736136,-0.894588186452851,0.2630518357396563,-0.005452774723603726,0.008300228576300417,0.7932778108268888,30,13,0.43333333333333335,中性
300271.SZ,3327,20120220,20260821,0.01623924622466122,-0.8750460128822305,0.24619336127206035,-0.032756604683509716,-0.8658850700258564,0.04716537527901669,22,0.36363636363636365,-0.025801687562472142,-0.8658850700258564,0.06798948645378552,-0.04204093378713336,0.009160942856374144,0.5293056807935077,21,7,0.3333333333333333,FAIL,0.006415943759830345,-0.8840106421514824,0.1994444464287784,-0.009823302464830874,-0.0089646292692519,0.8130447850916742,29,9,0.3103448275862069,中性
300273.SZ,2595,20120215,20230705,-0.18634977183540224,-0.9925372023954429,-0.07299942893316017,-0.0655405616718272,-0.9216684499493389,-0.050641618447197626,16,0.1875,-0.06129747964148646,-0.921668449949339,-0.037675337316359865,0.12505229219391578,0.0708687524461038,0.4867052023121387,16,7,0.4375,PASS,-0.09027968362455374,-0.9721240472818826,-0.003075531776253746,0.0960700882108485,0.020413155113560233,0.8030828516377649,28,11,0.39285714285714285,反例
300274.SZ,3499,20120215,20260821,0.2937194675309023,-0.8092135388190268,0.7100245945709155,0.19271088496957067,-0.8017304754974954,0.5701253986627928,22,0.45454545454545453,0.19833153716870777,-0.8017304754974954,0.5804215280248037,-0.0953879303621945,0.007483063321531369,0.6047442126321806,22,8,0.36363636363636365,FAIL,0.26007856432201826,-0.8373615668484021,0.6722426378496593,-0.03364090320888402,-0.028148028029375327,0.8002286367533581,30,9,0.3,FAIL
300285.SZ,3385,20120224,20260821,0.26371617919630275,-0.7427526479893621,0.6998719818860156,0.15200242197526914,-0.6085481489724616,0.5155366121438247,21,0.47619047619047616,0.1490403543791463,-0.6085481489724616,0.5086184603415953,-0.11467582481715644,0.13420449901690057,0.5302806499261448,20,5,0.25,中性,0.15343613328018813,-0.8088528347990199,0.5069983343380262,-0.11028004591611462,-0.06610018680965779,0.835450516986706,31,8,0.25806451612903225,FAIL
300287.SZ,3370,20120308,20260821,0.0659375250857479,-0.941849799390758,0.36655107203328613,-0.04550845845870077,-0.9509409995959949,0.04900861860113908,24,0.3333333333333333,-0.044929199102406225,-0.9509409995959949,0.050504017144907355,-0.11086672418815413,-0.009091200205236905,0.4976261127596439,24,7,0.2916666666666667,FAIL,0.046265637041798646,-0.9340271362708717,0.3113179253909691,-0.01967188804394926,0.00782266311988622,0.7902077151335312,32,11,0.34375,中性
300291.SZ,3269,20120315,20260821,-0.023343489451235544,-0.9295667692963636,0.2100189926572158,-0.05668092422462445,-0.8680499768996998,-0.005493357937829617,18,0.2222222222222222,-0.057773698930319695,-0.8680499768996998,-0.008025629573494437,-0.03443020947908415,0.061516792396663855,0.41174671153257875,19,9,0.47368421052631576,中性,-0.048783642149382356,-0.9191479173579842,0.12791826702715436,-0.025440152698146812,0.010418851938379436,0.7968797797491588,32,11,0.34375,中性
300296.SZ,3303,20120424,20260821,0.13664373667801089,-0.7595034379794017,0.47821321541675754,-0.057207544307036784,-0.8973553856267985,-0.036801033062876735,24,0.20833333333333334,-0.05834329946238859,-0.8973553856267985,-0.04015837632892316,-0.19498703614039947,-0.13785194764739683,0.5746291250378444,25,8,0.32,FAIL,0.04977868284224618,-0.8172073132292332,0.2886826603521501,-0.0868650538357647,-0.05770387524983156,0.831365425370875,32,6,0.1875,FAIL
300297.SZ,2560,20120424,20230728,-0.18340589312043543,-0.99047245604809,-0.08360335621042105,-0.054615726418567156,-0.8239002140946068,0.0401839800375147,17,0.29411764705882354,-0.04808301194659326,-0.8239002140946068,0.05908807027724015,0.13532288117384217,0.1665722419534832,0.516015625,17,7,0.4117647058823529,PASS,-0.1316439424095931,-0.9483075605590698,-0.08148500045361352,0.05176195071084233,0.04216489548902014,0.787109375,26,8,0.3076923076923077,PASS
300308.SZ,3297,20120517,20260821,0.49840340093269475,-0.716710521986732,0.9956719311765779,0.38817508980900195,-0.7112301663818777,0.9301809658070876,18,0.3888888888888889,0.3901172423212891,-0.7112301663818779,0.932585864729594,-0.10828615861140567,0.005480355604854159,0.6151046405823476,18,7,0.3888888888888889,FAIL,0.33407931438590444,-0.7356496965200792,0.7971404551948089,-0.16432408654679032,-0.018939174533347147,0.8535031847133758,31,8,0.25806451612903225,FAIL
300315.SZ,3063,20120615,20260821,0.05590682354661425,-0.8740673546414967,0.34215847482703643,-0.049397002399420464,-0.8848193518075055,-0.00433303692072983,22,0.22727272727272727,-0.05984800470372853,-0.8848193518075054,-0.03366204945567013,-0.11575482825034278,-0.01075199716600872,0.49853085210577863,22,9,0.4090909090909091,FAIL,0.04040958386424065,-0.833549566220071,0.2889195850914574,-0.015497239682373598,0.040517788421425616,0.762324518445968,31,14,0.45161290322580644,PASS
300316.SZ,3342,20120615,20260821,0.17856668972905432,-0.7380523375198252,0.5472443733188632,0.06179778076168252,-0.7594476746759224,0.29772837016659986,23,0.43478260869565216,0.058575306703989805,-0.7594476746759224,0.28973988506654164,-0.11999138302506451,-0.021395337156097205,0.5538599640933572,22,7,0.3181818181818182,FAIL,0.1031082127724885,-0.8028817561163961,0.4042605498413469,-0.07545847695656582,-0.06482941859657088,0.7992220227408737,35,10,0.2857142857142857,FAIL
300324.SZ,3079,20120716,20260821,0.11135853381664296,-0.8909460354105165,0.4558373806047304,0.08622993959157577,-0.7773561183497846,0.37939206266130215,18,0.4444444444444444,0.1032587133070515,-0.7773561183497846,0.41974542482275257,-0.00809982050959146,0.11358991706073196,0.5274439753166612,18,9,0.5,PASS,0.13182129804655762,-0.8579653327725418,0.48445929363700424,0.020462764229914665,0.0329807026379747,0.7937642091588178,29,12,0.41379310344827586,PASS
300339.SZ,3247,20120822,20260821,0.16831505405935943,-0.8201042564674331,0.5367456541954998,0.023481385577583058,-0.8807563690272959,0.2364251791841945,26,0.3076923076923077,0.02579097053376822,-0.8807563690272959,0.24178194730066915,-0.1425240835255912,-0.0606521125598628,0.5056975669849092,26,7,0.2692307692307692,FAIL,0.15929801900796514,-0.833804387823773,0.5164919851891973,-0.009017035051394284,-0.01370013135633985,0.7533107483831228,32,12,0.375,中性
300346.SZ,3320,20120911,20260821,0.187516847136187,-0.7212293496047418,0.557594506802759,0.013543866585062236,-0.8638339413127534,0.1943293793042813,20,0.4,-5.034022884542466e-06,-0.8638339413127534,0.16340232021424247,-0.18752188115907154,-0.14260459170801154,0.560843373493976,20,6,0.3,FAIL,0.09965783777795623,-0.7774306515278813,0.4020954776724883,-0.08785900935823077,-0.056201301923139435,0.8385542168674699,28,10,0.35714285714285715,FAIL
300347.SZ,3238,20120921,20260821,0.19831650301396064,-0.8173646932572847,0.5881060233059704,0.15362019464621945,-0.6098355114985452,0.5236916191982433,19,0.5263157894736842,0.14119893427105978,-0.6098355114985451,0.493919645195088,-0.05711756874290086,0.20752918175873958,0.5963557751698579,19,8,0.42105263157894735,中性,0.1760725065229256,-0.7661700280892727,0.55611114569821,-0.022243996491035034,0.051194665168011966,0.7995676343421866,28,11,0.39285714285714285,PASS
300357.SZ,3031,20140306,20260821,0.09363116117419468,-0.8187852703189251,0.37515131507277016,0.08917950783521578,-0.558435313157956,0.35658088381647896,17,0.5882352941176471,0.07287089020067405,-0.558435313157956,0.30939664760631547,-0.020760270973520623,0.2603499571609691,0.5186407126360937,17,4,0.23529411764705882,PASS,0.10154779169853656,-0.676261414870849,0.3872000854715029,0.007916630524341883,0.1425238554480761,0.8145826459914219,27,11,0.4074074074074074,PASS
300363.SZ,2915,20140314,20260821,0.0451216348798531,-0.8845440406189167,0.3234944653637979,-0.008004958694532105,-0.86448222937737,0.13814543529890977,21,0.2857142857142857,-0.022057965573760163,-0.86448222937737,0.10355371273324018,-0.06717960045361326,0.020061811241546712,0.509090909090909,21,6,0.2857142857142857,FAIL,-0.053326770748740704,-0.9125386690516273,0.09584109722549276,-0.0984484056285938,-0.02799462843271061,0.7602058319039451,34,7,0.20588235294117646,FAIL
300373.SZ,2986,20140311,20260821,0.20652142419192998,-0.6722442057659694,0.5861929747470058,0.003428882482724882,-0.7422561559468533,0.15852485903862695,21,0.47619047619047616,-0.0018684016967831507,-0.7422561559468532,0.1454646204975023,-0.20838982588871313,-0.0700119501808838,0.5083724045545881,21,5,0.23809523809523808,FAIL,0.13405804657575038,-0.6554772513828664,0.46268270191301986,-0.0724633776161796,0.01676695438310305,0.8231748158070998,28,6,0.21428571428571427,FAIL
300376.SZ,2905,20140320,20260821,0.051228427979602253,-0.8516243364016941,0.37564795589535854,0.08809251221779446,-0.8155747270820114,0.3760319283738632,16,0.5625,0.07978640083807553,-0.8155747270820114,0.3673809717966488,0.02855797285847328,0.03604960931968271,0.506368330464716,17,7,0.4117647058823529,PASS,0.03255573284766755,-0.8143465034850894,0.3358816162479369,-0.018672695131934702,0.03727783291660469,0.7879518072289157,26,9,0.34615384615384615,PASS
300383.SZ,2837,20140314,20260821,0.08375524370560972,-0.8073968429772387,0.38463097716826067,0.029761935229916103,-0.8134380656803367,0.2190325620378017,19,0.3684210526315789,0.0271366143663212,-0.8134380656803368,0.2141768282625658,-0.05661862933928852,-0.006041222703098148,0.461402890377159,20,6,0.3,FAIL,0.010387224258874284,-0.8550339075928359,0.21285508888841367,-0.07336801944673543,-0.04763706461559725,0.799788508988368,33,10,0.30303030303030304,FAIL
300390.SZ,2835,20140904,20260821,0.26534093885626553,-0.8346740201453068,0.6671434462652609,0.11216280951033708,-0.7720890386521098,0.41851272523664845,18,0.4444444444444444,0.11158731638059849,-0.7720890386521098,0.4173638813305351,-0.15375362247566704,0.06258498149319702,0.418342151675485,18,7,0.3888888888888889,中性,0.1284388972058501,-0.8547467556833683,0.46453534690104664,-0.13690204165041542,-0.020072735538061548,0.7774250440917108,33,11,0.3333333333333333,FAIL
300394.SZ,2758,20150331,20260821,0.43471308111795914,-0.7185674903482169,0.8567561700780953,0.12619619249255853,-0.7209887310837484,0.4431900402310513,20,0.55,0.1394836418546508,-0.7209887310837484,0.46851969987139136,-0.29522943926330836,-0.0024212407355315158,0.5116026105873822,20,7,0.35,FAIL,0.22813835065834298,-0.7904021274149091,0.6111544873949842,-0.20657473045961616,-0.07183463706669224,0.8158085569253082,30,5,0.16666666666666666,FAIL
300395.SZ,2877,20141022,20260821,0.23081064155477526,-0.6581751545647493,0.6187274054827561,-0.09776864477483005,-0.8268082924251294,-0.09971246355431064,22,0.2727272727272727,-0.10055477085866271,-0.8268082924251293,-0.10614005970696949,-0.331365412413438,-0.16863313786038003,0.5085158150851582,22,5,0.22727272727272727,FAIL,0.04442988781477886,-0.7580704615716538,0.2940131296659952,-0.1863807537399964,-0.09989530700690452,0.8606187000347584,27,4,0.14814814814814814,FAIL
300408.SZ,2812,20150109,20260821,0.22766229734173016,-0.5876943654907206,0.6406979566946805,0.039075732793718565,-0.7483387989165226,0.2209643932620091,23,0.43478260869565216,0.03569466577577307,-0.7483387989165226,0.21177063666145268,-0.1919676315659571,-0.16064443342580192,0.6152204836415363,23,3,0.13043478260869565,FAIL,0.11774986768833062,-0.7486171903227212,0.424679195108098,-0.10991242965339953,-0.1609228248320006,0.8303698435277382,27,6,0.2222222222222222,FAIL
300413.SZ,2529,20150304,20260821,-0.019882586675247005,-0.8394382250431017,0.18599292180567534,-0.03742512123083419,-0.7496368405421233,-0.019240518406349615,19,0.3684210526315789,-0.02561309841767867,-0.7496368405421234,0.027505622361904195,-0.005730511742431665,0.0898013845009783,0.4068801897983393,18,8,0.4444444444444444,PASS,-0.00855892249135426,-0.7538779044712478,0.15654574405356747,0.011323664183892745,0.08556032057185392,0.7180703835508105,29,15,0.5172413793103449,PASS
300418.SZ,2718,20150304,20260821,0.0900843502572597,-0.8063278748494169,0.40428566884585054,0.02641438115258543,-0.8241643530142513,0.2909441135476256,16,0.3125,0.07417341447981585,-0.8241643530142512,0.34005471148433813,-0.015910935777443846,-0.017836478164834246,0.4374540103016924,15,7,0.4666666666666667,中性,0.015257478865974283,-0.8372640219716659,0.3132808834116679,-0.07482687139128541,-0.030936147122249014,0.7799852832965416,29,12,0.41379310344827586,FAIL
300432.SZ,2666,20150424,20260821,0.10828924503933135,-0.883147621729375,0.4411943959013113,0.11895869456041774,-0.7246392636237331,0.4340641241596891,18,0.4444444444444444,0.12868723954966632,-0.7246392636237331,0.45372690376165326,0.02039799451033497,0.1585083581056419,0.4561140285071268,18,7,0.3888888888888889,PASS,0.30395983282393435,-0.7545735455015768,0.7439863840715442,0.195670587784603,0.12857407622779815,0.7261815453863466,27,15,0.5555555555555556,PASS
300433.SZ,2729,20150423,20260821,0.07459557298270902,-0.7836978259121251,0.3606449606125387,0.01667192955886443,-0.7709554018143644,0.17481876402563432,15,0.4666666666666667,0.04235878805045323,-0.7867893286664471,0.24424117718214225,-0.03223678493225579,-0.0030915027543220175,0.5305972883840234,15,6,0.4,FAIL,0.08823366185437997,-0.748536356896265,0.3688544575082389,0.01363808887167095,0.03516146901586015,0.8057896665445218,26,12,0.46153846153846156,PASS
300438.SZ,2679,20150601,20260821,0.05569955447649355,-0.8255546911589736,0.3598294625162412,0.04574868744166727,-0.591673944511556,0.278155707124815,18,0.4444444444444444,0.024826896834277967,-0.6543700940495567,0.2336255727885753,-0.030872657642215584,0.1711845971094169,0.5005599104143337,18,8,0.4444444444444444,中性,0.15290386775173115,-0.7679640966625567,0.498780841771799,0.0972043132752376,0.0575905944964169,0.7603583426651735,26,13,0.5,PASS
300442.SZ,2712,20150601,20260821,0.0051173871179608366,-0.9024208471267294,0.22853931973639832,0.0036464735822445693,-0.6838531246105686,0.14789154854767284,19,0.2631578947368421,-0.004900028463256434,-0.6952566939147173,0.1270415236188044,-0.01001741558121727,0.2071641532120121,0.47050147492625366,19,8,0.42105263157894735,PASS,-0.032645887300215004,-0.8796072796824226,0.11490330754967473,-0.03776327441817584,0.022813567444306848,0.7997787610619469,30,9,0.3,FAIL
300450.SZ,2564,20150623,20260821,0.14246048607330497,-0.8440599281991717,0.49243625681027625,0.059272407855015974,-0.6792329262876671,0.29339867442129414,17,0.35294117647058826,0.06529773011712425,-0.6792329262876671,0.3157894917252812,-0.07716275595618072,0.16482700191150468,0.5347113884555382,17,5,0.29411764705882354,中性,0.1169217995305265,-0.796474551030625,0.4398833100699897,-0.025538686542778466,0.047585377168546716,0.7726209048361935,26,11,0.4230769230769231,PASS
300454.SZ,1982,20180621,20260821,0.007200287015441953,-0.8660915401942322,0.23019008279795602,-0.11592667854577732,-0.776565234041122,-0.29161943138727076,13,0.3076923076923077,-0.1679590596054017,-0.8114997895431884,-0.428256974744693,-0.17515934662084365,0.054591750651043824,0.4117053481331988,13,4,0.3076923076923077,中性,0.017675036528472132,-0.7166421701642751,0.22256393397499297,0.01047474951303018,0.14944937002995706,0.751765893037336,22,9,0.4090909090909091,PASS
300458.SZ,2704,20150619,20260821,0.07793047407112685,-0.757761083151556,0.38795068466323784,-0.14247756329895966,-0.8818578608812551,-0.2776384465949762,20,0.2,-0.16396621691485957,-0.8870290066871516,-0.29184651232393355,-0.24189669098598643,-0.12926792353559557,0.4156804733727811,20,5,0.25,FAIL,0.01539289154586343,-0.7496717597258147,0.25922610158501963,-0.06253758252526342,0.008089323425741313,0.8010355029585798,26,9,0.34615384615384615,FAIL
300459.SZ,2495,20150619,20260821,0.013292272840340402,-0.7820872872861201,0.2855507722230457,0.02293943410992183,-0.6780420094911788,0.2308459364045443,15,0.5333333333333333,0.04839572865851216,-0.6780420094911788,0.3032450063953659,0.03510345581817176,0.10404527779494133,0.44849699398797593,14,8,0.5714285714285714,PASS,0.12561439798916463,-0.6092908515514404,0.4690144314369914,0.11232212514882423,0.17279643573467973,0.7326653306613227,20,15,0.75,PASS
300463.SZ,2704,20150703,20260821,-0.07213494164325596,-0.8614117294264974,-0.009003867972562998,-0.03698152203546301,-0.7196517968859489,-0.07141164399229571,14,0.21428571428571427,-0.0412390482660655,-0.7196517968859488,-0.05466964058043809,0.030895893377190453,0.14175993254054853,0.430103550295858,15,7,0.4666666666666667,PASS,-0.13886517777194296,-0.8895975469431915,-0.25944514764301163,-0.066730236128687,-0.028185817516694134,0.790680473372781,28,8,0.2857142857142857,FAIL
300474.SZ,2492,20160509,20260821,0.04094604689728287,-0.6761838573047783,0.3054452612151244,-0.05208385171396268,-0.7621679269215028,-0.01720437891984746,16,0.375,-0.022715633398004975,-0.7621679269215028,0.07103922806763799,-0.06366168029528785,-0.08598406961672456,0.42696629213483145,16,7,0.4375,FAIL,0.012115633061742237,-0.7011741803229536,0.22057725650291826,-0.028830413835540636,-0.024990323018175387,0.7411717495987159,28,10,0.35714285714285715,中性
300475.SZ,2667,20150716,20260821,0.27793164984392393,-0.809604733411927,0.6818782461582628,0.03761377870769622,-0.7674287327068168,0.27000991688949255,15,0.4,0.07542974697874372,-0.7674287327068167,0.34894846139698504,-0.20250190286518022,0.042176000705110295,0.5474315710536183,15,4,0.26666666666666666,中性,0.12502314616192933,-0.8646375851186712,0.4569247786696716,-0.1529085036819946,-0.05503285170674421,0.8601424821897263,23,6,0.2608695652173913,FAIL
300476.SZ,2690,20150717,20260821,0.359580654505123,-0.6028457651682313,0.7889162753486325,0.10800015764118687,-0.7060558093177887,0.4024358640902917,18,0.3888888888888889,0.11992782610487085,-0.7060558093177887,0.427667618972943,-0.23965282840025215,-0.10321004414955737,0.4970260223048327,18,2,0.1111111111111111,FAIL,0.15246360680247983,-0.7188479813329394,0.49354103075917305,-0.20711704770264316,-0.11600221616470807,0.8364312267657993,31,6,0.1935483870967742,FAIL
300482.SZ,2674,20150804,20260821,-0.0008719211450338715,-0.7918608358351573,0.1932443036651923,-0.007715438254342066,-0.6303002969598004,0.09529252495426865,15,0.4,-0.036975460210976085,-0.6303002969598006,0.019928887999672316,-0.036103539065942214,0.1615605388753567,0.4741959611069559,16,7,0.4375,中性,-0.056750412343198775,-0.8203031759752487,0.03880367590746787,-0.055878491198164904,-0.028442340140091393,0.7988032909498878,26,10,0.38461538461538464,FAIL
300487.SZ,2672,20150806,20260821,0.19396204572486653,-0.5317876754118365,0.5622390049279338,-0.06475454156517946,-0.6511574439547487,-0.01698799783614169,19,0.3684210526315789,-0.06168924095176276,-0.6511574439547487,-0.008751350737999118,-0.2556512866766293,-0.11936976854291226,0.530314371257485,18,1,0.05555555555555555,FAIL,0.10020940259828293,-0.6954986514020751,0.3984589095308497,-0.0937526431265836,-0.16371097599023865,0.843562874251497,26,7,0.2692307692307692,FAIL
300496.SZ,2511,20160115,20260821,0.014165334675345864,-0.7989469940119538,0.2605347744586107,-0.016992176574285756,-0.7551359980980826,0.10089833957057702,18,0.3333333333333333,-0.02557586159134495,-0.7551359980980827,0.08128691905926494,-0.039741196266690815,0.043810995913871054,0.49860613301473516,17,7,0.4117647058823529,中性,0.0028796829134190016,-0.7413850626393326,0.2007135081714413,-0.011285651761926863,0.05756193137262122,0.7614496216646754,24,8,0.3333333333333333,PASS
300498.SZ,2590,20151207,20260821,-0.045341036934947954,-0.644295797231832,-0.0516488198704741,-0.0521300835711247,-0.7026629298890801,-0.24122252002176284,16,0.1875,-0.053157228069162454,-0.7026629298890801,-0.21550638528423954,-0.0078161911342145,-0.05836713265724813,0.46447876447876446,15,7,0.4666666666666667,中性,-0.065516403427475,-0.6754527526750558,-0.15941120678357767,-0.020175366492527047,-0.031156955443223833,0.794980694980695,26,10,0.38461538461538464,中性
300502.SZ,2517,20160408,20260821,0.5279229094011193,-0.7677415365396627,0.9495207405445562,0.2925440671045143,-0.794510860947002,0.7060140410133179,15,0.26666666666666666,0.28812426713829287,-0.794510860947002,0.6995008566752114,-0.23979864226282643,-0.026769324407339257,0.6229638458482321,15,5,0.3333333333333333,FAIL,0.3508458089462747,-0.7777446813970247,0.7643864360241142,-0.1770771004548446,-0.010003144857361979,0.8351211760031784,25,7,0.28,FAIL
300529.SZ,2415,20160906,20260821,-0.06587739810819349,-0.8334981373256074,-0.020378174886420353,-0.022723230583389098,-0.6623714690638861,0.00041510735845367474,14,0.2857142857142857,-0.04721905540748461,-0.662371469063886,-0.08140494964392109,0.018658342700708874,0.1711266682617214,0.5060041407867495,14,6,0.42857142857142855,PASS,-0.0855415688791813,-0.8172620580545202,-0.12148424607307957,-0.01966417077098781,0.016236079271087167,0.7834368530020704,26,9,0.34615384615384615,中性
300548.SZ,2367,20161116,20260821,0.19043635913271806,-0.7380410022779044,0.561466352815397,-0.06854222527398468,-0.8845244246926373,0.027699548200489404,19,0.3157894736842105,-0.0678255727359306,-0.8868975007356509,0.029712761270388036,-0.25826193186864865,-0.1488564984577465,0.5555555555555556,19,7,0.3684210526315789,FAIL,0.037077871322356515,-0.7723356486434527,0.3100292482956722,-0.15335848781036154,-0.034294646365548354,0.8086185044359949,22,7,0.3181818181818182,FAIL
300558.SZ,2353,20161212,20260821,-0.03830885026038866,-0.8001858965614076,0.10796041018677319,-0.028729312372076876,-0.7740630326821651,0.02219423797315167,17,0.4117647058823529,-0.03673162093529525,-0.7740630326821653,0.0022404339989100385,0.00157722932509341,0.026122863879242342,0.47088822779430517,16,7,0.4375,反例,0.004954019585670544,-0.6834726432659677,0.16857033265423918,0.043262869846059204,0.11671325329543991,0.7692307692307693,22,11,0.5,PASS
300567.SZ,2337,20161227,20260821,0.23346850286520326,-0.6048591511775658,0.6215211500621663,0.057530116495328576,-0.5157872110764375,0.29317808283896524,18,0.4444444444444444,0.042159421340866254,-0.6170874986627635,0.26014320140665703,-0.191309081524337,-0.012228347485197633,0.5451433461703038,19,6,0.3157894736842105,FAIL,0.09280473025235603,-0.7264219027007391,0.38501179206584646,-0.14066377261284724,-0.1215627515231733,0.8078733418913137,25,8,0.32,FAIL
300568.SZ,2335,20170106,20260821,0.028679627989471435,-0.8207563322877078,0.2835406516216703,0.09544658185223964,-0.5538005927931494,0.3728318518972192,11,0.45454545454545453,0.08816166808722703,-0.5538005927931495,0.3557213690199319,0.059482040097755595,0.2669557394945583,0.44967880085653106,11,4,0.36363636363636365,PASS,0.041638155426692025,-0.8139727304070676,0.2806040196521315,0.01295852743722059,0.0067836018806402,0.7460385438972162,22,10,0.45454545454545453,反例
300570.SZ,2332,20170111,20260821,0.25715885431334273,-0.6883865860118954,0.6410302474030367,0.1536853455389302,-0.5022069006793665,0.49421136926440223,13,0.5384615384615384,0.14724875719233,-0.5022069006793664,0.48164073450910005,-0.10991009712101274,0.18617968533252904,0.43782161234991424,14,6,0.42857142857142855,中性,0.08852371527127345,-0.7208482792846378,0.4140613237393732,-0.16863513904206928,-0.0324616932727424,0.7804459691252144,27,4,0.14814814814814814,FAIL
300573.SZ,2330,20170113,20260821,0.1502342321696244,-0.7489162956366875,0.49801559739116885,0.0154529079937622,-0.6671233247382011,0.16696640491999348,11,0.5454545454545454,0.022959448554028983,-0.6671233247382011,0.18956641937091775,-0.1272747836155954,0.08179297089848636,0.4738197424892704,11,5,0.45454545454545453,中性,0.13777006166307149,-0.7311809617131992,0.4723289739012661,-0.012464170506552907,0.01773533392348825,0.8291845493562232,17,6,0.35294117647058826,中性
300595.SZ,2303,20170228,20260821,0.026088226601399978,-0.8997658257179307,0.2719380701218799,0.1263445679393791,-0.5820957298316006,0.4297141609947874,10,0.3,0.13495379078649483,-0.5820957298316005,0.44732582516202374,0.10886556418509485,0.3176700958863302,0.4889274858879722,9,7,0.7777777777777778,PASS,0.01586935703655934,-0.864574903552874,0.23393976413810938,-0.010218869564840638,0.035190922165056704,0.8154580981328702,20,9,0.45,PASS
300601.SZ,2293,20170314,20260821,-0.015371572332485983,-0.9259066853158615,0.16676064169724986,0.025468921625339647,-0.7743178292869536,0.17144612316216098,14,0.35714285714285715,0.030449845288956112,-0.7743178292869535,0.18663289079069537,0.045821417621442095,0.15158885602890804,0.3916266899258613,14,6,0.42857142857142855,PASS,-0.033102377323995236,-0.9146214439836116,0.08427471462057179,-0.017730804991509252,0.011285241332249951,0.7243785433929351,26,8,0.3076923076923077,中性
300604.SZ,2235,20170523,20260821,0.5205499445830923,-0.6948588313590994,0.9290663325698931,0.19636574847901112,-0.6751244939593051,0.5619660046445412,15,0.6666666666666666,0.1885908123243596,-0.6751244939593051,0.5504001828940649,-0.33195913225873275,0.019734337399794355,0.5190156599552572,15,4,0.26666666666666666,FAIL,0.325755252969246,-0.6799967710381225,0.7297961240574414,-0.19479469161384633,0.014862060320976922,0.8313199105145413,24,4,0.16666666666666666,FAIL
300618.SZ,2272,20170412,20260821,-0.007348680613994296,-0.8692839819004525,0.22000263739191706,-0.11748986463015909,-0.8989418563187309,-0.1829512426985863,15,0.3333333333333333,-0.09182230206984976,-0.898941856318731,-0.09144953435214323,-0.08447362145585546,-0.029657874418278496,0.42473591549295775,15,6,0.4,FAIL,-0.04444722823235703,-0.8308874317984285,0.11088008924355008,-0.03709854761836273,0.03839655010202403,0.7535211267605634,27,7,0.25925925925925924,中性
300620.SZ,2260,20170418,20260821,0.35678851694800384,-0.593871767623096,0.7705528243782419,0.21985258612016412,-0.6484526214529722,0.6010258131807549,11,0.5454545454545454,0.2020979649008401,-0.6484526214529724,0.5726672599627739,-0.15469055204716375,-0.05458085382987643,0.6353982300884956,12,4,0.3333333333333333,FAIL,0.26078881947229604,-0.6767694223992451,0.653822854220943,-0.0959996974757078,-0.08289765477614908,0.845575221238938,18,6,0.3333333333333333,FAIL
300623.SZ,2268,20170420,20260821,0.12904809941279116,-0.7167639957914984,0.45379534183730086,0.0766477797498426,-0.6943354812994215,0.3341318696825999,14,0.5,0.08067018273232973,-0.6943354812994216,0.34534751734160524,-0.04837791668046143,0.022428514492076834,0.5767195767195767,14,4,0.2857142857142857,FAIL,0.051395095788270284,-0.6535297131812361,0.29956361363087863,-0.07765300362452088,0.06323428261026232,0.810405643738977,21,8,0.38095238095238093,中性
300627.SZ,2263,20170427,20260821,0.1085437880700475,-0.5049831865492393,0.4053295324104183,0.019432027012179276,-0.49271866505225226,0.1476098676888958,16,0.4375,-0.009015172386457215,-0.5108127455639572,0.061328655569229444,-0.11755896045650471,-0.005829559014717822,0.48784798939460894,17,6,0.35294117647058826,FAIL,0.044433697127181926,-0.5104371248803397,0.252670526053229,-0.06411009094286557,-0.005453938331100305,0.8382677861246134,23,6,0.2608695652173913,FAIL
300628.SZ,2265,20170425,20260821,0.11035662960391912,-0.6323877240855144,0.4069637137704693,0.0019347694200337884,-0.6399417537834509,0.08450073542069052,13,0.3076923076923077,-0.014013855410027976,-0.6399417537834509,0.04028835841795823,-0.1243704850139471,-0.007554029697936504,0.6384105960264901,13,3,0.23076923076923078,FAIL,0.08400981497681581,-0.5799804115319274,0.342704488145174,-0.02634681462710331,0.05240731255358699,0.866225165562914,17,7,0.4117647058823529,PASS
300630.SZ,1884,20170505,20250521,-0.26577402077059376,-0.9881196288454352,-0.11893975850336462,0.004515667093430764,-0.6867425816058692,0.15417328067446953,13,0.46153846153846156,-0.009976831052888047,-0.686742581605869,0.11945110711051077,0.2557971897177057,0.30137704723956626,0.5270700636942676,14,4,0.2857142857142857,PASS,-0.2878313254960172,-0.9896154855291612,-0.2586287160580848,-0.022057304725423443,-0.0014958566837259824,0.8099787685774947,22,7,0.3181818181818182,中性
300661.SZ,2203,20170711,20260821,0.3741442237937127,-0.6870060891248854,0.8207082535156625,0.17849952690097526,-0.727894215084955,0.5557040697835868,15,0.4,0.16151790178887593,-0.727894215084955,0.5192911401283897,-0.21262632200483678,-0.04088812596006963,0.4652746255106673,16,4,0.25,FAIL,0.19156861069786757,-0.8417359999537375,0.5603674542829503,-0.18257561309584514,-0.15472991082885212,0.8029959146618247,27,8,0.2962962962962963,FAIL
300666.SZ,2185,20170720,20260821,0.2771712560850217,-0.6754274084891495,0.6899431093839208,0.12945631362877252,-0.6687860015195111,0.4501944215190844,15,0.4,0.14472386610993038,-0.6687860015195111,0.4818134880573718,-0.1324473899750913,0.0066414069696384415,0.49061784897025174,14,4,0.2857142857142857,FAIL,0.214782570702863,-0.6025954032641319,0.6018460314603457,-0.06238868538215869,0.07283200522501765,0.7931350114416476,21,7,0.3333333333333333,中性
300676.SZ,2175,20170818,20260821,-0.10575956934996666,-0.8674668119212512,-0.07198524605687116,0.03422434274324915,-0.6641258767376066,0.18272829450550634,13,0.3076923076923077,0.04067618004860196,-0.6641258767376066,0.2046788868935848,0.14643574939856863,0.2033409351836446,0.3080459770114943,12,7,0.5833333333333334,PASS,-0.022789488060894536,-0.8498874400864403,0.0768979658620118,0.08297008128907213,0.017579371834810842,0.7029885057471265,26,11,0.4230769230769231,反例
300677.SZ,2180,20170825,20260821,0.24389179047544451,-0.8841192959034432,0.6397339844520875,0.314860647049952,-0.5908025596553927,0.8176371402407938,13,0.5384615384615384,0.3660274521761915,-0.590802559655393,0.9022894113267137,0.12213566170074697,0.2933167362480502,0.46743119266055044,12,4,0.3333333333333333,PASS,0.20178125032675043,-0.8574513041982804,0.5802426940015815,-0.04211054014869409,0.026667991705162764,0.7912844036697247,21,6,0.2857142857142857,FAIL
300679.SZ,2164,20170904,20260821,0.05478985331989006,-0.7040415375077496,0.3174115400476057,-0.016947766055594116,-0.6382116803500489,0.0873675694720758,16,0.4375,-0.009089095995958751,-0.6382116803500488,0.1087665652192456,-0.06387894931584881,0.06582985715770073,0.5466728280961183,16,5,0.3125,中性,0.009649846570529919,-0.730739524163935,0.19994305814861343,-0.04514000674936014,-0.02669798665618539,0.8017560073937153,20,8,0.4,FAIL
300682.SZ,2122,20170905,20260821,-0.06908241622986622,-0.8090717450848235,0.08533494887477375,-0.10321249661337373,-0.6818349864086071,-0.15700477600294105,15,0.3333333333333333,-0.1123187366800611,-0.6818349864086073,-0.18303192949078592,-0.043236320450194876,0.1272367586762162,0.4505183788878417,15,4,0.26666666666666666,中性,-0.013052701797267474,-0.788341394301103,0.16487402502275408,0.05602971443259874,0.02073035078372054,0.7478793590951932,22,11,0.5,反例
300699.SZ,2150,20171013,20260821,-0.013541615317180122,-0.65115760111576,0.14598891415436457,0.06288148875696886,-0.5771256476030484,0.28236316394139965,12,0.5,0.0720855667725715,-0.5771256476030484,0.30866959877997513,0.08562718208975162,0.07403195351271163,0.5427906976744186,12,7,0.5833333333333334,PASS,-0.04970000200404234,-0.6747291679679522,0.0013753287140194504,-0.03615838668686222,-0.023571566852192194,0.8372093023255814,20,7,0.35,FAIL
300718.SZ,2109,20171211,20260821,0.20536540733169262,-0.5537652696601203,0.5759488124388727,0.19466787813109354,-0.5796848726547648,0.5757423626436164,9,0.5555555555555556,0.19613098964995945,-0.5796848726547648,0.5760920003827538,-0.009234417681733165,-0.025919602994644464,0.5263157894736842,9,4,0.4444444444444444,中性,0.1980956571322059,-0.6031583337346161,0.5664597314984041,-0.007269750199486724,-0.04939306407449584,0.7899478425794215,16,9,0.5625,中性
300724.SZ,1921,20180914,20260821,0.10470521417476197,-0.7867465930048513,0.4256751824849584,0.21156543875292222,-0.5161990866620018,0.6216618003351037,8,0.625,0.20622832446032646,-0.5161990866620018,0.6107201479409465,0.10152311028556449,0.2705475063428495,0.4247787610619469,9,5,0.5555555555555556,PASS,0.11502746160410338,-0.7574838717115375,0.42777385498354303,0.010322247429341402,0.029262721293313754,0.7579385736595523,18,6,0.3333333333333333,反例
300735.SZ,2070,20180205,20260821,0.08605736670483677,-0.6889261648876415,0.3880284192044089,-0.041932223417082914,-0.7453927389782097,0.05442757897993578,15,0.26666666666666666,-0.0503528451320423,-0.7453927389782095,0.035260637480951526,-0.13641021183687907,-0.05646657409056799,0.49082125603864735,16,6,0.375,FAIL,0.006038445513562252,-0.6561140443387418,0.22264406350104715,-0.08001892119127452,0.032812120548899704,0.7898550724637681,22,5,0.22727272727272727,中性
300741.SZ,2032,20180409,20260821,-0.09767621102376811,-0.8139339900126404,-0.09541437599499329,-0.02239091450801345,-0.5857828252584936,-0.00395933365260208,10,0.2,-0.014589332437896174,-0.5857828252584936,0.02472882867616563,0.08308687858587194,0.22815116475414687,0.4734251968503937,10,4,0.4,PASS,-0.07159522351060033,-0.7407306729960448,-0.07575966807968207,0.026080987513167786,0.07320331701659566,0.7908464566929134,19,9,0.47368421052631576,PASS
300748.SZ,1891,20181105,20260821,0.12031631393637165,-0.6771980738180085,0.4516619224747562,-0.04677536590992015,-0.7022599289249851,0.056086629308343884,16,0.375,-0.05801791349343399,-0.7022599289249851,0.0309894116242085,-0.17833422742980565,-0.02506185510697667,0.3532522474881015,16,4,0.25,FAIL,-0.009710825393013822,-0.7558346004724452,0.21913673418950702,-0.13002713932938548,-0.07863652665443677,0.8038075092543627,21,5,0.23809523809523808,FAIL
300750.SZ,1964,20180717,20260821,0.31715194471584573,-0.6287430220976559,0.8032089257563846,0.24000238942774432,-0.4587056479907383,0.741608486096467,15,0.5333333333333333,0.2406105577952018,-0.45870564799073843,0.7432279214264417,-0.07654138692064394,0.17003737410691744,0.5188391038696538,14,4,0.2857142857142857,中性,0.22449990614017024,-0.6675773084203016,0.6525640205219528,-0.0926520385756755,-0.03883428632264574,0.8177189409368636,22,8,0.36363636363636365,FAIL
300751.SZ,1862,20181214,20260821,0.31222546703890086,-0.8022187904708777,0.7220074160835045,0.2143628526271435,-0.6061962072267522,0.6086775537734237,13,0.38461538461538464,0.2594781776176962,-0.6061962072267522,0.6881430664515654,-0.05274728942120466,0.19602258324412558,0.5021482277121375,13,5,0.38461538461538464,中性,0.26998227897825533,-0.8041854229267864,0.6753827223221881,-0.04224318806064553,-0.001966632455908668,0.7561761546723953,21,11,0.5238095238095238,FAIL
300757.SZ,1802,20190219,20260821,0.3963651939598978,-0.5782215198965666,0.807889283692029,0.07991355774558251,-0.6637708940787638,0.3717815087614798,13,0.5384615384615384,0.06822357054562045,-0.6637708940787637,0.35121656757323744,-0.32814162341427733,-0.0855493741821971,0.644284128745838,13,4,0.3076923076923077,FAIL,0.3941223885784233,-0.48718461721342443,0.8167643476710784,-0.0022428053814744775,0.09103690268314213,0.8423973362930077,16,5,0.3125,PASS
300759.SZ,1808,20190311,20260821,0.14660176990337503,-0.8230631191878091,0.48512652263457173,0.04371359598866742,-0.5648769063454946,0.24568784508306082,11,0.5454545454545454,0.03785441663270395,-0.5648769063454946,0.23117598405465445,-0.10874735327067109,0.25818621284231447,0.4850663716814159,10,3,0.3,中性,0.1359519656494288,-0.6869891291657518,0.46188402735024836,-0.010649804253946238,0.13607399002205722,0.7853982300884956,18,6,0.3333333333333333,PASS
300760.SZ,1880,20181120,20260821,0.06454886671373883,-0.7014811241956167,0.2913947493539141,0.06228938448184285,-0.5631125358589333,0.27487868008724964,8,0.25,0.07817445231557141,-0.5631125358589333,0.3319785385530914,0.01362558560183258,0.13836858833668342,0.5111702127659574,7,4,0.5714285714285714,PASS,0.06147579921235957,-0.6444448283366226,0.2753541805213086,-0.0030730675013792563,0.05703629585899406,0.823936170212766,15,6,0.4,PASS
300763.SZ,1777,20190424,20260821,0.24946026681935574,-0.8525344930039842,0.634558418436713,0.15980642023664982,-0.6694087986152446,0.5068248127520294,11,0.5454545454545454,0.12182710267718178,-0.6694087986152444,0.43702051435296824,-0.12763316414217396,0.18312569438873982,0.48958919527293193,12,5,0.4166666666666667,中性,0.18807336802332952,-0.7675936190620697,0.5537513922974462,-0.06138689879602621,0.08494087394191452,0.7749015194147439,19,5,0.2631578947368421,中性
300765.SZ,1754,20190429,20260821,0.3131113057163821,-0.6312698412698413,0.7419687677747705,0.23471312396509192,-0.4931241794830652,0.6911877376554577,8,0.75,0.23220503742475285,-0.4931241794830653,0.6839167675600275,-0.08090626829162928,0.138145661786776,0.40820980615735464,8,4,0.5,中性,0.305791333941704,-0.4941012520986181,0.7496077398615391,-0.007319971774678136,0.1371685891712232,0.7907639680729761,19,7,0.3684210526315789,PASS
300769.SZ,1759,20190523,20260821,0.1681336798101838,-0.9138039404121758,0.5284995930608303,0.19446864120195606,-0.7775780994882695,0.5716420239974124,12,0.5,0.2015645568476545,-0.7775780994882695,0.5843844747489694,0.03343087703747072,0.13622584092390633,0.4866401364411598,13,4,0.3076923076923077,PASS,0.12326859554853375,-0.913035802604795,0.45519934704747606,-0.044865084261650034,0.0007681378073808309,0.7600909607731666,20,5,0.25,FAIL
300776.SZ,1738,20190624,20260821,0.21368249045564625,-0.7525258607769906,0.5877562666653295,-0.04854297438243871,-0.7415641720430204,0.030114837897148698,13,0.38461538461538464,-0.03090945372336029,-0.7415641720430205,0.07850074654740223,-0.24459194417900654,0.010961688733970076,0.4626006904487917,13,4,0.3076923076923077,FAIL,-0.013001476543108015,-0.821745096501836,0.18039666521679293,-0.22668396699875426,-0.06921923572484545,0.7767548906789413,21,3,0.14285714285714285,FAIL
300782.SZ,1717,20190723,20260821,0.08748388436976295,-0.8227514668722429,0.3834098772844333,0.1482135874109647,-0.5123494561150668,0.4984372416357367,10,0.6,0.1519889730550139,-0.512349456115067,0.5066184442468837,0.06450508868525096,0.3104020107571759,0.44787419918462434,10,4,0.4,PASS,-0.013461736981116745,-0.8649515976965632,0.16716683179952288,-0.1009456213508797,-0.04220013082432028,0.796156086196855,20,7,0.35,FAIL
300803.SZ,1614,20191223,20260821,0.16496098587908192,-0.6457626272709123,0.5172397088247485,0.03350668696632342,-0.523846452874951,0.22994658453295094,10,0.5,0.04276981101085453,-0.5238464528749511,0.2536146906369126,-0.12219117486822739,0.12191617439596114,0.4758364312267658,10,3,0.3,中性,0.07221849166877203,-0.61235101223717,0.3610389560578588,-0.09274249421030989,0.03341161503374224,0.8308550185873605,19,5,0.2631578947368421,中性
300832.SZ,1499,20200616,20260821,-0.06611412771277281,-0.6869978343530645,-0.011921742690522864,-0.22473888081429705,-0.8360641211300844,-1.01338572393648,12,0.16666666666666666,-0.23110313462966636,-0.8360641211300844,-1.0420531958992667,-0.16498900691689355,-0.14906628677701994,0.3255503669112742,11,4,0.36363636363636365,FAIL,-0.18248968242944708,-0.8133927907480502,-0.4016926169551267,-0.11637555471667427,-0.12639495639498566,0.819212808539026,19,5,0.2631578947368421,FAIL
300850.SZ,1451,20200817,20260821,0.03474127196566745,-0.9027318081212056,0.31903171008206443,0.21331835862133475,-0.5760725102801165,0.6213954952561587,8,0.375,0.28548908934437645,-0.5760725102801166,0.7425078167722824,0.250747817378709,0.32665929784108894,0.44383184011026877,8,3,0.375,PASS,0.2365254921502662,-0.7530461634729017,0.6278159657769983,0.20178422018459874,0.14968564464830392,0.6671261199172984,15,9,0.6,PASS
300857.SZ,1447,20200831,20260821,0.5071849926117542,-0.6317119103773585,0.9434700935892796,0.10090213085735433,-0.5137124661495482,0.40022827016497603,11,0.36363636363636365,0.08676567469701824,-0.5137124661495482,0.37685275123927614,-0.42041931791473597,0.11799944422781028,0.6945404284727021,11,2,0.18181818181818182,中性,0.4096587108282983,-0.41868045736434545,0.8497243888751421,-0.0975262817834559,0.21303145301301307,0.8438147892190739,13,3,0.23076923076923078,中性
300861.SZ,1427,20200928,20260821,-0.07277165419705112,-0.7939672444933704,0.0255491767968952,-0.1697643663948002,-0.7421065277495933,-0.5810991216631383,10,0.1,-0.16164882664120128,-0.7421065277495933,-0.4985861683220328,-0.08887717244415017,0.051860716743777124,0.4316748423265592,11,4,0.36363636363636365,中性,-0.16190934103982801,-0.782892963294588,-0.24489214329127829,-0.0891376868427769,0.011074281198782399,0.782761037140855,17,4,0.23529411764705882,FAIL
300866.SZ,1427,20200928,20260821,0.039410404929605125,-0.7393741385471438,0.2721901602105864,-0.0007359003676941089,-0.5302530667078703,0.08696687148880576,12,0.5,0.019082916047967968,-0.5302530667078703,0.14937592357870177,-0.020327488881637157,0.20912107183927353,0.5136650315346881,11,4,0.36363636363636365,PASS,-0.00933587049846707,-0.7937415912396217,0.11772189556711891,-0.048746275428072194,-0.05436745269247789,0.7729502452697968,16,5,0.3125,FAIL
300869.SZ,1427,20200928,20260821,-0.31422335659431044,-0.9357588851411326,-0.6200771433392582,-0.14898135472520857,-0.7112295863334925,-0.47647343883090487,8,0.25,-0.09652539743588961,-0.7132117964042255,-0.22255574755598806,0.21769795915842083,0.2225470887369071,0.3041345480028031,7,5,0.7142857142857143,PASS,-0.1810485671980091,-0.8366375616083229,-0.34542577207148256,0.13317478939630134,0.09912132353280967,0.6755430974071479,14,10,0.7142857142857143,PASS
300888.SZ,1409,20201030,20260821,-0.18646771884894042,-0.8311635851129904,-0.417328649304395,-0.11366203191200097,-0.6728520547973103,-0.4685938057414337,7,0.2857142857142857,-0.13165354037216714,-0.6728520547973104,-0.5368020190010033,0.05481417847677328,0.15831153031568002,0.2995031937544358,7,3,0.42857142857142855,PASS,-0.16278368119415354,-0.7561710115245963,-0.4153320133888948,0.023684037654786882,0.07499257358839406,0.7295954577714692,15,7,0.4666666666666667,PASS
300896.SZ,1402,20201110,20260821,-0.12857790244943768,-0.8454891538959637,-0.08414178395214343,-0.06881507456567304,-0.6869418369882465,-0.161221848360365,9,0.3333333333333333,-0.05898689441464888,-0.6869418369882465,-0.12179923791470583,0.06959100803478879,0.15854731690771717,0.33666191155492153,8,6,0.75,PASS,-0.08781303265907037,-0.7566835528328584,-0.039986739340902556,0.04076486979036731,0.08880560106310531,0.7325249643366619,16,5,0.3125,PASS
300919.SZ,1346,20210128,20260821,-0.057419527400183856,-0.8159947644877061,0.07541650729527474,-0.0564792396578262,-0.6958101948800606,-0.10007005713374509,8,0.25,-0.06693460471639212,-0.6958101948800606,-0.12325655403811772,-0.009515077316208265,0.12018456960764556,0.3462109955423477,9,5,0.5555555555555556,PASS,-0.08439765783073194,-0.8219339626211689,-0.04883712399887797,-0.026978130430548086,-0.005939198133462775,0.7436849925705795,16,7,0.4375,中性
300953.SZ,1291,20210423,20260821,0.1985493354109451,-0.8030823518069824,0.56653733063347,-0.07910156940547952,-0.5679903665022572,-0.083201146601227,9,0.3333333333333333,-0.11504899654629597,-0.5679903665022572,-0.1827824352399557,-0.31359833195724107,0.2350919853047252,0.3934934159566228,10,2,0.2,中性,0.00871258393596075,-0.7542027587244282,0.2318130017756585,-0.18983675147498436,0.048879593082554185,0.7645236250968241,19,6,0.3157894736842105,中性
300957.SZ,1286,20210430,20260821,-0.31149708744855054,-0.8881228509588907,-0.711067295335933,-0.15474149666168469,-0.7037182241717685,-0.6472362855584352,8,0.125,-0.17627418949049178,-0.7037182241717685,-0.7409155926207022,0.13522289795805875,0.1844046267871221,0.3771384136858476,7,5,0.7142857142857143,PASS,-0.28404248599890103,-0.8592560118042022,-0.7822743420386734,0.027454601449649507,0.02886683915468846,0.7076205287713841,15,6,0.4,反例
300972.SZ,1270,20210527,20260821,0.5785534179470233,-0.6131698367078294,1.0353675633217443,0.36172688550470133,-0.4490508682926829,0.8848947092693473,7,0.42857142857142855,0.3365224771769999,-0.4490508682926829,0.8380160632985788,-0.2420309407700234,0.1641189684151465,0.4031496062992126,7,1,0.14285714285714285,中性,0.37449888349519966,-0.649678354495949,0.8147186069130573,-0.20405453445182364,-0.03650851778811959,0.8078740157480315,14,2,0.14285714285714285,FAIL
300979.SZ,1265,20210603,20260821,-0.14731005556824173,-0.6960382276281495,-0.29302638578966184,-0.0457832617948879,-0.3489395717610029,-0.16356635781906032,8,0.25,-0.026484974702087438,-0.348939571761003,-0.076439788530649,0.12082508086615429,0.3470986558671465,0.449802371541502,7,5,0.7142857142857143,PASS,-0.08041912952776031,-0.5776842275825984,-0.1938245828625859,0.06689092604048141,0.11835400004555108,0.7106719367588933,13,7,0.5384615384615384,PASS
300999.SZ,1395,20201119,20260821,-0.156501021277494,-0.8361212689655173,-0.3724257111901723,-0.04089556341718825,-0.5522857458926057,-0.2329901361002574,7,0.2857142857142857,-0.007294458227708689,-0.5522857458926058,-0.04450007638018906,0.1492065630497853,0.2838355230729115,0.16989247311827957,6,4,0.6666666666666666,PASS,-0.15901068718191091,-0.827547948096309,-0.4702576641466212,-0.0025096659044169245,0.008573320869208256,0.7254480286738352,17,8,0.47058823529411764,中性
301029.SZ,1205,20210827,20260821,-0.17921467162759297,-0.7668777441332324,-0.2409114385463284,-0.05647773746698559,-0.4396960849249175,-0.1456438579709116,4,0.25,-0.09630306479700523,-0.4396960849249175,-0.28781287157439894,0.08291160683058774,0.3271816592083149,0.3975103734439834,5,4,0.8,PASS,-0.16494197677454314,-0.68421756561925,-0.3044486394992864,0.014272694853049828,0.08266017851398244,0.7493775933609959,13,6,0.46153846153846156,PASS
301165.SZ,884,20221226,20260821,0.7446447352106533,-0.6280931586608443,1.1480498937031784,0.3017798032314425,-0.4724131361197138,0.7309958756422539,6,0.8333333333333334,0.3643585411898771,-0.4724131361197138,0.8199142500106731,-0.38028619402077624,0.15568002254113045,0.504524886877828,5,1,0.2,中性,0.5900026081416283,-0.6171723663539069,1.024471001145373,-0.15464212706902503,0.010920792306937321,0.8518099547511312,8,1,0.125,FAIL
301200.SZ,1062,20220406,20260821,0.4954024941076651,-0.5051351386113413,0.9892635525832182,0.2453671009086389,-0.48639001298173923,0.6762015090187703,5,0.6,0.22780312939535619,-0.48639001298173934,0.6423788835653373,-0.26759936471230894,0.018745125629601955,0.5433145009416196,6,1,0.16666666666666666,FAIL,0.2302817464658482,-0.5853582266468174,0.6223148767294356,-0.2651207476418169,-0.08022308803547606,0.8691148775894538,11,4,0.36363636363636365,FAIL
301236.SZ,1051,20220421,20260821,0.1655417513773738,-0.5643895226388671,0.5240567314886148,-0.23843193089918568,-0.778398064955395,-0.42990428885068577,9,0.2222222222222222,-0.24043226432252118,-0.7783980649553951,-0.4330200555766708,-0.405974015699895,-0.214008542316528,0.47954329210275926,10,2,0.2,FAIL,-0.12390830742451497,-0.718831105393178,0.007848665385802289,-0.2894500588018888,-0.15444158275431086,0.7754519505233112,14,1,0.07142857142857142,FAIL
301267.SZ,894,20221212,20260821,-0.2370149286195795,-0.763235423693086,-0.5439259773922245,-0.03838206439327341,-0.35276870789432613,-0.26098540040527035,4,0.25,-0.022946753239018625,-0.35276870789432624,-0.15799004345100254,0.2140681753805609,0.4104667157987597,0.28635346756152125,3,2,0.6666666666666666,PASS,-0.29422199416291617,-0.8098018961788076,-0.9230360456920707,-0.057207065543336655,-0.046566472485721655,0.7080536912751678,12,5,0.4166666666666667,FAIL
301269.SZ,949,20220902,20260821,-0.006951869616323547,-0.48674180118325905,0.1888484067905857,0.04250116396089165,-0.5202632113771513,0.23993227486620033,5,0.4,0.0444153237265037,-0.5202632113771514,0.25603975414478913,0.051367193342827244,-0.03352141019389232,0.4383561643835616,4,2,0.5,反例,-0.10394177391580373,-0.6237784583461535,-0.05182725670430055,-0.09698990429948018,-0.13703665716289448,0.78609062170706,11,4,0.36363636363636365,FAIL
301301.SZ,858,20230208,20260821,0.01750888157147301,-0.5304926087745501,0.19205335502257193,-0.056766587260838164,-0.45197761172461204,-0.143321457652594,6,0.16666666666666666,-0.037665024211583686,-0.45197761172461204,-0.059555567126151794,-0.0551739057830567,0.07851499704993803,0.49184149184149184,6,2,0.3333333333333333,中性,0.052120879579939716,-0.39436184526857865,0.2620447069234588,0.034611998008466704,0.13613076350597142,0.747086247086247,9,4,0.4444444444444444,PASS
301308.SZ,954,20220909,20260821,0.5923480901708078,-0.5577375190153506,1.011933818110962,0.449899531391432,-0.5577375190153506,0.9077010081851286,4,0.5,0.4558795206188442,-0.5577375190153506,0.9150177577508789,-0.13646856955196363,0.0,0.6614255765199162,5,1,0.2,FAIL,0.45712203752488967,-0.5637746181267571,0.8885831779126442,-0.13522605264591814,-0.006037099111406485,0.8563941299790356,7,1,0.14285714285714285,FAIL
301358.SZ,832,20230316,20260821,0.15149394376030445,-0.5236164605716602,0.4931821056941061,0.3267796120697781,-0.35383120245097754,0.8418111192218999,4,0.75,0.321271878388816,-0.35383120245097743,0.8315328288429624,0.16977793462851154,0.1697852581206828,0.39302884615384615,5,3,0.6,PASS,0.1769738106901655,-0.44078799634690224,0.533630812344238,0.02547986692986104,0.08282846422475798,0.7079326923076923,10,5,0.5,PASS
301377.SZ,883,20221227,20260821,1.319696285034146,-0.5084272954332878,1.5682179022214355,0.5366759879719536,-0.6257379827764078,1.000135578613681,6,0.5,0.5333999188467433,-0.6257379827764078,0.9962644475136128,-0.7862963661874027,-0.11731068734312,0.7168742921857305,7,0,0.0,FAIL,0.9279649518118496,-0.5275695155642941,1.3235151216694514,-0.3917313332222965,-0.019142220131006304,0.9026047565118913,7,2,0.2857142857142857,FAIL
301498.SZ,704,20230920,20260821,-0.034441034321089026,-0.6883161606494914,0.0682138449371442,0.2421422184415627,-0.2777943172546896,0.7965079619686979,2,1.0,0.20686870491794762,-0.2777943172546896,0.6837097906167658,0.24130973923903665,0.4105218433948018,0.484375,3,1,0.3333333333333333,PASS,-0.030425624285703945,-0.6295258899303935,0.0449527893898563,0.004015410035385081,0.058790270719097926,0.7642045454545454,7,2,0.2857142857142857,PASS
301526.SZ,616,20240131,20260821,1.0691718221443889,-0.5081272950800219,1.3414429770084195,0.6734897282414543,-0.5081272950800217,1.1054088191193339,4,0.75,0.5841791670239467,-0.5081272950800219,1.0056426519260462,-0.4849926551204422,0.0,0.6006493506493507,4,1,0.25,FAIL,0.9041917968252307,-0.508127295080022,1.2395714024421596,-0.16498002531915823,-1.1102230246251565e-16,0.8344155844155844,6,3,0.5,FAIL
301536.SZ,556,20240509,20260821,0.6822812505832683,-0.4735687650800615,1.0683596861907272,0.29120277861674637,-0.327390815255435,0.6892883300609813,5,0.6,0.30348260871048116,-0.3273908152554348,0.7042593266305898,-0.3787986418727871,0.14617794982462673,0.7194244604316546,4,1,0.25,中性,0.5955794055891528,-0.4224136244485419,1.0012654479905043,-0.08670184499411548,0.0511551406315196,0.9028776978417267,4,1,0.25,中性
301606.SZ,476,20240830,20260821,0.3313642782032562,-0.4173200038998508,0.7426447169489986,0.22793522157108415,-0.33725264234947905,0.6242460034604425,2,1.0,0.20374921238282795,-0.33725264234947916,0.5809196992099567,-0.12761506582042825,0.08006736155037164,0.6995798319327731,3,1,0.3333333333333333,中性,0.250179623819087,-0.33725264234947916,0.6480698232519644,-0.08118465438416922,0.08006736155037164,0.8319327731092437,3,2,0.6666666666666666,中性
301611.SZ,461,20240924,20260821,0.8982957897570989,-0.5801712922810061,1.2086965878089644,-0.15387789342586855,-0.5801712922810061,-0.1559739046726702,2,0.5,0.22677719903787508,-0.5801712922810061,0.6044405812694814,-0.6715185907192238,0.0,0.3297180043383948,3,0,0.0,FAIL,0.26980102258001515,-0.6204789344765629,0.6641515247946119,-0.6284947671770837,-0.040307642195556825,0.8524945770065075,6,1,0.16666666666666666,FAIL
302132.SZ,3441,20120215,20260821,0.20494798474397324,-0.7520679732289506,0.5870820624655896,-0.039312488728842854,-0.9377165554185094,0.061000830691977995,24,0.20833333333333334,-0.03721882832539125,-0.9377165554185093,0.06643029623286714,-0.2421668130693645,-0.1856485821895587,0.5547805870386515,23,5,0.21739130434782608,FAIL,0.10048822253646983,-0.894761713037641,0.401153242386175,-0.10445976220750341,-0.14269373980869038,0.8212728857890148,32,10,0.3125,FAIL
600000.SH,3493,20120215,20260821,0.06691936076794192,-0.4121064704951748,0.2962642319677529,0.05803207084170103,-0.35236462663158175,0.27611438602404764,13,0.46153846153846156,0.05492283634651929,-0.35236462663158186,0.25922848498854284,-0.011996524421422627,0.059741843863592936,0.45519610649871173,13,6,0.46153846153846156,PASS,0.02620933658722091,-0.536654967266492,0.12578727422912572,-0.040710024180721005,-0.12454849677131719,0.8791869453192098,25,7,0.28,FAIL
600004.SH,3526,20120215,20260821,0.05613135389504342,-0.678639353046403,0.2612179526586557,0.04450552914124417,-0.5856585235243118,0.20940807354612048,15,0.3333333333333333,0.05281902909879532,-0.5856585235243119,0.2403493015798026,-0.0033123247962481006,0.09298082952209108,0.5870674985819626,14,5,0.35714285714285715,PASS,0.029564616411834166,-0.6971463936879785,0.17272699697169921,-0.026566737483209257,-0.01850704064157549,0.8596142938173568,25,8,0.32,中性
600005.SH,1099,20120215,20170123,0.04531427815873279,-0.6343104148662361,0.26959917274571665,0.1317439596559673,-0.4877065776290298,0.5027423957912255,4,0.5,0.11302362157070012,-0.4877065776290297,0.4491033157985201,0.06770934341196733,0.14660383723720638,0.4349408553230209,4,3,0.75,PASS,0.0025274421409273717,-0.6542684465382955,0.15343005459296885,-0.04278683601780542,-0.01995803167205945,0.8698817106460418,9,4,0.4444444444444444,FAIL
600006.SH,3471,20120215,20260821,0.03838112006589567,-0.7876593452630319,0.2533257232297193,-0.07285828549248041,-0.8944933634679256,-0.1643088480775586,20,0.2,-0.0626020749398839,-0.8944933634679255,-0.126026064868587,-0.10098319500577957,-0.10683401820489358,0.40737539613944107,19,6,0.3157894736842105,FAIL,-0.0353315836919893,-0.867791644984286,0.05571049429918637,-0.07371270375788497,-0.08013229972125402,0.8061077499279746,35,11,0.3142857142857143,FAIL
600007.SH,3526,20120215,20260821,0.07593862101425364,-0.5063508266806265,0.32007211009022846,0.04779959095847475,-0.4722256158909939,0.22331302559477745,15,0.4,0.04789341009817871,-0.4722256158909939,0.22364735604291158,-0.028045210916074925,0.0341252107896326,0.5309132161089053,14,5,0.35714285714285715,PASS,0.01975406639024202,-0.5738374850570895,0.1547914964681457,-0.05618455462401162,-0.06748665837646306,0.8823028927963699,26,6,0.23076923076923078,FAIL
600008.SH,3504,20120215,20260821,0.032329837013315155,-0.6791788793902902,0.19907957522498596,0.009376151261903498,-0.6639395542927078,0.0894349438858197,13,0.38461538461538464,0.008722900067147155,-0.6639395542927078,0.08705835458424563,-0.023606936946168,0.015239325097582412,0.5082762557077626,13,5,0.38461538461538464,中性,0.016919515920914563,-0.6508174362332522,0.14082138997780935,-0.015410321092400592,0.028361443157038035,0.848744292237443,25,5,0.2,中性
600009.SH,3515,20120215,20260821,0.05373807108976392,-0.7338585263157895,0.2527705404332048,0.07543600402603468,-0.44311600687273456,0.3279059097510547,13,0.5384615384615384,0.06689000472494966,-0.4431160068727348,0.2941743656041459,0.013151933635185742,0.29074251944305474,0.5217638691322902,14,7,0.5,PASS,0.00884186298492029,-0.7868510042312864,0.10042542313229352,-0.04489620810484363,-0.05299247791549688,0.8389758179231863,27,6,0.2222222222222222,FAIL
600010.SH,3475,20120215,20260821,0.014588215273676486,-0.7972276479215065,0.17909748774630269,-0.05201294465808193,-0.7741102753369749,-0.2057089745862719,17,0.23529411764705882,-0.034905420235716744,-0.7741102753369749,-0.12258485356676158,-0.04949363550939323,0.023117372584531615,0.37755395683453236,16,7,0.4375,FAIL,0.06923930866554184,-0.6260845005962579,0.3036780723184481,0.05465109339186536,0.1711431473252486,0.7942446043165468,23,11,0.4782608695652174,PASS
600011.SH,3525,20120215,20260821,0.04691845034892905,-0.6717521800983425,0.24348597536288205,-0.052682986057750125,-0.8512028614671121,-0.13155557083132113,19,0.3157894736842105,-0.05080135459940616,-0.8512028614671121,-0.12219613327260041,-0.09771980494833521,-0.17945068136876963,0.49645390070921985,19,6,0.3157894736842105,FAIL,-0.030172445874280585,-0.7443788425804332,0.003065462849441417,-0.07709089622320964,-0.07262666248209071,0.8553191489361702,28,9,0.32142857142857145,FAIL
600012.SH,3516,20120215,20260821,0.13755762040955677,-0.7279777770762967,0.4830183573460608,0.07890329609401925,-0.7060771885968564,0.33342199459617333,15,0.4,0.0823171336971491,-0.7060771885968565,0.34525827952102045,-0.055240486712407666,0.02190058847944021,0.6026734926052332,14,3,0.21428571428571427,FAIL,0.1072014205131504,-0.7493544478226486,0.40859349801819794,-0.030356199896406366,-0.021376670746351856,0.8853811149032992,19,5,0.2631578947368421,FAIL
600015.SH,3526,20120215,20260821,0.05221843489002764,-0.4871269493356265,0.23572208806454392,-0.002203500827731908,-0.6729467284552306,-0.05156064639554331,15,0.3333333333333333,-0.007225229498017849,-0.6729467284552306,-0.0782430497650898,-0.05944366438804549,-0.18581977911960412,0.45433919455473626,15,5,0.3333333333333333,FAIL,0.024897310435587183,-0.611863885260144,0.11540076596990298,-0.02732112445444046,-0.12473693592451751,0.8857061826432218,21,4,0.19047619047619047,中性
600016.SH,3523,20120215,20260821,0.027860461193816244,-0.513185142654035,0.13311544675827813,0.0007165795993602231,-0.49403821168320383,-0.06872802869349505,10,0.3,0.0038574309073851065,-0.49403821168320394,-0.04698134087189847,-0.024003030286431137,0.01914693097083109,0.2770366165200114,9,3,0.3333333333333333,中性,0.029104457936474315,-0.5507946235239398,0.13189773380486997,0.0012439967426580711,-0.03760948086990479,0.8765256883338064,17,7,0.4117647058823529,反例
600017.SH,3526,20120215,20260821,0.004887932845486276,-0.782442089460345,0.1025184920537207,-0.025961857435841895,-0.8213929144504604,-0.056564539808468386,15,0.2,-0.022517796414005198,-0.8213929144504603,-0.0430683605003065,-0.027405729259491474,-0.03895082499011526,0.4498014747589336,14,5,0.35714285714285715,中性,-0.014461474640983463,-0.786291011349861,0.022763016575572764,-0.01934940748646974,-0.0038489218895160215,0.866137266023823,24,8,0.3333333333333333,中性
600018.SH,3478,20120215,20260821,0.07231900138791181,-0.5852880700728966,0.31096483671955233,-0.006896255061453083,-0.6363936609702671,0.00738341266291158,16,0.4375,-0.007268056841366999,-0.6363936609702672,0.005891191721281603,-0.0795870582292788,-0.051105590897370545,0.4456584243818286,15,5,0.3333333333333333,FAIL,0.030242353840898906,-0.5642386723211864,0.1754282050591077,-0.0420766475470129,0.02104939775171022,0.8806785508913169,23,7,0.30434782608695654,FAIL
600019.SH,3433,20120215,20260821,0.05526356487191908,-0.5424847617288511,0.263537731229965,0.01692855431724616,-0.5704607552881351,0.1115447235493326,16,0.4375,0.01258938583825997,-0.5704607552881351,0.09522524232804325,-0.04267417903365911,-0.02797599355928404,0.5345179143606176,16,5,0.3125,FAIL,0.012477184694186017,-0.6270230855019194,0.12297386139910224,-0.04278638017773306,-0.08453832377306836,0.863093504223711,28,10,0.35714285714285715,FAIL
600020.SH,3522,20120215,20260821,0.0514514020234178,-0.6887003864185508,0.24383925887594507,-0.019416878969425122,-0.8666757886501972,-0.04366761844203855,15,0.3333333333333333,-0.023579693938409307,-0.8666757886501972,-0.05990462789905525,-0.07503109596182711,-0.17797540223164643,0.5005678591709256,16,5,0.3125,FAIL,0.006462215754061251,-0.7849186483410214,0.08855111515143657,-0.04498918626935655,-0.09621826192247063,0.8577512776831345,24,8,0.3333333333333333,FAIL
600021.SH,3448,20120215,20260821,0.09513177522064464,-0.8036339866890952,0.37887998692778185,0.06513252618594678,-0.831863014403103,0.2907046669957422,17,0.29411764705882354,0.07440166676255955,-0.8318630144031031,0.31876980582194275,-0.020730108458085095,-0.028229027714007815,0.558584686774942,17,8,0.47058823529411764,中性,0.11409194716508964,-0.7064653244004935,0.4247690570367892,0.018960171944444992,0.09716866228860177,0.8053944315545244,25,11,0.44,PASS
600022.SH,3414,20120221,20260821,-0.04373951244842311,-0.7858645726190241,-0.045435285336774156,-0.03936409925095463,-0.8200642552875811,-0.1001724076517184,14,0.14285714285714285,-0.04371286932587848,-0.8200642552875811,-0.11663432111348729,2.6643122544633968e-05,-0.034199682668557,0.46133567662565905,14,8,0.5714285714285714,反例,-0.04220222209221469,-0.8390900102148371,-0.05777131196651714,0.0015372903562084206,-0.053225437595813,0.8101933216168717,24,8,0.3333333333333333,反例
600023.SH,3055,20140124,20260821,0.03852713395364038,-0.7302276168758491,0.20100229258127456,0.04219824065869404,-0.6672075386193141,0.19383330723552983,11,0.6363636363636364,0.04409330596079464,-0.6672075386193141,0.20244162238024455,0.0055661720071542575,0.063020078256535,0.6471358428805237,11,6,0.5454545454545454,PASS,-0.0038960520900731543,-0.7342255337352658,0.03887376519887302,-0.042423186043713534,-0.003997916859416639,0.8932896890343699,17,3,0.17647058823529413,FAIL
600025.SH,2080,20180122,20260821,0.11105023444395656,-0.523474645030426,0.4443188624732164,0.12415964234788368,-0.35902480176466434,0.5561374714677073,9,0.7777777777777778,0.0896764690849392,-0.35902480176466434,0.4002491298486894,-0.02137376535901736,0.16444984326576162,0.6278846153846154,10,3,0.3,PASS,0.07836539414883159,-0.39022568764365184,0.3367153322501166,-0.03268484029512497,0.13324895738677411,0.864423076923077,14,4,0.2857142857142857,中性
600026.SH,3426,20120216,20260821,0.09602046466897485,-0.7035361954472166,0.3873734511181972,-0.04909213521697886,-0.8159906020151398,-0.02526222579940416,23,0.34782608695652173,-0.048398066413133045,-0.8159906020151398,-0.023176373680806807,-0.1444185310821079,-0.11245440656792327,0.4760653823701109,22,5,0.22727272727272727,FAIL,0.009702484327321459,-0.7855093429523048,0.18396656671377648,-0.08631798034165339,-0.08197314750508822,0.836835960303561,32,3,0.09375,FAIL
600027.SH,3508,20120215,20260821,0.05838978856331045,-0.6997083558640265,0.27417463925991714,0.04499594438448051,-0.6829455448054378,0.21522933923987572,16,0.4375,0.04000237847244259,-0.6829455448054376,0.19788256856522496,-0.01838741009086786,0.0167628110585889,0.40820980615735464,17,8,0.47058823529411764,中性,0.022397635500172042,-0.7730473810215925,0.1628292640862334,-0.03599215306313841,-0.07333902515756607,0.8417901938426454,31,9,0.2903225806451613,FAIL
600028.SH,3526,20120215,20260821,0.04632886183657181,-0.49102544814896265,0.21333061935955452,0.009639139959500165,-0.4674420847061036,0.014474337497072174,14,0.42857142857142855,-0.00016792457385406134,-0.4674420847061037,-0.037681721864635406,-0.04649678641042587,0.02358336344285894,0.5045377197958026,14,3,0.21428571428571427,FAIL,0.03799456993710404,-0.4571652586453936,0.1758037420067641,-0.008334291899467772,0.03386018950356906,0.8601815087918321,24,8,0.3333333333333333,PASS
600029.SH,3518,20120215,20260821,0.0055289995835750005,-0.6740775013745617,0.13348705737398767,-0.07729856762541165,-0.8838251467339693,-0.24595979453138558,23,0.30434782608695654,-0.08596597121917815,-0.8838251467339693,-0.27890878175277034,-0.09149497080275315,-0.2097476453594076,0.44741330301307564,24,9,0.375,FAIL,-0.027431828170886408,-0.7717951977300548,0.012738765412649978,-0.03296082775446141,-0.0977176963554931,0.813246162592382,34,9,0.2647058823529412,FAIL
600030.SH,3509,20120215,20260821,0.09207450018247454,-0.6438557541243367,0.36461456414910276,-0.036255312142934204,-0.7863460474960251,-0.0953630317284304,22,0.2727272727272727,-0.0348048391747483,-0.7863460474960251,-0.08968015199321495,-0.12687933935722284,-0.1424902933716884,0.5329153605015674,21,6,0.2857142857142857,FAIL,0.07309827596568841,-0.48689373182954276,0.3106249696489895,-0.01897622421678613,0.15696202229479395,0.8660587061840981,27,8,0.2962962962962963,PASS
600031.SH,3522,20120216,20260821,0.04032424623683317,-0.7190793373005617,0.23015587484357264,0.020422232482821157,-0.806186308309317,0.12595374127239356,20,0.3,0.01716322633923273,-0.806186308309317,0.11509558335939536,-0.023161019897600443,-0.08710697100875531,0.4437819420783646,20,5,0.25,中性,0.041567794003204206,-0.7140853567069282,0.21891795643412118,0.0012435477663710337,0.00499398059363354,0.7720045428733674,32,9,0.28125,反例
600032.SH,1247,20210630,20260821,-0.101793723252384,-0.6553942093541203,-0.10107392475009443,-0.0367437025921834,-0.4094316716929123,-0.06244264813606791,5,0.2,-0.08128247957814261,-0.46733552481212304,-0.2089026391536433,0.020511243674241397,0.18805868454199726,0.48035284683239776,6,3,0.5,PASS,-0.14207247625379393,-0.6425695904084139,-0.2668419307450864,-0.04027875300140993,0.012824618945706412,0.7947072975140337,12,4,0.3333333333333333,FAIL
600033.SH,3526,20120215,20260821,0.0617790412982091,-0.6155179399450772,0.2726790555624902,0.017507719846852066,-0.6725485825264255,0.09233294692776368,11,0.36363636363636365,0.013157610918333562,-0.6725485825264255,0.07450714530704755,-0.04862143037987554,-0.05703064258134827,0.6732841747022121,11,3,0.2727272727272727,FAIL,0.026100257541263217,-0.6831120845175158,0.13856944011223066,-0.03567878375694589,-0.06759414457243862,0.9378899602949518,14,1,0.07142857142857142,FAIL
600035.SH,3380,20120215,20260821,0.06115575717620003,-0.6898878644445583,0.28278993198324837,0.05626634542902287,-0.6613015355575691,0.2612224124585844,12,0.5,0.05919562252085475,-0.6613015355575691,0.27197683963472663,-0.0019601346553452803,0.0285863288869892,0.5047337278106508,12,4,0.3333333333333333,中性,0.023845266204829407,-0.6575490631443446,0.15739885390390146,-0.037310490971370625,0.032338801300213715,0.8863905325443787,21,4,0.19047619047619047,中性
600036.SH,3515,20120215,20260821,0.1290508995970463,-0.5094099118273031,0.4984979279542065,0.0867519694538299,-0.38030044550239783,0.3839769235144765,12,0.4166666666666667,0.08061144931836783,-0.38030044550239817,0.357794211492306,-0.048439450278678464,0.12910946632490494,0.5994310099573258,12,4,0.3333333333333333,中性,0.06521962747930177,-0.648243228001895,0.28548726301460503,-0.06383127211774453,-0.13883331617459194,0.8907539118065434,23,2,0.08695652173913043,FAIL
600037.SH,3496,20120215,20260821,-0.003305445739736901,-0.8801810409982836,0.13325367894361104,-0.07478690046775283,-0.917463476518254,-0.1681709602229939,20,0.2,-0.07271517227037405,-0.9174634765182541,-0.16076636565503752,-0.06940972653063715,-0.03728243551997046,0.49113272311212813,20,7,0.35,FAIL,-0.060473757597624966,-0.8997277744689275,-0.05582865221073479,-0.057168311857888066,-0.01954673347064384,0.7960526315789473,34,11,0.3235294117647059,FAIL
600038.SH,3436,20120605,20260821,0.03296926799185673,-0.6924005772551989,0.22556167887074718,0.023404489210391732,-0.5752366217822807,0.14043268599587988,19,0.42105263157894735,0.01636768271971678,-0.5752366217822809,0.11600294520415362,-0.01660158527213995,0.11716395547291802,0.48981373690337604,20,8,0.4,PASS,-0.01721244768484631,-0.7794667665169799,0.05930683929450671,-0.05018171567670304,-0.087066189261781,0.8268335273573924,30,9,0.3,FAIL
600039.SH,3497,20120215,20260821,0.16073536602752192,-0.6523438660099985,0.534733888020594,0.03683939215505405,-0.6835101760394927,0.1954997327036974,18,0.5555555555555556,0.03834616201374197,-0.6835101760394926,0.20046304417011804,-0.12238920401377995,-0.031166310029494104,0.6116671432656563,17,5,0.29411764705882354,FAIL,0.12023304476314478,-0.6511229566743544,0.43991452172874074,-0.04050232126437714,0.0012209093356441159,0.8607377752359165,24,6,0.25,FAIL
600048.SH,3519,20120215,20260821,0.025270542400313234,-0.7289323146852489,0.19734433617317626,-0.0027309866097715574,-0.6171016835001564,0.04156080587106363,21,0.3333333333333333,0.00403609161365126,-0.6171016835001563,0.06672135435300042,-0.021234450786661974,0.11183063118509262,0.5228758169934641,20,7,0.35,PASS,0.022271924663393783,-0.7012895991187562,0.16520987005980547,-0.002998617736919451,0.02764271556649267,0.783461210571185,31,14,0.45161290322580644,中性
600050.SH,3431,20120215,20260821,0.006792475612667381,-0.6564844089992989,0.1177362101891083,-0.0020215831413267216,-0.5759550838225149,0.020497360570690418,17,0.4117647058823529,-0.01078828656982389,-0.5759550838225151,-0.015563197691878451,-0.017580762182491272,0.0805293251767838,0.4724570096181871,17,7,0.4117647058823529,PASS,-0.07109402698861966,-0.7952129815821518,-0.1623841383585587,-0.07788650260128704,-0.13872857258285287,0.8673856018653454,31,8,0.25806451612903225,FAIL
600051.SH,3376,20120215,20260821,-0.02055645451424959,-0.7219026358718983,0.07813353022873913,-0.04099692738218863,-0.7613533195577916,-0.050082722445309535,17,0.29411764705882354,-0.04103297608719092,-0.7613533195577915,-0.050127505938347416,-0.02047652157294133,-0.03945068368589322,0.6063388625592417,17,6,0.35294117647058826,中性,-0.04427083637616236,-0.775458961129134,-0.00833776035078291,-0.02371438186191277,-0.05355632525723575,0.8714454976303317,23,10,0.43478260869565216,中性
600052.SH,3385,20120215,20260821,0.012143285427247186,-0.8217969483739345,0.20497078547001923,-0.0784759730772503,-0.930092268552919,-0.15611933400605157,21,0.23809523809523808,-0.07821532086247185,-0.930092268552919,-0.15510717483272357,-0.09035860628971903,-0.10829532017898458,0.35125553914327917,21,7,0.3333333333333333,FAIL,-0.038919136483590244,-0.9116188930509481,0.052823735766115605,-0.05106242191083743,-0.08982194467701365,0.7639586410635155,34,14,0.4117647058823529,FAIL
600053.SH,3220,20120215,20260821,0.007110932435985484,-0.9045786739881609,0.2256118911307425,-0.06314274116615937,-0.9536316466961673,-0.1378237740519991,21,0.23809523809523808,-0.06353942866513185,-0.9536316466961673,-0.13917628948675462,-0.07065036110111733,-0.04905297270800635,0.3841614906832298,21,4,0.19047619047619047,FAIL,-0.05113158077438751,-0.9558670554501599,0.057338480127182984,-0.05824251321037299,-0.05128838146199899,0.7698757763975155,40,14,0.35,FAIL
600054.SH,3516,20120215,20260821,0.014441702942578516,-0.5801332605688323,0.13369739730930366,-0.009253081206869518,-0.5935832107530012,0.0024960579883095356,15,0.3333333333333333,-0.0059155902465215515,-0.5935832107530015,0.01577512646317322,-0.020357293189100067,-0.013449950184169168,0.4761092150170648,15,6,0.4,中性,-0.026936446727696794,-0.6625440761572963,-0.008287787665366532,-0.04137814967027531,-0.08241081558846397,0.8905005688282139,25,6,0.24,FAIL
600056.SH,3423,20120611,20260821,0.027262547855625874,-0.68232668088747,0.20385171621431938,-0.05448915971600088,-0.7013004395205626,-0.10707990905736889,16,0.25,-0.0665861207707934,-0.7013004395205626,-0.14373868850092286,-0.09384866862641927,-0.018973758633092697,0.49605609114811566,17,3,0.17647058823529413,FAIL,-0.03419529211187844,-0.7403217965185822,0.024168561290560837,-0.06145783996750431,-0.05799511563111226,0.8661992404323693,29,5,0.1724137931034483,FAIL
600058.SH,3328,20120215,20260821,-0.05690594650304537,-0.854348630242102,0.01222810903047125,0.007998701802902408,-0.6975499889154259,0.10902747514078305,14,0.2857142857142857,0.013543578285272195,-0.6975499889154259,0.1280223237984477,0.07044952478831756,0.1567986413266761,0.47055288461538464,14,8,0.5714285714285714,PASS,-0.04126845157174441,-0.7909424321851115,0.01679115290492141,0.015637494931300955,0.06340619805699044,0.8073918269230769,29,14,0.4827586206896552,PASS
600059.SH,3517,20120215,20260821,-0.008827391922718864,-0.6732111822216007,0.0877618679588152,-0.03013518698126616,-0.7149785372469464,-0.050348235661082825,16,0.375,-0.02705121665974508,-0.7149785372469464,-0.038673197947983594,-0.018223824737026217,-0.041767355025345676,0.43275518908160365,15,6,0.4,中性,-0.029520828691272705,-0.6757261657216104,0.008611151774456776,-0.02069343676855384,-0.002514983500009671,0.8313903895365368,29,11,0.3793103448275862,中性
600060.SH,3523,20120215,20260821,0.09368578065788791,-0.7793510062894243,0.37117190703379765,-0.0520092573939559,-0.8306806657569364,-0.10469066650676702,26,0.3076923076923077,-0.04484728881431399,-0.8306806657569363,-0.07824125586607938,-0.1385330694722019,-0.051329659467512,0.5225659948907181,25,7,0.28,FAIL,0.09491460671722685,-0.7724908435561422,0.37105552409447984,0.0012288260593389388,0.00686016273328216,0.834516037468067,31,9,0.2903225806451613,反例
600061.SH,3397,20120215,20260821,0.03836340520298198,-0.8158324729944166,0.2474564937191505,-0.02545866464829971,-0.8259816750896177,-0.022635462112074952,20,0.25,-0.023404810685668354,-0.8259816750896177,-0.014854939368169656,-0.061768215888650335,-0.010149202095201093,0.3455990579923462,20,6,0.3,FAIL,-0.00730470090365265,-0.823856286616646,0.10401824210787698,-0.04566810610663463,-0.00802381362222937,0.778628201354136,38,11,0.2894736842105263,FAIL
600062.SH,3475,20120215,20260821,0.04930746463142621,-0.5476878612716762,0.2545887151662721,-0.057571895233306414,-0.7667084607312376,-0.1527369627926277,21,0.3333333333333333,-0.05595404821852179,-0.7667084607312374,-0.14631457529627037,-0.105261512849948,-0.2190205994595612,0.5482014388489208,21,6,0.2857142857142857,FAIL,0.003905230306731955,-0.6919204759010539,0.10734124998757222,-0.04540223432469426,-0.14423261462937764,0.8431654676258993,26,8,0.3076923076923077,FAIL
600063.SH,3452,20120215,20260821,0.0562383759011309,-0.8409120525877148,0.2950250192297737,0.010057366051633432,-0.7828465317200477,0.1178250437380499,18,0.3888888888888889,0.009279960061150394,-0.7828465317200477,0.11530833023614293,-0.046958415839980505,0.05806552086766714,0.43018539976825027,18,6,0.3333333333333333,中性,-0.033465007618835974,-0.8953162576344863,0.05670657465492611,-0.08970338351996687,-0.05440420504677146,0.7957705677867902,35,12,0.34285714285714286,FAIL
600064.SH,3524,20120216,20260821,0.10161859875736101,-0.6454603108399557,0.3940860806605379,-0.06934007628569494,-0.895280262622397,-0.2662448383787101,22,0.18181818181818182,-0.06428584020016903,-0.8952802626223969,-0.2432549795109958,-0.16590443895753004,-0.2498199517824412,0.554199772985244,21,4,0.19047619047619047,FAIL,0.002708599521586308,-0.751557846383401,0.07787885213646335,-0.0989099992357747,-0.10609753554344525,0.8754256526674233,27,7,0.25925925925925924,FAIL
600066.SH,3485,20120223,20260821,0.1430231759255849,-0.6765615030496028,0.5011706772917268,0.04859633978057332,-0.6490140589605535,0.22595229176188228,21,0.42857142857142855,0.04850578073709699,-0.6490140589605536,0.22560068770812555,-0.0945173951884879,0.02754744408904919,0.5104734576757533,20,3,0.15,FAIL,0.09308780912232595,-0.7414650422762343,0.3723234912958106,-0.04993536680325894,-0.0649035392266315,0.8579626972740315,29,9,0.3103448275862069,FAIL
600067.SH,3522,20120215,20260821,-0.019208946155626405,-0.8774662552422183,0.10038160479808772,-0.07711325203293795,-0.9282495855406552,-0.19244886825858307,25,0.28,-0.07484359163721799,-0.9282495855406552,-0.18422422324834747,-0.05563464548159158,-0.050783330298436846,0.4596819988642817,25,7,0.28,FAIL,-0.048744660532642814,-0.8575768923679967,-0.007432007725847319,-0.02953571437701641,0.019889362874221606,0.7842135150482681,36,12,0.3333333333333333,中性
600068.SH,2291,20120215,20210901,0.04541407867577352,-0.6405159184643662,0.24592479874861264,0.05432403248757889,-0.6382857751252626,0.2548745872883281,11,0.2727272727272727,0.041329535708092724,-0.6382857751252626,0.2145659116485577,-0.004084542967680793,0.002230143339103541,0.6075949367088608,11,6,0.5454545454545454,中性,0.07234640525450153,-0.5815662425313735,0.31274303760097255,0.026932326578728016,0.05894967593299272,0.8428633784373636,16,8,0.5,PASS
600069.SH,1930,20120215,20200820,-0.2921948239227601,-0.9839842335345929,-0.5841038156389484,-0.001263249116136178,-0.6425755544572677,0.052997242045930065,10,0.3,-0.00026310549929409177,-0.6425755544572676,0.05670361343466092,0.291931718423466,0.3414086790773253,0.34248704663212437,10,8,0.8,PASS,-0.11703853586517199,-0.8043184306695503,-0.21843939574629123,0.1751562880575881,0.17966580286504252,0.7373056994818653,20,10,0.5,PASS
600072.SH,3417,20120215,20260821,-0.04397665699415265,-0.8405722921891369,0.08721072528459323,-0.04797575812825716,-0.883753915668527,-0.04471358911890044,21,0.23809523809523808,-0.044832036929201124,-0.8837539156685271,-0.03448481519160749,-0.0008553799350484725,-0.04318162347939025,0.44893181153058237,21,9,0.42857142857142855,中性,0.015689497185350954,-0.7587325880546845,0.19813155279479325,0.059666154179503605,0.0818397041344524,0.765291191103307,30,14,0.4666666666666667,PASS
600073.SH,3475,20120215,20260821,0.01025518133700043,-0.72015568068897,0.14641407992137487,-0.049498164458563254,-0.8517686662561412,-0.11897328527457161,23,0.43478260869565216,-0.048578317531628,-0.8517686662561412,-0.11544352139680714,-0.05883349886862843,-0.13161298556717127,0.5159712230215827,23,7,0.30434782608695654,FAIL,-0.05679726148471409,-0.8127604969061297,-0.07284687510593695,-0.06705244282171452,-0.09260481621715977,0.8523741007194244,34,8,0.23529411764705882,FAIL
600074.SH,1320,20120215,20200526,-0.28965543259884063,-0.9940806563568577,-0.7404386489756534,-0.006407281295062295,-0.8314991992247787,0.12898586800704473,7,0.42857142857142855,-0.02790626671216445,-0.8314991992247787,0.050175789913550956,0.2617491658866762,0.16258145713207905,0.5189393939393939,8,3,0.375,PASS,0.03612765948714047,-0.8340226852211019,0.30223342708498846,0.3257830920859811,0.16005797113575582,0.7257575757575757,12,7,0.5833333333333334,PASS
600075.SH,3366,20120215,20260821,-0.018455672172586257,-0.7391676259889997,0.10098524578878645,-0.1410758242463317,-0.9375314926956247,-0.4109557058669229,23,0.17391304347826086,-0.1406831942475546,-0.9375314926956247,-0.4094688720370671,-0.12222752207496834,-0.1983638667066251,0.5487225193107546,23,8,0.34782608695652173,FAIL,-0.05638354859187822,-0.7419134664709834,-0.029303067427670026,-0.03792787641929196,-0.0027458404819837856,0.8324420677361853,31,13,0.41935483870967744,FAIL
600078.SH,3445,20120216,20260821,0.0174974267672523,-0.8877759842791,0.23714387114703467,-0.06385527210909014,-0.896524556573654,-0.065040048677161,24,0.25,-0.06309714922542131,-0.896524556573654,-0.06272810077233108,-0.08059457599267361,-0.008748572294554058,0.5111756168359942,24,6,0.25,FAIL,-0.05274027671226089,-0.9039755003117417,0.052437954947431926,-0.07023770347951319,-0.016199516032641692,0.8217706821480406,33,11,0.3333333333333333,FAIL
600079.SH,3496,20120215,20260821,0.0569744233759828,-0.6484386108346367,0.2805547295569239,-0.01619055087349308,-0.6665944377828865,-0.022155990480147998,19,0.2631578947368421,-0.01463631898086426,-0.6665944377828865,-0.015876762461032052,-0.07161074235684706,-0.018155826948249798,0.5108695652173914,18,5,0.2777777777777778,FAIL,-0.04481151061680477,-0.8269445209699621,-0.02388683800653541,-0.10178593399278757,-0.17850591013532535,0.8398169336384439,34,8,0.23529411764705882,FAIL
600082.SH,3516,20120215,20260821,-0.01712230017655436,-0.8504683966527518,0.13884322529967244,-0.10698476684030456,-0.9302747673649168,-0.19053932677181795,20,0.35,-0.10559451799053976,-0.9302747673649168,-0.18598884723950138,-0.0884722178139854,-0.07980637071216501,0.5139362912400455,20,4,0.2,FAIL,-0.11329324107462346,-0.9546671205525558,-0.12688903820482597,-0.0961709408980691,-0.104198723899804,0.8296359499431172,34,8,0.23529411764705882,FAIL
600085.SH,3526,20120215,20260821,0.047844817489881786,-0.6262658496659803,0.23977984206409889,0.07711841088379767,-0.4229647156854621,0.3314410097367923,12,0.5833333333333334,0.07757409762502165,-0.42296471568546234,0.3331657564760142,0.02972928013513987,0.20330113398051797,0.421724333522405,12,5,0.4166666666666667,PASS,-0.0045898369936403505,-0.6965106278196944,0.06599450752092516,-0.052434654483522136,-0.0702447781537141,0.8607487237663074,29,11,0.3793103448275862,FAIL
600086.SH,1907,20120216,20210310,-0.31012298370851765,-0.99187239003084,-0.5527815793162648,-0.15660626502804986,-0.9217767520752592,-0.4576164692498477,12,0.16666666666666666,-0.15423294934519804,-0.9217767520752592,-0.4475308728092384,0.1558900343633196,0.07009563795558083,0.5018353434714211,12,5,0.4166666666666667,PASS,-0.21467676583990614,-0.9557986954030008,-0.4314745144199242,0.09544621786861152,0.03607369462783927,0.7886733088620871,19,5,0.2631578947368421,PASS
600087.SH,315,20120215,20140604,-0.34418548564070905,-0.7012987012987013,-1.6025067816229128,-0.33752627564224136,-0.6351311955455547,-2.5986653687891543,2,0.0,-0.3397908284791036,-0.6351311955455549,-2.6177603594661116,0.004394657161605475,0.06616750575314645,0.20952380952380953,2,1,0.5,PASS,-0.33034164367132457,-0.6366356119686297,-1.7992461113387093,0.013843841969384485,0.06466308933007159,0.6730158730158731,4,2,0.5,PASS
600088.SH,3427,20120215,20260821,-0.002266716352994358,-0.8357355230959194,0.1926609392113294,-0.08072024382234866,-0.91599960566766,-0.08748982256529098,21,0.38095238095238093,-0.07500465630555975,-0.91599960566766,-0.07019518663797573,-0.07273793995256539,-0.08026408257174067,0.5494601692442369,21,6,0.2857142857142857,FAIL,-0.04682161225688164,-0.8751776707501535,0.06502582831116292,-0.04455489590388728,-0.03944214765423415,0.8114969360957105,31,9,0.2903225806451613,FAIL
600089.SH,3507,20120215,20260821,0.11066361950070225,-0.6726318798435977,0.41178662185113984,0.10367776091109526,-0.5023515336645681,0.4142767804929243,18,0.5555555555555556,0.10734864543913636,-0.5023515336645681,0.4263578498668632,-0.0033149740615658896,0.17028034617902965,0.4311377245508982,18,8,0.4444444444444444,PASS,0.020958727104929187,-0.7694700723209292,0.1635304956135184,-0.08970489239577306,-0.0968381924773315,0.8226404334188765,37,7,0.1891891891891892,FAIL
600094.SH,3484,20120215,20260821,-0.030376503230891916,-0.9051317133942317,0.07030362680174627,-0.09332394901966412,-0.8945710172857876,-0.3119939344948507,20,0.25,-0.08502466179603718,-0.8945710172857876,-0.27709753335729914,-0.054648158565145266,0.010560696108444123,0.36653272101033296,19,5,0.2631578947368421,FAIL,-0.0308538621387765,-0.8147907450843964,0.0365394661399657,-0.00047735890788458413,0.09034096830983529,0.8249138920780712,30,12,0.4,PASS
600095.SH,3487,20120216,20260821,0.022767526667099913,-0.8241971906703344,0.24961403891900968,0.01159869223385912,-0.7197625485850847,0.13473597969678874,17,0.4117647058823529,0.010139737609580202,-0.7197625485850847,0.13038181014866093,-0.012627789057519712,0.10443464208524966,0.36248924577000285,17,7,0.4117647058823529,PASS,0.02598881297522926,-0.772887249864055,0.23207039316875186,0.0032212863081293452,0.051309940806279375,0.7588184685976485,38,14,0.3684210526315789,PASS
600096.SH,3407,20120611,20260821,0.062333844339367284,-0.8010041077133729,0.3140979085536101,-0.02205833656399603,-0.7770311438044727,0.06241863187580963,22,0.3181818181818182,-0.021707740798625808,-0.7770311438044727,0.06347500422235607,-0.08404158513799309,0.023972963908900247,0.4904608159671265,21,7,0.3333333333333333,FAIL,0.022209016726116193,-0.7724269297033655,0.2136624456407062,-0.04012482761325109,0.028577178010007476,0.825946580569416,28,8,0.2857142857142857,FAIL
600098.SH,3519,20120216,20260821,0.020860114267584384,-0.7062808082161625,0.16121927450878334,-0.05841415780400272,-0.8482053635054575,-0.1885676856960549,15,0.26666666666666666,-0.059417672240539066,-0.8482053635054575,-0.1871116877697269,-0.08027778650812345,-0.14192455528929504,0.5186132423984087,15,3,0.2,FAIL,-0.029864558789493234,-0.7556292581607554,-0.020284015154133455,-0.05072467305707762,-0.049348449944592976,0.882637112816141,23,4,0.17391304347826086,FAIL
600100.SH,3384,20120216,20260821,-0.024717345229331444,-0.8744547789134552,0.08945202241913293,-0.021277835992316474,-0.8303825711570741,0.0033915482280056385,17,0.29411764705882354,-0.021515215338686944,-0.830382571157074,0.002549893364830332,0.0032021298906445006,0.04407220775638121,0.42907801418439717,17,7,0.4117647058823529,PASS,-0.036141529980027176,-0.9064107572538842,0.016529383554265455,-0.011424184750695732,-0.03195597834042896,0.7697990543735225,32,16,0.5,中性
600103.SH,3430,20120215,20260821,0.011284138661291854,-0.8288944946923426,0.17645719302437055,0.04092802940069351,-0.7767033763859059,0.2243886480693308,13,0.38461538461538464,0.040364380631858765,-0.7767033763859059,0.22273918841054582,0.02908024197056691,0.052191118306436635,0.497667638483965,13,5,0.38461538461538464,PASS,0.03983583136874369,-0.7366077619938274,0.23866073400457274,0.028551692707451837,0.09228673269851517,0.821865889212828,25,12,0.48,PASS
600104.SH,3506,20120215,20260821,0.01438802326016586,-0.6540170596641657,0.1280170595420119,-0.021137228118008222,-0.610356571044937,-0.08512458637617781,21,0.2857142857142857,-0.027359814212574385,-0.6103565710449371,-0.11133057044344266,-0.041747837472740246,0.043660488619228555,0.5259555048488306,21,5,0.23809523809523808,中性,0.0019806576017096233,-0.6341891719712806,0.06665504814049178,-0.012407365658456238,0.019827887692885127,0.8257273245864233,29,11,0.3793103448275862,中性
600105.SH,3435,20120216,20260821,0.2104742631969394,-0.8053297910054154,0.5991219120345792,0.22022613503145316,-0.7026768222567465,0.6430480436904157,19,0.3684210526315789,0.2215605301549337,-0.7026768222567465,0.6456505503991501,0.011086266957994306,0.1026529687486688,0.5988355167394469,19,8,0.42105263157894735,PASS,0.1825674152087342,-0.7981221973877064,0.5567425710496786,-0.027906847988205197,0.007207593617708952,0.8084425036390102,29,13,0.4482758620689655,中性
600106.SH,3427,20120216,20260821,0.030978718323861454,-0.7659335657262017,0.21529967289620108,0.007527821825172865,-0.6937204526447622,0.10129701337075166,17,0.35294117647058826,0.007410479612131482,-0.6937204526447621,0.10089590523854089,-0.023568238711729972,0.07221311308143963,0.5249489349285089,17,5,0.29411764705882354,PASS,0.041438644528794866,-0.8116381237407291,0.2316560220201089,0.010459926204933412,-0.04570455801452733,0.827545958564342,27,12,0.4444444444444444,反例
600107.SH,3479,20120215,20260821,-0.021384290624787194,-0.8725534820209376,0.1517512673389175,-0.154212169740939,-0.9798530655099054,-0.31272471687481795,25,0.2,-0.15608209856933353,-0.9798530655099054,-0.3182200066655565,-0.13469780794454633,-0.10729958348896773,0.5418223627479161,25,6,0.24,FAIL,-0.13351798035338558,-0.9540129270216747,-0.14835057556352904,-0.11213368972859838,-0.0814594450007371,0.8160390916930153,37,7,0.1891891891891892,FAIL
600108.SH,3521,20120215,20260821,-0.029311632900536844,-0.8359091699391908,0.06148716938516078,-0.07350570406110746,-0.9055337599921619,-0.14818419102105743,20,0.35,-0.07305328062565197,-0.9055337599921618,-0.14665719764493654,-0.04374164772511513,-0.06962459005297095,0.4586765123544448,20,11,0.55,FAIL,-0.05627289116731593,-0.8802861167144301,-0.039543078598484355,-0.026961258266779087,-0.04437694677523929,0.8284578244816814,30,13,0.43333333333333335,中性
600109.SH,3485,20120215,20260821,0.039470323327285284,-0.821717623779014,0.24516108863844124,0.0007500133501341377,-0.7209165440092233,0.07068320700064194,20,0.45,0.00520724735586775,-0.7209165440092233,0.08623066407388269,-0.034263075971417534,0.10080107976979069,0.3824964131994261,20,10,0.5,中性,0.0268520512395396,-0.7790940450052822,0.19259511356972667,-0.012618272087745686,0.042623578773731796,0.7672883787661406,39,12,0.3076923076923077,PASS
600110.SH,3243,20120215,20260821,0.066560018974412,-0.8935876649540941,0.3469449740997944,-0.0010988989756782752,-0.6794223391495595,0.12430757801752207,19,0.2631578947368421,-0.0013280770832659883,-0.6794223391495597,0.12362710170957593,-0.06788809605767798,0.2141653258045344,0.4569842738205365,19,6,0.3157894736842105,中性,0.06787352658341317,-0.873832673423532,0.33668885382265934,0.0013135076090011744,0.01975499153056215,0.778600061671292,32,13,0.40625,反例
600111.SH,3526,20120215,20260821,0.07018825452297084,-0.7357833414246825,0.32656576257814957,0.08711658331660965,-0.6935888489623949,0.35009134990298535,18,0.3333333333333333,0.08718278163208693,-0.6935888489623949,0.35028232805831017,0.016994527109116087,0.04219449246228757,0.4356211003970505,18,10,0.5555555555555556,PASS,0.03198335816786546,-0.8009723477856536,0.2264399742024324,-0.03820489635510538,-0.06518900636097114,0.7906976744186046,33,17,0.5151515151515151,FAIL
600112.SH,2826,20120215,20240719,-0.20102540187417206,-0.9796678121420389,-0.2612813620041355,-0.1513063144668506,-0.9423789617050444,-0.40435832492035967,18,0.2222222222222222,-0.15069205674534936,-0.9423789617050444,-0.40194669059170124,0.050333345128822704,0.03728885043699448,0.4738145789101203,18,8,0.4444444444444444,PASS,-0.15347772892496558,-0.953689021407704,-0.2591567973868631,0.047547672949206476,0.025978790734334956,0.7388535031847133,33,15,0.45454545454545453,反例
600115.SH,3508,20120215,20260821,-0.011313969334733609,-0.7440460857424264,0.08729439757946225,-0.020014070925307825,-0.8087761063672818,-0.02578340281657145,17,0.29411764705882354,-0.030302702930237624,-0.8087761063672819,-0.06372969884725052,-0.018988733595504015,-0.06473002062485556,0.39110604332953247,18,9,0.5,中性,-0.04876579417882265,-0.8173130756051182,-0.054503940662729594,-0.03745182484408904,-0.07326698986269187,0.8110034207525656,33,8,0.24242424242424243,FAIL
600117.SH,3434,20120215,20260821,-0.07916561845806913,-0.8570353649360422,-0.03844276503327699,-0.09682207772222251,-0.8683374617278724,-0.3128311326300452,21,0.23809523809523808,-0.0955079220368289,-0.8683374617278723,-0.30741731767919117,-0.016342303578759765,-0.01130209679183014,0.32265579499126384,20,9,0.45,中性,-0.1269259540004073,-0.9120463558487507,-0.2292228088590709,-0.04776033554233816,-0.05501099091270856,0.7597553873034363,40,14,0.35,FAIL
600118.SH,3520,20120215,20260821,0.12216740691438388,-0.8021210997365242,0.43510082676027395,0.08845211180570933,-0.5944231372824058,0.35442711606216326,22,0.36363636363636365,0.09100131177613102,-0.5944231372824058,0.36178810934567285,-0.03116609513825286,0.20769796245411842,0.4431818181818182,22,8,0.36363636363636365,中性,0.03283241777593138,-0.842270505726932,0.22429951131146406,-0.0893349891384525,-0.04014940599040773,0.8170454545454545,36,12,0.3333333333333333,FAIL
600120.SH,3342,20120215,20260821,0.08838807323092279,-0.7109785316042001,0.3708556575939962,0.027299756527844554,-0.8152581688026297,0.18332205003972651,18,0.3888888888888889,0.027781302939242192,-0.8152581688026297,0.184814740594791,-0.0606067702916806,-0.10427963719842959,0.5158587672052664,17,6,0.35294117647058826,FAIL,-0.004621488868744139,-0.8476086850478373,0.1144736256046017,-0.09300956209966693,-0.13663015344363716,0.8025134649910234,33,10,0.30303030303030304,FAIL
600121.SH,3489,20120224,20260821,-0.051046420109663204,-0.818631852544515,0.07245176146537317,-0.12617871812900783,-0.9360925617301274,-0.36967808839683897,22,0.3181818181818182,-0.13429465871233137,-0.9360925617301273,-0.3985539646188026,-0.08324823860266817,-0.11746070918561236,0.3364860991688163,22,6,0.2727272727272727,FAIL,-0.1260243934016142,-0.9015386352954123,-0.1526199952899899,-0.074977973291951,-0.08290678275089736,0.8030954428202923,40,10,0.25,FAIL
600122.SH,2469,20120216,20230526,-0.19620254683839622,-0.9836963422447434,-0.3995203770637175,-0.08722782616417635,-0.9090650789762921,-0.2275888182638604,16,0.375,-0.08819230880903983,-0.9090650789762922,-0.2312424175824531,0.10801023802935639,0.07463126326845126,0.44957472660996356,16,8,0.5,PASS,-0.07614775305264476,-0.9063628690041707,-0.10795042949030553,0.12005479378575146,0.07733347324057271,0.7415957877683272,25,11,0.44,PASS
600123.SH,3523,20120215,20260821,-0.02444578347952442,-0.7854918468911126,0.0704398065596921,-0.00777329291829798,-0.6333785441313102,0.03955310908741075,19,0.3157894736842105,-0.004781029127148617,-0.63337854413131,0.05009099240503791,0.0196647543523758,0.15211330275980262,0.42407039455009937,18,7,0.3888888888888889,PASS,-0.0185025271619641,-0.7143985264178664,0.06396525058298147,0.005943256317560319,0.07109332047324624,0.8135112120351973,29,12,0.41379310344827586,PASS
600125.SH,3522,20120216,20260821,-0.02198409926392131,-0.7539497076302284,0.06277039225233119,-0.11742413419258091,-0.9337271890772434,-0.3295431189564748,21,0.14285714285714285,-0.117211100997757,-0.9337271890772434,-0.32871028159563126,-0.09522700173383569,-0.179777481447015,0.5570698466780238,21,6,0.2857142857142857,FAIL,-0.06145350254627602,-0.8332248290457139,-0.08097227398381163,-0.03946940328235471,-0.07927512141548554,0.8324815445769449,29,9,0.3103448275862069,FAIL
600126.SH,3443,20120215,20260821,0.06373719928746024,-0.6816131620600594,0.31779471645545654,0.01259784870774161,-0.8059937820908203,0.16342384623203288,19,0.3157894736842105,0.007378294364383864,-0.8059937820908202,0.1496442883860091,-0.05635890492307638,-0.12438062003076078,0.5088585535869881,19,5,0.2631578947368421,FAIL,0.09690014819338533,-0.729237812455314,0.3854417345314401,0.03316294890592508,-0.04762465039525465,0.8045309323264594,26,13,0.5,反例
600127.SH,3454,20120215,20260821,0.029728438593993545,-0.7970791698693312,0.22313029740000195,-0.0558811650584351,-0.8510238935663107,-0.10699733333350048,17,0.29411764705882354,-0.05543344651142834,-0.8510238935663108,-0.10530564261056112,-0.08516188510542189,-0.05394472369697956,0.44412275622466707,16,7,0.4375,FAIL,-0.017732817800258704,-0.8127423605640222,0.0860692122178983,-0.04746125639425225,-0.01566319069469091,0.8288940359004053,27,10,0.37037037037037035,FAIL
600128.SH,3503,20120215,20260821,-0.010845308921796804,-0.8290170962367026,0.1408199811073444,-0.1253204036035077,-0.9660471767239609,-0.2703428612555994,23,0.21739130434782608,-0.1256192146691476,-0.9660471767239609,-0.27129381043667644,-0.1147739057473508,-0.1370300804872583,0.5766485869254925,23,5,0.21739130434782608,FAIL,-0.08370136666321049,-0.9380639093354342,-0.08119853625635857,-0.07285605774141368,-0.10904681309873154,0.8401370254067941,28,8,0.2857142857142857,FAIL
600129.SH,3383,20120215,20260821,0.060639980759982004,-0.8223379402585823,0.3162270223085706,0.00732193892543731,-0.7719945923867817,0.11539180557960657,21,0.42857142857142855,0.01888805748623512,-0.7719945923867818,0.15387058539170662,-0.04175192327374688,0.0503433478718005,0.4844812296778008,21,7,0.3333333333333333,中性,0.03356908409220649,-0.8745629969549409,0.23809881826062299,-0.027070896667775513,-0.052225056696358574,0.7989949748743719,34,12,0.35294117647058826,中性
600131.SH,3515,20120215,20260821,0.07179943687876755,-0.67629912741588,0.33132811715935523,-0.04661685966594853,-0.801467879246357,-0.019607028063862168,24,0.3333333333333333,-0.04580067194695847,-0.801467879246357,-0.017082998420528787,-0.11760010882572602,-0.12516875183047693,0.5581792318634424,23,10,0.43478260869565216,FAIL,-0.039879177795920984,-0.7259510156245368,0.04498327525887847,-0.11167861467468854,-0.049651888208656736,0.7948790896159317,31,11,0.3548387096774194,FAIL
600132.SH,3506,20120222,20260821,0.03200825425511189,-0.7661642451892787,0.22173171292458363,0.07108817370241605,-0.6008373229600836,0.3053512852823286,18,0.3888888888888889,0.07279164329748955,-0.6008373229600835,0.31061711349708093,0.04078338904237766,0.1653269222291952,0.6149458071876782,17,7,0.4117647058823529,PASS,0.04633477235585404,-0.6475041409360832,0.2415097884859786,0.014326518100742147,0.11866010425319551,0.8208784940102681,26,12,0.46153846153846156,PASS
600138.SH,3515,20120215,20260821,-0.02276702372603434,-0.7681868480874198,0.03498094247957016,-0.012489311976562334,-0.7246288118898041,0.027388232949728804,12,0.3333333333333333,-0.01087143708168481,-0.7246288118898042,0.0331433095640598,0.011895586644349532,0.04355803619761556,0.6497866287339972,12,5,0.4166666666666667,PASS,-0.04705537051560482,-0.8238793380066253,-0.055721997383932305,-0.02428834678957048,-0.0556924899192055,0.8768136557610242,22,3,0.13636363636363635,中性
600139.SH,2366,20120215,20230227,-0.20371753844825935,-0.9680804547442063,-0.2803217655946748,-0.17439668175626755,-0.9231881625940688,-0.44720355374857557,17,0.17647058823529413,-0.17203424518386856,-0.9231881625940688,-0.4384577916880282,0.03168329326439079,0.04489229215013757,0.4835164835164835,17,8,0.47058823529411764,PASS,-0.14574518889920052,-0.9354699336408901,-0.2008554820691942,0.05797234954905883,0.03261052110331619,0.7633136094674556,24,9,0.375,PASS
600141.SH,3455,20120216,20260821,0.06282047748204445,-0.7125922666874536,0.3138707253496176,-0.002103950287383416,-0.8286789789511799,0.10004486605606736,22,0.2727272727272727,-0.0007832015928875835,-0.8286789789511799,0.1040749602609536,-0.06360367907493203,-0.11608671226372635,0.5047756874095514,22,9,0.4090909090909091,FAIL,0.00936783845841127,-0.7266319344534895,0.17762366741186483,-0.053452639023633175,-0.014039667766035935,0.8335745296671491,33,10,0.30303030303030304,FAIL
600143.SH,3432,20120222,20260821,0.06089026624284233,-0.790323456576453,0.29972736780045384,0.007222675526168398,-0.8657257027625478,0.10218476804098972,20,0.3,-0.00230385808582223,-0.8657257027625479,0.07092603650005326,-0.06319412432866456,-0.07540224618609492,0.4627039627039627,21,6,0.2857142857142857,FAIL,-0.0416371985260674,-0.8951736774257872,0.0020771638600511695,-0.10252746476890973,-0.10485022084933426,0.8036130536130536,37,12,0.32432432432432434,FAIL
600150.SH,3385,20120215,20260821,0.03201682667492567,-0.8660512083204958,0.24327492541894583,-0.011552967681722537,-0.7962963958449933,0.04764542488833502,21,0.47619047619047616,-0.010763225268908383,-0.7962963958449932,0.05027266216812445,-0.04278005194383405,0.06975481247550253,0.48714918759231907,21,10,0.47619047619047616,中性,0.0393848152001115,-0.6371286546535313,0.23944333927656986,0.007367988525185831,0.22892255366696446,0.8088626292466765,31,13,0.41935483870967744,PASS
600151.SH,3327,20120216,20260821,0.017745744474282343,-0.8222955877585545,0.23193650597142132,0.0146868376587872,-0.8114568451705488,0.1725268940327372,19,0.3684210526315789,0.016937284630529792,-0.8114568451705487,0.17891001558737835,-0.0008084598437525514,0.010838742588005768,0.5365193868349865,19,6,0.3157894736842105,中性,-0.03812800992480481,-0.8988318103714767,0.06684894982098889,-0.05587375439908715,-0.07653622261292226,0.8007213706041478,30,8,0.26666666666666666,FAIL
600153.SH,3285,20120215,20260821,0.06664450270507238,-0.7045916025359342,0.3079571069915139,-0.0026339508056576477,-0.6721193380535035,0.03076756087168572,20,0.35,0.0002686995428278216,-0.6721193380535035,0.04301149891901479,-0.06637580316224456,0.03247226448243068,0.4974124809741248,19,4,0.21052631578947367,中性,0.04191262153452047,-0.743173010779861,0.22502620813166113,-0.024731881170551917,-0.03858140824392675,0.8003044140030442,31,8,0.25806451612903225,中性
600155.SH,3266,20120215,20260821,0.008603771079579436,-0.7384563611577352,0.18790133460016095,-0.037571094644736625,-0.8688975808235195,-0.04073078989426226,21,0.3333333333333333,-0.0363218239372064,-0.8688975808235195,-0.036296863798328693,-0.044925595016785835,-0.13044121966578437,0.4314145744029394,21,8,0.38095238095238093,FAIL,-0.0405970556253451,-0.8676514658126704,0.027417008421399332,-0.04920082670492454,-0.12919510465493522,0.7969993876301286,37,13,0.35135135135135137,FAIL
600157.SH,3195,20120215,20260821,-0.04458331629578105,-0.8885894428170883,0.03711986518069618,-0.04364193276398032,-0.8019792315512102,-0.10815603818597906,14,0.2857142857142857,-0.04394848965334874,-0.8019792315512102,-0.10922969517912759,0.0006348266424323068,0.08661021126587809,0.41471048513302033,14,7,0.5,PASS,-0.09082229578347834,-0.9479557621463318,-0.13419695143042895,-0.046238979487697285,-0.05936631932924352,0.8262910798122066,28,10,0.35714285714285715,FAIL
600158.SH,3384,20120215,20260821,0.008516948855709305,-0.8360053654257538,0.21922326120186614,-0.05793497611850984,-0.8674662584541659,-0.020416304310189693,19,0.3157894736842105,-0.05433968239255116,-0.8674662584541659,-0.010040929780218881,-0.06285663124826046,-0.03146089302841215,0.6149527186761229,19,7,0.3684210526315789,FAIL,-0.03315315628445925,-0.892885821455756,0.10730155404614564,-0.041670105140168556,-0.05688045603000225,0.8460401891252955,26,8,0.3076923076923077,FAIL
600159.SH,3526,20120215,20260821,-0.018064799096784268,-0.7966828008495199,0.11901514341004678,-0.17128565546719965,-0.9778995296423861,-0.502523500240665,23,0.13043478260869565,-0.1678890626873878,-0.9778995296423861,-0.4889185738254805,-0.14982426359060352,-0.1812167287928662,0.5133295519001702,23,6,0.2608695652173913,FAIL,-0.06800036648202556,-0.8908283676106126,-0.034180603835372234,-0.0499355673852413,-0.09414556676109265,0.839194554736245,33,11,0.3333333333333333,FAIL
600160.SH,3492,20120215,20260821,0.1172324719947393,-0.6742619681150415,0.42750225263373615,0.042726356953626254,-0.7472272731141624,0.2397580411780288,19,0.3157894736842105,0.043594706794040095,-0.7472272731141624,0.24211326943405626,-0.0736377652006992,-0.0729653049991209,0.6002290950744559,18,2,0.1111111111111111,FAIL,0.07106840699155614,-0.7132060068085951,0.32343810002508544,-0.04616406500318315,-0.03894403869355367,0.8536655211912944,27,5,0.18518518518518517,FAIL
600161.SH,3404,20120216,20260821,0.0768397957453455,-0.6695526119581185,0.33683468754653767,-0.03424831301886122,-0.7426752347508726,-0.023398694090918548,19,0.47368421052631576,-0.032111463694533326,-0.7426752347508727,-0.01608842210063484,-0.10895125943987882,-0.07312262279275417,0.6057579318448884,19,2,0.10526315789473684,FAIL,0.009074005077676306,-0.7805766379354833,0.14939679503690945,-0.06776579066766919,-0.11102402597736472,0.8742655699177438,26,8,0.3076923076923077,FAIL
600162.SH,3420,20120216,20260821,0.04459238067785121,-0.7898928543496962,0.2712824939335165,-0.03936608295951394,-0.8958026332559451,-0.001732124462513282,19,0.3157894736842105,-0.03280876053842763,-0.8958026332559451,0.018985281323007936,-0.07740114121627883,-0.10590977890624886,0.45935672514619885,18,6,0.3333333333333333,FAIL,-0.047462039518148535,-0.9214848588790443,0.03114414402516539,-0.09205442019599974,-0.13159200452934805,0.8383040935672514,29,6,0.20689655172413793,FAIL
600163.SH,3378,20120215,20260821,-0.010231254104504428,-0.7447418738049714,0.11980712103457698,-0.08382718796151511,-0.872089334286438,-0.2051373498142229,19,0.2631578947368421,-0.08406208055843423,-0.872089334286438,-0.20603979573555267,-0.0738308264539298,-0.1273474604814666,0.4905269390171699,19,6,0.3157894736842105,FAIL,-0.05310708180846113,-0.8367230564801834,-0.017945694177452697,-0.042875827703956704,-0.09198118267521205,0.8466548253404381,28,7,0.25,FAIL
600166.SH,3521,20120215,20260821,-0.006783715807223034,-0.7369808238025626,0.11044479687352357,-0.08434700446213073,-0.8061915341873291,-0.2642593687748939,18,0.3333333333333333,-0.08274545003710332,-0.8061915341873291,-0.2577237242099039,-0.07596173422988028,-0.06921071038476656,0.4933257597273502,18,6,0.3333333333333333,FAIL,-0.04775487588276295,-0.7550483768127536,-0.03186040235148906,-0.040971160075539914,-0.01806755301019103,0.8318659471740982,31,10,0.3225806451612903,FAIL
600167.SH,3385,20120215,20260821,0.05867583674873522,-0.6506331029180346,0.28334695879569166,0.05584895965617753,-0.5963051397604854,0.26053408235790887,17,0.4117647058823529,0.06019147584570117,-0.5963051397604855,0.2759970533272811,0.0015156390969659483,0.054327963157549064,0.5840472673559822,17,8,0.47058823529411764,PASS,0.0568538615096672,-0.6384938876859498,0.27118451807092514,-0.0018219752390680188,0.012139215232084721,0.8398818316100443,24,11,0.4583333333333333,中性
600168.SH,3327,20120411,20260821,0.002813729158405387,-0.7025718955885192,0.1141734953799114,-0.05708628903071833,-0.7864221467503316,-0.17897015419615372,17,0.23529411764705882,-0.046138557552120596,-0.7864221467503316,-0.13003415765568763,-0.04895228671052598,-0.08385025116181244,0.5374211000901713,17,4,0.23529411764705882,FAIL,-0.04661741812261533,-0.7875358222974065,-0.06637470126118654,-0.049431147281020715,-0.0849639267088873,0.8364893297264803,26,7,0.2692307692307692,FAIL
600169.SH,3520,20120215,20260821,-0.048186604028136015,-0.8678117998506348,0.0010699552089899506,-0.01382887405743094,-0.7679942238984743,-0.011181329668959262,16,0.25,-0.011516763585800893,-0.7679942238984743,-0.001508544880562909,0.03666984044233512,0.09981757595216056,0.3693181818181818,16,9,0.5625,PASS,-0.06818400941971359,-0.8992902615255938,-0.0990580274556866,-0.019997405391577572,-0.031478461674958935,0.7892045454545454,33,14,0.42424242424242425,中性
600170.SH,3502,20120216,20260821,0.05084339004680283,-0.7403696205207871,0.24865238690521388,-0.019090297962996217,-0.7815931830241161,-0.04513954073014151,16,0.3125,-0.015652564765127108,-0.7815931830241161,-0.030793024804954695,-0.06649595481192994,-0.041223562503328925,0.49143346659051973,16,3,0.1875,FAIL,0.01666923524780639,-0.7511343993926785,0.13264673688153697,-0.03417415479899644,-0.010764778871891312,0.8666476299257567,23,5,0.21739130434782608,FAIL
600171.SH,3475,20120215,20260821,0.11045254521363534,-0.7792044285452053,0.42177020040901275,0.06843591921165215,-0.756777408739235,0.314637343626532,27,0.37037037037037035,0.06769208873851396,-0.756777408739235,0.312871342200717,-0.04276045647512139,0.022427019805970283,0.5205755395683453,26,14,0.5384615384615384,FAIL,0.1290101202535192,-0.6901403554967375,0.4527727735101126,0.018557575039883867,0.08906407304846786,0.7853237410071943,35,15,0.42857142857142855,PASS
600175.SH,1861,20120216,20200807,-0.25716217767188676,-0.9854597771833267,-0.48932192981145634,-0.17242369494642984,-0.8946852207847734,-0.5067045369681622,11,0.18181818181818182,-0.18264815567027004,-0.8946852207847735,-0.540384858551508,0.07451402200161672,0.09077455639855314,0.41375604513702313,12,4,0.3333333333333333,PASS,-0.1352955072864308,-0.9140753849845834,-0.22825553298412804,0.12186667038545596,0.07138439219874326,0.7786136485760344,20,9,0.45,PASS
600176.SH,3504,20120215,20260821,0.22492016672815485,-0.6106212117790732,0.6426700393704358,0.11316644665796938,-0.7350129627042536,0.41846522558895133,17,0.35294117647058826,0.11446420163285342,-0.7350129627042536,0.4217073449804889,-0.11045596509530142,-0.1243917509251804,0.6603881278538812,17,5,0.29411764705882354,FAIL,0.17760254373468287,-0.6570797180997892,0.5575133299590797,-0.047317622993471975,-0.04645850632071591,0.8698630136986302,22,6,0.2727272727272727,FAIL
600177.SH,3486,20120215,20260821,0.0916326104477807,-0.5941749758682642,0.3668548986804841,0.029990292325237977,-0.6078206372387813,0.15457154237551624,13,0.23076923076923078,0.0340283557783283,-0.6078206372387812,0.17019615188373968,-0.057604254669452404,-0.013645661370517037,0.5674125071715433,12,4,0.3333333333333333,FAIL,0.04162472313767851,-0.6556489849634247,0.20989719201806095,-0.050007887310102195,-0.06147400909516054,0.904188181296615,20,4,0.2,FAIL
600178.SH,3524,20120215,20260821,0.0242085642247567,-0.7656782293131068,0.25152143669402643,-0.052372764928785065,-0.8339061857107922,0.012076935060427695,22,0.36363636363636365,-0.05307433730911337,-0.8339061857107922,0.010243475653180139,-0.07728290153387007,-0.06822795639768542,0.5947786606129398,22,9,0.4090909090909091,FAIL,-0.031992608172981774,-0.8478466745740981,0.1138938399364214,-0.056201172397738475,-0.08216844526099132,0.8220771850170261,34,13,0.38235294117647056,FAIL
600179.SH,3354,20120216,20260821,-0.004833434181064633,-0.8934752448685731,0.16474874498145928,-0.05488381988208557,-0.9024243977422002,-0.09605826496403008,20,0.3,-0.06512421945184044,-0.9024243977422002,-0.12920177519989767,-0.060290785270775804,-0.008949152873627075,0.4949314251639833,20,6,0.3,FAIL,-0.02450221502442662,-0.890742347891363,0.0743125552653622,-0.019668780843361988,0.002732896977210131,0.8059033989266547,31,9,0.2903225806451613,中性
600180.SH,3475,20120217,20260821,-0.09635728164507562,-0.9738943427425379,-0.06125892395215921,-0.09813141609621179,-0.9488684971408428,-0.25599236526618335,19,0.15789473684210525,-0.08825835430978446,-0.9488684971408428,-0.218220387521895,0.008098927335291162,0.025025845601695185,0.4054676258992806,19,9,0.47368421052631576,反例,-0.07289141421181411,-0.9510140750963181,-0.05346055398113166,0.02346586743326151,0.022880267646219865,0.7884892086330936,34,12,0.35294117647058826,反例
600183.SH,3520,20120215,20260821,0.3031339709347236,-0.6149830454860483,0.7771342879535332,0.11021138007434073,-0.762078982250475,0.4091133264034188,22,0.45454545454545453,0.10710373046950594,-0.7620789822504751,0.401685822217846,-0.19603024046521766,-0.14709593676442678,0.6636363636363637,22,3,0.13636363636363635,FAIL,0.2483999749815038,-0.5586158192090395,0.6913672367999194,-0.054733995953219816,0.05636722627700885,0.8755681818181819,25,10,0.4,中性
600184.SH,3516,20120215,20260821,0.01850461702713635,-0.8097365706595866,0.22457152596717653,-0.08464836017644406,-0.9282514795501069,-0.16725530904465533,25,0.28,-0.08729229494936597,-0.928251479550107,-0.17411153706547308,-0.10579691197650232,-0.11851490889052041,0.5176336746302617,25,8,0.32,FAIL,-0.0460021689259561,-0.9104289768267738,0.04364739036437433,-0.06450678595309245,-0.10069240616718722,0.8273606370875995,31,12,0.3870967741935484,FAIL
600186.SH,3396,20120215,20260821,0.08338659044050134,-0.8795411089866156,0.3606436023886034,0.02604104919329364,-0.8532179056061924,0.16841528858005084,15,0.4,0.013035582662570766,-0.8532179056061924,0.12841579442317902,-0.07035100777793057,0.026323203380423266,0.39045936395759717,15,6,0.4,FAIL,0.023270322384242537,-0.8627930692376466,0.21052798715411553,-0.060116268056258804,0.01674803974896899,0.8118374558303887,32,10,0.3125,FAIL
600187.SH,3392,20120215,20260821,-0.0708068525039176,-0.8900804289544236,0.011434018065363634,-0.07196958663775033,-0.8942458569030731,-0.12624499099972009,17,0.35294117647058826,-0.07355443625263813,-0.8942458569030731,-0.1312315343225053,-0.002747583748720528,-0.004165427948649492,0.4672759433962264,17,5,0.29411764705882354,中性,-0.03482999180702395,-0.8610016991833015,0.07264904899167896,0.03597686069689365,0.029078729771122136,0.8142688679245284,28,11,0.39285714285714285,反例
600188.SH,3522,20120216,20260821,0.08800347964440491,-0.7602809611141625,0.366042227153831,0.043953939961482336,-0.7521247702259213,0.2398580448944421,21,0.42857142857142855,0.0454843834876717,-0.7521247702259214,0.24396419931589047,-0.042519096156733216,0.008156190888241155,0.5556501987507099,21,7,0.3333333333333333,FAIL,0.050632780908448805,-0.7285381351168927,0.2763972499431974,-0.03737069873595611,0.03174282599726985,0.8154457694491766,30,9,0.3,中性
600189.SH,3217,20120216,20260821,0.024152317598131967,-0.8225546918255708,0.23401680721296444,-0.036157869388198316,-0.8147695181400666,6.223189222297895e-05,19,0.3157894736842105,-0.037344733970719246,-0.8147695181400666,-0.0037341797564848806,-0.06149705156885121,0.007785173685504243,0.5589058128691328,19,5,0.2631578947368421,FAIL,0.012319419156191946,-0.8119814623171325,0.1862207391885449,-0.01183289844194002,0.010573229508438309,0.8408455082374884,24,9,0.375,中性
600190.SH,3193,20120215,20250718,-0.1196472028141381,-0.96337504172085,-0.1312291328798271,-0.05485603265394845,-0.8048642665127215,-0.1464264034984403,14,0.35714285714285715,-0.05438881505405657,-0.8048642665127215,-0.14467487227480672,0.06525838776008153,0.1585107752081285,0.4538051988725337,14,5,0.35714285714285715,PASS,-0.09970894385701512,-0.9230384453450335,-0.1964289262179001,0.01993825895712298,0.040336596375816436,0.8509238960225494,24,12,0.5,PASS
600191.SH,3312,20120215,20260821,0.04554783284477648,-0.8999283557731008,0.2965405769043208,-0.026795382995374872,-0.8991760815238683,0.03904213431444238,21,0.38095238095238093,-0.019831627438086752,-0.8991760815238683,0.061143007626659494,-0.06537946028286323,0.0007522742492325207,0.5160024154589372,21,6,0.2857142857142857,FAIL,-0.05816171788120239,-0.9484877367735252,0.03261281574348192,-0.10370955072597887,-0.04855938100042434,0.8285024154589372,32,6,0.1875,FAIL
600192.SH,3524,20120216,20260821,0.00844221911582932,-0.8359195061923376,0.20950945885032596,-0.09555695368912576,-0.9019826452767237,-0.11738560402697724,23,0.30434782608695654,-0.09195081452058185,-0.9019826452767237,-0.10687141870948312,-0.10039303363641117,-0.0660631390843861,0.5766174801362088,23,7,0.30434782608695654,FAIL,-0.0890781219719029,-0.9337985037252251,-0.037692037981850265,-0.09752034108773222,-0.09787899753288754,0.8345629965947786,33,7,0.21212121212121213,FAIL
600195.SH,3456,20120215,20260821,0.00315789616148221,-0.7132818225852688,0.14101467278446678,-0.08220643361260438,-0.8968207557338781,-0.21926034482065176,22,0.22727272727272727,-0.08321555744092457,-0.896820755733878,-0.22300327037741946,-0.08637345360240678,-0.18353893314860914,0.5601851851851852,22,8,0.36363636363636365,FAIL,-0.04548618655688885,-0.8227334241976765,-0.02786027654386266,-0.04864408271837106,-0.10945160161240763,0.8252314814814815,30,9,0.3,FAIL
600196.SH,3507,20120216,20260821,0.08305327400689078,-0.7508751195729317,0.3444848713053623,0.07798914092774645,-0.5430791951188277,0.3268016617746385,19,0.47368421052631576,0.0813497482312402,-0.5430791951188277,0.3376351571360972,-0.0017035257756505828,0.207795924454104,0.49443969204448246,19,8,0.42105263157894735,PASS,0.08757999542850459,-0.6559972131853029,0.3528457719884716,0.004526721421613811,0.09487790638762883,0.818078129455375,31,13,0.41935483870967744,PASS
600197.SH,3526,20120215,20260821,0.013736313192045602,-0.7104616055164819,0.18903545471030767,-0.022274001426416667,-0.696965301073871,0.029027454122057345,23,0.4782608695652174,-0.019070450923604265,-0.696965301073871,0.03923415814742588,-0.03280676411564987,0.013496304442610851,0.4985819625638117,22,8,0.36363636363636365,FAIL,-0.05220756590798459,-0.8140225886675235,-0.004738289925233236,-0.06594387910003019,-0.10356098315104167,0.8122518434486671,38,12,0.3157894736842105,FAIL
600198.SH,3377,20120514,20260821,-0.03019557869170486,-0.9152727272727272,0.16736781337834722,-0.08950799944150623,-0.9366413530091646,-0.1194402809410714,22,0.36363636363636365,-0.09932270026354317,-0.9366413530091646,-0.14534086110189506,-0.06912712157183831,-0.021368625736437385,0.44862303819958543,23,10,0.43478260869565216,FAIL,-0.06311114503615911,-0.9253450807254969,0.049951825283483,-0.03291556634445425,-0.010072353452769689,0.7859046490968316,33,11,0.3333333333333333,FAIL
600199.SH,3507,20120215,20260821,-0.05385829650841645,-0.8283414474243326,0.05209274999295459,-0.07016020290766356,-0.8215637581034245,-0.11812707550228663,21,0.3333333333333333,-0.06895179763674941,-0.8215637581034246,-0.114255523261655,-0.015093501128332965,0.0067776893209079425,0.4328485885372113,20,6,0.3,中性,-0.05225142433742613,-0.8169250784388229,0.014316012086006013,0.0016068721709903144,0.011416368985509684,0.7607641859138865,35,18,0.5142857142857142,反例
600200.SH,3259,20120215,20251229,-0.22234009884123962,-0.992861829935908,-0.2559066270734802,0.035213281952213515,-0.6961524628583994,0.20495863855676041,18,0.5555555555555556,0.03820609121586349,-0.6961524628583994,0.2141645531259553,0.2605461900571031,0.2967093670775086,0.3899969315741025,18,9,0.5,PASS,-0.17187626964719938,-0.975630692372943,-0.20223919057297066,0.050463829194040244,0.017231137562965015,0.7348880024547407,35,15,0.42857142857142855,反例
600201.SH,3498,20120215,20260821,0.10345052632092955,-0.8088341338007459,0.395200242901375,0.1176311733641151,-0.6660128146214813,0.4550441546210027,18,0.4444444444444444,0.12052691113450753,-0.666012814621481,0.46401024371037486,0.017076384813577983,0.14282131917926488,0.6080617495711835,18,6,0.3333333333333333,PASS,0.0619618415985006,-0.8330349537720632,0.28283761786691064,-0.04148868472242895,-0.02420081997131729,0.8542024013722127,31,10,0.3225806451612903,FAIL
600202.SH,3431,20120216,20260821,-0.01715610377892829,-0.8608302462853654,0.1275224176318125,-0.10766831911836072,-0.9390560397322592,-0.20845810934980513,21,0.3333333333333333,-0.10648123118970698,-0.9390560397322592,-0.2044746885179878,-0.08932512741077869,-0.07822579344689373,0.6129408335762169,21,5,0.23809523809523808,FAIL,-0.022604582375913118,-0.822866749926493,0.0890285175277725,-0.005448478596984829,0.03796349635887242,0.8533955115126786,24,7,0.2916666666666667,PASS
600206.SH,3439,20120215,20260821,0.17293068489439145,-0.7710189848895777,0.5377585632769485,0.08584020575657192,-0.7575292270591862,0.3624192938698938,19,0.42105263157894735,0.08797502900130816,-0.7575292270591862,0.36713633684092467,-0.08495565589308329,0.013489757830391413,0.6100610642628671,18,4,0.2222222222222222,FAIL,0.15901394523141943,-0.7398168799835838,0.5136482609965992,-0.013916739662972022,0.031202104905993844,0.850828729281768,24,10,0.4166666666666667,PASS
600208.SH,3473,20120216,20260821,-0.005615968531830218,-0.8344245726589621,0.11872379947156039,-0.06267591472709033,-0.8810055312852592,-0.17503266899496225,17,0.23529411764705882,-0.05022356277754958,-0.8810055312852593,-0.12455186634612658,-0.04460759424571936,-0.046580958626297186,0.4016700259141952,16,6,0.375,FAIL,-0.022880259197794683,-0.8448403994653906,0.050897575096605085,-0.017264290665964466,-0.010415826806428496,0.8171609559458681,30,9,0.3,中性
600210.SH,3521,20120215,20260821,0.05960448518754946,-0.7551987991768458,0.29167070694574004,0.01064212486038607,-0.8188175245674703,0.12125886635820579,19,0.3684210526315789,0.011676298637902205,-0.8188175245674703,0.12448674404543943,-0.047928186549647256,-0.06361872539062441,0.48366941209883557,18,9,0.5,FAIL,0.017787400081658467,-0.8132103647410517,0.17666803144555848,-0.041817085105890994,-0.058011565564205836,0.808861119000284,29,11,0.3793103448275862,FAIL
600216.SH,3519,20120215,20260821,0.0218810802592877,-0.5903347999729236,0.19019035710267837,-0.03549599934919301,-0.660425451671425,-0.04894413153359572,19,0.3157894736842105,-0.0335687754094629,-0.660425451671425,-0.04235769423640086,-0.0554498556687506,-0.07009065169850137,0.505541346973572,19,9,0.47368421052631576,FAIL,0.008845613158239063,-0.5870531407874484,0.1385101869355125,-0.013035467101048637,0.003281659185475183,0.8164251207729468,32,9,0.28125,中性
600219.SH,3419,20120215,20260821,0.06689412637249226,-0.5880597014925374,0.3037504274674467,-0.01838527167518733,-0.6970773494476508,0.007974901711668007,19,0.42105263157894735,-0.021796473097645097,-0.6970773494476508,-0.0028692097583166345,-0.08869059947013735,-0.10901764795511337,0.5662474407721556,19,7,0.3684210526315789,FAIL,-0.022928748511171437,-0.7091941554264845,0.027731573678016225,-0.0898228748836637,-0.12113445393394706,0.8502486107048844,28,7,0.25,FAIL
600220.SH,2987,20120216,20240613,-0.1608980472651823,-0.9713478093394368,-0.27580014042102996,-0.08965108080896589,-0.9063358636457219,-0.22335154551051267,16,0.25,-0.09225434922850773,-0.906335863645722,-0.23249475791010307,0.06864369803667458,0.06501194569371471,0.43521928356210243,16,6,0.375,PASS,-0.08993258918803504,-0.9234309857970661,-0.11675953934685825,0.07096545807714727,0.0479168235423707,0.8061600267827251,25,8,0.32,PASS
600221.SH,3383,20120216,20260821,-0.03570747411014785,-0.8482668301614511,-0.008213206660507132,-0.045403774826579424,-0.7335160275823794,-0.15181852516911448,16,0.25,-0.051140996421335516,-0.7335160275823795,-0.17334054994255643,-0.015433522311187664,0.11475080257907155,0.3739284658587053,17,8,0.47058823529411764,PASS,-0.052163580538702514,-0.8503053749057752,-0.09274885147014317,-0.016456106428554662,-0.002038544744324078,0.7978125923736329,29,10,0.3448275862068966,中性
600223.SH,3517,20120215,20260821,0.009913563677682813,-0.8179916317991632,0.20301974269739512,-0.08430759360238449,-0.9136362426870467,-0.1459899285855221,21,0.23809523809523808,-0.08067292210976262,-0.9136362426870467,-0.13425640232775385,-0.09058648578744544,-0.09564461088788345,0.45720784759738414,21,7,0.3333333333333333,FAIL,0.025114909201120694,-0.8277306588432749,0.22140585254373463,0.015201345523437881,-0.00973902704411167,0.8157520614159796,30,13,0.43333333333333335,反例
600226.SH,3076,20120215,20260821,0.0941994873074723,-0.8451145483643862,0.3786219786309596,0.018458770392412394,-0.8352974023165756,0.21761577039549168,20,0.5,0.006430527070437009,-0.8352974023165756,0.1984950618303754,-0.08776896023703529,0.009817146047810588,0.48211963589076723,21,6,0.2857142857142857,FAIL,-0.0174383189287316,-0.9051065661738863,0.19406535604683947,-0.1116378062362039,-0.05999201780950014,0.8221716514954487,32,9,0.28125,FAIL
600227.SH,3221,20120215,20260821,-0.011551975011226623,-0.9266233766233767,0.15058743694688692,-0.041642623600666395,-0.9040867239259853,-0.03605577428076579,18,0.3333333333333333,-0.04197424980168141,-0.9040867239259853,-0.03715721196727746,-0.030422274790454784,0.022536652697391357,0.4032909034461347,17,7,0.4117647058823529,FAIL,-0.0464959936525392,-0.9357391969754572,0.02985708123440889,-0.03494401864131258,-0.009115820352080473,0.8236572493014592,30,9,0.3,FAIL
600230.SH,3473,20120215,20260821,0.06706490151289812,-0.8264987382691321,0.3427966260975068,-0.012081419647846925,-0.8629848668780147,0.10394972512532126,21,0.3333333333333333,-0.010677693689213785,-0.8629848668780148,0.10772974292971846,-0.07774259520211191,-0.03648612860888267,0.4647279009501872,21,8,0.38095238095238093,FAIL,0.0036728949917164133,-0.8701695119514179,0.19659754416333555,-0.06339200652118171,-0.04367077368228578,0.8065073423553124,35,8,0.22857142857142856,FAIL
600231.SH,3490,20120215,20260821,-0.020434409762082772,-0.7798064032621446,0.09412213770393574,-0.02878417729079563,-0.641919004453505,-0.035934319648437185,18,0.16666666666666666,-0.024921611093759233,-0.641919004453505,-0.02151330064163209,-0.00448720133167646,0.13788739880863954,0.36446991404011464,18,8,0.4444444444444444,PASS,-0.04670060821760136,-0.7714259890443564,-0.0039736038170291735,-0.026266198455518586,0.008380414217788124,0.8154727793696275,35,12,0.34285714285714286,中性
600233.SH,3429,20120215,20260821,0.09560669645663444,-0.7554005884523741,0.3819251783337925,0.1449617478204528,-0.4702653508090521,0.5206282092190259,15,0.6,0.14334721546423945,-0.4702653508090521,0.516073209125025,0.04774051900760501,0.28513523764332205,0.552639253426655,14,6,0.42857142857142855,PASS,0.06593026781524913,-0.7878787213179435,0.3056341048268876,-0.02967642864138531,-0.03247813286556933,0.8270632837561971,29,13,0.4482758620689655,中性
600236.SH,3450,20120216,20260821,0.11688093672625,-0.6002588466749825,0.4423808777844331,0.06991549342997772,-0.5444824000551449,0.3071083120177262,17,0.5294117647058824,0.07055700066465254,-0.5444824000551449,0.3094555189223179,-0.04632393606159746,0.055776446619837605,0.5617391304347826,17,8,0.47058823529411764,中性,0.08515824887336398,-0.6265925293648106,0.3526889239725946,-0.03172268785288601,-0.026333682689828053,0.8614492753623189,24,5,0.20833333333333334,FAIL
600239.SH,3273,20120215,20260821,-0.05737093016830186,-0.8382583387928624,0.043979410607290534,-0.10324999262189039,-0.8660297378354729,-0.22593097900704823,21,0.2857142857142857,-0.0967047072795888,-0.8660297378354729,-0.202648161274978,-0.03933377711128694,-0.0277713990426105,0.4946532233424992,21,7,0.3333333333333333,FAIL,-0.08081054157473422,-0.8869851507115405,-0.06047988409933508,-0.02343961140643236,-0.048726811918678115,0.7821570424686831,30,8,0.26666666666666666,中性
600240.SH,1838,20120215,20200123,-0.25809188219976276,-0.9859794319172595,-0.4217428774403704,-0.3473015016468307,-0.9828115441964902,-1.1379945383566006,14,0.07142857142857142,-0.34218444164300277,-0.9828115441964902,-1.1118051042038863,-0.08409255944324001,0.003167887720769258,0.455930359085963,14,3,0.21428571428571427,FAIL,-0.3094648740917817,-0.9913183181770243,-0.6770713855334424,-0.05137299189201894,-0.005338886259764863,0.8030467899891186,19,6,0.3157894736842105,FAIL
600246.SH,3320,20120216,20260821,0.09892967611332004,-0.6519647153167603,0.41017221503394696,-0.08083493616733839,-0.8753720581006192,-0.1102338347253605,21,0.19047619047619047,-0.07860244457664689,-0.8753720581006192,-0.10323790825986986,-0.17753212068996693,-0.223407342783859,0.4539156626506024,21,5,0.23809523809523808,FAIL,-0.042998113079847244,-0.8922570656559453,0.07950490835091416,-0.1419277891931673,-0.24029235033918506,0.8246987951807229,37,8,0.21621621621621623,FAIL
600249.SH,3511,20120215,20260821,0.001308006959942043,-0.8022974607013301,0.16173852785577397,-0.08027518680166412,-0.9379652207064089,-0.1533338880222641,23,0.34782608695652173,-0.08128386982434321,-0.9379652207064089,-0.1566449358392345,-0.08259187678428526,-0.13566776000507874,0.540301908288237,22,8,0.36363636363636365,FAIL,-0.03849011255575674,-0.8791955731678924,0.041764646152731844,-0.03979811951569878,-0.07689811246656231,0.8316718883508972,32,10,0.3125,FAIL
600251.SH,3506,20120216,20260821,0.012518227453906627,-0.7603353763368311,0.21101707767888092,-0.12268582884068724,-0.8924975097640822,-0.34457885673186567,24,0.375,-0.12023482090240434,-0.8924975097640822,-0.33508390657261755,-0.13275304835631097,-0.13216213342725103,0.5812892184826013,23,4,0.17391304347826086,FAIL,-0.06415759214408978,-0.850669184046565,0.03154337032877878,-0.07667581959799641,-0.09033380770973387,0.8582430119794637,29,7,0.2413793103448276,FAIL
600252.SH,3503,20120217,20260821,-0.01683762054590543,-0.7996203793909845,0.05975531084705276,0.006847908985053497,-0.6984088239090349,0.053621381140878534,14,0.35714285714285715,0.010487584125918215,-0.6984088239090349,0.06928008748577866,0.027325204671823644,0.1012115554819496,0.420211247502141,14,7,0.5,PASS,-0.061400141475731695,-0.8731429827486669,-0.1255248452432636,-0.044562520929826266,-0.07352260335768235,0.8344276334570369,28,11,0.39285714285714285,FAIL
600255.SH,3234,20120215,20260821,0.010094033944711978,-0.9269568449221112,0.20946005898506426,0.023738127732362724,-0.9097526785345502,0.1948935779634213,19,0.3684210526315789,0.025019455315147043,-0.9097526785345502,0.19859088996293717,0.014925421370435066,0.01720416638756095,0.5757575757575758,18,7,0.3888888888888889,反例,0.049297764599437244,-0.8776974364806787,0.2844010391913603,0.039203730654725266,0.049259408441432506,0.8079777365491652,24,13,0.5416666666666666,PASS
600256.SH,3487,20120215,20260821,0.016586680622090233,-0.8041667400578708,0.17981469623143173,-0.029777066458812285,-0.7794429994053558,-0.08084423837607486,23,0.43478260869565216,-0.02373229330991833,-0.779442999405356,-0.055802374696349875,-0.04031897393200856,0.024723740652514814,0.37023229136793806,22,6,0.2727272727272727,FAIL,-0.017963636250603376,-0.833012306336989,0.05520905363627623,-0.03455031687269361,-0.028845566279118162,0.7983940349870949,36,11,0.3055555555555556,FAIL
600258.SH,3212,20120215,20260821,0.032914796175229855,-0.6072467404327296,0.23227069978237438,0.007767561906832032,-0.5461685353367243,0.10107186160051468,18,0.3888888888888889,0.011828917457194166,-0.5461685353367243,0.116174315002465,-0.02108587871803569,0.06107820509600537,0.5102739726027398,17,6,0.35294117647058826,PASS,-0.03139481257657817,-0.7686226664578588,0.024555941487095168,-0.06430960875180802,-0.16137592602512918,0.8365504358655044,30,8,0.26666666666666666,FAIL
600259.SH,3373,20120216,20260821,0.024656844639283193,-0.7422165278667521,0.25287792477350934,-0.08046088798007578,-0.8239492931386398,-0.1288567815480328,21,0.38095238095238093,-0.08043137131230105,-0.8239492931386396,-0.12873057170117724,-0.10508821595158424,-0.08173276527188755,0.438778535428402,21,6,0.2857142857142857,FAIL,-0.11347497384431404,-0.948434281126256,-0.11817785856206048,-0.13813181848359724,-0.20621775325950398,0.776460124518233,36,12,0.3333333333333333,FAIL
600260.SH,2535,20120215,20230202,-0.18211775691111187,-0.9809579131922127,-0.20338645876228986,-0.0060676590164374655,-0.8370737350864104,0.10367568697907624,16,0.375,-0.003169840122961065,-0.8370737350864104,0.1121598259668016,0.1789479167881508,0.14388417810580234,0.49191321499013807,16,7,0.4375,PASS,0.01577141123913961,-0.8273041596828377,0.20096674735535777,0.19788916815025148,0.15365375350937505,0.7534516765285996,23,10,0.43478260869565216,PASS
600261.SH,3526,20120215,20260821,0.0025041148727853457,-0.7340138945366025,0.11746432312035675,-0.027762421326882336,-0.6523223434345731,-0.03127929167786687,17,0.29411764705882354,-0.024155065228385064,-0.652322343434573,-0.018062045433378072,-0.02665918010117041,0.08169155110202952,0.5011344299489506,17,5,0.29411764705882354,PASS,-0.016015413642648024,-0.7364261335549096,0.041120121040563784,-0.01851952851543337,-0.0024122390183071163,0.8170731707317073,29,16,0.5517241379310345,中性
600266.SH,3509,20120215,20260821,-0.012112870570832324,-0.784476446523441,0.11516661690653965,-0.07874115547304594,-0.8888348448632951,-0.22557765591561313,21,0.3333333333333333,-0.0748815948414212,-0.8888348448632951,-0.21021188759495943,-0.06276872427058888,-0.10435839833985416,0.43630664006839553,21,7,0.3333333333333333,FAIL,-0.05844879065266695,-0.8729121917406357,-0.048546898002987164,-0.046335920081834625,-0.08843574521719477,0.7814192077514962,36,14,0.3888888888888889,FAIL
600267.SH,3479,20120216,20260821,-0.011535210244867367,-0.744573133125497,0.1123759210769569,-0.12041864118572931,-0.8795809433047271,-0.38507878754845454,20,0.25,-0.11577772576025436,-0.8786115842617628,-0.3662689208915226,-0.10424251551538699,-0.13403845113626578,0.44782983615981603,19,4,0.21052631578947367,FAIL,-0.08141247865870838,-0.8065160853950796,-0.11671939691061786,-0.06987726841384101,-0.061942952269582574,0.8140270192584076,35,10,0.2857142857142857,FAIL
600268.SH,3521,20120215,20260821,0.052005617845303886,-0.8045068538482691,0.2960913464658013,-0.09463182270498005,-0.8820724490823626,-0.17119157200409565,22,0.13636363636363635,-0.0928873965462701,-0.8820724490823626,-0.1654726541798617,-0.14489301439157398,-0.07756559523409345,0.4501562056234024,22,8,0.36363636363636365,FAIL,-0.04671352270869611,-0.8920663504346751,0.056985954805319615,-0.098719140554,-0.08755949658640594,0.8000568020448736,36,10,0.2777777777777778,FAIL
600269.SH,3526,20120215,20260821,0.031209088743756386,-0.6076141315434317,0.1570906524931306,-0.0036006698884673005,-0.7302814021770843,-0.05478890899273062,13,0.23076923076923078,-0.007059345389330063,-0.730281402177084,-0.0725624812153003,-0.03826843413308645,-0.12266727063365235,0.48128190584231423,14,6,0.42857142857142855,FAIL,0.003982421107323164,-0.6600415235750445,0.037429039205298234,-0.02722666763643322,-0.05242739203161284,0.900737379466818,19,5,0.2631578947368421,中性
600270.SH,1604,20120215,20181212,0.22079653017117074,-0.5691861115672515,0.6420606246799684,-0.0891731518520612,-0.8217134078888326,-0.12272398908721138,14,0.21428571428571427,-0.08633950940850843,-0.8217134078888327,-0.1141713624460415,-0.30713603957967917,-0.2525272963215812,0.7019950124688279,13,1,0.07692307692307693,FAIL,0.12011270419552322,-0.6108794848741675,0.4393144317337499,-0.10068382597564751,-0.041693373306916026,0.8958852867830424,15,2,0.13333333333333333,FAIL
600271.SH,3378,20120215,20260821,-0.019927141125830494,-0.8568391547795101,0.07404714054491,-0.00866022381579068,-0.7875262921414465,0.03100019833598027,19,0.3157894736842105,-0.0073789670393163975,-0.7875262921414465,0.03564176319255066,0.012548174086514097,0.06931286263806358,0.470396684428656,19,8,0.42105263157894735,PASS,-0.04591670287571992,-0.8893594547207616,-0.04361020155859065,-0.025989561749889423,-0.032520299941251496,0.7918886915334518,34,11,0.3235294117647059,中性
600273.SH,3352,20120215,20260821,0.012030996690242768,-0.6658391261171797,0.176636715663347,-0.05301433589378601,-0.7936026851801927,-0.10640631488106689,16,0.3125,-0.0647200039150031,-0.7936026851801928,-0.14584683596866765,-0.07675100060524587,-0.12776355906301318,0.5504176610978521,17,6,0.35294117647058826,FAIL,-0.016589230301715885,-0.6874736335414542,0.06987263621024771,-0.028620226991958653,-0.02163450742427453,0.8207040572792362,27,9,0.3333333333333333,中性
600276.SH,3525,20120215,20260821,0.17407996034597462,-0.7098815181230375,0.5888722879152024,0.08000914040069884,-0.6174986452706609,0.34604077616987045,19,0.42105263157894735,0.08237422201644895,-0.6174986452706608,0.35456745995924344,-0.09170573832952567,0.09238287285237667,0.6547517730496454,18,5,0.2777777777777778,中性,0.1471264626818316,-0.41810726470532655,0.5401325692326236,-0.02695349766414301,0.2917742534177109,0.8527659574468085,25,6,0.24,PASS
600277.SH,2755,20120215,20240621,-0.17705714713028164,-0.9630213713392334,-0.34679312725871747,-0.05569031446622341,-0.8711122537897454,-0.09873602409116237,16,0.3125,-0.05647730276296625,-0.8711122537897454,-0.1015224888825555,0.12057984436731539,0.09190911754948794,0.5215970961887477,16,5,0.3125,PASS,-0.08717638575547004,-0.8510306425070602,-0.12865588634605316,0.0898807613748116,0.1119907288321732,0.8127041742286751,25,9,0.36,PASS
600278.SH,3488,20120215,20260821,0.012188469392932388,-0.8001897405608057,0.1948564684949466,-0.03951522181655942,-0.82954685898016,-0.02667994631581601,20,0.45,-0.039595292673379134,-0.82954685898016,-0.026941595866271126,-0.05178376206631152,-0.02935711841935429,0.40911697247706424,20,8,0.4,FAIL,-0.04554416993875254,-0.8486703799626967,0.03141200138884774,-0.05773263933168493,-0.04848063940189096,0.8299885321100917,34,10,0.29411764705882354,FAIL
600280.SH,3448,20120215,20260821,0.0006788674640350045,-0.9349865444674799,0.20998496085576102,-0.04218158236224656,-0.8775466363909216,-0.019586585911168432,21,0.42857142857142855,-0.033353877152964784,-0.8775466363909215,0.008912260618417153,-0.03403274461699979,0.05743990807655841,0.4495359628770302,21,9,0.42857142857142855,中性,-0.015436340119050262,-0.8926089603773885,0.14830947778004716,-0.016115207583085267,0.0423775840900914,0.7937935034802784,36,15,0.4166666666666667,PASS
600281.SH,3492,20120215,20260821,-0.019407036142112588,-0.8190045248868778,0.15234091755867415,-0.1560988819088701,-0.9387798703702858,-0.40863245944841753,23,0.13043478260869565,-0.16438880420141377,-0.9387798703702858,-0.4356883125643131,-0.14498176805930119,-0.11977534548340796,0.49427262313860254,24,7,0.2916666666666667,FAIL,-0.11588834579900398,-0.9421027493001758,-0.13203325124929513,-0.09648130965689139,-0.12309822441329799,0.8107101947308133,36,12,0.3333333333333333,FAIL
600282.SH,3474,20120215,20260821,0.07084805339118394,-0.7148194271481942,0.311338008817622,0.027438954086840273,-0.721110956762583,0.16390044811676527,18,0.3888888888888889,0.030311494121598503,-0.7211109567625829,0.1736030920768529,-0.04053655926958544,-0.0062915296143886135,0.5610247553252734,18,6,0.3333333333333333,FAIL,0.05292914734904164,-0.6459324043217303,0.2562579244953696,-0.017918906042142302,0.06888702282646397,0.8356361542890041,28,14,0.5,PASS
600284.SH,3475,20120217,20260821,0.018318550454439197,-0.7289105210826574,0.17621114860790485,-0.03601885495361723,-0.7967733595200123,-0.08539144239208639,18,0.3333333333333333,-0.035711101169384474,-0.7967733595200124,-0.08422563464321259,-0.05402965162382367,-0.06786283843735497,0.42071942446043165,18,7,0.3888888888888889,FAIL,-0.04248339441968818,-0.797652150595874,-0.020045246224078928,-0.06080194487412738,-0.0687416295132166,0.8189928057553957,33,10,0.30303030303030304,FAIL
600287.SH,3490,20120215,20260821,-0.01652097508041761,-0.8623570598482231,0.11671193231793656,-0.05254716509107338,-0.8944276958949515,-0.025353247399233943,20,0.25,-0.05208650095368428,-0.8944276958949515,-0.024056376240915462,-0.03556552587326667,-0.03207063604672844,0.6300859598853868,20,7,0.35,FAIL,0.0038874366738104182,-0.8169282457993041,0.1514096188124582,0.02040841175422803,0.045428814048918964,0.8512893982808023,26,12,0.46153846153846156,PASS
600288.SH,3467,20120215,20260821,0.040687219686796894,-0.840737498797855,0.279898984639678,-0.08537674477075752,-0.916124523807882,-0.12150604969839457,25,0.24,-0.08557849049859234,-0.9161245238078819,-0.12213627123696887,-0.12626571018538923,-0.07538702501002692,0.5728295356215749,24,6,0.25,FAIL,-0.032122525686428816,-0.9019389898685544,0.08547209335699629,-0.07280974537322571,-0.06120149107069939,0.8027112777617537,33,13,0.3939393939393939,FAIL
600289.SH,3306,20120215,20260821,-0.03304808621504407,-0.9653254204014993,0.0986047193614625,-0.03768485184270853,-0.9103622308623549,-0.028170630669083055,23,0.34782608695652173,-0.034833199975938256,-0.9103622308623549,-0.01829458665169908,-0.0017851137608941858,0.054963189539144364,0.5260133091349062,23,6,0.2608695652173913,PASS,-0.0833877655510823,-0.9684850464305406,-0.07825367118587248,-0.05033967933603822,-0.003159626029041296,0.8055051421657592,36,9,0.25,FAIL
600290.SH,2783,20120215,20231225,-0.22531749608735807,-0.9811302657518836,-0.38433523083447113,-0.04525670442106733,-0.7804256694311652,-0.017881084122469432,13,0.3076923076923077,-0.03827635865097123,-0.7804256694311652,0.0038652422219016508,0.18704113743638684,0.20070459632071835,0.5325188645346748,13,8,0.6153846153846154,PASS,-0.10867711196932361,-0.9012313069012723,-0.13314371223878793,0.11664038411803446,0.07989895885061127,0.7912324829320877,22,11,0.5,PASS
600291.SH,2358,20120215,20220607,-0.17659290726968546,-0.9826260172542791,-0.12907338028624676,0.07914370249769265,-0.7021430235165844,0.34406690090770914,11,0.45454545454545453,0.08568312737910011,-0.7021430235165846,0.3620921837901063,0.26227603464878557,0.2804829937376945,0.44232400339270567,11,6,0.5454545454545454,PASS,-0.00692699282883058,-0.8600854579603361,0.15668518128101086,0.16966591444085488,0.12254055929394303,0.775657336726039,26,11,0.4230769230769231,PASS
600292.SH,3478,20120215,20260821,0.03538586912657693,-0.8633834346018547,0.24857508993783275,-0.04384341766509303,-0.8028727480266311,-0.05638810813949205,22,0.2727272727272727,-0.03423927878428934,-0.8028727480266309,-0.023182615960537892,-0.06962514791086627,0.06051068657522385,0.47268545140885565,22,7,0.3181818181818182,中性,0.013668261106473123,-0.8603418155948598,0.1778602661649769,-0.021717608020103807,0.0030416190069949556,0.8341000575043128,31,8,0.25806451612903225,中性
600293.SH,3371,20120215,20260821,-0.04541957348532988,-0.8601796331060074,0.07703524151542382,-0.07227320586288322,-0.8567127520743987,-0.2121881666578253,21,0.23809523809523808,-0.06834608700784683,-0.8567127520743987,-0.19629920457302671,-0.022926513522516956,0.0034668810316087484,0.3808958765944824,21,7,0.3333333333333333,中性,-0.11864251705580442,-0.9500912307816731,-0.1754301275289397,-0.07322294357047454,-0.0899115976756657,0.7920498368436666,33,12,0.36363636363636365,FAIL
600295.SH,3384,20120215,20260821,0.08269934111968524,-0.7001474360499198,0.36428278964609495,0.04071090445400105,-0.6541032698623498,0.23212067063568392,19,0.3684210526315789,0.04170057672638472,-0.6541032698623497,0.23498652186783792,-0.040998764393300524,0.046044166187570124,0.5050236406619385,19,7,0.3684210526315789,中性,0.028759323046563035,-0.6992630975039883,0.22627444016823064,-0.05394001807312221,0.0008843385459315067,0.8537234042553191,29,5,0.1724137931034483,FAIL
600297.SH,2804,20120216,20240717,-0.10429559153449064,-0.9544574404456232,-0.1307448047812706,-0.0062465029766813895,-0.8046236778283817,0.05314489248466773,14,0.42857142857142855,-0.007418343405439343,-0.8046236778283817,0.04893920823382668,0.0968772481290513,0.14983376261724146,0.4318830242510699,14,6,0.42857142857142855,PASS,-0.0612176702122309,-0.8947614084509555,-0.061746374325391276,0.04307792132225974,0.059696031994667664,0.7703281027104137,27,9,0.3333333333333333,PASS
600298.SH,3525,20120215,20260821,0.10574191268652755,-0.5956600867201084,0.3986174737713404,0.10023855045336605,-0.5066555428977013,0.3987025460369858,20,0.55,0.09058506688133261,-0.5066555428977015,0.36691816557162776,-0.01515684580519494,0.08900454382240686,0.5512056737588652,20,7,0.35,PASS,0.11016678120034507,-0.5750904184413135,0.4132627095430957,0.004424868513817515,0.020569668278794917,0.8382978723404255,25,6,0.24,反例
600299.SH,3399,20120215,20260821,0.010753976311599134,-0.7506511756074632,0.1659606375475515,-0.12683048463221458,-0.8991756803296296,-0.4310767182534066,26,0.23076923076923078,-0.12503825245683897,-0.8991756803296296,-0.42267456073104803,-0.1357922287684381,-0.14852450472216638,0.4698440717858194,25,7,0.28,FAIL,-0.017614891859548232,-0.8131349385986115,0.058448754047466515,-0.028368868171147366,-0.06248376299114833,0.8008237716975581,34,10,0.29411764705882354,中性
600300.SH,3506,20120215,20260821,-0.00752465849087558,-0.8335629559174197,0.12854907557974404,-0.06329417169577134,-0.8896170994935206,-0.11713554338633742,17,0.29411764705882354,-0.062300734029259175,-0.8896170994935206,-0.11369569414539171,-0.054776075538383595,-0.056054143576100945,0.5279520821448944,16,4,0.25,FAIL,-0.041917775992353024,-0.8591023619036235,0.022389650590011443,-0.034393117501477444,-0.025539405986203856,0.8642327438676555,27,9,0.3333333333333333,FAIL
600307.SH,3518,20120216,20260821,-0.06820183635216714,-0.8785942492012779,-0.06170918443068898,-0.0038865739196141114,-0.7445086626024202,0.05953780930892712,15,0.4,-0.009298362304932195,-0.7445086626024202,0.04273983199376114,0.05890347404723495,0.13408558659885772,0.3826037521318931,16,9,0.5625,PASS,-0.05014326680404202,-0.8141524068276496,-0.04338156841980808,0.018058569548125125,0.06444184237362838,0.7851051733939739,31,14,0.45161290322580644,PASS
600308.SH,3518,20120215,20260821,0.02335198719953091,-0.6228308145057778,0.17557563263176632,-0.008629183622782532,-0.7960893259826043,0.031157924116227642,18,0.3333333333333333,-0.009382408376623297,-0.7960893259826044,0.028501349985964094,-0.03273439557615421,-0.17325851147682658,0.4801023308698124,18,7,0.3888888888888889,FAIL,-0.004708544050606611,-0.6688295301823656,0.08203798204475389,-0.02806053125013752,-0.045998715676587754,0.8672541216600341,26,8,0.3076923076923077,中性
600309.SH,3392,20120216,20260821,0.1650352262824657,-0.5961158424978676,0.5630018286632705,0.11048516870830238,-0.5596079778024715,0.4593357088872362,18,0.5555555555555556,0.11236481611669813,-0.5596079778024715,0.46590246779949024,-0.05267041016576757,0.03650786469539613,0.535377358490566,17,6,0.35294117647058826,中性,0.109884067920482,-0.7140309354569184,0.4283700407949289,-0.0551511583619837,-0.11791509295905078,0.8517099056603774,28,7,0.25,FAIL
600311.SH,2660,20120215,20230302,-0.2250185482975866,-0.95423855963991,-0.40473401992621266,-0.10173070525168926,-0.8714204522721084,-0.28861587132988953,13,0.15384615384615385,-0.09856099903271676,-0.8714204522721084,-0.2765263933541082,0.12645754926486985,0.0828181073678016,0.35526315789473684,13,8,0.6153846153846154,PASS,-0.12377183470310271,-0.8534047287536226,-0.1941233034401885,0.1012467135944839,0.10083383088628739,0.7770676691729324,27,14,0.5185185185185185,PASS
600312.SH,3403,20120215,20260821,0.07163592170127275,-0.7977820150948726,0.32129760988284956,-0.002796963113261719,-0.7261592458989398,0.07410932711946798,20,0.35,-0.0003390783525237806,-0.7261592458989398,0.08243013222310601,-0.07197500005379653,0.0716227691959328,0.6129885395239495,20,3,0.15,中性,0.029849568626104217,-0.774671510563477,0.19969543993390007,-0.041786353075168536,0.023110504531395515,0.8172200999118425,28,9,0.32142857142857145,FAIL
600315.SH,3463,20120215,20260821,-0.003918895240341058,-0.7668844931270054,0.10146149853385784,0.004781885963582422,-0.5467122222005705,0.04494546474596991,17,0.5294117647058824,0.009819511321903729,-0.5467122222005701,0.06796306190653345,0.013738406562244787,0.2201722709264352,0.4308403118683223,16,6,0.375,PASS,-0.038284062305520505,-0.8013907688042643,-0.03642318634742145,-0.03436516706517945,-0.034506275677258946,0.808258735200693,33,13,0.3939393939393939,FAIL
600316.SH,3525,20120215,20260821,0.03383730562191278,-0.8504589196120143,0.2654090189773212,-0.07141162599153161,-0.9208671032524981,-0.10718716878245406,22,0.22727272727272727,-0.08226928164491565,-0.9208671032524981,-0.13545696204982102,-0.11610658726682843,-0.07040818364048385,0.48652482269503544,23,9,0.391304347826087,FAIL,-0.02316763339997796,-0.8732889312305442,0.10875810216801209,-0.057004939021890744,-0.022830011618529933,0.7920567375886525,38,14,0.3684210526315789,FAIL
600317.SH,2149,20120222,20210114,0.08906416998214262,-0.7156876391982182,0.35763180795065935,0.038840355475104005,-0.7338865584802288,0.20921716807222643,9,0.2222222222222222,0.028868228663049722,-0.7338865584802288,0.1793593381567857,-0.060195941319092894,-0.01819891928201056,0.4676593764541647,10,2,0.2,FAIL,0.050653399273386635,-0.7590400054405472,0.2567101131406495,-0.03841077070875598,-0.043352366242328966,0.8808748255002327,14,1,0.07142857142857142,FAIL
600320.SH,3526,20120215,20260821,0.004060222039988792,-0.6952621707549511,0.11782367184898629,-0.05775296362177662,-0.8188219118071969,-0.19438482495785156,19,0.15789473684210525,-0.055664656649936695,-0.8188219118071969,-0.18560534666448616,-0.05972487868992549,-0.12355974105224576,0.41973908111174135,19,8,0.42105263157894735,FAIL,-0.041688214658780365,-0.7996099910826564,-0.04080645370583987,-0.04574843669876916,-0.10434782032770529,0.8491208167895632,28,10,0.35714285714285715,FAIL
600322.SH,3516,20120215,20260821,-0.016204388426019012,-0.8752642706131079,0.13136494561674195,-0.06365778240313369,-0.8535873942511353,-0.11059915967130018,21,0.2857142857142857,-0.06055931202972564,-0.8535873942511354,-0.09999723664187082,-0.04435492360370663,0.021676876361972464,0.4684300341296928,20,7,0.35,FAIL,-0.06851291871354714,-0.9141622423710158,-0.025677101574748052,-0.05230853028752813,-0.03889797175790799,0.7943686006825939,34,13,0.38235294117647056,FAIL
600323.SH,3451,20120215,20260821,0.13048759287188427,-0.546487168700042,0.4791183186979098,0.008826168883003804,-0.8002214376828676,0.07894889302414043,19,0.3684210526315789,0.009293352637987917,-0.8002214376828672,0.08075283988012481,-0.12119424023389636,-0.25373426898282525,0.6435815705592581,18,4,0.2222222222222222,FAIL,0.05306719118810199,-0.7382477058607744,0.25167678549824973,-0.07742040168378228,-0.19176053716073238,0.8840915676615474,23,4,0.17391304347826086,FAIL
600325.SH,3513,20120216,20260821,-0.008606278680303947,-0.7973905672943029,0.11476750871322411,-0.062387642392847886,-0.8424025721990486,-0.17025814984329313,20,0.3,-0.06197847715224847,-0.8424025721990486,-0.16863923039230705,-0.05337219847194452,-0.04501200490474566,0.49131796185596355,19,6,0.3157894736842105,FAIL,-0.008826066903472984,-0.7574615266517949,0.08700235544831166,-0.00021978822316903734,0.03992904064250802,0.8041559920296043,28,13,0.4642857142857143,PASS
600326.SH,3519,20120215,20260821,0.017408512292367506,-0.7605431490007505,0.21834297027491165,0.011412025433428008,-0.8472227537119779,0.15649351975637335,20,0.35,0.01350882135799436,-0.847222753711978,0.1621179068117584,-0.0038996909343731456,-0.08667960471122749,0.49445865302642794,19,9,0.47368421052631576,中性,0.04958334113239027,-0.6578191166308502,0.27596844745479504,0.03217482884002276,0.10272403236990024,0.8246660983233873,27,11,0.4074074074074074,PASS
600327.SH,3516,20120215,20260821,0.024188191746608023,-0.7145685480502136,0.2134717040753359,-0.060745546902596814,-0.8053690560172898,-0.0777296328932959,20,0.35,-0.059614117217819285,-0.8053690560172899,-0.0741773135497437,-0.08380230896442731,-0.09080050796707628,0.4974402730375427,19,7,0.3684210526315789,FAIL,-0.01586113745103257,-0.7371908880334381,0.09818338722468778,-0.04004932919764059,-0.022622339983224493,0.8486916951080774,26,9,0.34615384615384615,FAIL
600328.SH,3321,20120216,20260821,0.008127900073718441,-0.71148705442305,0.18261898850750516,0.00489991527399769,-0.7178258165009819,0.12889668760470374,15,0.4,0.004076002807831047,-0.7178258165009817,0.12641545541221386,-0.004051897265887394,-0.006338762077931603,0.5359831376091538,15,4,0.26666666666666666,中性,0.0006144757179371574,-0.7181524231325431,0.1497395628894376,-0.007513424355781284,-0.00666536870949308,0.8672086720867209,21,7,0.3333333333333333,中性
600329.SH,3510,20120215,20260821,0.1230056004153115,-0.6296725586786438,0.43925899815870967,0.07022229646038625,-0.6830338327498313,0.3035283215438185,20,0.4,0.07410357997555406,-0.6830338327498313,0.3149303109722343,-0.04890202043975744,-0.053361274071187514,0.5945868945868946,20,5,0.25,FAIL,0.023547290937463883,-0.705468261700823,0.18737558734819573,-0.09945830947784762,-0.0757957030221792,0.8646723646723646,35,6,0.17142857142857143,FAIL
600330.SH,3402,20120215,20260821,0.10012205618541392,-0.7741218294162457,0.4093539640256629,0.01999461288144655,-0.800632993557463,0.19735153616313397,20,0.45,0.020898830729019435,-0.800632993557463,0.19963250014190595,-0.07922322545639449,-0.026511164141217236,0.5067607289829512,19,6,0.3157894736842105,FAIL,0.012184998719760642,-0.8639119319854532,0.21265871147008242,-0.08793705746565328,-0.0897901025692075,0.7745443856554968,33,14,0.42424242424242425,FAIL
600331.SH,3417,20120215,20260821,0.019568247409660566,-0.8931652289316523,0.2350160720019443,-0.08568943103445836,-0.8954168869057582,-0.1641134369743296,24,0.25,-0.08401267707716176,-0.8954168869057582,-0.15856585268567727,-0.10358092448682232,-0.0022516579741058695,0.48580626280362893,23,8,0.34782608695652173,FAIL,-0.023652584821233114,-0.9094541483925842,0.10456435942969254,-0.04322083223089368,-0.016288919460931917,0.807140766754463,35,9,0.2571428571428571,FAIL
600332.SH,3381,20120510,20260821,0.030432047573653476,-0.5673356908117961,0.1994046399944298,-0.03577869247369514,-0.7115424343562751,-0.12789080788884916,20,0.35,-0.025700994551210665,-0.7115424343562748,-0.08007757578192473,-0.05613304212486414,-0.1442067435444787,0.40372670807453415,19,2,0.10526315789473684,FAIL,-0.05122844737878429,-0.7954960199326337,-0.08281504453119057,-0.08166049495243777,-0.2281603291208376,0.8408754806270334,33,9,0.2727272727272727,FAIL
600333.SH,3491,20120215,20260821,-0.01318806122146221,-0.7462621312591606,0.108563204153495,-0.08762347126130443,-0.8632817751497854,-0.23541481968071504,19,0.3684210526315789,-0.08635399184332126,-0.8632817751497855,-0.2303589601771171,-0.07316593062185905,-0.11701964389062491,0.5468347178458894,18,5,0.2777777777777778,FAIL,-0.04013637742459175,-0.7500683091544668,0.010456433413610867,-0.02694831620312954,-0.0038061778953061287,0.8344313950157548,26,10,0.38461538461538464,中性
600335.SH,3306,20120216,20260821,-0.03486800418365388,-0.8150930849503342,0.09686290083818204,-0.13101052387751322,-0.9024484015605432,-0.3641400252401195,20,0.15,-0.1315078446165071,-0.9024484015605432,-0.36574840424483035,-0.09663984043285323,-0.08735531661020901,0.46612220205686633,19,6,0.3157894736842105,FAIL,-0.029948301298757918,-0.8189011418606533,0.08120092109300175,0.00491970288489596,-0.0038080569103191575,0.8182093163944344,29,11,0.3793103448275862,反例
600337.SH,3479,20120215,20260821,0.0029618721956026217,-0.8611258130282167,0.16930048755646662,-0.0727016827732122,-0.8656783801734707,-0.10834140544058651,20,0.3,-0.07117127877648444,-0.8656783801734705,-0.1033918060060811,-0.07413315097208706,-0.004552567145253872,0.5564817476286289,19,5,0.2631578947368421,FAIL,-0.012191395225841006,-0.8455593261882459,0.11249333732051996,-0.015153267421443628,0.01556648683997075,0.8154642138545559,29,7,0.2413793103448276,中性
600338.SH,3282,20120216,20260821,0.06769265600016583,-0.8448586891160553,0.3640502638813061,0.04593714988848974,-0.7083799452819609,0.2619778886412542,18,0.4444444444444444,0.04396151121066039,-0.7083799452819608,0.2567414844929452,-0.023731144789505443,0.13647874383409453,0.47562461913467396,18,9,0.5,PASS,0.04883233200320447,-0.8343742885127163,0.3043711122079645,-0.01886032399696136,0.010484400603338995,0.8129189518586228,31,14,0.45161290322580644,中性
600339.SH,3371,20120215,20260821,-0.05131317566125082,-0.8117335171075613,0.014363225233317763,-0.10724564205693299,-0.8168442454461466,-0.2944737800436555,19,0.15789473684210525,-0.10625832684074499,-0.8168442454461468,-0.290705177520441,-0.05494515117949417,-0.005110728338585502,0.4440818748145951,19,5,0.2631578947368421,FAIL,-0.10880990559061166,-0.8883149319874283,-0.18902122268808286,-0.057496729929360835,-0.07658141487986703,0.8125185404924354,33,10,0.30303030303030304,FAIL
600340.SH,3481,20120217,20260821,-0.07350063650517469,-0.9676126185551881,0.02014334786971506,0.018913344398733045,-0.7272252204031779,0.13084669497377074,18,0.3888888888888889,0.017294670597608475,-0.7272252204031779,0.12565704037098413,0.09079530710278316,0.24038739815201016,0.40534329215742604,18,8,0.4444444444444444,PASS,-0.06283193270758192,-0.948435530695785,-0.007405181327369204,0.010668703797592771,0.019177087859403086,0.7923010629129561,33,15,0.45454545454545453,反例
600343.SH,3517,20120215,20260821,0.07368248133618982,-0.8350639021078449,0.3457836746398882,-0.04278126602303045,-0.9406502015443874,0.016880410546078507,22,0.18181818181818182,-0.04339647960434534,-0.9406502015443874,0.015235195461553542,-0.11707896094053516,-0.10558629943654252,0.6144441285186238,22,11,0.5,FAIL,-0.027825722730863256,-0.93757757121816,0.11288807051229255,-0.10150820406705308,-0.10251366911031512,0.8623827125390958,29,11,0.3793103448275862,FAIL
600346.SH,3224,20120216,20260821,0.1699845534237452,-0.7362740702258878,0.5644127599695452,0.10517412444967844,-0.6631422252624641,0.4293724617170564,21,0.42857142857142855,0.10449612111572426,-0.6631422252624644,0.42732570905795386,-0.06548843230802093,0.0731318449634234,0.549317617866005,20,7,0.35,中性,0.11915260953597362,-0.795583416707329,0.45236893540150613,-0.05083194388777157,-0.05930934648144126,0.8464640198511166,27,9,0.3333333333333333,FAIL
600348.SH,3524,20120215,20260821,0.009643680433933044,-0.7614981367767942,0.1754843891722944,0.011544054377482071,-0.7747143412015427,0.1182698520981157,20,0.3,0.013671453133546674,-0.7747143412015428,0.12521329205807002,0.00402777269961363,-0.013216204424748579,0.45232690124858116,19,6,0.3157894736842105,反例,0.004118473762416253,-0.7155259454293939,0.14158388056004606,-0.005525206671516791,0.04597219134740038,0.8141316685584563,35,16,0.45714285714285713,PASS
600350.SH,3515,20120215,20260821,0.12724492310767777,-0.615838787628113,0.47528112806455064,0.03494788526475201,-0.7417604000200768,0.1748704515476095,17,0.4117647058823529,0.03446325034943598,-0.7417604000200768,0.17306727630603408,-0.09278167275824178,-0.12592161239196387,0.6216216216216216,17,6,0.35294117647058826,FAIL,0.1072814500700996,-0.6560031203483604,0.4218670829245999,-0.019963473037578172,-0.04016433272024744,0.8714082503556188,20,8,0.4,中性
600351.SH,3496,20120215,20260821,0.02091100703073412,-0.735314657761156,0.18089456686375682,-0.04114074631845799,-0.8244379690886976,-0.10064887811351132,17,0.47058823529411764,-0.03926196272449567,-0.8244379690886977,-0.09351459149260252,-0.06017296975522979,-0.0891233113275417,0.4957093821510298,16,6,0.375,FAIL,-0.03367800901093265,-0.8266148130351515,-0.0018133185822151975,-0.05458901604166677,-0.09130015527399549,0.8346681922196796,27,11,0.4074074074074074,FAIL
600352.SH,3498,20120215,20260821,0.12164551537248003,-0.672325325463438,0.4398835274435564,0.05862596913244822,-0.6974988582579025,0.26424374636562326,20,0.2,0.057300954004353866,-0.6974988582579027,0.2598813135211374,-0.06434456136812616,-0.02517353279446466,0.5265866209262435,19,4,0.21052631578947367,FAIL,0.08151047897729646,-0.7404817116357891,0.3368143069272124,-0.040135036395183565,-0.06815638617235109,0.8287592910234419,30,8,0.26666666666666666,FAIL
600359.SH,3442,20120215,20260821,-0.020875715281211904,-0.8213075060532687,0.13692133451462815,-0.10435971574806557,-0.8648017209364474,-0.22220026282725566,19,0.21052631578947367,-0.10077196741324657,-0.8648017209364475,-0.2092276311329487,-0.07989625213203466,-0.04349421488317873,0.5092969203951191,19,5,0.2631578947368421,FAIL,-0.04775310849164427,-0.8538291614638454,0.0546661910310571,-0.026877393210432365,-0.03252165541057661,0.8823358512492737,24,10,0.4166666666666667,中性
600360.SH,3500,20120215,20260821,0.07052670495076363,-0.8153839253316131,0.3358780434724701,0.018703532748939322,-0.7686011986633865,0.1804916125866713,22,0.45454545454545453,0.018053751801172968,-0.7686011986633865,0.1787762877213877,-0.05247295314959066,0.04678272666822658,0.5457142857142857,21,10,0.47619047619047616,中性,0.0799476745215364,-0.6348662132098433,0.34514672048921896,0.009420969570772764,0.1805177121217698,0.808,30,14,0.4666666666666667,PASS
600361.SH,3515,20120215,20260821,-0.018989945297678612,-0.7832716552777482,0.09501485128868631,-0.0464715093412128,-0.8104513086797333,-0.05790225241248733,18,0.3333333333333333,-0.043572277449081764,-0.8104513086797333,-0.04830005198100594,-0.024582332151403152,-0.027179653401985027,0.49445234708392605,18,7,0.3888888888888889,中性,-0.08498288497526185,-0.8735958161864701,-0.11277891770328564,-0.06599293967758324,-0.09032416090872186,0.8344238975817924,33,8,0.24242424242424243,FAIL
600362.SH,3518,20120215,20260821,0.058817363892053276,-0.5830224059435136,0.2871458957464908,0.015976442738697694,-0.6668528530549651,0.12315862410615426,20,0.3,0.017568589523539124,-0.6668528530549651,0.12858366124710208,-0.04124877436851415,-0.08383044711145149,0.4840818646958499,20,8,0.4,FAIL,0.007625111457878031,-0.7307749993501746,0.14471348784035465,-0.051192252434175245,-0.14775259340666103,0.8348493462194428,29,13,0.4482758620689655,FAIL
600363.SH,3426,20120215,20260821,0.05548580626006161,-0.7629214945970576,0.3134122165074329,-0.02546395516113209,-0.7633183072954038,0.07694649693206658,23,0.2608695652173913,-0.028075355311000583,-0.7633183072954037,0.07028848020759036,-0.08356116157106219,-0.0003968126983461273,0.652656158785756,23,8,0.34782608695652173,FAIL,-0.0026619530388664048,-0.7400498471242762,0.16988494173920818,-0.058147759298928015,0.022871647472781365,0.8432574430823118,32,11,0.34375,FAIL
600366.SH,3458,20120215,20260821,0.022282403254254124,-0.7769800536549418,0.22673020179002656,-0.07896202399844887,-0.8746281086122114,-0.13125084203399062,24,0.3333333333333333,-0.07646552738188117,-0.8746281086122114,-0.12315498511297149,-0.0987479306361353,-0.09764805495726958,0.49132446500867555,23,10,0.43478260869565216,FAIL,-0.03504123039570961,-0.8342974003117565,0.06605537995193175,-0.057323633649963734,-0.05731734665681465,0.7828224407171775,36,12,0.3333333333333333,FAIL
600367.SH,3521,20120215,20260821,0.06280783153090308,-0.7068131064474423,0.32992898255944797,-0.01663419202546501,-0.7587969318522179,0.11652856007667077,21,0.2857142857142857,-0.017599013912935613,-0.7587969318522177,0.1141762282165468,-0.08040684544383869,-0.05198382540477542,0.6199943197955127,21,7,0.3333333333333333,FAIL,-0.03395829088819491,-0.7769697717670694,0.11564764564656053,-0.09676612241909799,-0.07015666531962705,0.8349900596421471,32,7,0.21875,FAIL
600369.SH,3475,20120217,20260821,0.009181514908697563,-0.7735721721745801,0.14460876402194864,-0.03730261598919282,-0.7534632437752803,-0.10675252185829422,23,0.2608695652173913,-0.027054199730286332,-0.7534632437752802,-0.06443865252852031,-0.036235714638983896,0.020108928399299897,0.38618705035971224,23,11,0.4782608695652174,FAIL,0.01649930617077211,-0.5997067856213609,0.1455957805199326,0.007317791262074547,0.17386538655321915,0.7887769784172662,35,16,0.45714285714285713,PASS
600372.SH,3492,20120215,20260821,-0.009582272987048168,-0.784637894814639,0.12083295584026903,-0.10580445960726692,-0.8862950018890801,-0.31755778532560036,26,0.19230769230769232,-0.10413618196077545,-0.8862950018890802,-0.31096350595733174,-0.09455390897372729,-0.1016571070744412,0.5226231386025201,26,5,0.19230769230769232,FAIL,-0.11814034488236658,-0.9269035948657482,-0.2419202003455749,-0.10855807189531841,-0.14226570005110928,0.8287514318442154,34,7,0.20588235294117646,FAIL
600373.SH,3448,20120216,20260821,0.007282948419221391,-0.7617878324699678,0.15887148751002186,-0.0700593617183145,-0.7810954978550604,-0.21386100625639975,24,0.3333333333333333,-0.06559413914048162,-0.7810954978550603,-0.19529965334691432,-0.07287708755970301,-0.019307665385092432,0.38167053364269143,23,6,0.2608695652173913,FAIL,-0.05644524563439146,-0.8618498307319796,-0.0410083116159501,-0.06372819405361285,-0.10006199826201179,0.8207656612529002,36,10,0.2777777777777778,FAIL
600376.SH,3508,20120215,20260821,-0.009720374170639756,-0.8662908608830546,0.14772478249020504,0.02047688069121767,-0.8182446256455275,0.14797957984468918,14,0.42857142857142855,0.030405250862261646,-0.8182446256455276,0.17967716813452092,0.0401256250329014,0.048046235237527046,0.4207525655644242,14,7,0.5,PASS,-0.06508452644954021,-0.9190828737941371,-0.01981515692032987,-0.05536415227890046,-0.052792012911082487,0.814139110604333,33,13,0.3939393939393939,FAIL
600377.SH,3526,20120215,20260821,0.10404427568237473,-0.3853530950305144,0.45132460839996486,0.031396614754563235,-0.4114289287142766,0.13330748073639698,15,0.4666666666666667,0.02416656836768949,-0.4114289287142765,0.0961839380377177,-0.07987770731468524,-0.026075833683762095,0.5856494611457742,15,4,0.26666666666666666,FAIL,0.08457934646569609,-0.3946794974594947,0.37726116012432614,-0.01946492921667864,-0.009326402428980307,0.9013045944412933,18,7,0.3888888888888889,中性
600378.SH,3341,20120215,20260821,0.1239856569792459,-0.7211801145373786,0.4538353682647557,-0.0320773733312818,-0.8584707800386188,0.03213536940129911,21,0.38095238095238093,-0.031367156474192526,-0.8584707800386188,0.03431789701924157,-0.15535281345343843,-0.13729066550124014,0.5510326249625861,21,5,0.23809523809523808,FAIL,-0.0371057094055629,-0.8421049777615164,0.07695977731738432,-0.1610913663848088,-0.12092486322413776,0.8542352589045196,33,3,0.09090909090909091,FAIL
600380.SH,3476,20120215,20260821,0.06597934404901817,-0.7308271463876673,0.3062466373199715,-0.028652671260024354,-0.8183674055731027,-0.027099867060213775,24,0.2916666666666667,-0.026465017652491096,-0.8183674055731026,-0.019302139455902197,-0.09244436170150927,-0.08754025918543529,0.5575373993095513,24,8,0.3333333333333333,FAIL,0.016368399759816743,-0.7510107346206101,0.1604981292890582,-0.04961094428920143,-0.02018358823294275,0.8440736478711163,35,9,0.2571428571428571,FAIL
600382.SH,3495,20120215,20260821,0.05142915465189879,-0.753824806091226,0.27208410012262346,-0.08778993195579421,-0.8873390458068771,-0.205793178958104,20,0.3,-0.08837495291443509,-0.8873390458068771,-0.20777155332575065,-0.13980410756633388,-0.13351423971565102,0.5130185979971388,20,4,0.2,FAIL,-0.025201845143977608,-0.8353199953787652,0.060363634357941745,-0.0766309997958764,-0.08149518928753918,0.8515021459227468,29,9,0.3103448275862069,FAIL
600383.SH,3524,20120215,20260821,-0.030720947149013744,-0.8554707459761735,0.08047224669524118,-0.06816892681915487,-0.7565107005194343,-0.14112344523265394,22,0.36363636363636365,-0.057130789470946186,-0.7565107005194343,-0.10184277311208483,-0.026409842321932442,0.0989600454567392,0.5011350737797957,22,7,0.3181818181818182,PASS,-0.05331458744062778,-0.8616359859893067,-0.01128803246766631,-0.022593640291614037,-0.006165240013133233,0.7985244040862656,35,17,0.4857142857142857,中性
600386.SH,3524,20120215,20260821,0.0020163666897905497,-0.775095583933626,0.17638276418408996,-0.12648841191304716,-0.9428082907379718,-0.2702270840718422,25,0.24,-0.1267738226816173,-0.9428082907379718,-0.2711526697015036,-0.12879018937140785,-0.1677127068043458,0.5896708286038592,25,7,0.28,FAIL,-0.060011140329705226,-0.8375954942269108,0.0012317501281717365,-0.062027507019495776,-0.06249991029328483,0.8246311010215664,32,11,0.34375,FAIL
600387.SH,3102,20120215,20250704,-0.15903524460995133,-0.9691307953534265,-0.2517943447780993,-0.13869006156737673,-0.9004667297131881,-0.3959983332577425,18,0.3333333333333333,-0.13841397610483597,-0.9004667297131881,-0.3948402239985166,0.020621268505115364,0.06866406564023841,0.47775628626692457,18,9,0.5,PASS,-0.13523566954345578,-0.9366034259980851,-0.24736470437032398,0.02379957506649555,0.032527369355341396,0.8133462282398453,25,13,0.52,PASS
600388.SH,3498,20120215,20260821,0.11070038769273571,-0.7231559590536316,0.4119418095626703,-0.032738535325621654,-0.8056529349882524,-0.07915879864661524,26,0.3076923076923077,-0.030134186391292728,-0.8056529349882524,-0.06868494018809305,-0.14083457408402844,-0.0824969759346208,0.4453973699256718,25,5,0.2,FAIL,0.02239999558505157,-0.7888444009555398,0.16980556238668051,-0.08830039210768414,-0.06568844190190815,0.8267581475128645,36,9,0.25,FAIL
600389.SH,3373,20120215,20260821,0.14143032512071385,-0.7446787379015274,0.4843682114550952,0.041025945938697905,-0.7697773383638461,0.23073307030849194,22,0.36363636363636365,0.05077734185638594,-0.7697773383638461,0.25912301640170016,-0.09065298326432791,-0.02509860046231871,0.48739994070560333,22,8,0.36363636363636365,FAIL,0.11179712944717157,-0.7589739300583447,0.42330709817717016,-0.02963319567354228,-0.014295192156817293,0.7927660836050994,31,9,0.2903225806451613,中性
600390.SH,3389,20120215,20260821,0.0037612023951008045,-0.7609032565248419,0.1643410888792954,-0.19440489179619214,-0.9603525678728227,-0.758346095090731,23,0.13043478260869565,-0.1875734692454023,-0.9603525678728227,-0.6998395567614918,-0.1913346716405031,-0.19944931134798083,0.37238123340218354,23,7,0.30434782608695654,FAIL,-0.04969581344612917,-0.864691795330515,-0.013340362093182309,-0.05345701584122997,-0.10378853880567307,0.7760401298318088,38,15,0.39473684210526316,FAIL
600391.SH,3515,20120215,20260821,0.08189145206502091,-0.863199402706333,0.36524390248121696,0.09034661533822108,-0.842628754180951,0.3623064426032626,19,0.3684210526315789,0.09153127901501801,-0.842628754180951,0.3650908425490548,0.009639826949997099,0.02057064852538204,0.52574679943101,19,9,0.47368421052631576,反例,-0.040863252755746426,-0.9568231101853144,0.09426388342446891,-0.12275470482076734,-0.09362370747898141,0.8352773826458036,35,10,0.2857142857142857,FAIL
600392.SH,3277,20120820,20260821,0.11610552257794882,-0.737556755274597,0.44123721287533524,-0.04352172962821499,-0.8420223576956332,0.011532601872556296,24,0.3333333333333333,-0.04607958967365644,-0.8534748712481626,0.004811785559457372,-0.16218511225160526,-0.1159181159735656,0.4516325907842539,24,5,0.20833333333333334,FAIL,-0.05877683964965419,-0.8605052279110414,0.04754697329859483,-0.174882362227603,-0.12294847263644448,0.7818126335062557,38,12,0.3157894736842105,FAIL
600393.SH,2496,20120215,20230608,-0.14743905836496207,-0.9616188363811938,-0.0682908881777528,-0.05648025207990337,-0.8469725700537585,0.03746031626513378,15,0.4,-0.0560326228869501,-0.8469725700537585,0.03859353871379373,0.09140643547801197,0.11464626632743535,0.515625,15,5,0.3333333333333333,PASS,-0.07144527657967426,-0.8864485157216205,0.06185970798698593,0.07599378178528782,0.0751703206595733,0.811698717948718,22,5,0.22727272727272727,PASS
600395.SH,3475,20120215,20260821,-0.039044011182979066,-0.7648916179747411,0.044992411109758886,-0.053900907197158565,-0.71453656531991,-0.09946301018374812,20,0.3,-0.05492013449812749,-0.7145365653199099,-0.10298313743932994,-0.015876123315148427,0.0503550526548312,0.4348201438848921,19,9,0.47368421052631576,PASS,-0.04911972510346174,-0.6984092647106237,-0.005997907841866376,-0.010075713920482676,0.06648235326411744,0.8305035971223022,30,10,0.3333333333333333,PASS
600396.SH,3419,20120215,20260821,0.10822104005533051,-0.8726370906734184,0.4159119669308633,-0.036140534336394525,-0.9319523332441703,0.02442913128577967,19,0.3684210526315789,-0.03441041434947634,-0.9319523332441703,0.029502215142432828,-0.14263145440480685,-0.059315242570751825,0.532026908452764,19,4,0.21052631578947367,FAIL,-0.033583413630522974,-0.9538978202409569,0.08523978280998076,-0.14180445368585348,-0.08126072956753849,0.8470312957004972,32,7,0.21875,FAIL
600397.SH,3466,20120215,20260821,0.07670664598856725,-0.8817427385892116,0.36071047599526157,0.016328134732906507,-0.8665472968437109,0.17715179052718066,20,0.3,0.012815471468054174,-0.866547296843711,0.17075832377043176,-0.06389117452051307,0.015195441745500582,0.4936526255049048,21,9,0.42857142857142855,FAIL,0.0340714860200797,-0.9054431866798505,0.26452247394221745,-0.042635159968487546,-0.02370044809063887,0.825735718407386,34,10,0.29411764705882354,FAIL
600398.SH,3472,20120215,20260821,0.07487887869110454,-0.7134720068240483,0.3194871980052272,0.03666639127324389,-0.5075547752921201,0.1720554190824318,18,0.5,0.03693759323811574,-0.5075547752921201,0.17323840337793844,-0.037941285452988804,0.2059172315319282,0.4213709677419355,17,6,0.35294117647058826,中性,0.06150784956720878,-0.7084819675348638,0.27672434626182757,-0.013371029123895761,0.004990039289184511,0.8271889400921659,27,10,0.37037037037037035,中性
600399.SH,3281,20120215,20260821,0.058951242365665735,-0.8734772480198789,0.3264956675151113,0.028298696204938523,-0.8375746173732981,0.2028145156107325,21,0.2857142857142857,0.028681809920226398,-0.8375746173732981,0.20390870093561794,-0.030269432445439337,0.035902630646580835,0.4925327644010972,21,7,0.3333333333333333,中性,0.05103823055007983,-0.8549375424421332,0.29052356384198963,-0.007913011815585902,0.018539705577745758,0.78451691557452,37,16,0.43243243243243246,中性
600400.SH,3428,20120215,20260821,0.06429340980027742,-0.7190021714096315,0.31018716628900145,-0.02460712198345749,-0.8954769999342249,0.015902890448248812,20,0.35,-0.02569569549795825,-0.8954769999342249,0.012412834218688943,-0.08998910529823567,-0.1764748285245934,0.4757876312718786,19,10,0.5263157894736842,FAIL,-0.027645469184195304,-0.8945552206101635,0.06661684273306105,-0.09193887898447273,-0.17555304920053194,0.8456826137689615,31,8,0.25806451612903225,FAIL
600401.SH,1369,20120326,20190708,-0.3334663501003816,-0.9773519163763066,-0.8837114012901016,-0.08860722056128689,-0.6858026152041392,-0.3446309807250881,8,0.375,-0.1162399704290773,-0.6858026152041393,-0.47442330141518785,0.21722637967130431,0.29154930117216726,0.5325054784514244,9,5,0.5555555555555556,PASS,-0.11175963854197868,-0.7260092569042822,-0.2577530144210037,0.22170671155840294,0.2513426594720244,0.7538349159970782,14,8,0.5714285714285714,PASS
600403.SH,3506,20120224,20260821,-0.03504215352733375,-0.7949752182302015,0.10671828390018344,-0.020569695317938952,-0.771743525677455,0.03696801303237432,14,0.2857142857142857,-0.028184571109637124,-0.7717435256774551,0.013968150684009535,0.006857582417696628,0.023231692552746375,0.479749001711352,14,6,0.42857142857142855,反例,-0.1429655407519741,-0.9339813801888835,-0.19720236821894788,-0.10792338722464034,-0.1390061619586821,0.8670849971477467,30,6,0.2,FAIL
600406.SH,3384,20120215,20260821,0.08703847580828783,-0.5759644930010241,0.3615372768684817,-0.007077196411818476,-0.6829991447151049,0.04159948357832753,22,0.4090909090909091,-0.001419836313117151,-0.682999144715105,0.0622203829114606,-0.08845831212140498,-0.10703465171408089,0.5487588652482269,22,6,0.2727272727272727,FAIL,-0.007396193884362301,-0.5802833732302235,0.08934353632781002,-0.09443466969265013,-0.004318880229199351,0.8770685579196218,31,7,0.22580645161290322,FAIL
600408.SH,3293,20120215,20260821,-0.03632174466487381,-0.7646103896103896,0.08057079660717076,0.0006653580546296389,-0.7695880155369791,0.08942937631217004,23,0.30434782608695654,-0.00023468086166444913,-0.769588015536979,0.08641089009085698,0.03608706380320936,-0.004977625926589346,0.4406316428788339,22,10,0.45454545454545453,反例,-0.03248930097730507,-0.7477227557377213,0.055006826632094025,0.003832443687568743,0.01688763387266834,0.7783176434861828,34,13,0.38235294117647056,反例
600409.SH,3519,20120216,20260821,0.039121224389625286,-0.6975144299375946,0.2453129241898336,-0.009159711517705227,-0.6814642869617811,0.056578932977998216,20,0.4,-0.009334100909979437,-0.6814642869617811,0.056027684177433076,-0.04845532529960472,0.01605014297581353,0.47342995169082125,19,5,0.2631578947368421,FAIL,-0.0018889409566957838,-0.7328663416007261,0.1283876196358962,-0.04101016534632107,-0.03535191166313145,0.8454106280193237,33,9,0.2727272727272727,FAIL
600410.SH,3468,20120216,20260821,0.05754119266894264,-0.8954013813429771,0.33105370262451206,-0.06738229896288128,-0.8743015335252444,-0.024329949474414178,27,0.2962962962962963,-0.0682092198439509,-0.8743015335252444,-0.026538496683053647,-0.12575041251289354,0.021099847817732664,0.5743944636678201,27,9,0.3333333333333333,FAIL,0.049874393770429126,-0.8407284111519839,0.2976815123024945,-0.007666798898513516,0.05467297019099315,0.8102652825836217,33,11,0.3333333333333333,PASS
600415.SH,3517,20120215,20260821,0.09285437436537403,-0.822637944763985,0.36878254919183023,0.04394145442866226,-0.8095651285053754,0.22054664172051702,22,0.36363636363636365,0.04600102720862154,-0.8095651285053753,0.2269799578734196,-0.04685334715675249,0.013072816258609676,0.4665908444697185,21,11,0.5238095238095238,FAIL,0.07391207481792339,-0.8525361792402283,0.3194355851242524,-0.018942299547450636,-0.02989823447624329,0.7876030707989764,30,9,0.3,中性
600416.SH,3455,20120215,20260821,0.00421706633840202,-0.8202506423365319,0.19767380844259008,-0.06020974871521367,-0.7436047040645503,-0.08170182797425929,23,0.30434782608695654,-0.05520557360230882,-0.7436047040645504,-0.06473206683294269,-0.05942263994071084,0.07664593827198152,0.5473227206946455,23,9,0.391304347826087,中性,-0.06723874249022255,-0.8491247933809078,-0.012502569116256794,-0.07145580882862457,-0.028874151044375962,0.804341534008683,34,13,0.38235294117647056,FAIL
600418.SH,3443,20120217,20260821,0.09577311908957165,-0.7703458850649508,0.39517863446336804,0.06480164415384548,-0.5596758286063255,0.29732696058326397,21,0.42857142857142855,0.08116416594258968,-0.5596758286063255,0.3405724185025789,-0.014608953146981962,0.21067005645862535,0.43508568109207085,21,7,0.3333333333333333,PASS,0.059883823517685064,-0.7650366496490341,0.30934558660591743,-0.03588929557188658,0.005309235415916769,0.7722916061574209,41,14,0.34146341463414637,FAIL
600420.SH,3399,20120216,20260821,0.041531424658248106,-0.7119902858580841,0.23263657556465434,-0.03652396544704262,-0.8364110405906952,-0.11958941586976868,20,0.35,-0.035523835457673014,-0.836411040590695,-0.11525481045591866,-0.07705526011592112,-0.12442075473261094,0.470432480141218,20,3,0.15,FAIL,-0.042393401354073545,-0.8770083282990281,-0.06202193347985667,-0.08392482601232165,-0.16501804244094398,0.8331862312444837,31,6,0.1935483870967742,FAIL
600422.SH,3482,20120215,20260821,0.02823822484594274,-0.7515828246377323,0.21636016905605998,0.028484213268815894,-0.7699867531254849,0.172113792677996,16,0.4375,0.029715647746461737,-0.7699867531254849,0.17624722672168422,0.0014774229005189987,-0.01840392848775263,0.48477886272257326,15,5,0.3333333333333333,反例,-0.02049198337354685,-0.8682586389069571,0.06670516924039675,-0.04873020821948959,-0.1166758142692248,0.8219414129810454,29,7,0.2413793103448276,FAIL
600423.SH,3255,20120215,20260821,-0.050052124965967004,-0.8443582967088884,0.030639024350875496,-0.10407968939904644,-0.9316545303473363,-0.2908199552289658,18,0.2777777777777778,-0.10252828126657865,-0.9316545303473363,-0.28450277139244345,-0.05247615630061164,-0.08729623363844785,0.5047619047619047,17,6,0.35294117647058826,FAIL,-0.09390566297559189,-0.9004115734301847,-0.14012081657342065,-0.04385353800962488,-0.05605327672129634,0.823963133640553,29,9,0.3103448275862069,FAIL
600425.SH,3522,20120215,20260821,-0.027871377291482702,-0.7786587022620922,0.09683547826412485,-0.09043825915805714,-0.8079264111383672,-0.15472121680086595,22,0.22727272727272727,-0.08786947573368042,-0.807926411138367,-0.14642858489483854,-0.05999809844219772,-0.029267708876274834,0.5258375922771152,21,5,0.23809523809523808,FAIL,-0.0462312679945619,-0.7376491150099485,0.02926610644916006,-0.018359890703079196,0.041009587252143764,0.8302101078932425,29,7,0.2413793103448276,PASS
600426.SH,3519,20120215,20260821,0.15560917172648692,-0.5257583052479537,0.5123488600348457,0.034748837279334976,-0.6657116520625554,0.19542100187242764,23,0.391304347826087,0.03546102780452309,-0.6657116520625556,0.1977788250344064,-0.12014814392196382,-0.1399533468146018,0.6268826371128161,22,5,0.22727272727272727,FAIL,0.09096321416536535,-0.5907756835847244,0.3623974166115378,-0.06464595756112157,-0.06501737833677068,0.8420005683432793,28,8,0.2857142857142857,FAIL
600428.SH,3430,20120215,20260821,0.07637347397389793,-0.8180507809686595,0.34088008820990706,0.032373686666450574,-0.8129567766686349,0.20372310042580838,19,0.42105263157894735,0.03141937366795733,-0.8129567766686348,0.2010134617451976,-0.0449541003059406,0.005094004300024713,0.5189504373177842,18,6,0.3333333333333333,FAIL,0.06652011414861558,-0.7335195153316503,0.31173672149216825,-0.009853359825282348,0.08453126563700919,0.8204081632653061,28,9,0.32142857142857145,PASS
600429.SH,3413,20120215,20260821,-0.013113619651358377,-0.7606898441885717,0.07938516768055652,-0.08019386194543365,-0.8309163297741791,-0.3201990112371155,21,0.2857142857142857,-0.07933618763549066,-0.8309163297741791,-0.31629068201925464,-0.06622256798413229,-0.0702264855856074,0.39613243480808674,20,6,0.3,FAIL,-0.08841092105128057,-0.9142622773200996,-0.1876567754209148,-0.07529730139992219,-0.1535724331315279,0.8467623791385878,28,7,0.25,FAIL
600432.SH,1144,20120216,20180711,-0.30641069193412884,-0.9575177009579342,-0.716984761424045,-0.3038048627212635,-0.9512044062435516,-1.1302612473910183,7,0.2857142857142857,-0.30313513495522537,-0.9512044062435516,-1.1268694779791812,0.003275556978903471,0.006313294714382578,0.45104895104895104,7,4,0.5714285714285714,反例,-0.36272639314520594,-0.9635706509137805,-1.1212552474659776,-0.056315701211077096,-0.006052949955846265,0.7736013986013986,12,3,0.25,FAIL
600433.SH,3320,20120215,20260821,0.008249262726145012,-0.8869374613874849,0.18075707921490733,0.016670342837614927,-0.7694367765628886,0.12025476423420477,18,0.3333333333333333,0.016834391374595636,-0.7694367765628887,0.12090557611389459,0.008585128648450624,0.11750068482459619,0.37349397590361444,18,9,0.5,PASS,0.05714364988221621,-0.7140126631246402,0.28196450162278175,0.048894387156071195,0.17292479826284468,0.7984939759036145,33,11,0.3333333333333333,PASS
600435.SH,3511,20120215,20260821,0.06768945697852446,-0.7794980304423913,0.3262349380083478,-0.022767889915527806,-0.8012372264692478,0.019789029565374476,23,0.34782608695652173,-0.016601918315328534,-0.8012372264692478,0.03979006253879885,-0.084291375293853,-0.021739196026856478,0.4266590714896041,23,8,0.34782608695652173,FAIL,0.03024591161422463,-0.8192855040663807,0.22449418183466502,-0.037443545364299835,-0.03978747362398938,0.7878097408145828,35,10,0.2857142857142857,FAIL
600436.SH,3512,20120215,20260821,0.15681479410172483,-0.770722399003798,0.5271629286527786,0.18895083624931108,-0.5013889521976707,0.672038469725415,14,0.6428571428571429,0.18981003833209464,-0.5013889521976708,0.674495387427303,0.03299524423036981,0.26933344680612725,0.5284738041002278,14,6,0.42857142857142855,PASS,0.16667310452754802,-0.6210591929012892,0.5692488325298808,0.009858310425823191,0.14966320610250883,0.8140660592255126,26,11,0.4230769230769231,PASS
600438.SH,3370,20120215,20260821,0.1304370366630352,-0.8251713400556465,0.463942439862381,0.06031442774925555,-0.7111745017616257,0.28480467161423456,20,0.5,0.06262000593531658,-0.7111745017616256,0.2915128929781241,-0.06781703072771861,0.11399683829402096,0.46023738872403563,20,7,0.35,中性,0.06411661303289251,-0.8021087917334124,0.31454873072292117,-0.06632042363014268,0.02306254832223409,0.8204747774480712,34,15,0.4411764705882353,FAIL
600439.SH,3511,20120215,20260821,-0.05760540565306116,-0.8152208281424798,-0.00887710494850537,-0.07769537697791729,-0.864752192643282,-0.18454011736655918,16,0.25,-0.07583570657961691,-0.864752192643282,-0.1779505784516672,-0.018230300926555754,-0.0495313645008022,0.47764169752207347,16,6,0.375,中性,-0.06539574501845336,-0.8224202203551404,-0.06141742641229409,-0.007790339365392196,-0.007199392212660638,0.8590145257761321,26,9,0.34615384615384615,中性
600446.SH,3398,20120217,20260821,0.1195284755059729,-0.9055512026441827,0.4462437800360786,0.10701765215115211,-0.867908325456992,0.4104877521815001,20,0.35,0.1100869280218646,-0.8679083254569919,0.4181609902859791,-0.009441547484108304,0.037642877187190726,0.4161271336080047,20,10,0.5,PASS,0.07964419095698405,-0.9360485734547714,0.3589826812432067,-0.039884284548988846,-0.030497370810588786,0.7857563272513243,33,12,0.36363636363636365,FAIL
600449.SH,3512,20120215,20260821,0.031090832047398376,-0.5742632085086962,0.23732195506389556,-0.028814464849592047,-0.7534583873800896,0.0048433002327401406,19,0.2631578947368421,-0.02842491414014736,-0.7534583873800896,0.006057011819231773,-0.05951574618754574,-0.17919517887139347,0.5720387243735763,19,7,0.3684210526315789,FAIL,0.02259053968612501,-0.5635103926096998,0.20185364029934566,-0.008500292361273365,0.010752815898996348,0.8214692482915718,30,9,0.3,中性
600456.SH,3526,20120215,20260821,0.02357575444785498,-0.6919130226600332,0.22222614060218238,-0.09548911978990038,-0.8793531117029969,-0.16979353888817664,22,0.2727272727272727,-0.09403471933956287,-0.8793531117029968,-0.1653047727912682,-0.11761047378741785,-0.1874400890429636,0.5229722064662508,22,4,0.18181818181818182,FAIL,-0.015498498416484652,-0.7276224108222173,0.10994131082905759,-0.03907425286433963,-0.035709388162184164,0.8380601247872944,29,11,0.3793103448275862,FAIL
600458.SH,3394,20120216,20260821,0.00874656735575785,-0.8672493428636696,0.19316743182214982,-0.05988948165238894,-0.8860652760467549,-0.08832397109899326,23,0.34782608695652173,-0.058986044851653596,-0.8860652760467548,-0.085295964637502,-0.06773261220741145,-0.018815933183085165,0.5114908662345315,22,8,0.36363636363636365,FAIL,-0.015407522045228772,-0.8660500983620308,0.10496712092021335,-0.024154089400986622,0.0011992445016387743,0.8126104890984089,33,13,0.3939393939393939,中性
600459.SH,3506,20120216,20260821,0.08813245864678843,-0.6508079932998188,0.36753184825212587,-0.025685364407690314,-0.7465140537449545,0.04503580349491087,22,0.2727272727272727,-0.02647827679327186,-0.7465140537449545,0.042761774418255766,-0.11461073544006029,-0.09570606044513574,0.5579007415858528,21,6,0.2857142857142857,FAIL,-0.011476689065695544,-0.7610806131792959,0.12604565462030315,-0.09960914771248397,-0.11027261987947712,0.8419851682829436,32,7,0.21875,FAIL
600460.SH,3435,20120215,20260821,0.16379535948442414,-0.7650133465809965,0.5213362991691811,-0.13379707389160456,-0.9167087183494319,-0.3146068221902139,27,0.18518518518518517,-0.13394430145966474,-0.9167087183494318,-0.3151431869683396,-0.2977396609440889,-0.15169537176843528,0.4334788937409025,27,5,0.18518518518518517,FAIL,0.03145653207523824,-0.7665729738078076,0.24680113124026165,-0.1323388274091859,-0.0015596272268111333,0.8061135371179039,40,9,0.225,FAIL
600466.SH,2572,20120215,20230509,-0.19877388754223269,-0.9672137397304664,-0.34603829774304184,-0.10880797581754653,-0.9120082373141396,-0.3635332464068791,13,0.23076923076923078,-0.12467822968641784,-0.9120082373141396,-0.4107651517902327,0.07409565785581484,0.055205502416326824,0.4296267496111975,14,6,0.42857142857142855,PASS,-0.13329160367983228,-0.9216713813970437,-0.2500250206637034,0.0654822838624004,0.04554235833342268,0.7406687402799378,28,10,0.35714285714285715,PASS
600467.SH,3521,20120215,20260821,-0.04144027230133385,-0.7857085517618404,0.024237881810333553,-0.06221224846204165,-0.7546916565313466,-0.1236196858359147,16,0.4375,-0.06374163005592193,-0.7546916565313466,-0.12877426828212898,-0.02230135775458808,0.03101689523049378,0.5541039477421187,15,4,0.26666666666666666,PASS,-0.054314903424464434,-0.7996708528885348,-0.043325019114339273,-0.012874631123130587,-0.013962301126694387,0.8650951434251634,24,6,0.25,中性
600468.SH,3330,20120215,20260821,-0.007095268491958628,-0.8144103527769679,0.1635469300165825,-0.07172153682714477,-0.8740069256850644,-0.08508137592995547,20,0.3,-0.06850145469921731,-0.8740069256850643,-0.07496771609120385,-0.061406186207258684,-0.05959657290809639,0.5414414414414415,20,6,0.3,FAIL,-0.08635436093421534,-0.9251168049902418,-0.06623645186639016,-0.0792590924422567,-0.11070645221327391,0.8225225225225226,31,11,0.3548387096774194,FAIL
600469.SH,3344,20120215,20260821,0.007526305997400229,-0.8031263186085897,0.16121580702513183,-0.047846320838969,-0.8266102323956948,-0.05662115708183406,19,0.2631578947368421,-0.04679841184593303,-0.8266102323956948,-0.0530514934070577,-0.05432471784333326,-0.023483913787105015,0.569677033492823,19,6,0.3157894736842105,FAIL,-0.05273317816645284,-0.8241569707189373,-0.024520358422791665,-0.06025948416385307,-0.021030652110347603,0.8543660287081339,29,6,0.20689655172413793,FAIL
600470.SH,3514,20120215,20260821,-0.03401469543814983,-0.8200386363636363,0.11182932344430586,-0.05190753718352703,-0.7713352976967849,-0.008103634834547947,17,0.29411764705882354,-0.05249316808046833,-0.7713352976967849,-0.00966843628041558,-0.0184784726423185,0.04870333866685139,0.5836653386454184,17,10,0.5882352941176471,PASS,-0.03261754756277935,-0.7355059642387698,0.0959671925644252,0.0013971478753704858,0.08453267212486648,0.8443369379624359,25,10,0.4,PASS
600475.SH,3376,20120215,20260821,0.060967720560951566,-0.6751579875411862,0.3072870064088237,-0.02338414355649676,-0.8316472207933224,0.013291980903329064,21,0.38095238095238093,-0.02025342359025739,-0.8316472207933224,0.024027231099063823,-0.08122114415120896,-0.15648923325213626,0.4096563981042654,21,9,0.42857142857142855,FAIL,-0.07553320878634973,-0.8757416188465158,-0.06650590722982608,-0.1365009293473013,-0.20058363130532963,0.8166469194312796,41,8,0.1951219512195122,FAIL
600478.SH,3412,20120215,20260821,0.005548542183878791,-0.8257237430441053,0.1896776106664234,-0.02143750821867585,-0.830253400001006,0.017992917192657578,21,0.3333333333333333,-0.02186788487541469,-0.8302534000010061,0.016709383751129143,-0.02741642705929348,-0.004529656956900774,0.4343493552168816,21,6,0.2857142857142857,中性,-0.013327967148974884,-0.851942173003624,0.11112905330732559,-0.018876509332853675,-0.02621842995951862,0.7713950762016413,35,14,0.4,中性
600479.SH,3499,20120215,20260821,0.03989085670607917,-0.6885667716650795,0.22379210274054354,-0.03794911675548218,-0.7061280445733945,-0.06855285150019187,21,0.3333333333333333,-0.037621659227921045,-0.7061280445733946,-0.06724509117315032,-0.07751251593400021,-0.017561272908315106,0.5527293512432123,21,5,0.23809523809523808,FAIL,0.0037571572152872434,-0.733957528623087,0.10948204472138327,-0.036133699490791926,-0.04539075695800754,0.8513861103172335,27,9,0.3333333333333333,FAIL
600480.SH,3387,20120216,20260821,0.05235041368047111,-0.8040640683278997,0.3116649566545244,-0.03329964508291949,-0.7144316022124261,0.051740503323291734,24,0.2916666666666667,-0.026873941974295712,-0.7144316022124259,0.06957873932761506,-0.07922435565476682,0.08963246611547382,0.5022143489813995,24,6,0.25,中性,0.0004216792818310111,-0.8116667946411966,0.17622848030904137,-0.0519287343986401,-0.007602726313296948,0.8024800708591674,34,9,0.2647058823529412,FAIL
600481.SH,3412,20120215,20260821,0.02253549432030022,-0.8103805989456601,0.24039015841734448,-0.00039033264832055714,-0.6795838412356947,0.11271397502442113,19,0.3684210526315789,0.0012538527407375266,-0.6795838412356946,0.11753158462541159,-0.021281641579562693,0.13079675770996546,0.45193434935521687,19,7,0.3684210526315789,PASS,0.06383057395604452,-0.7760989021455157,0.3140481305789206,0.0412950796357443,0.03428169680014437,0.7667057444314185,35,13,0.37142857142857144,PASS
600482.SH,3397,20120215,20260821,0.09365231606963209,-0.7328711342869039,0.37757115461198615,0.04394224950504033,-0.6829654421354014,0.2281213084615443,19,0.3684210526315789,0.04525701770072854,-0.6829654421354014,0.2322858525819045,-0.04839529836890355,0.04990569215150242,0.6167206358551663,19,6,0.3157894736842105,中性,0.058122280662535886,-0.6953237282332471,0.2820577859830377,-0.035530035407096205,0.03754740605365681,0.8719458345599058,27,13,0.48148148148148145,中性
600483.SH,3419,20120215,20260821,0.07821029901781573,-0.7088581269806966,0.339255909136038,-0.0675215244948375,-0.7858789068411877,-0.15101161252201514,18,0.2222222222222222,-0.06185593707436843,-0.7858789068411876,-0.12409743514704162,-0.14006623609218416,-0.07702077986049094,0.570927171687628,17,2,0.11764705882352941,FAIL,0.006890128232500015,-0.7597006005360688,0.14590879400332615,-0.07132017078531572,-0.05084247355537219,0.8669201520912547,24,6,0.25,FAIL
600485.SH,1233,20120217,20200420,-0.21370016027643035,-0.9836496920204347,-0.430056342355927,0.0952749109041151,-0.6628342122360953,0.5040206075705571,7,0.14285714285714285,0.09865489364068547,-0.6628342122360953,0.514815363775458,0.3123550539171158,0.32081547978433944,0.592051905920519,7,4,0.5714285714285714,PASS,0.04719751323602117,-0.8046752349550094,0.3567090100114358,0.2608976735124515,0.17897445706542536,0.7802108678021087,10,5,0.5,PASS
600486.SH,3516,20120215,20260821,0.16924828752027166,-0.6264966712724532,0.5399499560209927,0.015132694222804277,-0.7603018018490223,0.13935362909043955,22,0.4090909090909091,0.018499215411452496,-0.7603018018490224,0.14981468503700945,-0.15074907210881916,-0.13380513057656918,0.6262798634812287,22,4,0.18181818181818182,FAIL,0.0952054058763876,-0.5924122538634825,0.3726518044384711,-0.07404288164388406,0.034084417408970724,0.8361774744027304,29,8,0.27586206896551724,中性
600487.SH,3411,20120215,20260821,0.23745950888907452,-0.6990712804031393,0.6719323773586011,0.08487618299369859,-0.7618055105810863,0.3544410139754264,20,0.4,0.0847427336167137,-0.7618055105810863,0.35410442152998495,-0.15271677527236083,-0.06273423017794699,0.6423336265024919,20,4,0.2,FAIL,0.1577249561047973,-0.7689848699577463,0.5225355430057135,-0.07973455278427721,-0.06991358955460703,0.8671943711521548,26,6,0.23076923076923078,FAIL
600488.SH,3435,20120215,20260821,0.028782229709593654,-0.7418664321862254,0.201740848605097,-0.06665317352078615,-0.8677507996399545,-0.23612715720550786,15,0.26666666666666666,-0.06751727540251562,-0.8677507996399545,-0.23977838608515228,-0.09629950511210927,-0.1258843674537291,0.46550218340611355,15,2,0.13333333333333333,FAIL,-0.01428009974910227,-0.808227397411536,0.0656377168291787,-0.043062329458695925,-0.06636096522531065,0.8806404657933042,23,5,0.21739130434782608,FAIL
600489.SH,3499,20120215,20260821,0.05868372603410066,-0.6145918544718514,0.280573401110314,0.09291127483080186,-0.5318755509686298,0.37106288594859077,15,0.6,0.08594115465730967,-0.5318755509686298,0.35027456594187506,0.027257428623209012,0.08271630350322157,0.609031151757645,15,9,0.6,PASS,0.07491126751953825,-0.5371041196696777,0.3196755862644609,0.01622754148543759,0.07748773480217364,0.8239496999142613,24,13,0.5416666666666666,PASS
600490.SH,3060,20120215,20260821,0.04776887257647244,-0.8971780452251427,0.3175698952298861,-0.07098154566747461,-0.9238310887476092,-0.11757310091431505,22,0.45454545454545453,-0.0672910766659669,-0.9238310887476092,-0.10405402224737449,-0.11505994924243934,-0.026653043522466557,0.4588235294117647,21,6,0.2857142857142857,FAIL,0.0015364295047080034,-0.9439466334066988,0.18143277556150633,-0.04623244307176444,-0.04676858818155616,0.7601307189542483,34,15,0.4411764705882353,FAIL
600491.SH,3501,20120215,20260821,-0.06930955897868363,-0.9471167636086824,0.014751098213479346,-0.001990935504071367,-0.8178579717811899,0.09356372473823725,17,0.47058823529411764,0.009858823897899605,-0.8178579717811898,0.13118792640841162,0.07916838287658323,0.12925879182749256,0.48414738646101113,16,6,0.375,PASS,0.020821308628260926,-0.7339500078932164,0.19436398567217025,0.09013086760694455,0.21316675571546595,0.7766352470722651,29,13,0.4482758620689655,PASS
600496.SH,3507,20120215,20260821,-0.00037118004735037236,-0.7703854782961237,0.12267126453128636,-0.08964122871364533,-0.8285987297149838,-0.3306087058995273,26,0.2692307692307692,-0.08676692691973742,-0.8285987297149837,-0.31782476742463706,-0.08639574687238705,-0.058213251418860024,0.4354148845166809,26,7,0.2692307692307692,FAIL,-0.010856220557302065,-0.7312524214665321,0.062299018050363975,-0.010485040509951693,0.03913305682959156,0.7946963216424294,35,11,0.3142857142857143,PASS
600497.SH,3419,20120215,20260821,0.034065843252932604,-0.6437183910194311,0.24051388487683462,-0.06016584862743568,-0.8097943825536257,-0.10469037075018611,22,0.36363636363636365,-0.06078836454948511,-0.8097943825536258,-0.10339965000904133,-0.09485420780241771,-0.16607599153419472,0.532319391634981,21,6,0.2857142857142857,FAIL,0.007352405490306024,-0.6533900142332772,0.16055388456326877,-0.02671343776262658,-0.009671623213846181,0.8259725065808716,28,7,0.25,中性
600498.SH,3479,20120222,20260821,0.08141295542553295,-0.6994062871187525,0.35251562639342804,0.06571159906985646,-0.6317105367631146,0.29625864653624495,19,0.47368421052631576,0.05753636685859931,-0.6317105367631148,0.27435351888177706,-0.023876588566933643,0.06769575035563768,0.5001437194596148,20,5,0.25,PASS,-0.0013680193579952427,-0.8804933562224059,0.14742880290635688,-0.0827809747835282,-0.18108706910365335,0.8223627479160678,34,11,0.3235294117647059,FAIL
600499.SH,3339,20120216,20260821,0.08773230117601183,-0.7394755018334063,0.37375930348884434,0.07409033953748678,-0.6976749557519899,0.32699535971139876,21,0.3333333333333333,0.07805426774829272,-0.6976749557519899,0.3384523160944721,-0.009678033427719113,0.04180054608141637,0.5043426175501647,20,7,0.35,PASS,0.08065222010521689,-0.7961813886135487,0.3507133257117079,-0.007080081070794941,-0.056705886780142434,0.7891584306678646,32,12,0.375,中性
600500.SH,3488,20120215,20260821,0.013452054267013791,-0.7935235509916655,0.17816037094935405,-0.028315664732345036,-0.8446520003740781,-0.00018354843204327993,21,0.23809523809523808,-0.027134844657468182,-0.8446520003740781,0.0036479312244988584,-0.04058689892448197,-0.051128449382412566,0.5263761467889908,21,8,0.38095238095238093,FAIL,-0.034093140541349265,-0.8419975587856308,0.033416267103113455,-0.047545194808363056,-0.04847400779396527,0.8503440366972477,29,8,0.27586206896551724,FAIL
600501.SH,3513,20120215,20260821,0.03542337190111611,-0.8474106573197653,0.2677223956779655,-0.028834918283918598,-0.8028471416594186,0.051125037176250526,22,0.45454545454545453,-0.027234372666936624,-0.8028471416594186,0.05552957798554589,-0.06265774456805273,0.044563515660346664,0.5300313122687162,22,9,0.4090909090909091,中性,-0.04402760563559749,-0.8760094958877289,0.07393682990885234,-0.0794509775367136,-0.028598838567963636,0.8283518360375747,35,13,0.37142857142857144,FAIL
600503.SH,3457,20120215,20260821,-0.08414735158422337,-0.944093574986253,-0.00792803998155859,-0.15477828054806253,-0.9836911851021293,-0.4480180152741427,26,0.19230769230769232,-0.16905333142879408,-0.9836911851021293,-0.48793390035311657,-0.08490597984457071,-0.03959761011587626,0.4104715070870697,27,12,0.4444444444444444,FAIL,-0.10258608637808009,-0.9574155947990092,-0.11308588008635743,-0.018438734793856715,-0.013322019812756158,0.7648249927682962,39,17,0.4358974358974359,中性
600507.SH,3517,20120217,20260821,0.0844445589510665,-0.7012414320063487,0.34989372255339934,0.04837715288772393,-0.6090942110348128,0.23909158725992202,19,0.3157894736842105,0.04862632124884558,-0.6090942110348128,0.23983419864290623,-0.03581823770222092,0.09214722097153594,0.46431617856127383,18,6,0.3333333333333333,中性,0.06572652529042089,-0.6463984146125725,0.2980202637458918,-0.018718033660645617,0.05484301739377617,0.7873187375604208,34,13,0.38235294117647056,PASS
600508.SH,3525,20120215,20260821,-0.013991062786717912,-0.6524902478071996,0.0734108980274409,-0.07666372255864151,-0.7473904757897092,-0.29068279930833263,19,0.3157894736842105,-0.07296576890112882,-0.7473904757897092,-0.2741094213397159,-0.05897470611441091,-0.09490022798250963,0.36879432624113473,18,3,0.16666666666666666,FAIL,-0.01932280125818797,-0.6177726939181862,0.041887824561840634,-0.00533173847147006,0.03471755388901332,0.8323404255319149,27,5,0.18518518518518517,PASS
600509.SH,3505,20120216,20260821,0.002219777147447033,-0.83,0.16622996822663347,0.002553495074964607,-0.6901319241930046,0.11790920997669546,20,0.35,0.0023208235174025926,-0.6901319241930047,0.11725148950349702,0.00010104636995555971,0.13986807580699523,0.574037089871612,19,6,0.3157894736842105,PASS,-0.019197714375172703,-0.833517280963883,0.09977316229685333,-0.021417491522619736,-0.0035172809638830405,0.8348074179743223,27,6,0.2222222222222222,中性
600510.SH,3488,20120216,20260821,0.027752755938534435,-0.8176570626191584,0.22891801791928482,-0.16217471900480507,-0.947279566351356,-0.5617761265910266,25,0.2,-0.15792177651616357,-0.947279566351356,-0.5429279604843007,-0.185674532454698,-0.12962250373219764,0.4102637614678899,25,7,0.28,FAIL,-0.08747978685648738,-0.9162419413218453,-0.09671970105777404,-0.11523254279502182,-0.09858487870268695,0.8388761467889908,34,10,0.29411764705882354,FAIL
600511.SH,3404,20120215,20260821,0.07079376303984852,-0.6140539858947727,0.3170768427221278,-0.0454185710159255,-0.832441536145958,-0.08454245731178643,19,0.42105263157894735,-0.04386081738157599,-0.8324415361459581,-0.07872420921058636,-0.11465458042142451,-0.2183875502511854,0.5696239717978848,19,4,0.21052631578947367,FAIL,0.010838103393767673,-0.7068723821785261,0.1425531757664741,-0.05995565964608085,-0.09281839628375343,0.8892479435957696,24,6,0.25,FAIL
600515.SH,3238,20120216,20260821,-0.01721924331410618,-0.8076530612244899,0.11774616107569057,-0.016220170603736483,-0.6675163781423499,0.011639684149784554,17,0.4117647058823529,-0.019245076638975567,-0.6675163781423499,0.000467284773714089,-0.002025833324869386,0.14013668308214,0.3406423718344657,17,5,0.29411764705882354,PASS,-0.032485420239362295,-0.7825634295084687,0.03965155852940444,-0.015266176925256114,0.025089631716021188,0.756639901173564,34,11,0.3235294117647059,中性
600516.SH,3475,20120215,20260821,0.02049492914532114,-0.7546667793936911,0.2156229246441714,-0.0358175166138075,-0.7368418513820592,-0.003984207538164562,20,0.35,-0.033641627235583726,-0.7368418513820592,0.0028486116470484704,-0.054136556380904866,0.017824928011631935,0.5257553956834532,19,4,0.21052631578947367,FAIL,-0.014098988355689124,-0.7016612512818428,0.10476916090303964,-0.03459391750101026,0.05300552811184833,0.7925179856115108,32,11,0.34375,中性
600517.SH,3439,20120215,20260821,-0.018331299092676057,-0.8518637489323466,0.10526544304645458,-0.09638965720225978,-0.9167979091407293,-0.23879268781772803,22,0.2727272727272727,-0.09142119774764634,-0.9167979091407293,-0.22059277930245777,-0.07308989865497029,-0.06493416020838272,0.5004361733061936,22,7,0.3181818181818182,FAIL,-0.07616868802626042,-0.9067921644736137,-0.08300262420163827,-0.057837388933584366,-0.05492841554126704,0.8229136376853736,31,11,0.3548387096774194,FAIL
600518.SH,3477,20120215,20260821,-0.09098596671337777,-0.9535465021676801,-0.10975414835603649,0.04622947525264154,-0.4993303560912703,0.21442812467210662,12,0.5,0.048710296355762184,-0.4993303560912704,0.2244612300040837,0.13969626306913996,0.4542161460764097,0.4296807592752373,12,7,0.5833333333333334,PASS,-0.043339239916382444,-0.8537961906835223,-0.021546185456149555,0.04764672679699533,0.0997503114841578,0.7998274374460742,27,11,0.4074074074074074,PASS
600519.SH,3524,20120215,20260821,0.17917821368360753,-0.5331060966989747,0.6367507542867281,0.1405760560334275,-0.530175636403081,0.5988426655750948,15,0.4666666666666667,0.14314334643205373,-0.5301756364030809,0.6087394985488042,-0.036034867251553804,0.002930460295893833,0.6416004540295119,14,6,0.42857142857142855,FAIL,0.12375756782852987,-0.6014523543271821,0.4847611388325022,-0.055420645855077666,-0.06834625762820745,0.8813847900113507,24,8,0.3333333333333333,FAIL
600521.SH,3507,20120215,20260821,0.09418803731805236,-0.7391368559030589,0.37596621911304967,0.02615292264154645,-0.5522081638909152,0.17236796954887948,20,0.4,0.02618307654249996,-0.5522081638909149,0.1724619333155903,-0.0680049607755524,0.18692869201214402,0.5058454519532364,19,7,0.3684210526315789,中性,-0.03420772562471586,-0.8879271393867453,0.04977906327117919,-0.12839576294276822,-0.1487902834836864,0.8195038494439693,34,5,0.14705882352941177,FAIL
600522.SH,3450,20120215,20260821,0.16335350097293566,-0.7149779322002066,0.48650990639312813,0.07161266125243837,-0.8296782654420651,0.3178660680628454,21,0.47619047619047616,0.07290249147707284,-0.8296782654420652,0.32019711530748945,-0.09045100949586282,-0.11470033324185869,0.567536231884058,21,5,0.23809523809523808,FAIL,0.1086784763186146,-0.7491029877711856,0.3953816530458815,-0.05467502465432106,-0.034125055570979,0.8495652173913043,28,7,0.25,FAIL
600523.SH,3498,20120215,20260821,0.03470199190278178,-0.7200207282942992,0.25784463198109764,-0.035046391580756286,-0.8300126355192149,0.04720541127701173,23,0.34782608695652173,-0.03495999040425524,-0.8300126355192148,0.04742584130836939,-0.06966198230703702,-0.10999190722491559,0.6077758719268154,23,10,0.43478260869565216,FAIL,0.015929323519598304,-0.7727337545046397,0.20216735073833259,-0.018772668383183477,-0.05271302621034046,0.8279016580903373,29,12,0.41379310344827586,中性
600525.SH,3307,20120215,20260821,-0.004212090438992511,-0.8833630319969279,0.1471101614879016,-0.01766130011725986,-0.8688164206657417,0.0011560877856684494,20,0.4,-0.018267372387643754,-0.8688164206657417,-0.001003163284468557,-0.014055281948651244,0.014546611331186177,0.48745086180828545,20,7,0.35,中性,0.00990513336136245,-0.7385058708115648,0.14741711197215968,0.014117223800354961,0.14485716118536307,0.7843967342001814,31,12,0.3870967741935484,PASS
600528.SH,3455,20120216,20260821,0.031343000855333036,-0.726323000884471,0.21642518599947122,-0.05126683334619764,-0.8974458158644733,-0.09926041026059028,19,0.2631578947368421,-0.04111877849244816,-0.8974458158644731,-0.05738206258922249,-0.0724617793477812,-0.17112281498000215,0.45557163531114325,18,3,0.16666666666666666,FAIL,-0.05209172535621098,-0.9113830550480722,-0.031380760050724765,-0.08343472621154402,-0.18506005416360116,0.8500723589001448,32,6,0.1875,FAIL
600529.SH,3479,20120215,20260821,0.09847271033665606,-0.7500089050730782,0.38389628191449415,0.0496549362170946,-0.7005781927919362,0.23801303540754018,17,0.35294117647058826,0.05321131284764258,-0.7005781927919363,0.24962254748122173,-0.04526139748901348,0.04943071228114182,0.605058924978442,16,5,0.3125,中性,0.08898603599267507,-0.6640248964961624,0.3593682444849065,-0.009486674343980983,0.0859840085769158,0.8628916355274504,21,8,0.38095238095238093,PASS
600530.SH,3305,20120215,20260821,0.022581157645972905,-0.8954250322151557,0.23214235299216926,0.049902773809817225,-0.8534233966008482,0.2533132036118203,20,0.3,0.04989788368522019,-0.8534233966008482,0.2533038515873976,0.027316726039247285,0.042001635614307475,0.47927382753403935,20,9,0.45,PASS,0.006994598331336643,-0.919164336168406,0.1686070464750971,-0.015586559314636261,-0.0237393039532503,0.7906202723146747,36,13,0.3611111111111111,中性
600531.SH,3501,20120216,20260821,0.06614415802460716,-0.7045675006689858,0.32360645759031065,-0.08143921745288574,-0.9064039718816451,-0.1304783503156764,21,0.38095238095238093,-0.07860879718032854,-0.9064039718816451,-0.12134911107605476,-0.1447529552049357,-0.20183647121265935,0.5058554698657527,21,7,0.3333333333333333,FAIL,0.028603238803961206,-0.6568743288367049,0.22666651351421999,-0.03754091922064595,0.047693171832280834,0.797486432447872,33,13,0.3939393939393939,中性
600533.SH,3423,20120215,20260821,-0.012907094968983568,-0.8026480531045526,0.10965878026200071,-0.11778081393427586,-0.9343382175404125,-0.3929846645352051,23,0.17391304347826086,-0.11396734622913451,-0.9343382175404125,-0.3763254422494586,-0.10106025126015095,-0.1316901644358599,0.41221151037101955,23,9,0.391304347826087,FAIL,-0.05743744918277971,-0.8903057152764631,-0.05099731536523489,-0.04453035421379614,-0.08765766217191051,0.7917031843412211,32,14,0.4375,FAIL
600535.SH,3512,20120215,20260821,0.023672131411888175,-0.7411534263534691,0.155677520077226,0.03162027372011189,-0.6220175882688371,0.1441403542027754,20,0.45,0.03153061874969776,-0.6220175882688372,0.14381045386709915,0.007858487337809583,0.1191358380846319,0.5054100227790432,20,7,0.35,PASS,0.020775240171417853,-0.6309716252135062,0.12557370264156079,-0.002896891240470323,0.1101818011399629,0.8302961275626424,29,8,0.27586206896551724,PASS
600536.SH,3517,20120215,20260821,0.1403939925891633,-0.8189495996621762,0.47598218392335584,-0.06121460247135824,-0.9274860422501474,-0.023990747348739617,23,0.21739130434782608,-0.06135320346049078,-0.9274860422501473,-0.024247658150354012,-0.20174719604965408,-0.10853644258797113,0.4660221779926073,23,8,0.34782608695652173,FAIL,0.017152119278766254,-0.9102685624841607,0.23190230013712662,-0.12324187331039704,-0.09131896282198448,0.7847597384134205,40,13,0.325,FAIL
600537.SH,3495,20120215,20260821,-0.10170995847639352,-0.8378278261090761,-0.015377796906513915,-0.03872350305563277,-0.7883400223123447,-0.005051170560741185,18,0.2777777777777778,-0.052213488994030666,-0.7883400223123447,-0.04381863897209326,0.04949646948236286,0.049487803796731455,0.4280400572246066,19,9,0.47368421052631576,PASS,-0.11255040992535792,-0.8837528181439414,-0.09218532871067907,-0.010840451448964394,-0.04592499203486522,0.7859799713876967,34,16,0.47058823529411764,中性
600540.SH,3449,20120216,20260821,-0.027913458051150197,-0.76632609711996,0.13017175928060176,-0.11396715554439163,-0.9065270450553474,-0.22675726647657304,22,0.22727272727272727,-0.11118631428656833,-0.9065270450553474,-0.21767870235913472,-0.08327285623541814,-0.1402009479353874,0.5108727167294868,22,8,0.36363636363636365,FAIL,-0.05983281045386646,-0.8435106333759166,0.032313034515864404,-0.03191935240271626,-0.07718453625595656,0.83792403595245,32,12,0.375,FAIL
600543.SH,3499,20120215,20260821,-0.051938151527319176,-0.8557186688694831,0.06359800848433753,-0.11802746689560195,-0.9504746801876922,-0.20239940304440898,20,0.2,-0.11453305192048169,-0.9504746801876922,-0.19169995095545858,-0.06259490039316251,-0.0947560113182091,0.5104315518719634,20,9,0.45,FAIL,-0.14487198853122218,-0.9586726116494837,-0.2019229888290105,-0.09293383700390301,-0.10295394278000058,0.8430980280080023,31,6,0.1935483870967742,FAIL
600545.SH,3402,20120216,20260821,-0.021221973821183182,-0.940989565989566,0.15076803166058472,-0.08991360336251564,-0.9183289281375429,-0.1448720611550737,17,0.29411764705882354,-0.08673826340926916,-0.9183289281375429,-0.13446210190962407,-0.06551628958808597,0.022660637852023102,0.43768371546149326,16,6,0.375,FAIL,-0.025772648845442836,-0.9418607833197118,0.10543663801066154,-0.004550675024259654,-0.0008712173301458348,0.8154027042915932,25,11,0.44,中性
600546.SH,3474,20120215,20260821,0.03048874001570634,-0.7982597436397832,0.25859705536790906,-0.04630576302051537,-0.7856073540025597,-0.03117220029674644,21,0.47619047619047616,-0.04317192840622075,-0.7856073540025597,-0.021341579891773182,-0.07366066842192709,0.012652389637223593,0.459412780656304,20,5,0.25,FAIL,0.029181404686869472,-0.757191062372901,0.23501251193158443,-0.0013073353288368672,0.041068681266882234,0.7737478411053541,34,11,0.3235294117647059,PASS
600547.SH,3341,20120215,20260821,0.0548553838379604,-0.6338508984037943,0.28395463067742555,0.03243786183692232,-0.5385898221818879,0.19221418830593756,21,0.47619047619047616,0.03478525864056925,-0.5385898221818879,0.199906090244087,-0.020070125197391153,0.09526107622190638,0.5228973361269081,20,9,0.45,PASS,0.05813313587609903,-0.598443079518018,0.2847495051392246,0.003277752038138626,0.035407818885776265,0.8048488476504041,31,13,0.41935483870967744,PASS
600548.SH,3524,20120215,20260821,0.09617240038069608,-0.521813515825492,0.38575972936166214,0.054289063480841504,-0.495295124037639,0.24434028798613286,14,0.5,0.04890969505987264,-0.495295124037639,0.22351832436404753,-0.04726270532082344,0.02651839178785298,0.5837116912599319,14,3,0.21428571428571427,FAIL,0.05302311270098681,-0.495295124037639,0.24246772165337138,-0.04314928767970927,0.02651839178785298,0.9040862656072645,23,5,0.21739130434782608,FAIL
600549.SH,3514,20120215,20260821,0.07999000742203766,-0.6558152715011141,0.34817841282900197,0.00974206296303537,-0.8003723928859541,0.12732218120083094,21,0.47619047619047616,0.010366965173574938,-0.8003723928859541,0.1292302365211372,-0.06962304224846272,-0.14455712138484,0.5034149117814456,21,9,0.42857142857142855,FAIL,0.01715601852062143,-0.7245751992588999,0.18838252600496075,-0.06283398890141623,-0.06875992775778583,0.8056346044393853,33,14,0.42424242424242425,FAIL
600550.SH,3491,20120216,20260821,-0.005448366553335804,-0.8403444981973932,0.17842516107782247,-0.024561913084624187,-0.8019144456873759,0.03990256917572662,21,0.2857142857142857,-0.03999753117143923,-0.8019144456873759,-0.003689374335137449,-0.03454916461810342,0.0384300525100173,0.4683471784588943,22,11,0.5,中性,-0.04382430017980021,-0.8413200367002942,0.06240275865580422,-0.03837593362646441,-0.0009755385029009966,0.7885992552277284,38,9,0.23684210526315788,FAIL
600551.SH,3402,20120216,20260821,0.010239458867128182,-0.7777767450035321,0.16781109767385222,-0.055895505489415576,-0.7638657536196843,-0.10818346875765225,20,0.3,-0.05000425575010958,-0.7638657536196845,-0.08667754956460583,-0.060243714617237765,0.01391099138384766,0.540270429159318,20,9,0.45,FAIL,0.0027709568087685987,-0.7232935557189945,0.13141904074254654,-0.007468502058359583,0.05448318928453766,0.8306878306878307,28,9,0.32142857142857145,PASS
600555.SH,2371,20120215,20220706,-0.23006012931387265,-0.9827928524156188,-0.289779915825831,0.003254034174396514,-0.7565853575989354,0.09905934897079742,11,0.36363636363636365,0.006049646781302487,-0.7565853575989354,0.10851192573738687,0.23610977609517514,0.22620749481668334,0.36651202024462254,11,9,0.8181818181818182,PASS,-0.1776183809359133,-0.9732889212671105,-0.3845714687648247,0.05244174837795934,0.009503931148508227,0.7688738928722059,27,11,0.4074074074074074,反例
600556.SH,2841,20130412,20260821,0.0005984360734554439,-0.9198537682789651,0.22338862284561717,0.09430798020380604,-0.7080989876265467,0.40398319315927883,14,0.42857142857142855,0.07809643039493741,-0.7080989876265467,0.3616910368219688,0.07749799432148197,0.21175478065241848,0.4744808166138684,14,6,0.42857142857142855,PASS,0.004648231143660864,-0.8961789421669442,0.20106585932374804,0.00404979507020542,0.023674826112020986,0.7525519183386131,29,14,0.4827586206896552,反例
600557.SH,3510,20120215,20260821,0.029144757398821053,-0.7439173501433227,0.2121894483281288,-0.03788615831806719,-0.7813767823432098,-0.06678031114019366,23,0.34782608695652173,-0.03411759087340416,-0.7813767823432098,-0.05179829121201599,-0.06326234827222521,-0.03745943219988712,0.4777777777777778,23,8,0.34782608695652173,FAIL,-0.025661605338801463,-0.7729899791543933,0.04286389820667696,-0.054806362737622516,-0.02907262901107055,0.8,39,14,0.358974358974359,FAIL
600562.SH,3486,20120215,20260821,0.11628022193141896,-0.666025803937832,0.4248339872090188,0.018039758742585565,-0.7446773757529729,0.16539709675130185,22,0.4090909090909091,0.01781413237335383,-0.7446773757529728,0.16480745596656068,-0.09846608955806513,-0.07865157181514082,0.6067125645438899,21,7,0.3333333333333333,FAIL,0.03125772902923063,-0.836320226954637,0.22067474325702935,-0.08502249290218833,-0.17029442301680509,0.836201950659782,30,9,0.3,FAIL
600563.SH,3526,20120215,20260821,0.1717299251850668,-0.7126489176554112,0.5327851201025245,0.06739662226251242,-0.5854772731960576,0.29819722222875306,22,0.5454545454545454,0.06657392265566209,-0.5854772731960576,0.29599555886820644,-0.10515600252940471,0.12717164445935358,0.607770845150312,21,6,0.2857142857142857,中性,0.09672683499068935,-0.6832262113107588,0.3772992540894203,-0.07500309019437745,0.029422706344652383,0.8437322745320477,32,11,0.34375,FAIL
600565.SH,2806,20120215,20240621,-0.09504621922474188,-0.9417214618544315,-0.12104623629438642,-0.026066047977182705,-0.8515896861981409,-0.030016113397440456,12,0.3333333333333333,-0.024199106769394185,-0.8515896861981408,-0.022800464450634765,0.0708471124553477,0.09013177565629071,0.4354953670705631,12,8,0.6666666666666666,PASS,-0.10584294844420095,-0.9462700489631161,-0.18919203335783086,-0.010796729219459067,-0.004548587108684554,0.7786885245901639,27,10,0.37037037037037035,中性
600566.SH,3455,20120215,20260821,0.11126977372253455,-0.691999610817992,0.41614585373313556,0.03232581749154906,-0.609985463571676,0.18897649997654767,21,0.3333333333333333,0.03396403242916479,-0.6099854635716759,0.19405231287822394,-0.07730574129336976,0.08201414724631606,0.6133140376266281,21,7,0.3333333333333333,中性,0.053162855654276475,-0.6843928519828191,0.26390022723415235,-0.05810691806825807,0.007606758835172922,0.8512301013024602,28,9,0.32142857142857145,FAIL
600567.SH,3450,20120215,20260821,-0.02335861224733704,-0.8165072600430254,0.027954345297926144,-0.005639971966038937,-0.5884077385663083,-0.014644095762801585,12,0.4166666666666667,-0.005706475318506654,-0.5884077385663083,-0.014962386096252037,0.017652136928830386,0.22809952147671708,0.3660869565217391,12,6,0.5,PASS,-0.023288816685639757,-0.8149456333258631,0.003846602156302192,6.97955616972834e-05,0.0015616267171623122,0.8240579710144927,27,11,0.4074074074074074,反例
600569.SH,3452,20120215,20260821,-0.025223525488495935,-0.7714089639058186,0.08096381516658537,-0.05897138957730097,-0.864814586903336,-0.11273540481051054,19,0.2631578947368421,-0.06504313121091698,-0.864814586903336,-0.13285933114010362,-0.03981960572242105,-0.09340562299751742,0.5026071842410197,20,8,0.4,FAIL,-0.04041817372665646,-0.7443061847879653,0.017557939037696906,-0.015194648238160524,0.027102779117853304,0.7943221320973349,32,12,0.375,中性
600570.SH,3468,20120215,20260821,0.1326125727180214,-0.7990996710336469,0.46073235907763954,0.002273215712574439,-0.8740198517087812,0.1224671939288379,23,0.34782608695652173,0.008138275698194475,-0.8740198517087812,0.13933047014393884,-0.12447429701982693,-0.07492018067513428,0.5348904267589388,23,7,0.30434782608695654,FAIL,0.16669935489592191,-0.6831903315494059,0.5322488974929688,0.03408678217790051,0.11590933948424098,0.8021914648212226,34,15,0.4411764705882353,PASS
600572.SH,3374,20120215,20260821,0.03449321447677667,-0.653361347192096,0.20483075718634983,-0.086414401972018,-0.8652486941016948,-0.3422077312326119,18,0.2777777777777778,-0.08647421721938842,-0.8652486941016948,-0.34263363694595206,-0.12096743169616508,-0.21188734690959876,0.48132780082987553,17,4,0.23529411764705882,FAIL,-0.014278362972442116,-0.7390489960602107,0.027253342502114853,-0.048771577449218784,-0.08568764886811464,0.8420272673384707,28,6,0.21428571428571427,FAIL
600575.SH,3213,20120215,20260821,-0.013660870593998897,-0.7376373626373627,0.0728674344205393,-0.024493686061098918,-0.6402765364331946,-0.043632372572289524,14,0.42857142857142855,-0.024699515366375824,-0.6402765364331946,-0.044454033570400286,-0.011038644772376927,0.09736082620416808,0.5732959850606909,14,5,0.35714285714285715,PASS,-0.04440395451710444,-0.7428382908131088,-0.05485614224236216,-0.03074308392310554,-0.005200928175746133,0.8714596949891068,23,6,0.2608695652173913,FAIL
600578.SH,3398,20120215,20260821,0.06429860591054615,-0.6740855193313164,0.296007698805666,-0.03572414733052476,-0.7134962025493685,-0.06550140734603736,16,0.3125,-0.03064894612352731,-0.7134962025493686,-0.04629305209850099,-0.09494755203407346,-0.03941068321805219,0.4849911712772219,16,3,0.1875,FAIL,0.011964384235494174,-0.7612059656812593,0.13702542697285192,-0.05233422167505197,-0.08712044634994287,0.8825779870512066,24,3,0.125,FAIL
600580.SH,3444,20120216,20260821,0.1467747609932919,-0.742157208625482,0.49100737346500384,0.07660206851166795,-0.8546996932898094,0.32889084380751826,18,0.5,0.07477280759487903,-0.8546996932898094,0.3240327018175586,-0.07200195339841287,-0.11254248466432748,0.5452961672473867,18,5,0.2777777777777778,FAIL,0.08532397459677887,-0.8335718723489842,0.35713090720866475,-0.061450786396513024,-0.09141466372350227,0.8252032520325203,28,11,0.39285714285714285,FAIL
600581.SH,3363,20120215,20260821,-0.041343463614550324,-0.8099173553719009,0.0892929464367068,-0.05453634482621028,-0.8022133300285875,-0.04700861224971559,18,0.2222222222222222,-0.05137160566307852,-0.8022133300285875,-0.036784122669061045,-0.010028142048528199,0.007704025343313381,0.43146000594707107,18,8,0.4444444444444444,中性,-0.06252933918327741,-0.8030477466112614,0.01536765412497214,-0.021185875568727086,0.006869608760639467,0.8180196253345228,33,12,0.36363636363636365,中性
600582.SH,3464,20120215,20260821,-0.0008578595208623696,-0.7683292476653498,0.11220310237461072,-0.09086878295500767,-0.8591575803430032,-0.32990050734277426,20,0.1,-0.08558031607998529,-0.8591575803430032,-0.30683501472868807,-0.08472245655912292,-0.09082833267765333,0.4953810623556582,20,6,0.3,FAIL,-0.0544438403667048,-0.7543367266793691,-0.0852218165180441,-0.05358598084584243,0.013992520985980694,0.8348729792147807,30,7,0.23333333333333334,FAIL
600583.SH,3521,20120215,20260821,0.021508402682658634,-0.7500523074577508,0.17206462661175734,-0.03631676082605717,-0.7599079629703283,-0.07741865703644431,16,0.375,-0.04086944460069808,-0.7599079629703283,-0.09310707806926341,-0.06237784728335671,-0.0098556555125775,0.48878159613746097,16,6,0.375,FAIL,-0.07712333891559275,-0.8882089338631295,-0.14523663862569836,-0.09863174159825139,-0.13815662640537874,0.8773075830729906,29,4,0.13793103448275862,FAIL
600584.SH,3302,20120216,20260821,0.19275361058952645,-0.734310164471201,0.589157260718664,0.056866398433776055,-0.6073563652427092,0.2912331626078998,24,0.4583333333333333,0.05471836844557032,-0.607356365242709,0.2856779024674712,-0.13803524214395613,0.12695379922849204,0.5281647486371895,23,6,0.2608695652173913,中性,0.17872020424159762,-0.6579664155727829,0.5701176763681942,-0.014033406347928823,0.0763437488984181,0.7834645669291339,31,13,0.41935483870967744,PASS
600585.SH,3518,20120215,20260821,0.03844254254921564,-0.651868625012697,0.20657207118029763,-0.029261246953011577,-0.6290356205992529,-0.09515587342148088,22,0.36363636363636365,-0.03463042476108891,-0.6290356205992529,-0.115687825386713,-0.07307296731030455,0.022833004413444158,0.5412166003411029,22,5,0.22727272727272727,FAIL,0.008961433991894197,-0.5666080966729119,0.09614845384658754,-0.029481108557321445,0.08526052833978515,0.7868106878908471,33,11,0.3333333333333333,PASS
600586.SH,3526,20120215,20260821,-0.0059692837343517935,-0.7574443125008979,0.15168761545353782,0.004148259752206007,-0.8041151063916995,0.1077128868736204,16,0.25,0.00383943513281948,-0.8041151063916996,0.10695061548292724,0.009808718867171273,-0.04667079389080164,0.4299489506522972,16,7,0.4375,反例,-0.03228121489455471,-0.8094391993867314,0.06849206623231333,-0.026311931160202917,-0.051994886885833425,0.8136698808848554,30,12,0.4,中性
600587.SH,3379,20120215,20260821,0.026083820407067693,-0.8111420666572008,0.21606222620495025,-0.04601184365841504,-0.8208487616440274,-0.08000248660687438,22,0.3181818181818182,-0.04606968496099262,-0.8208487616440274,-0.08005963474491146,-0.07215350536806031,-0.009706694986826636,0.5620005918910921,22,8,0.36363636363636365,FAIL,-0.034355730529627704,-0.8308841540349798,0.01878776309025819,-0.060439550936695396,-0.01974208737777905,0.7901746078721515,33,10,0.30303030303030304,FAIL
600588.SH,3506,20120215,20260821,0.06479948128572399,-0.8433012263719277,0.33434061476131355,0.020508922305544353,-0.8640293230055259,0.1816591099348703,22,0.36363636363636365,0.021968197335165973,-0.8640293230055259,0.1856417889312486,-0.04283128395055802,-0.020728096633598203,0.5011409013120365,21,7,0.3333333333333333,FAIL,0.09630447262606534,-0.7694182446335212,0.38296660395306326,0.03150499134034135,0.07388298173840657,0.7909298345693098,34,12,0.35294117647058826,PASS
600589.SH,3363,20120215,20260821,0.03212143668869061,-0.9002100840336135,0.2697552905055599,-0.10342452024432658,-0.9314052992742125,-0.19261432739212542,22,0.22727272727272727,-0.10334424159093125,-0.9314052992742125,-0.19234576723298802,-0.13546567827962186,-0.031195215240598984,0.47071067499256614,22,6,0.2727272727272727,FAIL,-0.0761887266010316,-0.9574078558349678,-0.0035657531794170143,-0.1083101632897222,-0.057197771801354325,0.8067201903062742,33,10,0.30303030303030304,FAIL
600590.SH,3310,20120215,20260821,0.030411480399932467,-0.8365800169132475,0.24824050342900522,0.0013843904532131468,-0.7877408184916429,0.13392532473328658,20,0.4,0.0018421416297405013,-0.7877408184916428,0.1352102693847138,-0.028569338770191965,0.04883919842160467,0.5410876132930513,20,10,0.5,PASS,-0.0058721390999672,-0.9089247956517975,0.14337230138002047,-0.036283619499899666,-0.07234477873855005,0.8290030211480363,32,9,0.28125,FAIL
600592.SH,3447,20120215,20260821,0.04828599997125149,-0.8079614224842292,0.2931924812560337,-0.034605287254594,-0.8216286579729686,0.038779250479840786,20,0.35,-0.03354955186672981,-0.8216286579729686,0.0416355609965532,-0.0818355518379813,-0.013667235488739382,0.6022628372497825,20,5,0.25,FAIL,-0.017105819699406166,-0.8078313001820054,0.130078475132273,-0.06539181967065766,0.00013012230222375631,0.8532056861038584,30,8,0.26666666666666666,FAIL
600594.SH,3512,20120216,20260821,-0.0393456463727021,-0.9070489005154958,0.029467153688504995,-0.03279242041015107,-0.8322410965140277,-0.05743734129329923,23,0.4782608695652174,-0.03074120215327658,-0.8322410965140274,-0.049749845722613595,0.008604444219425522,0.07480780400146836,0.48490888382687924,22,10,0.45454545454545453,PASS,-0.020019381686502746,-0.8689931544718492,0.05198988680721889,0.019326264686199357,0.03805574604364659,0.80125284738041,34,10,0.29411764705882354,PASS
600595.SH,3454,20120217,20260821,-0.004528496395447057,-0.8823529411764706,0.15543052332157506,-0.025488286449301012,-0.8361476920136063,0.014719936546439369,19,0.3157894736842105,-0.02278174400593269,-0.8361476920136063,0.023442747216155115,-0.018253247610485634,0.04620524916286428,0.4806022003474233,18,9,0.5,PASS,-0.03913209290330566,-0.854396609456719,0.031781429537996744,-0.0346035965078586,0.027956331719751537,0.7828604516502605,34,14,0.4117647058823529,FAIL
600596.SH,3503,20120216,20260821,0.07049228536936814,-0.7790902311285266,0.3346067176540881,-0.04610442737964482,-0.6971485238162918,-0.01806639699431213,22,0.4090909090909091,-0.04746685580840593,-0.6971485238162918,-0.022098856867643058,-0.11795914117777406,0.08194170731223482,0.4567513559805881,21,7,0.3333333333333333,中性,0.0323505447105612,-0.75003237910101,0.2390727521993773,-0.03814174065880693,0.02905785202751665,0.7993148729660291,34,12,0.35294117647058826,FAIL
600597.SH,3451,20120215,20260821,-0.0064644962854664145,-0.7582040698395585,0.07811832832894056,0.004076308286584229,-0.8093844040027869,0.059850704482991776,13,0.23076923076923078,0.0050309691705681114,-0.809384404002787,0.06359874208646182,0.011495465456034526,-0.051180334163228536,0.4726166328600406,12,6,0.5,反例,-0.020627532389272063,-0.7879925487159684,0.015726915548937195,-0.014163036103805648,-0.029788478876409896,0.8435236163430889,23,7,0.30434782608695654,中性
600598.SH,3480,20120215,20260821,0.04990151260255615,-0.6506215012405858,0.26431317790201625,0.029941579919666284,-0.7157448004537041,0.17501433829693197,16,0.4375,0.03565099750259071,-0.715744800453704,0.1937227614274274,-0.014250515099965444,-0.06512329921311821,0.5364942528735632,15,4,0.26666666666666666,中性,0.05899094758980672,-0.6193376166895492,0.2773871222429838,0.009089434987250566,0.03128388455103659,0.8686781609195402,23,11,0.4782608695652174,PASS
600600.SH,3525,20120215,20260821,0.048890322621604865,-0.5515075353467683,0.23990279485029584,0.030310838482934255,-0.5296052277895975,0.14503736688984464,16,0.4375,0.03664554293395872,-0.5296052277895973,0.17151903226723011,-0.012244779687646146,0.02190230755717104,0.47631205673758864,15,5,0.3333333333333333,中性,-0.0009364353572861583,-0.6689732112129667,0.06540716607746326,-0.04982675797889102,-0.11746567586619838,0.8439716312056738,28,7,0.25,FAIL
600601.SH,3503,20120215,20260821,0.11452607548795246,-0.8542852379392541,0.4206062715513297,0.05063392329632488,-0.8230784656815469,0.24756627005863846,21,0.38095238095238093,0.0512206126021435,-0.823078465681547,0.2492648105128415,-0.06330546288580896,0.031206772257707183,0.47987439337710536,20,9,0.45,中性,0.04545813850812097,-0.9105876388256854,0.26157380474526987,-0.06906793697983149,-0.056302400886431236,0.8304310590922067,33,10,0.30303030303030304,FAIL
600602.SH,3367,20120215,20260821,0.10107967330270884,-0.6630645304503189,0.4050946803079738,0.0003539845318925039,-0.674637506349486,0.11924776937616478,23,0.2608695652173913,0.0029740962586763953,-0.674637506349486,0.12710574976367534,-0.09810557704403244,-0.01157297589916717,0.4558954558954559,22,7,0.3181818181818182,FAIL,0.03120954367761475,-0.7352223625287984,0.24022260904161422,-0.06987012962509409,-0.07215783207847948,0.7713097713097713,36,15,0.4166666666666667,FAIL
600606.SH,3325,20120215,20260821,-0.061891580904457566,-0.9573964104776876,0.0032400428448438956,-0.058175532821759246,-0.862689453640034,-0.2044192882214115,15,0.2,-0.056677833579007464,-0.862689453640034,-0.19786817674684049,0.005213747325450102,0.09470695683765362,0.36120300751879697,15,7,0.4666666666666667,PASS,-0.16827926129507476,-0.9757506801376314,-0.39512592215812686,-0.10638768039061719,-0.0183542696599438,0.7933834586466165,36,13,0.3611111111111111,FAIL
600609.SH,3306,20120216,20260821,0.0030140014068129606,-0.671573913325354,0.18016028366980735,0.0008449054531518563,-0.6237969865335307,0.09052492879637761,17,0.4117647058823529,-0.0006448295557944794,-0.6237969865335309,0.08567601753746228,-0.00365883096260744,0.047776926791823104,0.4240774349667272,17,8,0.47058823529411764,PASS,-0.06062301736163811,-0.7799386615015067,-0.02760651474211596,-0.06363701876845107,-0.10836474817615271,0.7831215970961888,34,9,0.2647058823529412,FAIL
600611.SH,3524,20120215,20260821,0.027997505592575855,-0.8493335336359429,0.21318954332488782,-0.05571006172506543,-0.8713218283334992,-0.09347048967272467,21,0.2857142857142857,-0.05611007675583979,-0.8713218283334992,-0.09473077472058088,-0.08410758234841564,-0.021988294697556365,0.5354710556186152,20,7,0.35,FAIL,-0.024523057717011132,-0.9068131009478833,0.060838382625508745,-0.05252056330958699,-0.05747956731194037,0.8748581157775256,26,8,0.3076923076923077,FAIL
600612.SH,3522,20120215,20260821,0.0532654234626615,-0.5982256542895126,0.2568454156125775,0.043834994374706504,-0.4300313745570823,0.2017201847100056,18,0.4444444444444444,0.052456642597332515,-0.4300313745570823,0.23622008614103127,-0.0008087808653289841,0.16819427973243029,0.45343554798409996,17,7,0.4117647058823529,PASS,0.028613085601049137,-0.6475005607967221,0.17325099334012964,-0.02465233786161236,-0.04927490650720956,0.8347529812606473,30,9,0.3,中性
600614.SH,1712,20120215,20210714,-0.28130510995498303,-0.9878171289051704,-0.5765876953306511,-0.09964781411410173,-0.8736271324007993,-0.35596237939303044,9,0.3333333333333333,-0.08780561136001352,-0.8736271324007991,-0.2659235382195361,0.1934994985949695,0.11418999650437123,0.411214953271028,10,5,0.5,PASS,-0.19208642410112464,-0.9462605331848292,-0.45069729875894765,0.08921868585385839,0.041556595720341205,0.7447429906542056,18,10,0.5555555555555556,PASS
600616.SH,3521,20120215,20260821,-0.034410945570418905,-0.8104718329739282,0.06874415073718557,-0.09656415257623652,-0.8792529613627568,-0.24224620626675544,26,0.34615384615384615,-0.09449117491696502,-0.8792529613627569,-0.23473878727414665,-0.06008022934654611,-0.06878112838882866,0.5140585061062198,25,11,0.44,FAIL,-0.1020073570403921,-0.9048916216009889,-0.16384288143608702,-0.0675964114699732,-0.09441978862706069,0.7764839534223232,38,12,0.3157894736842105,FAIL
600617.SH,3343,20120215,20260821,-0.020630000264602377,-0.8917850827448481,0.08764164706073302,-0.052160643153217334,-0.8830418830690139,-0.07540526459913761,18,0.3888888888888889,-0.05012228426559895,-0.8830418830690139,-0.06813968143001746,-0.02949228400099657,0.008743199675834257,0.5854023332336225,17,5,0.29411764705882354,中性,-0.07450938869970147,-0.9462190826030406,-0.09526732311892817,-0.053879388435099096,-0.05443399985819242,0.8163326353574634,28,10,0.35714285714285715,FAIL
600618.SH,3524,20120215,20260821,0.009568798215328522,-0.6776091675403308,0.18599598837107795,-0.05867470655804263,-0.6797326914746045,-0.07849479752504357,21,0.2857142857142857,-0.05971677469585068,-0.6797326914746046,-0.08177742025692641,-0.0692855729111792,-0.00212352393427373,0.4301929625425653,21,8,0.38095238095238093,FAIL,-0.06135498363672898,-0.7765944996471958,-0.008815349833892523,-0.0709237818520575,-0.098985332106865,0.8095913734392736,37,13,0.35135135135135137,FAIL
600620.SH,3445,20120215,20260821,0.0472962388400886,-0.8005819428398186,0.28863333178804207,0.022135847330851277,-0.8020699325955836,0.17883535484128335,23,0.5217391304347826,0.022622031786971197,-0.8020699325955836,0.18020470208759473,-0.024674207053117403,-0.001487989755764918,0.528011611030479,23,8,0.34782608695652173,中性,0.05181865502554972,-0.8150218918519563,0.2791263527306286,0.00452241618546112,-0.014439949012137632,0.7875181422351234,32,10,0.3125,反例
600621.SH,3461,20120215,20260821,0.08322175351463557,-0.7029354459849826,0.3630374736403793,-0.026952977442004866,-0.832081913026207,0.0403710935933773,25,0.32,-0.02561171829851394,-0.8320819130262069,0.04435620949300054,-0.10883347181314951,-0.12914646704122434,0.5177694308003468,24,9,0.375,FAIL,0.016805516711983826,-0.7096474220264677,0.2082310050657737,-0.06641623680265174,-0.0067119760414851015,0.8347298468650679,34,10,0.29411764705882354,FAIL
600622.SH,3500,20120215,20260821,-0.0021387233990872723,-0.863068385888337,0.18511634191177484,-0.008494542783963888,-0.8065235830788051,0.08618563841558427,17,0.35294117647058826,-0.00711577588664869,-0.8065235830788051,0.09020118641721081,-0.0049770524875614175,0.05654480280953189,0.4725714285714286,16,5,0.3125,PASS,-0.06086030449162716,-0.9068717269711584,0.02870440914907104,-0.05872158109253989,-0.043803341082821357,0.8111428571428572,32,13,0.40625,FAIL
600623.SH,3441,20120215,20260821,0.0017928152115544993,-0.8654486096642269,0.16286404718323202,-0.052911728413440495,-0.8748100148902207,-0.07529461507563341,18,0.2777777777777778,-0.05405326589059467,-0.8748100148902207,-0.07903653448683948,-0.05584608110214917,-0.009361405225993824,0.45887823307178144,18,7,0.3888888888888889,FAIL,-0.03975308433921565,-0.8928753884915318,0.02880590661524394,-0.04154589955077015,-0.027426778827304932,0.8180761406567858,31,14,0.45161290322580644,FAIL
600624.SH,3512,20120215,20260821,0.010639524733129901,-0.8358806644200489,0.21032789739995167,-0.03676870695660517,-0.8847093667342932,0.020899436886032668,19,0.2631578947368421,-0.036463737785230044,-0.8847093667342932,0.021765359155715248,-0.047103262518359945,-0.0488287023142443,0.5219248291571754,19,9,0.47368421052631576,FAIL,-0.0416256414987175,-0.8838002749843886,0.07084457341776233,-0.052265166231847404,-0.04791961056433969,0.8320045558086561,29,11,0.3793103448275862,FAIL
600626.SH,3473,20120215,20260821,8.046399283512251e-05,-0.9119696714147718,0.1776910500712389,-0.010894631262399534,-0.8869787030822573,0.09448462213755857,18,0.3888888888888889,-0.01063501746440354,-0.8869787030822573,0.09520711043908321,-0.010715481457238663,0.024990968332514463,0.501583645263461,17,9,0.5294117647058824,中性,-0.02441449688167674,-0.924579937468231,0.10020326915818661,-0.024494960874511862,-0.012610266053459163,0.8220558594874748,31,12,0.3870967741935484,中性
600628.SH,3477,20120215,20260821,-0.0037675032962311006,-0.7468117420085822,0.11708435114073018,0.012716718288207307,-0.6315391622026293,0.1236126946840519,19,0.3157894736842105,0.014075388367906339,-0.631539162202629,0.1280184817660438,0.01784289166413744,0.11527257980595329,0.4141501294219154,19,6,0.3157894736842105,PASS,-0.0282179555722335,-0.7790969639125874,0.035743621071661874,-0.0244504522760024,-0.03228522190400518,0.822548173712971,29,13,0.4482758620689655,中性
600630.SH,3523,20120215,20260821,0.013041990630999534,-0.8559174473577928,0.2268088121194461,-0.0360680319103901,-0.8828590302720384,0.0617951693192378,15,0.3333333333333333,-0.0382349489714493,-0.8828590302720384,0.05633793673664169,-0.051276939602448834,-0.026941582914245532,0.5458416122622765,14,7,0.5,FAIL,-0.010566836494985243,-0.8152001289552225,0.16398738004923027,-0.023608827125984777,0.04071731840257031,0.8555208629009367,24,9,0.375,PASS
600633.SH,3372,20120215,20260821,0.03254766171914247,-0.8005465259669065,0.2609946944447773,-0.13194199317511623,-0.9442114628448889,-0.33375245070530685,28,0.21428571428571427,-0.12995703502656708,-0.9442114628448888,-0.32610813107491987,-0.16250469674570955,-0.14366493687798232,0.4498813760379597,28,6,0.21428571428571427,FAIL,0.033690779566634355,-0.7053369092428334,0.24320684172227544,0.0011431178474918813,0.09520961672407302,0.7861803084223014,33,15,0.45454545454545453,PASS
600635.SH,3522,20120215,20260821,0.03420253123874417,-0.8248399229944803,0.22976295840524263,-0.04598081791029862,-0.9005942156742172,-0.10432701154477018,19,0.2631578947368421,-0.04549648528598693,-0.9005942156742172,-0.10244429318686779,-0.0796990165247311,-0.07575429267973688,0.4077228847245883,18,7,0.3888888888888889,FAIL,-0.045703377754160335,-0.8830155847301515,0.0010216753303745733,-0.0799059089929045,-0.058175661735671236,0.8307779670641681,35,7,0.2,FAIL
600636.SH,3148,20120215,20260622,-0.159287745789925,-0.9393906813734089,-0.18740232920681926,-0.0993773469174003,-0.8570605853289974,-0.2488477186382825,22,0.3181818181818182,-0.10010964113180776,-0.8570605853289973,-0.2515684701709539,0.059178104658117237,0.08233009604441155,0.5069885641677255,22,9,0.4090909090909091,PASS,-0.06237447433576493,-0.7709687360277152,-0.015706275725709214,0.09691327145416007,0.16842194534569366,0.7639771283354511,28,14,0.5,PASS
600637.SH,3375,20120215,20260821,-0.003128814302241545,-0.879854670783526,0.12393855936579469,-0.003069663505661291,-0.8073187404290242,0.06612349077010028,19,0.3157894736842105,0.006898786122490064,-0.8073187404290241,0.10118067241973863,0.010027600424731609,0.0725359303545019,0.4651851851851852,19,10,0.5263157894736842,PASS,-0.05331958908818757,-0.9113835734260491,-0.05345176947246396,-0.050190774785946024,-0.03152890264252317,0.7952592592592592,32,12,0.375,FAIL
600638.SH,3513,20120215,20260821,-0.01192468386973633,-0.7878012370976702,0.11306529459490874,-0.06308249978267588,-0.7912777666474519,-0.14405452839979718,20,0.35,-0.06009370846318329,-0.7912777666474518,-0.13318646649604168,-0.04816902459344696,-0.003476529549781504,0.46939937375462565,19,6,0.3157894736842105,FAIL,-0.07514606114976985,-0.8967595739732628,-0.08476958826307739,-0.06322137728003352,-0.10895833687559253,0.8169655565044122,32,11,0.34375,FAIL
600639.SH,3470,20120215,20260821,0.04537395592157223,-0.7132880266754505,0.25854552518893137,-0.04486423471634404,-0.8408368194016178,-0.051637509260623396,19,0.3157894736842105,-0.042734095043665654,-0.8408368194016177,-0.04451709711521423,-0.08810805096523788,-0.12754879272616715,0.45936599423631125,18,4,0.2222222222222222,FAIL,-0.0009198040458648915,-0.7874150556700896,0.13053685149592228,-0.04629375996743712,-0.07412702899463908,0.8360230547550432,30,11,0.36666666666666664,FAIL
600640.SH,3427,20120215,20260821,0.014891184301118576,-0.7739403453689169,0.2457681748532072,-0.02885914904266207,-0.8363257631761966,0.04888417008204707,22,0.2727272727272727,-0.027870487447974157,-0.8363257631761967,0.05154332272781992,-0.04276167174909273,-0.0623854178072798,0.4414940180916253,21,9,0.42857142857142855,FAIL,0.01413635600329588,-0.7865842297175824,0.21942574833536746,-0.0007548282978226961,-0.01264388434866548,0.7516778523489933,32,14,0.4375,中性
600641.SH,3337,20120215,20260821,0.1640701040380148,-0.7596801362204249,0.53379866424867,0.14352603427425592,-0.6112480139343203,0.5166588084023198,19,0.42105263157894735,0.14589732128609323,-0.6112480139343202,0.5228298312650144,-0.01817278275192158,0.1484321222861047,0.4135451003895715,19,6,0.3157894736842105,PASS,0.1286034350097207,-0.6945608455929323,0.4635277600367248,-0.035466669028294096,0.06511929062749255,0.8219958046149236,33,13,0.3939393939393939,中性
600642.SH,3526,20120215,20260821,0.08253647120015994,-0.615542366250798,0.3422761081299872,0.036962496101424325,-0.6542191987708983,0.16945437667274799,11,0.45454545454545453,0.033159548072386746,-0.6542191987708985,0.1529691134991223,-0.0493769231277732,-0.03867683252010057,0.6125921724333523,12,3,0.25,FAIL,0.015066870362049345,-0.7255957146028718,0.10418208265418152,-0.0674696008381106,-0.11005334835207381,0.9293817356778219,18,2,0.1111111111111111,FAIL
600643.SH,3323,20120215,20260821,-0.008652351230866051,-0.8072760551104888,0.10857155246416142,-0.06871929664740895,-0.8472059398721653,-0.21874725009615825,22,0.4090909090909091,-0.06678724758634413,-0.8472059398721653,-0.21071691639578516,-0.05813489635547808,-0.03992988476167647,0.4297321697261511,21,7,0.3333333333333333,FAIL,-0.020992046803626985,-0.7826818112761584,0.044192218409946825,-0.012339695572760934,0.024594243834330398,0.8128197411977129,31,11,0.3548387096774194,中性
600644.SH,3490,20120215,20260821,-0.0152151560481667,-0.7430779137153896,0.10917462414069043,-0.024676454115214463,-0.7253275216073303,-0.016039799167090685,15,0.3333333333333333,-0.018902881637462565,-0.7253275216073303,0.005328952681852431,-0.003687725589295865,0.017750392108059287,0.47535816618911175,15,5,0.3333333333333333,中性,-0.07743344769876781,-0.870671682844387,-0.08796308876192259,-0.06221829165060111,-0.12759376912899745,0.8277936962750716,30,9,0.3,FAIL
600645.SH,3147,20120224,20260821,-0.02129374339986989,-0.8313587093521553,0.12437124214057221,-0.05141165349884447,-0.836653599957945,-0.06734426896493367,17,0.35294117647058826,-0.056949508874012844,-0.836653599957945,-0.08213489048717254,-0.03565576547414295,-0.005294890605789693,0.5284397839211948,17,6,0.35294117647058826,FAIL,-0.0416705737691323,-0.8637121356137358,0.04255875784750328,-0.02037683036926241,-0.03235342626158055,0.8150619637750238,29,12,0.41379310344827586,中性
600648.SH,3482,20120215,20260821,0.015864433461090677,-0.8406733216366199,0.17375608760641265,-0.08770654263587463,-0.8726724836704318,-0.2957665046020345,16,0.25,-0.0861594276363431,-0.8726724836704318,-0.28947141408807997,-0.10202386109743378,-0.03199916203381192,0.3038483630097645,15,5,0.3333333333333333,FAIL,-0.04138977843744118,-0.9311746280023255,-0.0030522095455706865,-0.05725421189853186,-0.09050130636570564,0.8799540493968984,27,7,0.25925925925925924,FAIL
600649.SH,3164,20120215,20260821,0.0014049810321208334,-0.8625154646758015,0.12645047358730668,-0.06734049923133167,-0.9338688134805968,-0.22122728818962348,16,0.3125,-0.06909191925314784,-0.9338688134805968,-0.22709077080285375,-0.07049690028526867,-0.07135334880479527,0.4086599241466498,16,5,0.3125,FAIL,-0.03262742782693895,-0.8810412613266247,0.002055673766931577,-0.03403240885905978,-0.018525796650823212,0.8331226295828066,27,9,0.3333333333333333,FAIL
600650.SH,3526,20120215,20260821,0.03531160180344162,-0.8504798563435965,0.256307777268547,-0.0075596447830391655,-0.7683070608334234,0.09110500572577726,20,0.3,-0.006976886057947995,-0.7683070608334235,0.0927995956221834,-0.04228848786138961,0.08217279551017298,0.4671015314804311,19,10,0.5263157894736842,中性,-0.05185796481982807,-0.9127141142776932,0.031844915994385645,-0.08716956662326969,-0.06223425793409676,0.7963698241633579,34,11,0.3235294117647059,FAIL
600651.SH,3400,20120215,20260821,-0.004945076898210554,-0.9022844344091148,0.17146311310637016,-0.07284764300617508,-0.9453524509905067,-0.08832360854178421,21,0.38095238095238093,-0.0732668924433908,-0.9453524509905067,-0.08961884670425078,-0.06832181554518024,-0.04306801658139192,0.5408823529411765,21,7,0.3333333333333333,FAIL,-0.053278001535294384,-0.935996108984525,0.025652568557367885,-0.04833292463708383,-0.033711674575410244,0.8047058823529412,33,12,0.36363636363636365,FAIL
600652.SH,2310,20120215,20220615,-0.13533917951121832,-0.9779556485900881,-0.11229589256004602,-0.11772866928850612,-0.9135437382397111,-0.4055839972914388,15,0.4,-0.11746389157897552,-0.9135437382397111,-0.40285507698675244,0.0178752879322428,0.06441191035037697,0.2883116883116883,15,9,0.6,PASS,-0.21744213685521097,-0.9712993151131345,-0.4903315698476202,-0.08210295734399264,0.006656333476953602,0.745021645021645,30,10,0.3333333333333333,FAIL
600653.SH,3257,20120216,20260821,-0.03330307607002336,-0.8976868327402135,0.07310902573367256,-0.0685826549927282,-0.9001828618423869,-0.17846012023317007,16,0.1875,-0.06920830917489507,-0.9001828618423868,-0.18090327825290284,-0.0359052331048717,-0.0024960291021732806,0.37089346023948416,15,6,0.4,FAIL,-0.08522695788692203,-0.9417078262460032,-0.10614766808565168,-0.051923881816898665,-0.044020993505789696,0.842800122812404,25,10,0.4,FAIL
600654.SH,3001,20120215,20260821,-0.03670430632079569,-0.9735306821746982,0.06449336852246199,-0.12208323889982275,-0.924815798640925,-0.47877090265416133,20,0.2,-0.12152627114643144,-0.924815798640925,-0.4757705398693454,-0.08482196482563575,0.04871488353377318,0.404865044985005,20,4,0.2,中性,0.06849055757154576,-0.6693071835821265,0.3355857527386929,0.10519486389234145,0.3042234985925717,0.728423858713762,29,12,0.41379310344827586,PASS
600655.SH,3289,20120215,20260821,-0.02418227990776234,-0.7744600547070886,0.04256521390425318,0.01381172492266769,-0.5975394565657142,0.08521756314889639,17,0.35294117647058826,0.016210452736427516,-0.597539456565714,0.09583009526248605,0.040392732644189855,0.17692059814137462,0.4025539677713591,16,8,0.5,PASS,-0.037096433501063286,-0.7950557831851843,-0.033458040565376525,-0.012914153593300948,-0.020595728478095765,0.7899057464274856,30,14,0.4666666666666667,中性
600657.SH,3392,20120216,20260821,-0.019259696745034027,-0.7682634880815065,0.11337359272106533,-0.07535841857503811,-0.8454113629937645,-0.17301683179954344,20,0.25,-0.07073671331654352,-0.8454113629937645,-0.15621566087686375,-0.05147701657150949,-0.07714787491225805,0.38060141509433965,20,7,0.35,FAIL,-0.10027877186441847,-0.907698766781853,-0.13808973449349676,-0.08101907511938444,-0.13943527870034655,0.7670990566037735,38,12,0.3157894736842105,FAIL
600660.SH,3525,20120215,20260821,0.1827202396234262,-0.5168749906576073,0.6315107965091741,0.08903788641565602,-0.3885010599989812,0.38691435644089306,20,0.45,0.08297044867903258,-0.3885010599989812,0.3617579117791221,-0.09974979094439362,0.12837393065862612,0.577304964539007,20,5,0.25,中性,0.12019921083308716,-0.4727829835594557,0.46935894920359106,-0.06252102879033905,0.04409200709815164,0.8643971631205674,25,7,0.28,中性
600662.SH,3514,20120215,20260821,0.01050833952581387,-0.8361669877541201,0.18554902588387942,-0.0354703061883791,-0.7517735872796537,-0.03130230904332523,18,0.3333333333333333,-0.035667936058511374,-0.7517735872796538,-0.03193402470768149,-0.046176275584325244,0.0843934004744663,0.40865110984632896,17,7,0.4117647058823529,中性,0.023335621468615786,-0.7647783509310444,0.2008649139996043,0.012827281942801916,0.07138863682307572,0.7646556630620376,33,17,0.5151515151515151,PASS
600663.SH,3397,20120215,20260821,0.060885283565061066,-0.7525215564595304,0.29117273119838855,-0.1015915590583083,-0.8736428671159162,-0.33373815491554965,19,0.2631578947368421,-0.09776551148126367,-0.8736428671159162,-0.3174108714360659,-0.15865079504632473,-0.12112131065638576,0.45275242861348247,18,5,0.2777777777777778,FAIL,-0.01408084450750513,-0.879355736935532,0.0671507024664541,-0.0749661280725662,-0.1268341804760016,0.8398586988519282,28,8,0.2857142857142857,FAIL
600664.SH,3390,20120215,20260821,0.035584435403605674,-0.7659874657021701,0.2219828724357286,-0.016833726725662967,-0.6713732130309926,-0.0050172540817560955,15,0.3333333333333333,-0.019359607224032294,-0.6713732130309928,-0.014397991759217174,-0.05494404262763797,0.09461425267117729,0.47817109144542774,14,5,0.35714285714285715,中性,0.01541763908287952,-0.7708969981423919,0.15347649972348024,-0.020166796320726155,-0.004909532440221742,0.8442477876106195,27,5,0.18518518518518517,中性
600665.SH,3515,20120215,20260821,0.025902785514621218,-0.7822513570936487,0.214742580400362,-0.0423758320466866,-0.8840374301301392,-0.029660459535084303,17,0.35294117647058826,-0.041109462619714265,-0.8840374301301394,-0.02564312971197974,-0.06701224813433548,-0.10178607303649068,0.5971550497866287,17,6,0.35294117647058826,FAIL,-0.059383683225723294,-0.915080677159051,-0.02711839574224356,-0.08528646874034451,-0.13282932006540227,0.8514935988620199,28,8,0.2857142857142857,FAIL
600666.SH,3097,20120215,20260821,0.011744076979057771,-0.9734095497441194,0.24061716963506846,0.0036741910021709234,-0.9242366239698936,0.12802724943325877,20,0.35,0.005047379497184812,-0.9242366239698936,0.13241716054821132,-0.00669669748187296,0.04917292577422583,0.4484985469809493,20,9,0.45,PASS,-0.06887217921822109,-0.987166544616238,4.534199180583176e-05,-0.08061625619727886,-0.013756994872118566,0.80109783661608,32,9,0.28125,FAIL
600667.SH,3392,20120215,20260821,0.16466539544557546,-0.6798038913357779,0.5292880050136559,-0.0041041285016673035,-0.8198644870231164,0.12224519884353265,24,0.375,-0.002490020168229412,-0.8198644870231163,0.1267953819804397,-0.16715541561380487,-0.14006059568733842,0.5064858490566038,23,4,0.17391304347826086,FAIL,0.08178763493477992,-0.8060455584493642,0.35754953867031564,-0.08287776051079554,-0.1262416671135863,0.8416863207547169,32,9,0.28125,FAIL
600673.SH,3236,20120215,20260821,0.17529955243528184,-0.6465100257618173,0.57307379952294,0.12201632556260589,-0.6076197296972861,0.4721343246930572,18,0.4444444444444444,0.1216186205124532,-0.6076197296972861,0.47104068282651124,-0.053680931922828634,0.038890296064531205,0.48640296662546356,17,5,0.29411764705882354,中性,0.15778921794025158,-0.6005073753369712,0.5418863634331909,-0.017510334495030255,0.04600265042484608,0.8105686032138443,26,11,0.4230769230769231,PASS
600674.SH,3520,20120215,20260821,0.1371315637109085,-0.5193732846422483,0.5330775035148295,0.038917605441798786,-0.6316848088138158,0.17790941941777827,14,0.42857142857142855,0.03613863770507941,-0.6316848088138156,0.16647434173438774,-0.1009929260058291,-0.11231152417156731,0.5548295454545454,15,2,0.13333333333333333,FAIL,0.07670033175959912,-0.5280132994171778,0.328580151635135,-0.060431231951309394,-0.008640014774929483,0.9105113636363636,20,2,0.1,FAIL
600675.SH,3379,20120215,20260821,0.0005311430843852882,-0.8118441656356831,0.14869958418742882,-0.0831969188086712,-0.8738284440955908,-0.1978926953932572,19,0.2631578947368421,-0.08221401083841451,-0.8738284440955908,-0.19437666115104835,-0.0827451539227998,-0.06198427845990773,0.4823912400118378,18,7,0.3888888888888889,FAIL,-0.05178222107312047,-0.8910812700875824,-0.018298859055247346,-0.05231336415750576,-0.07923710445189935,0.8094110683634211,27,10,0.37037037037037035,FAIL
600676.SH,3498,20120215,20260821,0.03324788687784164,-0.8522762553038067,0.22943826377218263,-0.06959137625971112,-0.8825017234385735,-0.15684921730659682,21,0.23809523809523808,-0.06910769250171622,-0.8825017234385735,-0.15509038135158956,-0.10235557937955786,-0.030225468134766786,0.4248141795311607,21,8,0.38095238095238093,FAIL,-0.08166385481619287,-0.9542604224361037,-0.09228642471306123,-0.11491174169403451,-0.10198416713229697,0.841052029731275,35,7,0.2,FAIL
600677.SH,1878,20120215,20200429,-0.11387158142179121,-0.9277318783384148,-0.0062591717100719405,-0.1374115605692512,-0.8596725325526694,-0.21490951590880578,16,0.375,-0.13491362344783964,-0.8596725325526694,-0.20732059600951197,-0.021042042026048424,0.06805934578574535,0.5053248136315229,16,7,0.4375,PASS,-0.15028022687792097,-0.9354100420637138,-0.14879417819875942,-0.03640864545612976,-0.007678163725299059,0.7731629392971247,24,8,0.3333333333333333,FAIL
600682.SH,3125,20120215,20260821,0.0318607284467447,-0.8897526327651561,0.24059367544644644,0.022382647023259095,-0.8556020459563786,0.1697679141255681,16,0.4375,0.023752625721110032,-0.8556020459563785,0.17448249714502578,-0.00810810272563467,0.034150586808777694,0.52512,15,6,0.4,PASS,0.03203739309912801,-0.8566846026609607,0.2263473287354896,0.00017666465238330709,0.033068030104195456,0.82688,25,9,0.36,PASS
600683.SH,3504,20120215,20260821,0.06321694611553408,-0.7443663179557537,0.3320722595477992,-0.09626472461334568,-0.9287881617691385,-0.1708624252562514,21,0.2857142857142857,-0.09404184871163601,-0.9287881617691385,-0.16381475051486832,-0.1572587948271701,-0.18442184381338478,0.3875570776255708,21,4,0.19047619047619047,FAIL,-0.024283993048812236,-0.9347880916943159,0.13213381234010585,-0.08750093916434631,-0.19042177373856217,0.8107876712328768,36,9,0.25,FAIL
600685.SH,3225,20120215,20260821,0.03205800251784496,-0.8806689661725765,0.26252463428986195,-0.03859907424907849,-0.8316810980963285,-0.05464431694430386,22,0.22727272727272727,-0.03518169148588368,-0.8316810980963285,-0.04175444923158586,-0.06723969400372865,0.048987868076248,0.36589147286821705,22,9,0.4090909090909091,中性,-0.016604124004467646,-0.8620090233929288,0.11315511310256737,-0.04866212652231261,0.018659942779647665,0.78015503875969,35,12,0.34285714285714286,FAIL
600686.SH,3421,20120215,20260821,0.038536484763280754,-0.8586069700129605,0.27690353408125634,-0.0448443884613382,-0.8838022272738222,-0.001755803222635527,21,0.3333333333333333,-0.042223728427957186,-0.8838022272738222,0.005929683623558221,-0.08076021319123794,-0.025195257260861692,0.478515054077755,20,7,0.35,FAIL,-0.029820697451075073,-0.9191439172326324,0.1039448523467167,-0.06835718221435583,-0.060536947219671955,0.8129201987722888,31,9,0.2903225806451613,FAIL
600687.SH,1842,20120801,20210224,-0.29505614103151223,-0.9898226364930416,-0.6133495555892319,-0.11040730730473802,-0.914186392796948,-0.3110708088694647,10,0.1,-0.11480279179958075,-0.9141863927969479,-0.3188249679370337,0.18025334923193148,0.07563624369609367,0.4511400651465798,11,4,0.36363636363636365,PASS,-0.07397445571973627,-0.8706699057892788,-0.06569969826279932,0.22108168531177597,0.11915273070376275,0.751900108577633,15,10,0.6666666666666666,PASS
600688.SH,3477,20120215,20260821,0.021039300463765898,-0.7379516993565485,0.17028547750705708,-0.013502483147736277,-0.8134551348381807,0.016892978412821148,13,0.15384615384615385,-0.011602481572829837,-0.8134551348381807,0.023735047955705964,-0.032641782036595735,-0.07550343548163219,0.451251078515962,13,4,0.3076923076923077,FAIL,-0.03460188043228951,-0.8674829740034433,-0.006690367390472885,-0.05564118089605541,-0.12953127464689485,0.8725913143514524,27,7,0.25925925925925924,FAIL
600690.SH,3434,20120215,20260821,0.13216338436284158,-0.5274148933064343,0.48183620505577557,0.07544195086177585,-0.6171376791254722,0.327814379970523,21,0.47619047619047616,0.08108880121536766,-0.6171376791254723,0.34820115703257093,-0.05107458314747393,-0.08972278581903803,0.5701805474665114,20,7,0.35,FAIL,0.08272376506450407,-0.550743297060003,0.3457047559641718,-0.04943961929833751,-0.023328403753568705,0.8593476994758299,29,13,0.4482758620689655,FAIL
600692.SH,3526,20120215,20260821,0.005625640814569177,-0.815550041356493,0.19346848645736278,-0.12866522494666854,-0.9250580892250727,-0.3332227294328982,24,0.25,-0.1270605854210214,-0.9250580892250728,-0.327404935737199,-0.13268622623559057,-0.10950804786857982,0.5232558139534884,24,3,0.125,FAIL,-0.07659473005043715,-0.8841720935115079,-0.02625040549935174,-0.08222037086500633,-0.06862205215501493,0.840896199659671,32,9,0.28125,FAIL
600693.SH,3490,20120215,20260821,0.0701337502107855,-0.8031976581546874,0.32362627983824194,0.020587984533950054,-0.7556303693521291,0.16276684307605863,19,0.47368421052631576,0.021338164592935804,-0.7556303693521289,0.16497845996675575,-0.04879558561784969,0.04756728880255845,0.4573065902578797,19,7,0.3684210526315789,中性,0.0458547279750241,-0.7812339150531022,0.2550424533857191,-0.024279022235761394,0.02196374310158511,0.8226361031518624,30,12,0.4,中性
600694.SH,3456,20120216,20260821,0.002876911886457778,-0.7421167857414508,0.10882646117144035,-0.07844429048981749,-0.7810138122300987,-0.2537222075374249,24,0.3333333333333333,-0.07658956882382972,-0.7810138122300987,-0.245858150553569,-0.0794664807102875,-0.0388970264886479,0.49681712962962965,24,5,0.20833333333333334,FAIL,-0.06115860893599656,-0.8533970491517028,-0.12520403244330444,-0.06403552082245434,-0.11128026341025199,0.8214699074074074,35,7,0.2,FAIL
600699.SH,3348,20120416,20260821,0.06754076993775415,-0.7523018776888746,0.33604429621235105,0.00056337039689347,-0.782470445305939,0.13438166759593406,27,0.4074074074074074,8.938370179056854e-05,-0.782470445305939,0.13398703843215629,-0.06745138623596358,-0.030168567617064435,0.6191756272401434,27,8,0.2962962962962963,FAIL,0.05323554884375015,-0.8004762641626608,0.2892909787801933,-0.014305221094004006,-0.048174386473786246,0.801373954599761,31,15,0.4838709677419355,中性
600702.SH,3470,20120215,20260821,0.0391229425418389,-0.8668488110418491,0.27588065573180126,0.10754768420850924,-0.7459007391869144,0.4086222099737696,19,0.5263157894736842,0.10854226296129288,-0.7459007391869144,0.41121689817082796,0.06941932041945398,0.12094807185493472,0.5023054755043228,18,10,0.5555555555555556,PASS,0.022150100660199623,-0.7976320300977275,0.2172534544771056,-0.016972841881639278,0.06921678094412154,0.7939481268011528,35,15,0.42857142857142855,PASS
600703.SH,3497,20120215,20260821,0.08109912278847986,-0.7855321485794693,0.35570159632312676,0.06340443944092011,-0.5971987818940387,0.2953103445023143,20,0.35,0.06781137540787263,-0.597198781894039,0.3064164232122274,-0.013287747380607229,0.18833336668543033,0.5850729196454103,19,6,0.3157894736842105,PASS,0.04398151588522192,-0.7734640924400205,0.2623024315328569,-0.03711760690325794,0.012068056139448835,0.832141835859308,31,13,0.41935483870967744,FAIL
600704.SH,3421,20120215,20260821,0.04620470059349935,-0.7961179975055038,0.25600056324085724,-0.03726636778456227,-0.9061800471369503,-0.0825578703866008,17,0.35294117647058826,-0.03710962552215291,-0.9061800471369503,-0.081934209712847,-0.08331432611565226,-0.1100620496314465,0.5285004384682841,17,5,0.29411764705882354,FAIL,0.02132620591853529,-0.852077302593815,0.16732800881313023,-0.024878494674964058,-0.05595930508831115,0.8409821689564455,26,9,0.34615384615384615,中性
600705.SH,2920,20121011,20250402,0.047058789014506885,-0.8443586227234868,0.2701963075086022,-0.07757761008865993,-0.9077634640635565,-0.18577144925100267,16,0.1875,-0.06706659402125859,-0.9077634640635565,-0.14581999024986603,-0.11412538303576547,-0.06340484134006963,0.34315068493150686,16,3,0.1875,FAIL,-0.04150218293352381,-0.9152659010120424,0.023158012675080948,-0.0885609719480307,-0.07090727828855559,0.826027397260274,27,5,0.18518518518518517,FAIL
600707.SH,3427,20120215,20260821,0.017932681468651124,-0.8521174475018152,0.24092645697070078,-0.0964988209254376,-0.8554072795373178,-0.16003426563175596,20,0.15,-0.0956827579580678,-0.8554072795373178,-0.15756608806460495,-0.11361543942671892,-0.0032898320355025934,0.501021301429822,20,8,0.4,FAIL,-0.03624671358430198,-0.8579500495108262,0.09161591743780634,-0.054179395052953105,-0.005832602009011034,0.7951561132185585,33,9,0.2727272727272727,FAIL
600708.SH,3467,20120215,20260821,0.020533188728049323,-0.8295248862963971,0.2200813237815345,-0.04279902015618253,-0.8342685503327307,-0.06529730635138858,19,0.3157894736842105,-0.042853492214262934,-0.8342685503327307,-0.06547407583660111,-0.06338668094231226,-0.004743664036333639,0.43495817709835594,19,8,0.42105263157894735,FAIL,-0.03249952309855475,-0.9088325551888742,0.06722589091932382,-0.05303271182660407,-0.07930766889247709,0.8148254975483127,31,11,0.3548387096774194,FAIL
600710.SH,3065,20120215,20260821,0.05656090338378017,-0.6809471825048148,0.29965597104174396,-0.025522285697268665,-0.665689837354033,-0.025067019386577575,20,0.3,-0.021970920254984705,-0.665689837354033,-0.010775176821822106,-0.07853182363876487,0.01525734515078181,0.5539967373572594,19,3,0.15789473684210525,FAIL,0.0053086124544849955,-0.6829239571181072,0.13509984068039127,-0.051252290929295174,-0.001976774613292376,0.8646003262642741,25,7,0.28,FAIL
600711.SH,3364,20120410,20260821,0.08146385805591194,-0.8203451086449348,0.37325549679610126,0.004764907054722434,-0.833368129062428,0.14621085568643788,25,0.28,0.008959660765848643,-0.833368129062428,0.15839824840372044,-0.0725041972900633,-0.013023020417493147,0.5386444708680143,25,8,0.32,FAIL,0.021866830841019924,-0.773169297861673,0.226373053020239,-0.05959702721489202,0.04717581078326183,0.7767538644470868,37,10,0.2702702702702703,中性
600717.SH,3507,20120215,20260821,0.028211519245287642,-0.6946750510616007,0.1731717125355484,0.020304822170113423,-0.5900165217064928,0.10440204823602321,17,0.35294117647058826,0.022910518853769934,-0.5900165217064928,0.11534611037124226,-0.005301000391517707,0.10465852935510789,0.5243798118049615,16,3,0.1875,PASS,-0.017221613534743052,-0.7660415898734474,0.0053670638700856,-0.045433132780030694,-0.07136653881184674,0.8810949529512404,24,4,0.16666666666666666,FAIL
600718.SH,3500,20120215,20260821,-0.0008716391655699818,-0.8165792431891985,0.16236792961314753,-0.0969173183122718,-0.9254684541026925,-0.1991946933648406,25,0.16,-0.09690649353480174,-0.9254684541026925,-0.19914253324613954,-0.09603485436923176,-0.10888921091349402,0.5122857142857142,24,7,0.2916666666666667,FAIL,-0.035133636666481505,-0.826414446870177,0.04272211137669899,-0.03426199750091152,-0.009835203680978455,0.7942857142857143,34,15,0.4411764705882353,FAIL
600720.SH,3508,20120215,20260821,-0.0012688782399005172,-0.7445237421305871,0.14216023676325715,-0.0719554164333508,-0.8283800100343501,-0.13933396187139432,21,0.19047619047619047,-0.0691056179379379,-0.8283800100343501,-0.12941205933495775,-0.06783673969803738,-0.083856267903763,0.6014823261117446,20,9,0.45,FAIL,-0.027806090460607558,-0.81346528636926,0.047315393530048516,-0.02653721222070704,-0.06894154423867282,0.8215507411630558,29,10,0.3448275862068966,中性
600723.SH,2323,20120216,20210915,0.005695783373364183,-0.6149143026538195,0.1402220363344446,-0.030963660403481197,-0.618640712790842,-0.030478186888598345,11,0.18181818181818182,-0.028476485474865032,-0.618640712790842,-0.02164777592848467,-0.034172268848229215,-0.0037264101370224623,0.5342229875161429,10,3,0.3,FAIL,-0.05237692635826374,-0.6758576568648784,-0.046768261389387104,-0.058072709731627925,-0.0609433542110589,0.8605251829530779,18,5,0.2777777777777778,FAIL
600724.SH,3446,20120215,20260821,0.004324590630131242,-0.8004129387474191,0.16516214788848427,-0.06889008586286316,-0.8396486517718731,-0.22045248354583544,21,0.2857142857142857,-0.06118740079187357,-0.839648651771873,-0.18757697896167488,-0.06551199142200481,-0.03923571302445383,0.4260011607661056,21,7,0.3333333333333333,FAIL,-0.03608042151030233,-0.8840338549928313,0.029651463710575202,-0.04040501214043357,-0.08362091624541212,0.7852582704585026,35,10,0.2857142857142857,FAIL
600725.SH,3136,20120215,20260821,0.004536539812082019,-0.7845662102281635,0.1893119137643943,-0.0570933584990837,-0.8478782744257497,-0.09987965377225615,16,0.375,-0.05810216241240307,-0.8478782744257498,-0.10350513728243882,-0.06263870222448509,-0.06331206419758628,0.4805484693877551,16,7,0.4375,FAIL,-0.042057016187855734,-0.856570512762805,0.03918715669787513,-0.04659355599993775,-0.07200430253464152,0.8093112244897959,33,12,0.36363636363636365,FAIL
600726.SH,3494,20120215,20260821,0.05155944311653182,-0.8985450838661848,0.28400516046857344,0.02754873517571399,-0.8928389740535404,0.18945701327235875,15,0.26666666666666666,0.029973611360838648,-0.8928389740535404,0.19631323269864828,-0.021585831755693174,0.005706109812644411,0.4356038923869491,15,4,0.26666666666666666,中性,-0.026857718415782217,-0.9455737498206411,0.08506066290375887,-0.07841716153231404,-0.04702866595445632,0.8586147681740126,29,6,0.20689655172413793,FAIL
600728.SH,3399,20120216,20260821,0.016658662032865923,-0.842817854890605,0.21338695682703845,0.022998355285131833,-0.7267079301621009,0.17384431047289428,19,0.42105263157894735,0.02631507086030549,-0.7267079301621009,0.18382523908589063,0.009656408827439567,0.11610992472850412,0.5119152691968226,18,9,0.5,PASS,-0.0035734173869304,-0.8337681666696692,0.13564150307461068,-0.020232079419796323,0.00904968822093577,0.8005295675198588,29,13,0.4482758620689655,中性
600729.SH,3357,20120215,20260821,0.011478545927396278,-0.5757241628910439,0.15613977441179705,-0.02434313959860812,-0.609298165664796,-0.04431342662884498,21,0.3333333333333333,-0.018871980132414534,-0.6092981656647958,-0.022168632196370337,-0.030350526059810812,-0.03357400277375189,0.5049151027703307,20,7,0.35,FAIL,-0.0015030436377747591,-0.5545632732596745,0.09491650576795985,-0.012981589565171037,0.021160889631369417,0.8045874292523086,32,12,0.375,中性
600732.SH,3064,20120215,20260821,0.126174383410673,-0.781744629933675,0.48255657947283936,-0.006996452639281614,-0.718307418160415,0.09309300078738489,20,0.35,-0.004195981907691659,-0.7183074181604149,0.1022414846458052,-0.13037036531836466,0.06343721177326012,0.48009138381201044,20,7,0.35,中性,0.05615424461331653,-0.7941015056582923,0.3187704637533805,-0.07002013879735647,-0.0123568757246173,0.8058093994778068,29,11,0.3793103448275862,FAIL
600733.SH,3019,20120215,20260821,0.025219919895828058,-0.817443720014762,0.25692974393498147,-0.0034083627130958583,-0.7724626272523152,0.10255724780451829,20,0.3,-0.0007348515892469099,-0.772462627252315,0.1118858575211082,-0.025954771485074968,0.044981092762446995,0.4531301755548195,20,7,0.35,PASS,0.03619877791508874,-0.7245715058011596,0.2631139318647608,0.010978858019260684,0.09287221421360237,0.7754223252732693,33,16,0.48484848484848486,PASS
600736.SH,3400,20120215,20260821,0.03200739725527302,-0.7590812813206629,0.22800735839259448,-0.035064134234922495,-0.8536740949560189,-0.028894152149475508,17,0.17647058823529413,-0.03084093386529596,-0.8536740949560188,-0.014302405436941005,-0.06284833112056898,-0.09459281363535588,0.44941176470588234,17,6,0.35294117647058826,FAIL,-0.0163837187699426,-0.830852830232526,0.08539389804758503,-0.04839111602521562,-0.0717715489118631,0.8120588235294117,32,11,0.34375,FAIL
600737.SH,3505,20120216,20260821,0.07378256935503846,-0.7594745425934615,0.32688359352802854,0.06147356411302818,-0.8090722316040636,0.27617327328777974,18,0.4444444444444444,0.060205941244741545,-0.8090722316040635,0.2723188058452272,-0.013576628110296918,-0.04959768901060202,0.4567760342368046,17,8,0.47058823529411764,中性,0.008223328327424673,-0.8718169855006934,0.15427426609517775,-0.06555924102761379,-0.11234244290723194,0.8576319543509272,32,10,0.3125,FAIL
600739.SH,3373,20120215,20260821,-0.01371834078203904,-0.7842017830114508,0.0740800759890011,-0.07380197030188462,-0.8032561775388511,-0.28909807546512845,20,0.3,-0.07203437028730919,-0.8032561775388513,-0.281343728189815,-0.05831602950527015,-0.01905439452740043,0.4639786540171954,20,6,0.3,FAIL,0.009073142208058327,-0.7449346604365992,0.11249138586277044,0.022791482990097367,0.039267122574851654,0.8416839608656982,28,14,0.5,PASS
600740.SH,3368,20120215,20260821,-0.03673317542504906,-0.6981412541681504,0.07891272122229495,-0.03469079540975151,-0.65997821395767,0.015151991963229937,17,0.29411764705882354,-0.03504044760323166,-0.6599782139576702,0.014112466203022608,0.001692727821817397,0.038163040210480226,0.5463182897862233,16,9,0.5625,PASS,-0.048294320366341625,-0.6923864970525404,0.02760796417783426,-0.011561144941292567,0.005754757115610021,0.8393705463182898,27,15,0.5555555555555556,中性
600741.SH,3498,20120215,20260821,0.07384039448204738,-0.5518206810387328,0.3156909450913768,-0.026206171126908817,-0.6134000405681557,-0.08004247642807151,22,0.4090909090909091,-0.03221667487363067,-0.6134000405681559,-0.10404133588670024,-0.10605706935567805,-0.06157935952942306,0.5288736420811893,22,6,0.2727272727272727,FAIL,0.013556008111069717,-0.5749957604484879,0.12525398420735256,-0.06028438637097766,-0.02317507940975505,0.8610634648370498,28,7,0.25,FAIL
600743.SH,3512,20120215,20260821,0.017057753414985166,-0.863125737575737,0.1969031991901976,-0.03579661711448667,-0.9074393679724936,-0.03674598993867393,17,0.29411764705882354,-0.031782361790402835,-0.9074393679724936,-0.023147367071666522,-0.048840115205388,-0.04431363039675662,0.43735763097949887,17,5,0.29411764705882354,FAIL,-0.009168718436461831,-0.8974774090090252,0.11487697135332298,-0.026226471851446997,-0.03435167143328821,0.8092255125284739,32,13,0.40625,中性
600744.SH,3425,20120215,20260821,0.037215621071030824,-0.8535996585532883,0.2762991454145608,-0.07849152380264657,-0.8900663560428634,-0.12670635303884786,18,0.16666666666666666,-0.07592166024013414,-0.8900663560428634,-0.11844569939664401,-0.11313728131116496,-0.036466697489575095,0.4513868613138686,18,7,0.3888888888888889,FAIL,-0.11369897469285573,-0.9652547433475918,-0.10920292121554716,-0.15091459576388655,-0.11165508479430342,0.8233576642335766,37,11,0.2972972972972973,FAIL
600745.SH,3033,20120215,20260821,0.06437514251263488,-0.9036506170835215,0.36062130358822203,0.028434348287393663,-0.7592178323210026,0.21848025897024156,19,0.5263157894736842,0.036802415514536335,-0.7592178323210026,0.24360015197331872,-0.02757272699809854,0.14443278476251886,0.5008242664029015,19,7,0.3684210526315789,PASS,0.07172817053814429,-0.803596952548857,0.36174753097299744,0.007353028025509412,0.10005366453466447,0.7952522255192879,29,11,0.3793103448275862,PASS
600747.SH,1648,20120215,20191206,-0.32217363913226016,-0.9723756906077348,-0.8340543291359818,-0.2642190527404348,-0.9120668677682552,-1.0256745217733818,15,0.06666666666666667,-0.26271131658133984,-0.9120668677682552,-1.0181933899783175,0.05946232255092032,0.06030882283947958,0.4241504854368932,15,4,0.26666666666666666,PASS,-0.29071386908468577,-0.9605209719791189,-0.8847255300269189,0.03145977004757439,0.011854718628615868,0.7324029126213593,19,7,0.3684210526315789,反例
600748.SH,3496,20120215,20260821,0.001978600873661751,-0.8429850663570059,0.18050652883229024,0.028526391155906383,-0.8063753310816515,0.20235949735403824,16,0.375,0.028867632650188657,-0.8063753310816516,0.2032690098386448,0.026889031776526906,0.03660973527535427,0.504862700228833,16,9,0.5625,PASS,-0.037472605819668714,-0.900182915395161,0.071848467075457,-0.039451206693330465,-0.05719784903815517,0.8229405034324943,29,13,0.4482758620689655,FAIL
600750.SH,3456,20120215,20260821,0.08748091361627819,-0.5895080103215702,0.3563959009142316,0.03977655005244718,-0.5995243831867121,0.1922264179388766,15,0.5333333333333333,0.04043502836934243,-0.5995243831867119,0.19486396924046703,-0.04704588524693576,-0.010016372865141676,0.5240162037037037,15,4,0.26666666666666666,FAIL,-0.007325073872728627,-0.766936570039109,0.06975176809695506,-0.09480598748900682,-0.1774285597175388,0.8833912037037037,27,7,0.25925925925925924,FAIL
600751.SH,3087,20120216,20260821,-0.0065868517039721075,-0.9034852546916889,0.20889565449519867,-0.1606726503022029,-0.956008540416561,-0.521558868478421,21,0.19047619047619047,-0.16332533942367444,-0.956008540416561,-0.5323333641307596,-0.15673848771970234,-0.05252328572487208,0.35374149659863946,20,4,0.2,FAIL,-0.02401456237810773,-0.883076760015101,0.13512301277506575,-0.01742771067413562,0.020408494676587896,0.7551020408163265,35,10,0.2857142857142857,中性
600754.SH,3396,20120215,20260821,0.022769092194534046,-0.7214390012160052,0.19885041159364716,-0.008352404117823342,-0.7601168833473196,0.0427809619225113,19,0.3684210526315789,-0.01733173395670362,-0.7601168833473196,0.013001543055478525,-0.04010082615123767,-0.0386778821313144,0.5053003533568905,20,8,0.4,FAIL,0.001438036521520747,-0.6713802701000766,0.12423176788724886,-0.0213310556730133,0.05005873111592862,0.8256772673733804,30,10,0.3333333333333333,PASS
600755.SH,3518,20120216,20260821,0.05896719141353568,-0.6731563421828909,0.27944665629020404,0.03452800984234705,-0.6933793297384071,0.18974040593162014,17,0.5294117647058824,0.03381892469754422,-0.6933793297384072,0.18748091551040788,-0.025148266715991463,-0.020222987555516325,0.6065946560545764,17,6,0.35294117647058826,中性,0.029877690176686844,-0.7567469982520857,0.19545589045031278,-0.029089501236848836,-0.0835906560691948,0.8695281409891984,24,7,0.2916666666666667,中性
600757.SH,3430,20120217,20260821,0.012235164757326444,-0.7445381715730652,0.15686090030127564,-0.042807732043609104,-0.8272392277628958,-0.06546396294494343,17,0.4117647058823529,-0.04174394511998125,-0.8272392277628959,-0.06164950453954578,-0.053979109877307696,-0.0827010561898307,0.5568513119533528,16,4,0.25,FAIL,-0.015717184855174815,-0.7878145991684422,0.05893590721449152,-0.02795234961250126,-0.043276427595376976,0.8623906705539358,24,10,0.4166666666666667,中性
600759.SH,3089,20120216,20260821,-0.04494106990701785,-0.9056130396083667,0.08373416627309975,-0.1309437351189493,-0.9631353686779364,-0.3546589260343364,20,0.25,-0.12382212235193757,-0.9631353686779364,-0.3269348412223184,-0.07888105244491972,-0.057522329069569667,0.4755584331498867,20,4,0.2,FAIL,-0.10535318087248913,-0.9585914322190792,-0.1379488337430608,-0.06041211096547128,-0.052978392610712466,0.7753318225963095,31,6,0.1935483870967742,FAIL
600760.SH,3427,20120215,20260821,0.17691451481839326,-0.7182497331910351,0.5485392598671371,0.09233799778535379,-0.7601674568080885,0.37194911002798237,23,0.34782608695652173,0.09357622869295157,-0.7601674568080886,0.37501566603898534,-0.0833382861254417,-0.04191772361705348,0.5293259410563175,22,7,0.3181818181818182,FAIL,0.12349257055798923,-0.6916764749487653,0.4449543326867213,-0.05342194426040403,0.02657325824226986,0.8409687773562883,32,12,0.375,FAIL
600761.SH,3521,20120215,20260821,0.09856197505317965,-0.6049850910590842,0.3810680736077466,0.01553512300775206,-0.6498831277840527,0.1323978091069278,22,0.45454545454545453,0.01662004329094402,-0.6498831277840527,0.13587981023296278,-0.08194193176223563,-0.044898036724968504,0.6327747798920761,21,7,0.3333333333333333,FAIL,0.07375555442711912,-0.6067307972673247,0.31636549441298956,-0.024806420626060532,-0.0017457062082405495,0.849474581084919,28,8,0.2857142857142857,中性
600763.SH,3369,20120216,20260821,0.11591781607143781,-0.8861766492972357,0.4331017207819939,0.1570948463569115,-0.6048203126437355,0.5531134693206596,17,0.35294117647058826,0.16130013791540065,-0.604820312643735,0.5640962203919594,0.04538232184396285,0.2813563366535007,0.6200653012763432,16,8,0.5,PASS,0.16616901933969386,-0.7753451445362997,0.553854893064016,0.05025120326825605,0.11083150476093606,0.8079548827545265,23,10,0.43478260869565216,PASS
600764.SH,3168,20120215,20260821,0.07766136859823924,-0.6720374129767301,0.3663276546451129,-0.017713701480545185,-0.7895106072661217,0.0728173818206444,19,0.3684210526315789,-0.015393303319608753,-0.7895106072661218,0.07990584654373069,-0.093054671917848,-0.11747319428939162,0.5142045454545454,19,8,0.42105263157894735,FAIL,0.04262529382311686,-0.7489905390702158,0.2756239396079532,-0.03503607477512238,-0.0769531260934857,0.827020202020202,25,11,0.44,FAIL
600765.SH,3477,20120216,20260821,0.049273890997116654,-0.8252928100120106,0.2936444651679873,-0.10106297420728616,-0.9155962200276693,-0.21462620061288742,24,0.20833333333333334,-0.09909335995367263,-0.9155962200276693,-0.20795735975386911,-0.1483672509507893,-0.09030341001565867,0.4426229508196721,24,6,0.25,FAIL,-0.012388003280314419,-0.8622389514291036,0.12891480232982758,-0.06166189427743107,-0.03694614141709296,0.7874604544147253,35,10,0.2857142857142857,FAIL
600770.SH,3433,20120215,20260821,-0.04678058933603002,-0.9315589353612167,0.08227000269393354,-0.04195584679533193,-0.9234562209993427,-0.02346301758849553,23,0.30434782608695654,-0.040054922422475436,-0.9234562209993425,-0.01694649788849203,0.006725666913554584,0.008102714361874153,0.41479755316050104,23,8,0.34782608695652173,反例,-0.094151649937676,-0.9466228363115763,-0.07786089658394774,-0.047371060601645976,-0.015063900950359588,0.781240897174483,42,13,0.30952380952380953,FAIL
600773.SH,3403,20120215,20260821,-0.018490167311079664,-0.7949836534960849,0.1699243023043971,-0.011325508199789946,-0.8115186201480282,0.11941882422012919,20,0.4,-0.010196295855843807,-0.8115186201480284,0.12243747467245977,0.008293871455235857,-0.01653496665194354,0.5345283573317661,20,9,0.45,反例,0.009446008438986908,-0.7616184477799467,0.20223802475742642,0.027936175750066572,0.03336520571613821,0.7846018219218337,31,16,0.5161290322580645,PASS
600775.SH,3437,20120215,20260821,0.03511742285290986,-0.8442795385160973,0.27717857999419226,-0.05384522965564975,-0.9262005246586563,-0.023226591291099417,20,0.4,-0.05440688670863547,-0.9262005246586563,-0.02484286303673809,-0.08952430956154533,-0.08192098614255905,0.4975269130055281,20,9,0.45,FAIL,-0.07589780499578436,-0.9423339854678858,0.0023622755746468414,-0.11101522784869422,-0.09805444695178855,0.7948792551643875,36,12,0.3333333333333333,FAIL
600776.SH,3523,20120215,20260821,0.05889640127323004,-0.8286189543641579,0.31521878922732227,0.043534786745037746,-0.8342129027866427,0.23935719730316116,21,0.23809523809523808,0.04338974965656739,-0.8342129027866427,0.23896449837810424,-0.015506651616662648,-0.00559394842248484,0.4132841328413284,21,9,0.42857142857142855,中性,-0.02389969874945097,-0.9165823670210015,0.11493578881353453,-0.08279610002268101,-0.0879634126568436,0.7919386886176554,35,12,0.34285714285714286,FAIL
600777.SH,3158,20120215,20260821,0.0974710553867626,-0.7314902310294015,0.40662961317333685,0.006698080004645668,-0.7722246437554552,0.1062688612477526,18,0.3333333333333333,0.006272587941336338,-0.7722246437554552,0.10474031418297425,-0.09119846744542626,-0.040734412726053715,0.4838505383153895,18,5,0.2777777777777778,FAIL,0.0325937051034062,-0.8157052056196747,0.22554076748943663,-0.0648773502833564,-0.08421497459027327,0.824889170360988,27,6,0.2222222222222222,FAIL
600779.SH,3519,20120215,20260821,0.02890273571104718,-0.8142333194087624,0.22638578056911443,0.04326703303004309,-0.680767856974768,0.22268330481467852,19,0.42105263157894735,0.048406948243284065,-0.680767856974768,0.23807709340552105,0.019504212532236886,0.13346546243399438,0.514919011082694,19,8,0.42105263157894735,PASS,0.045985072416609096,-0.7765037602449469,0.25054212084199756,0.017082336705561918,0.037729559163815485,0.7865870986075589,34,12,0.35294117647058826,PASS
600780.SH,3171,20130424,20260821,-0.006414388434280438,-0.7655780255948836,0.10881745082368406,-0.02447140896859812,-0.690423563022567,-0.0029830183843706825,16,0.375,-0.018808917613365783,-0.6904235630225672,0.01713563918466674,-0.012394529179085345,0.0751544625723164,0.5446231472721539,16,6,0.375,PASS,-0.01580361988534451,-0.7741464615274427,0.06192024746058441,-0.009389231451064073,-0.008568435932559071,0.8514664143803217,24,6,0.25,中性
600782.SH,3444,20120215,20260821,0.03176512213357019,-0.7058823698698798,0.23380327290127875,-0.04879963465492365,-0.7610541186947599,-0.060470473537728296,19,0.3157894736842105,-0.045554356703826016,-0.7610541186947599,-0.04915471736648732,-0.0773194788373962,-0.055171748824880074,0.49419279907084784,18,5,0.2777777777777778,FAIL,0.0005026518240056621,-0.6959820210335959,0.1420319723553366,-0.03126247030956453,0.00990034883628399,0.828397212543554,27,10,0.37037037037037035,FAIL
600783.SH,3524,20120216,20260821,0.0006672482033749372,-0.8578102527135579,0.20171569485602195,-0.0721476477238816,-0.9400738381172352,-0.078892452796591,21,0.23809523809523808,-0.07334470968229634,-0.9400738381172351,-0.0823515856956102,-0.07401195788567128,-0.08226358540367718,0.5019863791146425,21,7,0.3333333333333333,FAIL,-0.022261160451544137,-0.8807763790590609,0.1193881061421092,-0.022928408654919075,-0.02296612634550299,0.8178206583427923,31,9,0.2903225806451613,中性
600787.SH,3507,20120216,20260821,0.012980028932424226,-0.7568229014694022,0.1776219457573406,-0.06417079389320657,-0.8142705168499369,-0.12932261261600062,19,0.21052631578947367,-0.0633578960984229,-0.8142705168499369,-0.12644493756780145,-0.07633792503084713,-0.05744761538053467,0.4282862845737097,18,6,0.3333333333333333,FAIL,-0.029900903619196506,-0.8402424791019749,0.05278060441960978,-0.04288093255162073,-0.08341957763257268,0.864841745081266,30,8,0.26666666666666666,FAIL
600789.SH,3516,20120215,20260821,0.0428557369546847,-0.714596489651858,0.2698173326995086,-0.012782342642788436,-0.8251119497996265,0.07795252222821616,19,0.42105263157894735,-0.012207915913996725,-0.8251119497996265,0.07968966277680377,-0.05506365286868142,-0.11051546014776858,0.45051194539249145,18,5,0.2777777777777778,FAIL,-0.015994670347189377,-0.8407710660277584,0.11482063599802865,-0.058850407301874075,-0.12617457637590046,0.8174061433447098,31,11,0.3548387096774194,FAIL
600790.SH,3459,20120215,20260821,0.03216158925358292,-0.6678539318677427,0.19148683522001775,-0.04434990441274467,-0.7765465971532256,-0.131647665300076,18,0.3333333333333333,-0.038771189567623376,-0.7765465971532258,-0.10862746312927854,-0.0709327788212063,-0.10869266528548316,0.5224053194564903,18,5,0.2777777777777778,FAIL,-0.05174650849520657,-0.8304884318850518,-0.09447470040946646,-0.08390809774878949,-0.16263450001730917,0.9069095114194854,25,2,0.08,FAIL
600795.SH,3460,20120216,20260821,0.07936363913323619,-0.7268817345460907,0.3357890182908896,0.0421242389273937,-0.4988679273912673,0.19983225063782267,16,0.375,0.038192913436752685,-0.4988679273912674,0.1842203334738157,-0.0411707256964835,0.22801380715482333,0.5141618497109827,16,5,0.3125,中性,0.042252878362746715,-0.7258549630021747,0.20694136551347234,-0.03711076077048947,0.0010267715439160607,0.8557803468208093,28,5,0.17857142857142858,FAIL
600797.SH,3385,20120215,20260821,0.016114202366543928,-0.832167602039767,0.23212848966948074,-0.09717897381520246,-0.938039432037566,-0.18839542064049813,23,0.2608695652173913,-0.0974328468677389,-0.938039432037566,-0.18921530429137265,-0.11354704923428283,-0.10587182999779898,0.5048744460856721,22,7,0.3181818181818182,FAIL,-0.10630528865949507,-0.9330200497288322,-0.09396217151692124,-0.122419491026039,-0.1008524476890652,0.8410635155096012,35,7,0.2,FAIL
600798.SH,3337,20120215,20260821,0.008081982097356333,-0.8019612001829304,0.18455182755351904,-0.10607805566335204,-0.9279994518989791,-0.25071997515241334,15,0.13333333333333333,-0.105093008887575,-0.9279994518989793,-0.24730430285882765,-0.11317499098493133,-0.12603825171604888,0.41744081510338626,15,3,0.2,FAIL,-0.06030950809496782,-0.8725160408035223,-0.007448981155887807,-0.06839149019232416,-0.07055484062059192,0.8582559184896613,24,6,0.25,FAIL
600801.SH,3521,20120216,20260821,0.12384439104405409,-0.6149665835411471,0.4378160000741112,-0.03228607838902697,-0.7473720063501301,-0.0007285097771619093,22,0.4090909090909091,-0.024932808209749413,-0.74737200635013,0.02256695389258484,-0.1487771992538035,-0.13240542280898293,0.566032377165578,21,4,0.19047619047619047,FAIL,0.05176432016743915,-0.6996918353243119,0.2705319272741134,-0.07208007087661494,-0.08472525178316481,0.8233456404430559,31,9,0.2903225806451613,FAIL
600802.SH,3523,20120215,20260821,-0.02527937957105386,-0.7799847717736677,0.1089632142393971,0.013092652789524317,-0.6882209425250996,0.14484291020321982,16,0.25,0.007178140399072053,-0.6882209425250996,0.1295673981526768,0.032457519970125914,0.09176382924856807,0.474311666193585,17,8,0.47058823529411764,PASS,-0.05340972299559055,-0.8429191063539034,0.011488117107799074,-0.028130343424536686,-0.06293433458023578,0.8072665342038036,32,13,0.40625,中性
600803.SH,3417,20120316,20260821,0.051595962163147435,-0.6465787575457304,0.27625854616153367,-0.0748964153649958,-0.8641377737611089,-0.19083123856923895,19,0.3157894736842105,-0.07485607269146999,-0.8641377737611089,-0.19067237935571113,-0.12645203485461742,-0.21755901621537854,0.46444249341527655,19,4,0.21052631578947367,FAIL,-0.021408776749410108,-0.7946086415387322,0.07262050795702606,-0.07300473891255754,-0.14802988399300188,0.8659642961662277,29,5,0.1724137931034483,FAIL
600804.SH,3151,20120215,20250630,-0.24426956468390904,-0.9969375830164693,-0.30373185211361187,-0.10509665642099275,-0.9514641332025319,-0.227470873336371,20,0.35,-0.10330541398067361,-0.9514641332025318,-0.22128507304794864,0.14096415070323542,0.04547344981393753,0.46239289114566806,20,11,0.55,PASS,-0.08232869819695632,-0.9578846015480112,-0.04664354023133602,0.16194086648695272,0.03905298146845804,0.7854649317676928,34,13,0.38235294117647056,PASS
600805.SH,3525,20120215,20260821,-0.04984199100282294,-0.8546421824940283,-0.00416517893954647,-0.047895530670575504,-0.8473694937783678,-0.1273079961937623,19,0.21052631578947367,-0.04119849666533093,-0.8473694937783678,-0.10017151188734924,0.008643494337492008,0.007272688715660558,0.4797163120567376,19,10,0.5263157894736842,反例,-0.08127209156571014,-0.9194289658246515,-0.1392955510202022,-0.0314301005628872,-0.06478678333062315,0.8139007092198581,34,14,0.4117647058823529,FAIL
600806.SH,1117,20120215,20180711,-0.2066905174459862,-0.9289071680376029,-0.4326536544035501,0.14089063135989854,-0.4482961222091656,0.6434161758813672,6,0.5,0.1478803302938121,-0.4482961222091656,0.6684163520517515,0.3545708477397983,0.4806110458284373,0.38943598925693823,6,4,0.6666666666666666,PASS,0.003018646490685617,-0.5956687788517985,0.16379821208397757,0.20970916393667183,0.3332383891858044,0.7860340196956133,13,3,0.23076923076923078,PASS
600808.SH,3526,20120215,20260821,0.01757414346474473,-0.7139186072923123,0.17524715265860588,-0.013197364830984326,-0.7513047356921173,0.015272028125724693,19,0.3684210526315789,-0.01805342694103229,-0.7513047356921173,-0.001633801676640112,-0.03562757040577702,-0.03738612839980504,0.5204197390811117,20,7,0.35,FAIL,-0.011890112018074106,-0.7664904414769506,0.07165423785969703,-0.029464255482818835,-0.05257183418463829,0.819909245604084,30,13,0.43333333333333335,中性
600809.SH,3513,20120215,20260821,0.13994623706674014,-0.7071365363436861,0.47436830198214036,0.11923477532535864,-0.5263170213592625,0.44822636944172717,17,0.5294117647058824,0.12521707593889442,-0.5263170213592625,0.4652989908712024,-0.014729161127845725,0.1808195149844236,0.4961571306575576,17,7,0.4117647058823529,PASS,0.13231274746612032,-0.6895004003151167,0.4629127022488519,-0.007633489600619825,0.017636136028569394,0.8021633931113009,31,15,0.4838709677419355,中性
600810.SH,3486,20120217,20260821,0.012406077358148693,-0.6543443712774792,0.20024702199818495,-0.039671633555824926,-0.7975771148895101,0.0008723776083116982,22,0.2727272727272727,-0.03943146998818514,-0.7975771148895099,0.0016376765701786818,-0.051837547346333834,-0.14323274361203064,0.5806081468732072,22,7,0.3181818181818182,FAIL,0.003020819664937724,-0.6524273535614796,0.15966936462452525,-0.009385257693210969,0.0019170177159996138,0.8373493975903614,29,9,0.3103448275862069,中性
600811.SH,3061,20120215,20250414,-0.17507224957700995,-0.972559329064121,-0.33015676961091484,-0.013134441350456272,-0.792573071576556,0.03089645840349699,17,0.23529411764705882,-0.012038242901316387,-0.792573071576556,0.034702319276140016,0.16303400667569357,0.17998625748756503,0.4828487422410977,17,9,0.5294117647058824,PASS,-0.15601592054718794,-0.9574623485706781,-0.36123854914799,0.019056329029822017,0.01509698049344288,0.7912446912773603,28,10,0.35714285714285715,反例
600812.SH,3504,20120215,20260821,-0.020695871345316474,-0.7860288597192792,0.10063767304878213,-0.10632101102248559,-0.8963130808104486,-0.3719265773196777,17,0.17647058823529413,-0.10502067661958103,-0.8963130808104486,-0.3665793686803761,-0.08432480527426456,-0.11028422109116942,0.3082191780821918,17,8,0.47058823529411764,FAIL,-0.08938406433715373,-0.8614024469744229,-0.1131653088479488,-0.06868819299183726,-0.07537358725514376,0.8287671232876712,36,11,0.3055555555555556,FAIL
600815.SH,3499,20120215,20260821,-0.05300756631420478,-0.9155609619919065,0.044905032128516285,-0.13899830687934633,-0.9685281849283788,-0.4489204460751153,23,0.17391304347826086,-0.13840570196313895,-0.9685281849283788,-0.4466485550205074,-0.08539813564893417,-0.05296722293647227,0.3583881108888254,23,5,0.21739130434782608,FAIL,-0.09297407080860098,-0.9528824988700916,-0.10537073707579515,-0.039966504494396204,-0.03732153687818507,0.8025150042869391,37,15,0.40540540540540543,FAIL
600816.SH,3390,20120328,20260821,0.01308201375748963,-0.900294700858664,0.20191175516994514,-0.022462556121749855,-0.8279863199963092,0.001995033323499002,17,0.35294117647058826,-0.013192357977307001,-0.8279863199963092,0.040322547675017466,-0.02627437173479663,0.0723083808623548,0.4463126843657817,17,7,0.4117647058823529,PASS,-0.08108998916326715,-0.9250810335727226,-0.0931382686154572,-0.09417200292075678,-0.024786332714058612,0.7828908554572271,36,12,0.3333333333333333,FAIL
600818.SH,3431,20120216,20260821,-0.016334517390064418,-0.9287877264411872,0.17331410083886575,0.0391482791914175,-0.7484800123870331,0.22092884835829538,18,0.3888888888888889,0.046701858252124584,-0.7484800123870331,0.24296594998908866,0.063036375642189,0.18030771405415413,0.3978431944039639,17,10,0.5882352941176471,PASS,-0.05608911683477302,-0.951601204998279,0.0397977904898427,-0.039754599444708605,-0.022813478557091815,0.7700378898280384,36,12,0.3333333333333333,FAIL
600819.SH,3393,20120216,20260821,-0.0318545502374632,-0.7723818649378288,0.08918050251292198,-0.0738814100191787,-0.8467157266884213,-0.10320019114169082,21,0.2857142857142857,-0.07333024647034192,-0.8467157266884213,-0.10141912501811365,-0.04147569623287872,-0.07433386175059253,0.5487768936044798,21,8,0.38095238095238093,FAIL,-0.06528979099095977,-0.857604544976946,-0.024028239710415424,-0.033435240753496576,-0.08522268003911726,0.8278809313292071,31,11,0.3548387096774194,FAIL
600820.SH,3526,20120215,20260821,0.05037346840250101,-0.7391852610689816,0.24317376608391908,-0.008641908139565446,-0.7768228392190684,-0.006950454099863011,16,0.3125,-0.004134520761475802,-0.7768228392190684,0.013174982702868088,-0.05450798916397681,-0.037637578150086726,0.46880317640385705,15,3,0.2,FAIL,0.013261734983772255,-0.7612191642453107,0.11589354200740344,-0.037111733418728754,-0.02203390317632903,0.8508224617129893,26,7,0.2692307692307692,FAIL
600823.SH,2969,20120215,20240515,-0.13663681187310905,-0.9423288892108127,-0.2783781185572379,0.014791426941435759,-0.6294581140933937,0.10109188023101559,14,0.35714285714285715,0.02717623835179328,-0.6294581140933937,0.14760277183048642,0.16381305022490233,0.312870775117419,0.46581340518693165,14,12,0.8571428571428571,PASS,-0.030687426913937554,-0.8047003207801777,-0.009821187116926531,0.1059493849591715,0.13762856843063498,0.7709666554395419,26,10,0.38461538461538464,PASS
600824.SH,3516,20120215,20260821,0.007282549328354371,-0.7896478762200736,0.14983166553969782,-0.1109017366567494,-0.9287206859802096,-0.3048445279083533,22,0.2727272727272727,-0.10988446463389456,-0.9287206859802096,-0.3010313675170118,-0.11716701396224893,-0.13907280976013603,0.5250284414106939,22,4,0.18181818181818182,FAIL,-0.041046234161693396,-0.8456538026721828,0.002127628726840587,-0.048328783490047766,-0.05600592645210922,0.850967007963595,27,11,0.4074074074074074,FAIL
600825.SH,3457,20120215,20260821,-0.013058244455275259,-0.859741118959085,0.1577339372262777,-0.09749545599862286,-0.9003262974121273,-0.15013792040055954,22,0.2727272727272727,-0.09513929776487562,-0.9003262974121274,-0.14286378690430707,-0.08208105330960036,-0.040585178453042436,0.5044836563494359,22,7,0.3181818181818182,FAIL,-0.007225494846632596,-0.8398202872236857,0.14909817497460742,0.005832749608642662,0.01992083173539927,0.7899913219554527,33,18,0.5454545454545454,反例
600826.SH,3513,20120215,20260821,0.012899555581828315,-0.8504979201360343,0.18662932382973135,0.006886736221738854,-0.7635136566170622,0.13149582001755244,15,0.4,0.007566556853129347,-0.7635136566170623,0.1334314380582948,-0.005332998728698968,0.08698426351897204,0.5841161400512382,15,6,0.4,PASS,0.016452349369881825,-0.7851078226316138,0.18338721429113172,0.00355279378805351,0.06539009750442049,0.8468545402789639,25,11,0.44,PASS
600827.SH,3490,20120215,20260821,-0.019774254376993317,-0.7412239521108244,0.09399328415100668,-0.03949264422429166,-0.7339715460527316,-0.04522295064088145,22,0.3181818181818182,-0.037413458880025896,-0.7339715460527316,-0.03819739472624751,-0.01763920450303258,0.007252406058092742,0.4962750716332378,21,9,0.42857142857142855,中性,-0.09033494875172476,-0.8529528788707756,-0.13190257382206816,-0.07056069437473145,-0.11172892675995127,0.7994269340974212,38,11,0.2894736842105263,FAIL
600829.SH,3389,20120216,20260821,0.0013497875275887417,-0.7837947719750651,0.17483998773175444,-0.007537755289009684,-0.8293774672998873,0.10275654585157633,19,0.47368421052631576,-0.008907940063681452,-0.8293774672998873,0.09885997618371059,-0.010257727591270194,-0.045582695324822176,0.5414576571259959,18,7,0.3888888888888889,中性,-0.016273644564853806,-0.8284473524844136,0.11316698523231329,-0.017623432092442548,-0.044652580509348505,0.8238418412511065,30,11,0.36666666666666664,中性
600830.SH,3525,20120215,20260821,0.012851533746482069,-0.7966158769346326,0.21146178354551967,-0.11842089684802304,-0.9100209307464131,-0.1886294202568974,23,0.2608695652173913,-0.11734002734611415,-0.910020930746413,-0.1855000925493797,-0.13019156109259622,-0.11340505381178034,0.5846808510638298,23,6,0.2608695652173913,FAIL,-0.010962753114305834,-0.7584227607670015,0.1418977011634269,-0.023814286860787903,0.0381931161676311,0.8238297872340425,30,11,0.36666666666666664,PASS
600831.SH,3510,20120215,20260821,-0.07002899345933367,-0.9302579009842925,0.01915782082242536,-0.03689210700276868,-0.7098187629841719,0.019942239427845114,18,0.3333333333333333,-0.03432994601548056,-0.7098187629841718,0.027508132694637064,0.035699047443853105,0.22043913800012072,0.5455840455840456,18,11,0.6111111111111112,PASS,-0.05393253491148964,-0.8522631922412716,0.023089761808237436,0.016096458547844028,0.07799470874302095,0.8025641025641026,31,13,0.41935483870967744,PASS
600832.SH,643,20120215,20150429,0.5687785646832435,-0.3084415584415585,1.4018789398784341,0.1925440416929931,-0.3084415584415584,0.6848775428780275,6,0.3333333333333333,0.1962049708535203,-0.3084415584415584,0.6944791552857986,-0.3725735938297232,1.1102230246251565e-16,0.5567651632970451,5,0,0.0,FAIL,0.41122210205251175,-0.3084415584415584,1.1374923300192699,-0.15755646263073175,1.1102230246251565e-16,0.8584758942457231,6,1,0.16666666666666666,FAIL
600834.SH,3443,20120215,20260821,0.012172256425372341,-0.7938406550344753,0.17164692056919686,-0.028951008284272994,-0.7686697401609125,-0.03214850450341869,17,0.17647058823529413,-0.02876470463586389,-0.7686697401609126,-0.03136157290523457,-0.04093696106123623,0.02517091487356271,0.3801916932907348,16,5,0.3125,FAIL,-0.029219639522485186,-0.8218367800218389,0.04110534216536968,-0.04139189594785753,-0.02799612498736359,0.8451931455126344,32,10,0.3125,FAIL
600835.SH,3520,20120215,20260821,0.07172631779797989,-0.7249222318861019,0.3189148638128389,-0.03155294738834136,-0.8237891697209317,0.0023878585435489494,23,0.391304347826087,-0.028601038499409315,-0.8237891697209319,0.011750270011259072,-0.1003273562973892,-0.09886693783482992,0.5553977272727273,23,7,0.30434782608695654,FAIL,0.026399857476826494,-0.7737102299233154,0.19563855452259393,-0.045326460321153395,-0.048787998037213454,0.8150568181818182,31,11,0.3548387096774194,FAIL
600836.SH,2986,20120215,20240617,-0.15475943954923643,-0.9741842213961173,-0.1786005467358695,-0.05933259232361687,-0.8981774412581208,-0.06898598429547428,14,0.21428571428571427,-0.05787541406259844,-0.8981774412581208,-0.06435196053172448,0.09688402548663799,0.07600678013799644,0.48492967180174146,14,5,0.35714285714285715,PASS,-0.10505026544694229,-0.9382452772704165,-0.09794443182372888,0.04970917410229414,0.035938944125700756,0.8248492967180174,22,9,0.4090909090909091,PASS
600837.SH,3131,20120215,20250205,0.033414841665458495,-0.7248740387805068,0.20406523962342413,0.022677508277970437,-0.48855275180269064,0.12289300170299175,16,0.5625,0.027041270230753423,-0.48855275180269064,0.1400917191752944,-0.006373571434705072,0.23632128697781618,0.4723730437559885,16,8,0.5,PASS,0.05540889518093883,-0.614051019065911,0.2560682332938939,0.02199405351548034,0.11082301971459585,0.8032577451293517,28,11,0.39285714285714285,PASS
600838.SH,3526,20120215,20260821,0.02354168988041505,-0.7450676094308994,0.228020215943387,-0.017891929114779326,-0.7964690579666194,0.07396769104092789,18,0.5,-0.017576102122196402,-0.7964690579666194,0.07483520202419414,-0.04111779200261145,-0.05140144853571993,0.47816222348269993,18,7,0.3888888888888889,FAIL,0.005078878100371886,-0.7791272983720947,0.16856348347127062,-0.018462811780043165,-0.034059688941195265,0.7943845717526943,30,10,0.3333333333333333,中性
600839.SH,3492,20120215,20260821,0.08318462456775855,-0.8480847017598474,0.351769056692169,0.010835578342082819,-0.890676953599022,0.13930411557112726,20,0.25,0.0155821599347723,-0.890676953599022,0.15320181248072673,-0.06760246463298625,-0.04259225183917459,0.4911225658648339,20,6,0.3,FAIL,0.08857833685851024,-0.8017356510226863,0.35886969150278997,0.0053937122907516954,0.04634905073716111,0.811282932416953,30,14,0.4666666666666667,PASS
600841.SH,3504,20120215,20260821,-0.025893744276176633,-0.8651168087840205,0.1361429471357618,-0.1629099930359953,-0.971787677866839,-0.3545421300253499,23,0.21739130434782608,-0.1636995375801087,-0.971787677866839,-0.35707011542185607,-0.13780579330393206,-0.10667086908281842,0.5727739726027398,23,8,0.34782608695652173,FAIL,-0.12478619647918654,-0.93550177500963,-0.14510136774192048,-0.0988924522030099,-0.07038496622560952,0.8310502283105022,32,7,0.21875,FAIL
600844.SH,3398,20120215,20260821,-0.09811151716206434,-0.8849270664505673,-0.02753673572549436,-0.18160764726692258,-0.9680596703955267,-0.4838742078098344,29,0.27586206896551724,-0.18036782093871728,-0.9680596703955267,-0.4781923971919687,-0.08225630377665294,-0.08313260394495936,0.4961742201294879,28,10,0.35714285714285715,FAIL,-0.1455697821349724,-0.9527031472555804,-0.20297843197506307,-0.04745826497290806,-0.06777608080501307,0.7816362566215421,36,10,0.2777777777777778,FAIL
600845.SH,3459,20120215,20260821,0.15443032879838747,-0.6638825685754014,0.5049915656839595,0.09284446583028627,-0.5589798401342145,0.37149128878920823,16,0.4375,0.09575381385140336,-0.5589798401342144,0.3796580340349652,-0.058676514946984115,0.10490272844118698,0.5226944203527031,16,4,0.25,中性,0.0638924149667568,-0.7135089556082801,0.30611818954895603,-0.09053791383163068,-0.049626387032878694,0.8461983232148019,30,7,0.23333333333333334,FAIL
600846.SH,3516,20120215,20260821,0.08477293189923696,-0.6787681069065787,0.356292873779686,-0.08211215351406609,-0.8503910115722102,-0.15911191122840573,22,0.36363636363636365,-0.08107832702929374,-0.85039101157221,-0.15574778923450325,-0.1658512589285307,-0.17162290466563124,0.5341296928327645,21,5,0.23809523809523808,FAIL,-0.005393605940167356,-0.7752564047171048,0.13457506618987428,-0.09016653783940431,-0.09648829781052604,0.8577929465301479,30,10,0.3333333333333333,FAIL
600848.SH,3210,20120215,20260821,0.025495926229938126,-0.73260694936611,0.22795280001080376,-0.07359382827593663,-0.8600272237610476,-0.1690447982575917,16,0.25,-0.07913840119524984,-0.8600272237610476,-0.17979572923442882,-0.10463432742518797,-0.12742027439493753,0.5542056074766355,16,6,0.375,FAIL,-0.0667767105529895,-0.8586276762207818,-0.05287664497733295,-0.09227263678292763,-0.1260207268546718,0.8423676012461059,27,6,0.2222222222222222,FAIL
600850.SH,3365,20120215,20260821,0.022539661768323116,-0.8050604816093869,0.233403809403403,-0.032161236080476274,-0.894829980985401,-0.003964296470679564,22,0.3181818181818182,-0.03138266211377427,-0.894829980985401,-0.0014354927831868773,-0.05392232388209739,-0.08976949937601408,0.4526002971768202,22,7,0.3181818181818182,FAIL,-0.001956874180018553,-0.8404491274112053,0.146774414915803,-0.02449653594834167,-0.03538864580181833,0.7913818722139673,34,13,0.38235294117647056,中性
600851.SH,3500,20120216,20260821,0.020188279240676676,-0.7573328382047705,0.20081637809928496,-0.10658986953533245,-0.8986774735465078,-0.23919489432006322,22,0.3181818181818182,-0.10784266989085123,-0.898677473546508,-0.24351006179469825,-0.1280309491315279,-0.14134463534173747,0.5965714285714285,22,5,0.22727272727272727,FAIL,-0.044953413218424276,-0.8426050661863893,0.01314532280934564,-0.06514169245910095,-0.08527222798161882,0.8585714285714285,30,5,0.16666666666666666,FAIL
600855.SH,3394,20120215,20260821,0.02284547443216156,-0.8610768876164596,0.25536269706656417,-0.0407963391996512,-0.7548587266812585,0.04028458735425951,20,0.35,-0.038717582020564856,-0.7548587266812588,0.04595018575140213,-0.06156305645272642,0.10621816093520087,0.5583382439599293,20,6,0.3,中性,-0.03957318569072399,-0.9156138870381497,0.09474224850434958,-0.06241866012288555,-0.0545369994216901,0.8453152622274602,31,9,0.2903225806451613,FAIL
600858.SH,3424,20120215,20260821,-0.052122626747828193,-0.7808821286879208,-0.008875275154143682,-0.11087270963955631,-0.8495408389602301,-0.3809622952733163,23,0.17391304347826086,-0.10755492837007485,-0.8495408389602301,-0.36625191953253855,-0.05543230162224666,-0.0686587102723093,0.4526869158878505,23,8,0.34782608695652173,FAIL,-0.08379400746260746,-0.8347354515932195,-0.1348517272195896,-0.03167138071477926,-0.05385332290529865,0.8145443925233645,31,9,0.2903225806451613,FAIL
600859.SH,3321,20120215,20260821,-0.04453823384886557,-0.8700686538740602,0.03113781849098666,-0.003065112274238335,-0.7033092380807829,0.05634241963274725,19,0.3157894736842105,-0.012057673660849644,-0.7033092380807829,0.024714413099463085,0.03248056018801593,0.16675941579327724,0.43179765130984643,19,8,0.42105263157894735,PASS,-0.08271961455811228,-0.880377645521908,-0.12348505654507902,-0.038181380709246704,-0.01030899164784782,0.7768744354110207,35,13,0.37142857142857144,FAIL
600861.SH,3510,20120215,20260821,0.057151575692991674,-0.7731787588578883,0.28708797148852705,0.005542579939782355,-0.6720620338176669,0.1256514145690516,20,0.3,0.005632615420421594,-0.672062033817667,0.1259082360504285,-0.05151896027257008,0.10111672504022129,0.5618233618233618,19,4,0.21052631578947367,中性,0.055868457766214075,-0.7826330560106926,0.2786428953306634,-0.0012831179267775994,-0.009454297152804214,0.8384615384615385,26,12,0.46153846153846156,中性
600862.SH,3381,20120215,20260821,0.09957097420761185,-0.8856598380181039,0.4001219718191373,0.025533943498753375,-0.8377758302522791,0.1808744885703917,24,0.3333333333333333,0.026223559915201422,-0.8377758302522791,0.18308174417605264,-0.07334741429241043,0.0478840077658248,0.4779650990831115,24,7,0.2916666666666667,中性,0.0024530801543007907,-0.9465894824623416,0.16194710596977532,-0.09711789405331106,-0.06092964444423776,0.8080449571132801,38,13,0.34210526315789475,FAIL
600863.SH,3508,20120215,20260821,0.052474054610252674,-0.764587944087,0.2579994421038697,-0.05079879616001337,-0.8432483531474866,-0.14120064271283947,19,0.2631578947368421,-0.06245393898033569,-0.8432483531474866,-0.181479267908253,-0.11492799359058836,-0.07866040906048655,0.5438996579247435,19,4,0.21052631578947367,FAIL,-0.019710914681413283,-0.7467045259660756,0.025101559602485755,-0.07218496929166596,0.01788341812092442,0.8514823261117446,27,6,0.2222222222222222,FAIL
600864.SH,3387,20120216,20260821,-0.0008253584655341095,-0.8714284218571683,0.1697698311241493,-0.06204354673352708,-0.9293220018665138,-0.14734247521916022,18,0.1111111111111111,-0.061763334702374495,-0.9293220018665139,-0.14623875019422988,-0.060937976236840385,-0.057893580009345635,0.39917330971361087,18,6,0.3333333333333333,FAIL,-0.05824580079538055,-0.9071537751223905,-0.0029418188714100935,-0.057420442329846444,-0.03572535326522219,0.8314142308827871,34,10,0.29411764705882354,FAIL
600866.SH,3284,20120215,20260821,-0.015151364443935944,-0.6881606765327696,0.11008892863939111,-0.09727836081729713,-0.8541196474356527,-0.3281077200411208,18,0.2777777777777778,-0.0962370488252624,-0.8541196474356527,-0.3232567799484048,-0.08108568438132646,-0.16595897090288314,0.38246041412911086,18,6,0.3333333333333333,FAIL,-0.03615937233785915,-0.7591857204273851,0.020685280570575802,-0.02100800789392321,-0.0710250438946155,0.7880633373934226,33,11,0.3333333333333333,中性
600867.SH,3481,20120215,20260821,0.08517122709333136,-0.6927861473397301,0.3495095030394035,0.0829635505503572,-0.5497618504380393,0.3539065280824107,14,0.5,0.0872009636879636,-0.5497618504380393,0.36919420505371336,0.0020297365946322365,0.14302429690169083,0.5581729388106866,14,6,0.42857142857142855,PASS,0.05919114983733076,-0.6959803679023742,0.2725057606202339,-0.0259800772560006,-0.003194220562644068,0.8520540074691181,25,12,0.48,中性
600869.SH,3435,20120216,20260821,0.10388951203437413,-0.8145691833567807,0.4033217016890284,0.05510426826886583,-0.7954470656643006,0.26984748527839786,19,0.42105263157894735,0.05450892941683616,-0.7954470656643005,0.26822199223181714,-0.04938058261753797,0.01912211769248029,0.49985443959243087,19,9,0.47368421052631576,FAIL,0.033733118926394745,-0.8252897250838057,0.24031462650082777,-0.07015639310797939,-0.010720541727024968,0.8471615720524017,29,11,0.3793103448275862,FAIL
600871.SH,3362,20120215,20260821,-0.027276346030484122,-0.8839662447257384,0.06324575433652392,-0.034264506308152365,-0.8009953976610311,-0.05642771420530309,15,0.4,-0.03277041308977202,-0.800995397661031,-0.05080387882072589,-0.005494067059287899,0.08297084706470736,0.41136228435455086,14,5,0.35714285714285715,PASS,-0.06746562556877866,-0.9452117470474588,-0.09023070237166783,-0.04018927953829454,-0.061245502321720435,0.8322427126710291,24,7,0.2916666666666667,FAIL
600872.SH,3436,20120215,20260821,0.10784152175929229,-0.7965077734074161,0.4096969775542199,0.07159196507247367,-0.5146072255542193,0.3130844449655473,18,0.5,0.07122115562167108,-0.5146072255542193,0.31179640755240423,-0.03662036613762121,0.28190054785319674,0.47351571594877767,17,6,0.35294117647058826,中性,0.0530232371984205,-0.7814149820275097,0.264526065007489,-0.05481828456087179,0.015092791379906378,0.8509895227008148,32,8,0.25,FAIL
600873.SH,3345,20120221,20260821,0.04716331087696268,-0.7136291909446939,0.25081303277593825,0.00738756813175101,-0.6964446189786989,0.0962948843935931,20,0.3,0.013423184726689907,-0.6964446189786989,0.1178748061345046,-0.033740126150272776,0.017184571965994988,0.5647234678624813,20,6,0.3,FAIL,0.02824574910099109,-0.7116939189889981,0.18622249016796838,-0.018917561775971592,0.001935271955695761,0.8382660687593423,29,8,0.27586206896551724,中性
600874.SH,3519,20120215,20260821,0.013140549774057764,-0.7885539073776575,0.16397823760349434,-0.020092542302596272,-0.7240056765709881,0.01092774923203907,17,0.35294117647058826,-0.01772842162534438,-0.7240056765709881,0.018998619726567585,-0.030868971399402145,0.06454823080666938,0.5632281898266553,17,7,0.4117647058823529,中性,-0.010720150913726134,-0.7630151710367706,0.08152791046081498,-0.023860700687783898,0.02553873634088688,0.835464620630861,27,9,0.3333333333333333,中性
600875.SH,3450,20120215,20260821,0.02088060274647674,-0.7967396248305321,0.20441172510829203,0.05537662920753594,-0.8410393587321872,0.26518040018327704,17,0.35294117647058826,0.03369477493597306,-0.8410393587321872,0.20276611130157746,0.01281417218949632,-0.04429973390165509,0.5008695652173913,18,8,0.4444444444444444,反例,0.04295229532876643,-0.7781938054813438,0.2447731402468215,0.022071692582289693,0.01854581934918831,0.8168115942028985,27,10,0.37037037037037035,反例
600877.SH,3206,20120215,20260821,0.05936664188700602,-0.7721518987341773,0.326879220453819,-0.07434470665175141,-0.9173623085394759,-0.11413262290168592,26,0.38461538461538464,-0.09084005348105151,-0.9173623085394759,-0.16577089951389107,-0.15020669536805753,-0.14521040980529853,0.5814098565190269,27,7,0.25925925925925924,FAIL,0.021287538499444425,-0.7874040207676547,0.21295918545858572,-0.0380791033875616,-0.015252122033477367,0.7847785402370555,31,10,0.3225806451612903,FAIL
600879.SH,3425,20120215,20260821,0.09585232568817537,-0.5593689503812139,0.3826236740248444,-0.057572052187516376,-0.8044717789940767,-0.1287321183694733,24,0.2916666666666667,-0.05583843316854742,-0.8044717789940767,-0.12232278950289796,-0.15169075885672278,-0.2451028286128628,0.49693430656934306,23,4,0.17391304347826086,FAIL,-0.041527111587026266,-0.8473869140776291,0.016722690723444802,-0.13737943727520163,-0.2880179636964152,0.8595620437956204,37,7,0.1891891891891892,FAIL
600880.SH,3278,20120215,20260821,-0.03812519883716281,-0.8589592820345028,0.101164341105934,-0.12368669678580002,-0.9152351625555121,-0.28040898338895653,18,0.1111111111111111,-0.11702145876944181,-0.9152351625555122,-0.2557068924886916,-0.078896259932279,-0.0562758805210094,0.4322757779133618,18,5,0.2777777777777778,FAIL,-0.047434541306541234,-0.8310236661194229,0.048825741622871344,-0.009309342469378423,0.02793561591507987,0.7904209884075656,30,12,0.4,中性
600881.SH,3485,20120215,20260821,-0.06002012663159706,-0.9480488316165444,-0.010741459932670526,-0.07457179581006312,-0.9042043296842097,-0.23886737095569543,15,0.26666666666666666,-0.07269074212057691,-0.9042043296842097,-0.23084450749993846,-0.012670615488979853,0.04384450193233469,0.37589670014347204,14,6,0.42857142857142855,PASS,-0.12086138908011013,-0.9659290760144806,-0.23111222210470025,-0.06084126244851307,-0.01788024439793623,0.8550932568149211,27,10,0.37037037037037035,FAIL
600884.SH,3504,20120215,20260821,0.07574534810735978,-0.8492340126696784,0.346973006624589,0.040269604164628214,-0.7272540659749682,0.234733834992964,27,0.4074074074074074,0.04191242561375552,-0.7272540659749682,0.23896450399051447,-0.033832922493604256,0.12197994669471013,0.4988584474885845,27,13,0.48148148148148145,中性,0.029176879196337602,-0.7860811482210974,0.2318001571798643,-0.046568468911022176,0.06315286444858093,0.788527397260274,40,10,0.25,中性
600885.SH,3512,20120215,20260821,0.18418061793630702,-0.6059200844422085,0.5721834260790084,0.05860694995029636,-0.5582961789855121,0.2679171852095824,20,0.45,0.06280975114155152,-0.5582961789855121,0.28056472680890676,-0.1213708667947555,0.04762390545669637,0.6212984054669703,19,7,0.3684210526315789,中性,0.1524048362524666,-0.554089966148468,0.5137699798602762,-0.03177578168384043,0.05183011829374051,0.8658883826879271,24,9,0.375,中性
600886.SH,3463,20120216,20260821,0.15202605162568328,-0.597853814040259,0.5819995083914239,0.03843115166375588,-0.6138126296243799,0.18205719922123687,18,0.2777777777777778,0.04581103323713509,-0.6138126296243799,0.21322062853306667,-0.10621501838854819,-0.015958815584120933,0.6829338723650015,17,2,0.11764705882352941,FAIL,0.11562188345965652,-0.49444977838797277,0.4704386358864667,-0.03640416816602676,0.10340403565228617,0.8882471845220907,20,7,0.35,中性
600887.SH,3498,20120215,20260821,0.12044393947263599,-0.5315936664430087,0.45152360519814055,0.09282691135838594,-0.49239665666621635,0.3960315524637522,15,0.4666666666666667,0.09575789157185466,-0.49239665666621635,0.4070447834499974,-0.024686047900781327,0.0391970097767923,0.5960548885077187,14,5,0.35714285714285715,PASS,0.081674516730734,-0.5288854656750412,0.3400593554328475,-0.03876942274190198,0.002708200767967406,0.8584905660377359,30,9,0.3,FAIL
600888.SH,3478,20120215,20260821,0.032340968244550794,-0.7241570727664897,0.23519952308350112,-0.012395103059141932,-0.7655658150515927,0.0723343335983845,19,0.47368421052631576,-0.013075355928349186,-0.7655658150515926,0.07028554720094045,-0.04541632417289998,-0.04140874228510294,0.5968947671075331,18,4,0.2222222222222222,FAIL,-0.014726004353561084,-0.7864508814496747,0.10693502227228546,-0.04706697259811188,-0.062293808683185015,0.8657274295572168,25,7,0.28,FAIL
600893.SH,3393,20120216,20260821,0.06596244073729585,-0.754020754626303,0.31967129885119966,-0.03324906800739069,-0.8088140281803933,-0.055625911239014156,26,0.3076923076923077,-0.02937819676532416,-0.8088140281803934,-0.04108525968004312,-0.09534063750262001,-0.05479327355409036,0.43471853816681405,25,9,0.36,FAIL,-0.052053915766966496,-0.9083549774787738,-0.017445764208769893,-0.11801635650426234,-0.15433422285247078,0.7754199823165341,44,10,0.22727272727272727,FAIL
600894.SH,3491,20120216,20260821,0.05012069825439358,-0.8108345724576115,0.2550407415205993,-0.02796802465433612,-0.7636806442961348,-0.03234615481878674,20,0.35,-0.0241657858072718,-0.7636806442961346,-0.018016266308774606,-0.07428648406166538,0.0471539281614769,0.5138928673732455,20,4,0.2,中性,0.0236576524884764,-0.736989324623814,0.1710915251058723,-0.02646304576591718,0.07384524783379753,0.8327126897737038,28,12,0.42857142857142855,PASS
600895.SH,3523,20120215,20260821,0.11289214940306969,-0.7864889690802623,0.4165977177445627,0.04529516024661118,-0.8074669074851857,0.23431655886649494,19,0.47368421052631576,0.044060954535561025,-0.8074669074851857,0.2308416821274341,-0.06883119486750866,-0.020977938404923346,0.43145046835083734,18,10,0.5555555555555556,FAIL,0.024074131609313376,-0.8563669887444383,0.21819833171863162,-0.08881801779375631,-0.06987801966417595,0.8154981549815498,37,10,0.2702702702702703,FAIL
600896.SH,2319,20120215,20220718,-0.12125130025736575,-0.95097037793667,-0.06634064878514216,0.024337876557104954,-0.5944136372252777,0.19347865099656447,14,0.35714285714285715,0.02537215857531394,-0.5944136372252773,0.19649229473671734,0.1466234588326797,0.35655674071139276,0.4691677447175507,14,4,0.2857142857142857,PASS,-0.06643189904374669,-0.8558937821107061,0.004079180000557028,0.05481940121361906,0.09507659582596395,0.7865459249676585,23,6,0.2608695652173913,PASS
600897.SH,3526,20120215,20260821,0.05815606321578226,-0.5914999279747103,0.2641350715427496,-0.03474032055960907,-0.7488084293239294,-0.10270772512850034,16,0.3125,-0.03282974520668758,-0.7488084293239297,-0.09484855679422073,-0.09098580842246984,-0.15730850134921937,0.5604083947816222,16,2,0.125,FAIL,-0.009463111359024334,-0.7308715502253778,0.038032657105866154,-0.0676191745748066,-0.13937162225066746,0.8857061826432218,25,4,0.16,FAIL
600900.SH,3407,20120215,20260821,0.14903272683658586,-0.25212518750047797,0.7463410084451518,0.07798911973924305,-0.2957790258369122,0.4113855894197898,10,0.7,0.08213374310035992,-0.2957790258369123,0.43532867755837257,-0.06689898373622594,-0.043653838336434325,0.7064866451423539,9,1,0.1111111111111111,FAIL,0.1237765855287738,-0.3470165984464666,0.6342027506952053,-0.025256141307812063,-0.09489141094598863,0.9462870560610508,12,0,0.0,中性
600901.SH,2032,20180409,20260821,0.04441802780990178,-0.5397258467023172,0.21015144000423222,0.014391061007234196,-0.5305453565929474,0.04890644809643591,7,0.42857142857142855,-0.013047287856120415,-0.5853761951466075,-0.07162585779372285,-0.0574653156660222,-0.04565034844429039,0.6761811023622047,8,1,0.125,FAIL,0.04024240257315892,-0.48961971736653,0.18883239823680487,-0.004175625236742864,0.050106129335787175,0.8833661417322834,10,2,0.2,PASS
600903.SH,2096,20171212,20260821,0.008957561782896306,-0.7596215251798561,0.17440791900140662,-0.19887409055866612,-0.8782909266865888,-0.7960942205076108,12,0.0,-0.0733587950793636,-0.8782909266865888,-0.18941881217550843,-0.08231635686225991,-0.11866940150673266,0.4398854961832061,12,5,0.4166666666666667,FAIL,-0.03459999511930911,-0.8499569513121024,0.03902862807603882,-0.04355755690220542,-0.09033542613224621,0.816793893129771,19,8,0.42105263157894735,FAIL
600905.SH,1235,20210716,20260821,-0.09618988554892771,-0.5014786442221829,-0.4171623935441157,-0.086162145795453,-0.3980692621275098,-1.0301893224225196,4,0.0,-0.111730767213583,-0.4596752131183349,-1.192580926823566,-0.015540881664655282,0.04180343110384799,0.25425101214574897,5,3,0.6,PASS,-0.199931382434671,-0.6818045559597432,-1.0688532294257533,-0.1037414968857433,-0.1803259117375603,0.854251012145749,10,1,0.1,FAIL
600906.SH,1259,20210611,20260821,-0.14947186156797698,-0.6984072301967039,-0.34651207922525884,-0.059884076659430185,-0.40678634417181336,-0.30554990420916817,7,0.42857142857142855,-0.11690083583119382,-0.5739414299524407,-0.4704714072267395,0.032571025736783166,0.12446580024426324,0.34233518665607626,8,4,0.5,PASS,-0.1518380869847198,-0.6668382188623332,-0.4272672460716257,-0.0023662254167428065,0.031569011334370733,0.7426528991262907,15,9,0.6,PASS
600908.SH,2374,20161104,20260821,-0.05443331189461775,-0.787781512605042,-0.12058476870215737,-0.10861428479997548,-0.7264097074042634,-0.661853461311331,11,0.18181818181818182,-0.11714266550757246,-0.7414167837211394,-0.6883756627847917,-0.06270935361295471,0.04636472888390264,0.37531592249368156,11,3,0.2727272727272727,中性,-0.08021443878466772,-0.7930206638389723,-0.24622146924447527,-0.025781126890049966,-0.0052391512339302615,0.8694187026116259,15,5,0.3333333333333333,中性
600909.SH,2326,20170111,20260821,-0.0023538585744909968,-0.6710405300077942,0.10921674990015999,-0.11454373177997168,-0.7202914003439638,-0.5345649438961373,14,0.07142857142857142,-0.11904651112532505,-0.7202914003439638,-0.5554819445221091,-0.11669265255083405,-0.049250870336169594,0.3723129836629407,15,5,0.3333333333333333,FAIL,-0.05726879286293518,-0.6862433741121174,-0.08347029476809671,-0.054914934288444184,-0.015202844104323265,0.8009458297506449,25,8,0.32,FAIL
600917.SH,2858,20141111,20260821,-0.06880191405777059,-0.7441000200455286,-0.06139785329305908,-0.08898581124958593,-0.7571171294359361,-0.2729588186603943,14,0.35714285714285715,-0.097402827891376,-0.757117129435936,-0.30355033181169255,-0.028600913833605413,-0.013017109390407455,0.4331700489853044,14,4,0.2857142857142857,中性,-0.12911178860425576,-0.8579209891232433,-0.3004180052453371,-0.060309874546485176,-0.11382096907771477,0.8166550034989503,27,6,0.2222222222222222,FAIL
600918.SH,1483,20200710,20260821,-0.18183665472456567,-0.7562468793342579,-0.5884583209602416,-0.1476964547949331,-0.6253496660863495,-1.0392953868625971,7,0.0,-0.13537933810987046,-0.6253496660863493,-0.9396098978714956,0.04645731661469521,0.1308972132479086,0.31759946055293325,7,4,0.5714285714285714,PASS,-0.19719184801692835,-0.7743935514545398,-0.7923166167519415,-0.015355193292362679,-0.01814667212028187,0.7653405259608901,16,9,0.5625,中性
600919.SH,2409,20160906,20260821,0.05699603284336363,-0.4728194207836456,0.25786715825487894,0.03666958730029002,-0.3528785404596231,0.15890526309203376,10,0.4,0.028686311027922295,-0.3528785404596232,0.1127267269294164,-0.028309721815441335,0.11994088032402239,0.5857202158572021,10,3,0.3,PASS,0.03799782088003245,-0.3781900495953441,0.17094912420332645,-0.01899821196333118,0.0946293711883015,0.8522208385222084,14,6,0.42857142857142855,PASS
600925.SH,798,20230509,20260821,-0.083731185974243,-0.3083531981279253,-0.6037262511841168,-0.024623569082069308,-0.1120996441281139,-0.8385421861615729,1,0.0,-0.0613473412879183,-0.18795574475840016,-1.2237341379115036,0.022383844686324705,0.12039745336952512,0.22807017543859648,2,1,0.5,PASS,-0.12134795375899499,-0.39734319673516716,-0.9312101589814457,-0.03761676778475198,-0.08898999860724188,0.8897243107769424,5,0,0.0,FAIL
600926.SH,2360,20161201,20260821,0.06782691290120435,-0.4284799377255679,0.29408420202570723,0.021156552769729275,-0.4337498366574958,0.09316298320608445,13,0.46153846153846156,0.0206535161701753,-0.4337498366574958,0.09085341925820321,-0.04717339673102905,-0.005269898931927863,0.5800847457627119,13,5,0.38461538461538464,FAIL,0.09092923898350036,-0.3256133562031077,0.38647503714570897,0.02310232608229601,0.1028665815224602,0.8360169491525423,14,5,0.35714285714285715,PASS
600927.SH,1103,20220128,20260821,-0.1290730996199222,-0.5970146788990826,-0.35601941459139486,-0.12453792370672945,-0.5404901696280224,-0.6182529791418991,7,0.0,-0.11595397853298006,-0.5404901696280222,-0.5698850979688961,0.013119121086942132,0.05652450927106034,0.3744333635539438,8,3,0.375,PASS,-0.06486540744064684,-0.4318503179937445,-0.20582383165516882,0.06420769217927536,0.16516436090533804,0.7207615593834995,12,8,0.6666666666666666,PASS
600928.SH,1789,20190408,20260821,-0.11853540213175484,-0.689221724137931,-0.4506353628688591,-0.0845773256485226,-0.5181638422841142,-0.6104669708587317,6,0.16666666666666666,-0.10063335863015832,-0.5559092602918871,-0.7127529683092705,0.01790204350159652,0.1333124638460439,0.40301844605925097,6,3,0.5,PASS,-0.13276686514014968,-0.6860145338148262,-0.596613955412491,-0.01423146300839484,0.0032071903231047916,0.8323085522638345,14,3,0.21428571428571427,中性
600936.SH,2406,20160921,20260821,-0.10300335565700192,-0.8848791208791209,-0.10857892271942125,-0.09988784734359146,-0.7115842440187443,-0.26798556379795785,14,0.2857142857142857,-0.10712201056119686,-0.7221883365149564,-0.2931428187758689,-0.0041186549041949405,0.1626907843641645,0.44305901911886947,14,6,0.42857142857142855,PASS,-0.07921143899279248,-0.7646627086031104,-0.08523576204227194,0.023791916664209434,0.12021641227601054,0.7655860349127181,24,11,0.4583333333333333,PASS
600938.SH,1026,20220531,20260821,0.2152642224436232,-0.3837825385855793,0.6923485773391372,0.16897484632824855,-0.2968166574413481,0.6586395980915851,4,0.5,0.15527418075223132,-0.2968166574413482,0.6085216183390145,-0.05999004169139188,0.0869658811442311,0.5828460038986355,4,2,0.5,中性,0.12869492825339357,-0.36035857956636996,0.4719227494492364,-0.08656929419022963,0.02342395901920935,0.8976608187134503,7,1,0.14285714285714285,FAIL
600939.SH,2283,20170328,20260821,-0.18543906405077226,-0.8896610657705233,-0.3945435008691264,-0.0693161184654475,-0.5816723486172499,-0.2341558418070945,12,0.16666666666666666,-0.11371477644087569,-0.7254120376553006,-0.3808118544209737,0.07172428760989658,0.16424902811522268,0.451598773543583,12,5,0.4166666666666667,PASS,-0.15296424130464015,-0.8507092217350708,-0.3594577745882951,0.032474822746132115,0.03895184403545249,0.7884362680683311,19,9,0.47368421052631576,PASS
600941.SH,1095,20220216,20260821,0.14979243963288136,-0.22717504804854782,0.612766027065757,0.011320533561713253,-0.21307884766544383,0.030085762049158422,4,0.5,0.02137299535809234,-0.21307884766544383,0.08690698818748742,-0.12841944427478902,0.014096200383103996,0.771689497716895,3,1,0.3333333333333333,FAIL,0.1344094283810251,-0.18857742225817098,0.5623745170417784,-0.01538301125185626,0.038597625790376844,0.9525114155251142,3,1,0.3333333333333333,PASS
600956.SH,1467,20200803,20260821,-0.060878221063431104,-0.6697301894444123,0.004605711114758273,-0.10254426107660497,-0.6895843036951532,-0.2874341350439086,8,0.125,-0.11858075091052422,-0.6895843036951532,-0.3416664144808381,-0.05770252984709312,-0.019854114250740906,0.3551465576005453,9,4,0.4444444444444444,FAIL,-0.09588762139671914,-0.6961322579789012,-0.12038086375089044,-0.03500940033328803,-0.0264020685344889,0.8104976141785958,13,5,0.38461538461538464,FAIL
600958.SH,2729,20150428,20260821,-0.0897507299064052,-0.8013278008298754,-0.12841535028478887,-0.0911269623867601,-0.7658016372073264,-0.3992807266743854,15,0.13333333333333333,-0.09578330146983183,-0.7658016372073263,-0.3885637072063076,-0.006032571563426625,0.03552616362254912,0.3107365335287651,16,6,0.375,PASS,-0.04489023266621184,-0.6779107271354394,-0.058868561832287225,0.044860497240193364,0.123417073694436,0.7808721143275925,25,9,0.36,PASS
600959.SH,2624,20150603,20260821,-0.2025114756396693,-0.9321438969764837,-0.5915513800328994,-0.15995598939785916,-0.8628192511379021,-0.7959414874312797,15,0.13333333333333333,-0.1711257602738686,-0.8790003323773284,-0.84635039908319,0.031385715365800704,0.05314356459915526,0.4214939024390244,14,7,0.5,PASS,-0.1651296584993327,-0.8962664894798289,-0.5978805837990951,0.037381817140336615,0.0358774074966548,0.7618140243902439,22,8,0.36363636363636365,PASS
600961.SH,3506,20120215,20260821,0.06643441871014444,-0.74743165438456,0.32544770981207827,-0.015078148187863905,-0.8514723835035152,0.061450645005061075,19,0.3157894736842105,-0.01873002515729405,-0.8514723835035153,0.0540811122728491,-0.08516444386743849,-0.10404072911895523,0.4623502567027952,19,5,0.2631578947368421,FAIL,0.03744513867983268,-0.7768717532824984,0.24728256723007824,-0.02898928003031176,-0.029440098897938305,0.7855105533371364,32,11,0.34375,中性
600962.SH,3398,20120215,20260821,0.08212745643098196,-0.7839056538328131,0.36225204015532475,-0.07109956429266107,-0.9380759817560558,-0.10032909056615819,25,0.24,-0.0682454739702214,-0.9380759817560558,-0.0910383350373712,-0.15037293040120336,-0.1541703279232427,0.5320776927604474,24,6,0.25,FAIL,-0.0023235028088903764,-0.8454512157645206,0.154547786268669,-0.08445095923987234,-0.06154556193170757,0.8193054738081225,34,11,0.3235294117647059,FAIL
600963.SH,3472,20120216,20260821,-0.010331469320176145,-0.737045407806096,0.13828493836862105,-0.022050233639869465,-0.7481930318529004,0.03220890859485492,20,0.35,-0.0230822838497714,-0.7481930318529005,0.029016653702076314,-0.012750814529595256,-0.011147624046804583,0.4899193548387097,20,8,0.4,中性,-0.02413094810355576,-0.7131052119084607,0.07898584950971069,-0.013799478783379615,0.023940195897635297,0.8096198156682027,37,14,0.3783783783783784,中性
600966.SH,3475,20120215,20260821,0.04008962127704763,-0.799169017717358,0.23984680973839878,0.03469267526501896,-0.6993238301602189,0.184729716828636,18,0.3888888888888889,0.034185836879932374,-0.699323830160219,0.18300055601745152,-0.005903784397115253,0.099845187557139,0.4566906474820144,18,7,0.3888888888888889,PASS,0.08758779544248663,-0.6037885828702524,0.3558815034327569,0.047498174165439,0.19538043484710566,0.7913669064748201,31,14,0.45161290322580644,PASS
600967.SH,3373,20120215,20260821,0.07246863731837316,-0.6852871099888236,0.32457964841875353,0.05125195355296408,-0.6502413683001682,0.2486698844021113,15,0.3333333333333333,0.059372831605434495,-0.6502413683001684,0.27551600793646763,-0.013095805712938668,0.03504574168865515,0.5511414171360807,15,5,0.3333333333333333,PASS,0.05562875951022539,-0.7262007565271273,0.2723450286066215,-0.016839877808147774,-0.04091364653830376,0.823302697895049,29,11,0.3793103448275862,中性
600968.SH,1711,20190731,20260821,0.03968631041302406,-0.3842278005794807,0.2072124672960639,-0.04431656947922269,-0.5210091830152027,-0.2082075899743197,12,0.4166666666666667,-0.05741233540917534,-0.5474020982592813,-0.27005515879505815,-0.0970986458221994,-0.16317429767980063,0.35768556399766216,12,2,0.16666666666666666,FAIL,-0.013671985040180079,-0.5335351536287686,0.018129926938847643,-0.05335829545320414,-0.14930735304928788,0.8082992402104032,16,4,0.25,FAIL
600970.SH,3466,20120216,20260821,0.009367371282862136,-0.6180775922421621,0.17746529245694403,-0.06957188427696315,-0.8013395007373266,-0.11865443956329857,20,0.35,-0.0636211548550143,-0.8013395007373267,-0.09859812040699044,-0.07298852613787643,-0.18326190849516466,0.5536641661858049,19,7,0.3684210526315789,FAIL,-0.012131525022143874,-0.6642150100170761,0.10218387996060048,-0.02149889630500601,-0.04613741777491398,0.847663012117715,26,8,0.3076923076923077,中性
600971.SH,3526,20120215,20260821,0.005700089751956128,-0.7319339577023853,0.1579332751866732,-0.03850464515498653,-0.779338153150819,-0.03397865560980076,20,0.35,-0.03901225637593764,-0.7798207378350162,-0.035289438743874614,-0.044712346127893765,-0.04788678013263081,0.5550198525241067,19,7,0.3684210526315789,FAIL,-0.03761808625262553,-0.8212679766246124,0.023514026165776313,-0.043318176004581654,-0.08933401892222703,0.8335224049914918,29,7,0.2413793103448276,FAIL
600973.SH,3397,20120216,20260821,0.05627227820011349,-0.6865948991251583,0.3005256140428369,-0.0878889287524558,-0.8981533501367536,-0.1800078708743433,21,0.38095238095238093,-0.08655675893291814,-0.8981533501367537,-0.1754167633537035,-0.14282903713303163,-0.21155845101159543,0.6143656167206358,21,7,0.3333333333333333,FAIL,-0.004830485540829987,-0.7919348205167326,0.12412142537002668,-0.06110276374094348,-0.10533992139157433,0.8366205475419488,28,7,0.25,FAIL
600977.SH,2410,20160913,20260821,-0.07963284645878432,-0.654466273352999,-0.1113288435267604,-0.12464040419113209,-0.7489009730584569,-0.3634048361823964,14,0.14285714285714285,-0.13393697439246854,-0.7747019215293314,-0.39640539165604494,-0.05430412793368422,-0.12023564817633237,0.553941908713693,14,6,0.42857142857142855,FAIL,-0.08714104553888713,-0.6550495385968857,-0.16791806573344215,-0.0075081990801028065,-0.0005832652438867436,0.8199170124481328,19,8,0.42105263157894735,中性
600978.SH,1955,20120215,20210222,-0.19555494546683694,-0.976959641665524,-0.5054460584007807,-0.13661989339703895,-0.9231208842677319,-0.4540389854234011,14,0.14285714285714285,-0.13541080361607283,-0.9231208842677319,-0.44918618228654345,0.06014414185076411,0.05383875739779209,0.5248081841432225,14,6,0.42857142857142855,PASS,-0.10904888090158216,-0.9378256788947722,-0.26081072208193135,0.08650606456525478,0.03913396277075176,0.8209718670076727,18,9,0.5,PASS
600981.SH,3349,20120215,20260821,-0.033473416556144775,-0.9266426642664266,0.09089362601604105,-0.06250113317088402,-0.9543520660883626,-0.08663397949932529,18,0.3333333333333333,-0.06185890904124691,-0.9543520660883626,-0.08456209197987109,-0.028385492485102137,-0.02770940182193604,0.41146610928635413,17,8,0.47058823529411764,中性,-0.06099548268009125,-0.9310830769146334,-0.004109707975592796,-0.027522066123946476,-0.004440412648206826,0.806509405792774,30,11,0.36666666666666664,中性
600983.SH,3356,20120215,20260821,0.016308087252584924,-0.7915106449972147,0.1861877679563115,-0.05925918336724434,-0.7752544436524716,-0.15643072349383896,21,0.19047619047619047,-0.05467546873980511,-0.7752544436524716,-0.13834818788987532,-0.07098355599239003,0.016256201344743038,0.48897497020262215,20,7,0.35,FAIL,-0.04328098810999792,-0.8360026106725449,-0.00979498236954228,-0.059589075362582844,-0.0444919656753302,0.816150178784267,31,10,0.3225806451612903,FAIL
600985.SH,3348,20120305,20260821,0.09071866169208476,-0.59780285806456,0.3759723684879255,-0.01434939580817618,-0.8229434750145217,0.03374191312343848,19,0.5263157894736842,-0.023461704426603558,-0.8229434750145215,0.006138898802064705,-0.11418036611868831,-0.22514061694996146,0.5875149342891278,19,6,0.3157894736842105,FAIL,0.03125410820818342,-0.7703023273974478,0.2208912237241841,-0.05946455348390134,-0.17249946933288773,0.8823178016726404,28,8,0.2857142857142857,FAIL
600987.SH,3462,20120215,20260821,0.09495378766238671,-0.6367741702871771,0.37626551112793544,-0.03100154202246619,-0.8330975863958331,-0.0023013142386860757,19,0.47368421052631576,-0.03016362998967681,-0.8330975863958331,0.00037544174805868234,-0.12511741765206352,-0.196323416108656,0.6132293471981514,19,4,0.21052631578947367,FAIL,0.03661750116688456,-0.7979261250552896,0.22243874919959225,-0.058336286495502154,-0.1611519547681125,0.8622183708838822,27,7,0.25925925925925924,FAIL
600988.SH,3268,20120502,20260821,0.20216333266563113,-0.7006947873827586,0.6056204622852612,0.045067430677189435,-0.7291088096653271,0.25026660943220264,24,0.4166666666666667,0.06677117530980348,-0.7291088096653271,0.31092321493866254,-0.13539215735582766,-0.028414022282568507,0.49847001223990206,23,7,0.30434782608695654,FAIL,0.18277582649556012,-0.6655949722681098,0.5790277744340455,-0.01938750617007101,0.03509981511464877,0.7738678090575275,33,15,0.45454545454545453,PASS
600989.SH,1739,20190621,20260821,0.12875569154600508,-0.4244946091644204,0.45362849634672486,-0.03226657182562698,-0.5961356196704107,-0.04160183523432473,10,0.3,-0.043580919565641474,-0.5961356196704106,-0.07990147130590552,-0.17233661111164655,-0.17164101050599023,0.5951696377228292,11,4,0.36363636363636365,FAIL,0.07052121173923642,-0.521761274962728,0.30781386124528204,-0.05823447980676866,-0.09726666579830756,0.8913168487636572,13,4,0.3076923076923077,FAIL
600993.SH,3526,20120215,20260821,0.059657861169646775,-0.6646833081379127,0.2828453285650575,-0.0829248454462792,-0.8654460975554148,-0.22374305709415288,25,0.32,-0.08147486640119772,-0.8654460975554148,-0.21819893686188788,-0.1411327275708445,-0.20076278941750214,0.6117413499716392,24,4,0.16666666666666666,FAIL,-0.051024650075703226,-0.8551834119589167,-0.048128309477407365,-0.11068251124535,-0.19050010382100402,0.8788996029495179,30,4,0.13333333333333333,FAIL
600995.SH,3439,20120215,20260821,0.04407679331740466,-0.6187755695620512,0.2495139084966251,0.01117786480372085,-0.7224653460589516,0.12605296644994565,18,0.4444444444444444,0.010008820770537774,-0.7224653460589516,0.1224179716302693,-0.03406797254686689,-0.10368977649690048,0.525734225065426,18,6,0.3333333333333333,FAIL,0.026664230722458493,-0.646901653188364,0.19396735229725637,-0.017412562594946168,-0.02812608362631286,0.8391974411166037,28,11,0.39285714285714285,中性
600996.SH,2316,20170207,20260821,-0.0830501479704896,-0.7629213483146067,0.011274091254433953,-0.006800638193731112,-0.4937664846762919,0.08254287580474959,12,0.3333333333333333,-0.000684220246516376,-0.4937664846762919,0.10118782059396245,0.08236592772397322,0.26915486363831476,0.3687392055267703,11,7,0.6363636363636364,PASS,-0.0924215666932745,-0.7956044189689456,-0.05043276445392397,-0.009371418722784908,-0.03268307065433895,0.7737478411053541,23,10,0.43478260869565216,中性
600997.SH,3459,20120215,20260821,-0.02631502670871022,-0.6811585695292821,0.06802638513535245,-0.02338510544225203,-0.5225118205383601,-0.027916045756790006,19,0.42105263157894735,-0.020395589775242806,-0.5225118205383603,-0.016460233360120848,0.005919436933467415,0.1586467489909218,0.47267996530789247,18,10,0.5555555555555556,PASS,-0.010301046668111935,-0.60534481042508,0.09315579550178149,0.016013980040598286,0.07581375910420207,0.826539462272333,29,11,0.3793103448275862,PASS
600998.SH,3510,20120216,20260821,0.040688587893816575,-0.6592111105686633,0.2200348709954755,0.029900778147136542,-0.6331251961395654,0.16491074231146843,15,0.4,0.03223481577439613,-0.6331251961395652,0.17306838219300866,-0.008453772119420444,0.026085914429098134,0.627920227920228,15,6,0.4,中性,0.03270334244993256,-0.7321591481713778,0.1900939273862326,-0.007985245443884015,-0.07294803760271451,0.8598290598290599,21,10,0.47619047619047616,中性
600999.SH,3512,20120215,20260821,0.07001940129294848,-0.6729045930363104,0.3052131844258659,0.03263269970946059,-0.592269626273717,0.1634356162138349,19,0.42105263157894735,0.043650536370046567,-0.592269626273717,0.20507467805478588,-0.026368864922901913,0.08063496676259341,0.4718109339407745,19,6,0.3157894736842105,PASS,0.07514682492064839,-0.5139928396614335,0.3159363309409508,0.005127423627699912,0.15891175337487695,0.8231776765375854,30,9,0.3,PASS
601000.SH,3439,20120215,20260821,0.11777533815323338,-0.6828233704457436,0.43757436514241493,0.010652596563388794,-0.8159676045083903,0.11758387823682388,18,0.3888888888888889,0.013331785541502494,-0.8159676045083905,0.1263952075302397,-0.10444355261173088,-0.13314423406264686,0.6202384414073858,17,4,0.23529411764705882,FAIL,0.055828928093752284,-0.7210671001257998,0.2704638566291883,-0.061946410059481094,-0.03824372968005618,0.9066589124745565,21,4,0.19047619047619047,FAIL
601001.SH,3432,20120216,20260821,0.0319856211767473,-0.7588398647098833,0.24476134541067285,-0.0625785149188155,-0.75078867092679,-0.10755311485187853,21,0.42857142857142855,-0.059032374207184546,-0.7507886709267899,-0.0954786728993671,-0.09101799538393185,0.00805119378309338,0.4592074592074592,21,8,0.38095238095238093,FAIL,-0.004903480462790766,-0.699958635320806,0.13539421767596493,-0.03688910163953807,0.05888122938907725,0.8068181818181818,36,14,0.3888888888888889,中性
601002.SH,3512,20120216,20260821,-0.03805291485815965,-0.8747377414654585,0.06684552862638175,-0.11527846800160524,-0.9362941429698536,-0.31057275197116313,21,0.19047619047619047,-0.11502672628085897,-0.9362941429698536,-0.3096002528955077,-0.07697381142269932,-0.06155640150439512,0.607630979498861,20,5,0.25,FAIL,-0.10189630238193614,-0.9438226874576326,-0.1555428320809546,-0.0638433875237765,-0.06908494599217418,0.8414009111617312,28,7,0.25,FAIL
601003.SH,3352,20120216,20260821,0.02106843854506013,-0.6902908732987136,0.20271076225099346,0.010041342691738508,-0.8299634977516877,0.11982422469720345,17,0.29411764705882354,0.0023922172717902868,-0.8299634977516877,0.09507222676928913,-0.018676221273269844,-0.13967262445297401,0.44659904534606204,18,6,0.3333333333333333,中性,-0.01639455541646262,-0.7419129610513745,0.0845895593132618,-0.03746299396152275,-0.05162208775266086,0.8001193317422435,32,13,0.40625,FAIL
601005.SH,3088,20120215,20260821,-0.06582382175164903,-0.8674540682414698,-0.05899857233956639,-0.0988771902215212,-0.9129602167616276,-0.3460419943157244,15,0.2,-0.10622301025887892,-0.9129602167616275,-0.3713372802111546,-0.0403991885072299,-0.045506148520157774,0.3795336787564767,16,7,0.4375,FAIL,-0.08459637429802125,-0.8975364943501689,-0.15009621633977488,-0.018772552546372223,-0.030082426108699156,0.8257772020725389,25,10,0.4,中性
601006.SH,3524,20120215,20260821,0.02604896504039056,-0.5505698005698005,0.12576112406779888,0.04180959605670753,-0.3688786771632565,0.1873596635956219,11,0.5454545454545454,0.03606909765762367,-0.3688786771632566,0.15704955246525487,0.010020132617233113,0.18169112340654392,0.5698070374574348,11,5,0.45454545454545453,PASS,0.010037976909263335,-0.5009293643308748,0.04153499510648289,-0.016010988131127224,0.04964043623892578,0.8632236095346197,21,10,0.47619047619047616,PASS
601008.SH,3522,20120215,20260821,0.01719133001722395,-0.8039384605110482,0.2015705662026747,-0.04609856270790502,-0.8669083237397789,-0.021453415294901686,16,0.25,-0.04389450845667875,-0.8669083237397789,-0.0148371779226533,-0.0610858384739027,-0.06296986322873066,0.48722316865417375,16,5,0.3125,FAIL,0.0002306692596083515,-0.803750158059512,0.14850685314063566,-0.016960660757615598,0.00018830245153622638,0.8333333333333334,28,13,0.4642857142857143,中性
601009.SH,3518,20120215,20260821,0.13156040586516293,-0.46447368421052637,0.5096828703019985,0.013819397782223852,-0.5922228744550087,0.059626520180216705,19,0.47368421052631576,0.0073421420422585815,-0.5922228744550089,0.029517526123327354,-0.12421826382290435,-0.1277491902444825,0.5099488345650938,19,3,0.15789473684210525,FAIL,0.04335335565958354,-0.5203651603877733,0.2035457790988303,-0.0882070502055794,-0.05589147617724688,0.8664013644115975,28,4,0.14285714285714285,FAIL
601010.SH,3512,20120215,20260821,-0.04927462792282078,-0.9232737219898308,-0.007023596063644354,-0.03212603277170756,-0.9081013053656984,-0.06679632373888007,16,0.3125,-0.04443148954968934,-0.9081013053656983,-0.10912252969500412,0.004843138373131439,0.01517241662413249,0.42369020501138954,17,6,0.35294117647058826,反例,-0.09195202205746178,-0.9498991020115143,-0.18565861722927968,-0.042677394134641,-0.026625380021683465,0.8317198177676538,31,8,0.25806451612903225,FAIL
601011.SH,3505,20120216,20260821,-0.044467453130143886,-0.8921062786016662,0.08480368920133939,0.03078317766259442,-0.7268672301980145,0.20558766484010377,18,0.3888888888888889,0.03278456210828273,-0.7268672301980144,0.21101335871980345,0.07725201523842662,0.1652390484036519,0.5495007132667618,18,9,0.5,PASS,-0.03114491977332623,-0.8780547162201194,0.07907804091363693,0.013322533356817656,0.014051562381546812,0.8008559201141227,29,14,0.4827586206896552,反例
601012.SH,3424,20120518,20260821,0.2047312181751344,-0.8327284683992623,0.5928323978540697,0.15339350694736686,-0.6945319466685749,0.5209160373085602,20,0.5,0.15282385114077157,-0.6945319466685749,0.519506412822402,-0.05190736703436283,0.13819652173068742,0.540303738317757,21,9,0.42857142857142855,中性,0.16941772830192536,-0.8121044331531215,0.5362732784736176,-0.035313489873209036,0.02062403524614076,0.7958528037383178,34,12,0.35294117647058826,FAIL
601016.SH,2849,20141110,20260821,-0.024753679048240218,-0.8721765602012961,0.09421962482524275,-0.02188705074329811,-0.8646321188628677,0.03795905635435935,12,0.5,-0.016771672384728986,-0.8646321188628678,0.055048262016551636,0.007982006663511232,0.007544441338428243,0.4282204282204282,12,7,0.5833333333333334,反例,-0.1011348838311309,-0.9339992121190348,-0.13556548665373006,-0.07638120478289068,-0.061822651917738725,0.8743418743418744,22,6,0.2727272727272727,FAIL
601018.SH,3389,20120215,20260821,0.04301360442192559,-0.7454289965283518,0.21933685623000723,0.023410885410116267,-0.7318632840751043,0.11529665659346414,13,0.07692307692307693,0.025896102437759305,-0.7318632840751043,0.12664865744927506,-0.017117501984166283,0.013565712453247558,0.41959280023605783,12,4,0.3333333333333333,中性,0.002749503225681904,-0.8130129464618847,0.0638723890175554,-0.040264101196243685,-0.0675839499335329,0.8772499262319268,21,5,0.23809523809523808,FAIL
601019.SH,2097,20171227,20260821,-0.02747258045931933,-0.5312725868725869,-0.033761943310145946,-0.042258152275373995,-0.5908434330900966,-0.22899673257701242,11,0.2727272727272727,-0.09058348776473302,-0.5908434330900967,-0.4369819011833247,-0.06311090730541369,-0.05957084621750974,0.5431568907963757,12,5,0.4166666666666667,FAIL,-0.10703927076774555,-0.6514401616460048,-0.37588083241259074,-0.07956669030842622,-0.12016757477341788,0.8459704339532665,20,4,0.2,FAIL
601020.SH,2492,20160421,20260821,0.007090071411378185,-0.8803484962052446,0.2271347340062924,-0.02489068813087092,-0.7301922103197402,0.047337057605554365,16,0.375,-0.050245975050069336,-0.73019221031974,-0.02326622448320075,-0.05733604646144752,0.15015628588550456,0.4281701444622793,17,5,0.29411764705882354,中性,-0.021934599887546757,-0.8060305854652705,0.1329660971905639,-0.029024671298924942,0.07431791073997407,0.7728731942215088,27,7,0.25925925925925924,PASS
601021.SH,2765,20150304,20260821,0.026985230058301113,-0.5734642401926073,0.18904307853105162,-0.06212021150443903,-0.7210985865392285,-0.20696133830643573,17,0.29411764705882354,-0.04688366866603799,-0.7210985865392288,-0.13705131164990622,-0.0738688987243391,-0.14763434634662143,0.47920433996383366,17,4,0.23529411764705882,FAIL,-0.05258596823690531,-0.7383313929334299,-0.07885597183355719,-0.07957119829520642,-0.16486715274082253,0.8358047016274864,27,6,0.2222222222222222,FAIL
601058.SH,3492,20120215,20260821,0.1681702913816936,-0.7083414874781286,0.5411161769786872,-0.032840336322548125,-0.8309609715681394,-0.00923436976216406,25,0.32,-0.030989773071350535,-0.8309609715681394,-0.0029181998437382206,-0.19916006445304413,-0.12261948409001078,0.6314432989690721,24,4,0.16666666666666666,FAIL,0.08467852419098953,-0.736810495595488,0.3491787221444378,-0.08349176719070406,-0.028469008117359307,0.8811569301260023,28,7,0.25,FAIL
601059.SH,818,20230308,20260821,-0.0019013855017587789,-0.46066449016100175,0.14248746229685502,-0.10340840282861485,-0.5612446394289583,-0.32365064282230843,5,0.2,-0.11932919765672134,-0.5612446394289583,-0.38577692333916336,-0.11742781215496256,-0.10058014926795655,0.4352078239608802,5,1,0.2,FAIL,-0.09421824853247895,-0.5324010914327033,-0.13099752508835213,-0.09231686303072018,-0.07173660127170156,0.8166259168704156,9,0,0.0,FAIL
601061.SH,791,20230518,20260821,0.06541596658753224,-0.4130569712436045,0.29759991481368486,0.10743751914911659,-0.3897457854346793,0.4728445740751122,2,0.5,0.04167325176295256,-0.3897457854346793,0.19104561698988648,-0.02374271482457968,0.023311185808925217,0.30973451327433627,3,1,0.3333333333333333,中性,-0.0373174515425988,-0.4578204986140505,-0.013912895484013324,-0.10273341813013104,-0.04476352737044598,0.8268015170670038,8,4,0.5,FAIL
601066.SH,1958,20180725,20260821,0.1265530321213182,-0.6849418089282833,0.4423728097632446,0.08838402622461206,-0.5279850356898311,0.35455727781136365,10,0.5,0.032388004220297306,-0.5279850356898311,0.18739253788363938,-0.09416502790102088,0.15695677323845214,0.37844739530132787,11,4,0.36363636363636365,中性,0.11173174574794542,-0.5996579853699973,0.4103809963127981,-0.014821286373372766,0.08528382355828601,0.7722165474974464,21,7,0.3333333333333333,PASS
601068.SH,1906,20181015,20260821,-0.04271481737605465,-0.683590033975085,0.08052797354453511,-0.09714161204731842,-0.6005032232243763,-0.43068685175083093,7,0.14285714285714285,-0.09374764292587634,-0.6005032232243764,-0.4088236580990147,-0.05103282554982169,0.08308681075070856,0.20356768100734524,8,3,0.375,中性,-0.19508947688208922,-0.8818047549637515,-0.39788734783140417,-0.15237465950603457,-0.19821472098866655,0.7345225603357818,27,9,0.3333333333333333,FAIL
601077.SH,1628,20191203,20260821,0.06561376340103697,-0.4085455202312137,0.29713206467229053,0.04894334671681255,-0.33954981081068414,0.23418096981112396,5,0.2,0.04960888352082282,-0.3395498108106839,0.23828238810294794,-0.01600487988021415,0.0689957094205298,0.43796068796068793,6,2,0.3333333333333333,PASS,0.025083964904704104,-0.4857722208153453,0.10793138323787345,-0.04052979849633287,-0.07722670058413161,0.8918918918918919,10,1,0.1,FAIL
601088.SH,3452,20120215,20260821,0.10662478194949232,-0.49797049191174036,0.419894368807579,0.033513258619626285,-0.6011788959112073,0.1755161229897138,16,0.4375,0.028513877648244756,-0.6011788959112073,0.1574722913142784,-0.07811090430124756,-0.10320840399946696,0.7114716106604867,16,4,0.25,FAIL,0.09352775860975338,-0.4909705310886705,0.38128504344946584,-0.013097023339738945,0.006999960823069862,0.8893395133256083,19,9,0.47368421052631576,中性
601098.SH,3525,20120216,20260821,0.044915831804633655,-0.6720912567034932,0.22794358843888857,-0.041617492821560464,-0.7863221047585685,-0.09431167660946005,19,0.2631578947368421,-0.03712083300597613,-0.7863221047585683,-0.07728096440009578,-0.08203666481060978,-0.11423084805507511,0.6414184397163121,18,5,0.2777777777777778,FAIL,0.02309934935556357,-0.6473075831307926,0.15418882622784622,-0.021816482449070085,0.024783673572700615,0.8590070921985815,23,6,0.2608695652173913,中性
601099.SH,3509,20120215,20260821,0.019626547056213584,-0.8012812078666389,0.18886587207573044,-0.01707787554619189,-0.8272844847898347,0.0023491801596373517,17,0.4117647058823529,-0.012413402867732404,-0.8272844847898346,0.019790228352582828,-0.03203994992394599,-0.026003276923195706,0.41208321459105157,17,7,0.4117647058823529,FAIL,0.0325883614602589,-0.6959154301756965,0.20543885498053427,0.012961814404045313,0.10536577769094246,0.8030777999430037,30,17,0.5666666666666667,PASS
601100.SH,3487,20120215,20260821,0.23092677230977343,-0.682227842294648,0.6589174811668317,0.09564706463399553,-0.7114635445443315,0.3783681178306951,20,0.5,0.0982602679128941,-0.7114635445443315,0.385743598592452,-0.13266650439687933,-0.029235702249683526,0.549182678520218,19,4,0.21052631578947367,FAIL,0.12589360849934894,-0.7469644922302561,0.4471639621134046,-0.10503316381042449,-0.06473664993560813,0.8640665328362489,31,7,0.22580645161290322,FAIL
601101.SH,3418,20120215,20260821,0.0182008656603605,-0.8012517684201313,0.20884472151304212,0.007340256383351562,-0.7394011279621573,0.12358224755931016,22,0.2727272727272727,0.006998057844061822,-0.7394011279621573,0.12254742252375626,-0.011202807816298677,0.06185064045797406,0.48595669982445877,21,7,0.3333333333333333,PASS,0.024439567932963202,-0.788112817590966,0.20806673406771695,0.006238702272602703,0.013138950829165386,0.8060269163253364,29,14,0.4827586206896552,反例
601106.SH,3517,20120215,20260821,-0.011907951276139528,-0.8951382268827455,0.10851979042912502,0.0222998380289281,-0.8036123475301165,0.13995204026235733,17,0.35294117647058826,0.02316156124574187,-0.8036123475301165,0.1429600044858263,0.035069512521881396,0.09152587935262901,0.3943702018765994,17,9,0.5294117647058824,PASS,0.005713409306797201,-0.8430496283535813,0.12809417673378468,0.01762136058293673,0.05208859852916414,0.7907307364230879,32,17,0.53125,PASS
601107.SH,3504,20120216,20260821,0.05466815583683804,-0.6603716493324036,0.25832008270243345,-0.003907205686859205,-0.7810701633793864,0.02891287342137623,15,0.4,-0.000723342202263888,-0.7810701633793864,0.0413147521594309,-0.05539149803910193,-0.12069851404698284,0.5234018264840182,14,5,0.35714285714285715,FAIL,0.01342074320796427,-0.6929393304121557,0.12459982424420282,-0.04124741262887377,-0.032567681079752164,0.8858447488584474,23,5,0.21739130434782608,FAIL
601108.SH,2112,20171128,20260821,-0.0689893576772429,-0.6922542218165222,-0.0880288885403875,-0.15793735391178965,-0.7837543476287749,-0.7237524009501974,15,0.26666666666666666,-0.16733928507376716,-0.8015564942159225,-0.7653427949294243,-0.09834992739652426,-0.10930227239940027,0.40577651515151514,16,4,0.25,FAIL,-0.0820999282546212,-0.5802962440881201,-0.20366278996311885,-0.0131105705773783,0.1119579777284021,0.7192234848484849,28,8,0.2857142857142857,PASS
601111.SH,3487,20120216,20260821,-0.001653282985641047,-0.5991479688466297,0.11733628731703326,-0.03992384188399489,-0.811926077968571,-0.10198257396777133,20,0.3,-0.046625631317092964,-0.811926077968571,-0.1264773443094854,-0.04497234833145192,-0.21277810912194128,0.4043590478921709,21,7,0.3333333333333333,FAIL,-0.0438853331143213,-0.7337106654868938,-0.038365596669054425,-0.042232050128680254,-0.1345626966402641,0.8193289360481789,30,7,0.23333333333333334,FAIL
601117.SH,3522,20120215,20260821,0.03061411618548604,-0.61340449733135,0.20668071978492075,-0.0017454710937431228,-0.6233986003401885,0.06770696594325407,18,0.3888888888888889,-0.0007039022578895215,-0.6233986003401883,0.07116685067336051,-0.03131801844337556,-0.009994103008838295,0.5871663827370812,18,7,0.3888888888888889,FAIL,-0.04474830130958951,-0.778288093996652,-0.02992773776047775,-0.07536241749507555,-0.16488359666530195,0.8438387279954571,28,8,0.2857142857142857,FAIL
601118.SH,3398,20120216,20260821,-0.01385734845728337,-0.7134599783666846,0.11740477008622487,-0.0237905263546494,-0.7081986609043156,-0.005190459531048368,17,0.23529411764705882,-0.02116695653518641,-0.7081986609043156,0.004201190686197534,-0.00730960807790304,0.0052613174623690195,0.4735138316656857,17,7,0.4117647058823529,中性,-0.029049152181256477,-0.6376026355449426,0.047355323909857236,-0.015191803723973107,0.07585734282174206,0.8410829899941142,27,10,0.37037037037037035,PASS
601126.SH,3521,20120215,20260821,0.15696745409733404,-0.7749560019660382,0.5038469888883068,0.09960849405240535,-0.5731825492856621,0.38271000439524594,19,0.42105263157894735,0.09961976096206504,-0.5731825492856621,0.38273832795464097,-0.057347693135268996,0.20177345268037605,0.5498437943765976,19,6,0.3157894736842105,中性,0.16365584767486374,-0.7647641580999621,0.5233816145027624,0.006688393577529705,0.010191843866076078,0.8409542743538767,28,9,0.32142857142857145,反例
601127.SH,2424,20160720,20260821,0.03622708742530034,-0.7864910013351135,0.28683727642751844,-0.03476658860338466,-0.663700542657488,0.034606226914353916,14,0.35714285714285715,-0.06124316008992192,-0.7370031499481944,-0.03544574902225751,-0.09747024751522226,0.049487851386919135,0.5086633663366337,15,4,0.26666666666666666,中性,-0.02715998398593844,-0.8078746549028353,0.13207339989438388,-0.06338707141123878,-0.02138365356772176,0.7879537953795379,23,9,0.391304347826087,FAIL
601128.SH,2374,20161111,20260821,-0.016208465546655892,-0.6147168554297135,0.01084290225804054,-0.031664816765535675,-0.5242083232891537,-0.1139366882939692,12,0.4166666666666667,-0.02798643466207884,-0.5242083232891539,-0.09645278342993954,-0.011777969115422948,0.09050853214055965,0.6259477674810446,11,2,0.18181818181818182,PASS,-0.0011147601625274284,-0.5056752113048872,0.04819440348777379,0.015093705384128464,0.10904164412482631,0.8508845829823083,15,9,0.6,PASS
601136.SH,861,20230203,20260821,-0.08262671294816648,-0.5418705469128777,-0.04904516435167773,-0.11669861028528217,-0.5128235795085645,-0.6221653242339178,5,0.0,-0.16676401183725464,-0.5128235795085645,-0.8542181673441918,-0.08413729888908816,0.02904696740431323,0.2450638792102207,6,2,0.3333333333333333,FAIL,-0.16933342954530028,-0.6774998481829905,-0.376403222333207,-0.0867067165971338,-0.13562930127011275,0.7537746806039489,12,3,0.25,FAIL
601138.SH,1965,20180716,20260821,0.19537901736556296,-0.5731387355746893,0.5726611457189827,0.20468470423968177,-0.5921029586752217,0.6512962138489178,9,0.3333333333333333,0.1858417123532683,-0.5921029586752218,0.6033293501239632,-0.009537305012294661,-0.018964223100532474,0.40559796437659035,10,5,0.5,中性,0.1774616448575308,-0.6110396055003025,0.5491143483982338,-0.01791737250803216,-0.037900869925613145,0.7872773536895674,18,7,0.3888888888888889,中性
601139.SH,3519,20120215,20260821,0.029000322653863986,-0.5213675213675213,0.1781047620913543,-0.07317464020790854,-0.7601074182133781,-0.259192872492555,20,0.2,-0.06398961826773941,-0.7601074182133782,-0.21727686447042202,-0.0929899409216034,-0.23873989684585695,0.5379369138959932,19,3,0.15789473684210525,FAIL,-0.04066726157691791,-0.7121171283787909,-0.0675531100224586,-0.0696675842307819,-0.19074960701126964,0.859050866723501,29,7,0.2413793103448276,FAIL
601155.SH,2566,20160111,20260821,0.017229560033036995,-0.8342775391927952,0.21141064527111794,-0.052184420848968904,-0.8586377593730012,-0.10386639618080404,15,0.4,-0.05690947158605564,-0.8586377593730012,-0.11980902087887908,-0.07413903161909263,-0.024360220180206005,0.4961028838659392,16,5,0.3125,FAIL,-0.12516696155893015,-0.9444932013956592,-0.19719601077888949,-0.14239652159196714,-0.11021566220286394,0.8141075604053001,28,10,0.35714285714285715,FAIL
601156.SH,1236,20210715,20260821,0.0061365743152173025,-0.5255912585997571,0.10810008207677467,0.05962267528631959,-0.30968789985607326,0.2673735075149656,6,0.5,0.060345615465942526,-0.30968789985607337,0.2704505542760116,0.05420904115072522,0.21590335874368372,0.4021035598705502,6,4,0.6666666666666666,PASS,0.012514444535979496,-0.4733462818476244,0.11760727241875152,0.006377870220762194,0.05224497675213269,0.790453074433657,11,5,0.45454545454545453,PASS
601158.SH,3518,20120215,20260821,0.008663977369536502,-0.6033315900661295,0.08649577951866529,-0.0046229313509443815,-0.49456283856388716,-0.02015231039684022,9,0.2222222222222222,-0.004018345642105792,-0.49456283856388705,-0.01742049438629543,-0.012682323011642294,0.10876875150224241,0.6554860716316089,9,4,0.4444444444444444,PASS,-0.031509606802771595,-0.6957718397497245,-0.08215624225703407,-0.0401735841723081,-0.09244024968359499,0.928084138715179,16,3,0.1875,FAIL
601162.SH,1871,20181123,20260821,-0.06551495075132152,-0.8053354786806114,-0.026792630303484728,-0.001973871247408221,-0.5659468285318572,0.05359518169767035,10,0.3,0.06301857883133377,-0.5910890878606634,0.27965925617284415,0.1285335295826553,0.214246390819948,0.4024585783003741,9,6,0.6666666666666666,PASS,-0.07477930372010122,-0.8201364463456913,-0.09562004851019971,-0.009264352968779699,-0.014800967665079878,0.7349011223944415,22,9,0.4090909090909091,中性
601163.SH,2387,20161025,20260821,-0.08442074354956786,-0.7491053109396277,-0.28872145210154565,-0.03149914877498261,-0.34927836948004143,-0.20472663402895083,11,0.45454545454545453,-0.022411013569333837,-0.36883994186610636,-0.14828874660308727,0.06200972998023402,0.3802653690735214,0.4139086719731881,10,4,0.4,PASS,-0.07588655955823898,-0.6626797942098401,-0.2981572184431921,0.00853418399132888,0.0864255167297876,0.8596564725596983,14,6,0.42857142857142855,PASS
601166.SH,3516,20120215,20260821,0.09568512025680387,-0.4100580270793037,0.39086154241151144,0.054793896575112466,-0.3974030501654445,0.24869278753131016,14,0.5,0.05054176789043541,-0.39740305016544464,0.22918915188416472,-0.04514335236636846,0.012654976913859084,0.5503412969283277,14,5,0.35714285714285715,FAIL,0.07192991291001394,-0.5171202297092943,0.31115435046047163,-0.02375520734678993,-0.10706220262999055,0.8850967007963595,23,8,0.34782608695652173,中性
601168.SH,3331,20120215,20260821,0.11477977427607033,-0.6187562700406529,0.4344974525809691,0.038840542181809656,-0.777649893827361,0.2278621908183242,17,0.4117647058823529,0.04012075078794419,-0.7776498938273608,0.2316236055123747,-0.07465902348812614,-0.1588936237867079,0.6148303812668868,16,4,0.25,FAIL,0.020889277110035076,-0.7727914168402261,0.1977855514114118,-0.09389049716603526,-0.1540351467995732,0.8880216151305914,24,7,0.2916666666666667,FAIL
601169.SH,3481,20120215,20260821,0.06458715201424425,-0.4318565562984855,0.29115411243449424,0.056610893321940914,-0.3952865442280843,0.2796662373847515,10,0.5,0.05272617439006577,-0.3952865442280845,0.2560086661186385,-0.011860977624178481,0.036570012070401,0.45705257110025854,10,5,0.5,PASS,0.03307045071067627,-0.45848097000521515,0.1499812047504328,-0.031516701303567984,-0.026624413706729633,0.9192760700948004,18,3,0.16666666666666666,FAIL
601179.SH,3517,20120215,20260821,0.09743562199107769,-0.7643972390600974,0.3775289147388219,-0.014493966775885214,-0.8375759439670977,0.047623748529853044,20,0.3,-0.010846574844030954,-0.8375759439670977,0.059133228768311945,-0.10828219683510865,-0.07317870490700029,0.5857264714245095,20,6,0.3,FAIL,0.045141271528118754,-0.7706300331334694,0.24412064157340918,-0.05229435046295894,-0.006232794073372072,0.8709127096957634,25,5,0.2,FAIL
601186.SH,3518,20120216,20260821,0.05091600000293606,-0.7121079529141545,0.25142466991574686,0.0036658024041946735,-0.793768543880656,0.02181391576919082,17,0.29411764705882354,0.005343568746119187,-0.7937685438806561,0.029388664430758025,-0.04557243125681687,-0.08166059096650158,0.36583285957930645,16,3,0.1875,FAIL,0.017108220418025955,-0.7934201590426678,0.13948715474276985,-0.0338077795849101,-0.08131220612851331,0.8283115406480955,28,11,0.39285714285714285,FAIL
601187.SH,1387,20201201,20260821,-0.05423481618596804,-0.6272414275717284,-0.15565330062882674,-0.03901666263644399,-0.42725633501720683,-0.275345264267635,5,0.2,-0.03223986272654633,-0.4634331731465463,-0.2148981705565215,0.021994953459421707,0.1638082544251821,0.5082912761355444,4,1,0.25,PASS,-0.1013140857976339,-0.6442634889094856,-0.4015661560448471,-0.047079269611665864,-0.01702206133775719,0.8493150684931506,11,4,0.36363636363636365,FAIL
601198.SH,2740,20150402,20260821,-0.04390754818265019,-0.8086206173421301,0.014712882916464456,-0.08823992822964433,-0.8024268414622753,-0.31476258995088796,16,0.25,-0.07898652376651516,-0.8024268414622755,-0.2725310727543692,-0.03507897558386497,0.0061937758798545905,0.4332116788321168,15,4,0.26666666666666666,FAIL,-0.09437351296354923,-0.8866655751993919,-0.1760487623646035,-0.05046596478089904,-0.07804495785726184,0.814963503649635,23,5,0.21739130434782608,FAIL
601200.SH,2255,20170510,20260821,-0.08435822126673664,-0.6294896293777628,-0.2994234325317307,-0.09205065317964434,-0.6514393076222631,-0.6737666697762106,11,0.0,-0.0879298513019321,-0.6514393076222632,-0.6425941091704931,-0.00357163003519545,-0.021949678244500448,0.4279379157427938,11,4,0.36363636363636365,中性,-0.09181152843325269,-0.6181616132387444,-0.38792249971195086,-0.007453307166516043,0.011328016139018349,0.824390243902439,19,5,0.2631578947368421,中性
601208.SH,3520,20120216,20260821,0.14419579312383823,-0.7980464205730567,0.47904748014158754,0.0059109256571603375,-0.7883489858563484,0.13661568212446673,21,0.2857142857142857,0.008030655395480979,-0.7883489858563483,0.14249498052346493,-0.13616513772835726,0.009697434716708475,0.5605113636363637,21,4,0.19047619047619047,FAIL,0.0728451827298644,-0.8123378496590479,0.3272474045892071,-0.07135061039397383,-0.014291429085991125,0.8326704545454545,29,8,0.27586206896551724,FAIL
601211.SH,2666,20150731,20260821,-0.009348453189392147,-0.46971314451706603,0.023704910071151167,-0.03092998563655147,-0.43368550522863647,-0.1767129633375178,11,0.45454545454545453,-0.05817400894490743,-0.5103709383482335,-0.300552206753476,-0.04882555575551528,-0.04065779383116752,0.578019504876219,11,3,0.2727272727272727,FAIL,0.0005568320059972098,-0.43567629900398375,0.04106892417552491,0.009905285195389357,0.03403684551308228,0.8777194298574643,15,6,0.4,PASS
601212.SH,2244,20170327,20260821,-0.09519064805204225,-0.8551060025542784,-0.07682088936217685,-0.0828326018780402,-0.8430627516143495,-0.19112990848909248,12,0.25,-0.0948201783020799,-0.8593978547349505,-0.23172029804199779,0.0003704697499623544,-0.004291852180672073,0.45454545454545453,12,3,0.25,反例,-0.08310405591419467,-0.8072308522439244,-0.08927612253783859,0.012086592137847574,0.04787515031035394,0.8181818181818182,19,9,0.47368421052631576,PASS
601216.SH,3403,20120215,20260821,0.11946454663359396,-0.7359824901969401,0.4380607924228333,-0.02445874503043155,-0.8256745096233576,0.01176014430399719,21,0.23809523809523808,-0.01850467406892997,-0.8256745096233575,0.031712495500179114,-0.13796922070252393,-0.08969201942641747,0.38759917719659126,20,3,0.15,FAIL,0.08370776979524419,-0.7609590023271784,0.35674457743516774,-0.03575677683834977,-0.024976512130238326,0.795768439612107,30,11,0.36666666666666664,FAIL
601225.SH,3028,20140311,20260821,0.21426665933050004,-0.6938966687377527,0.635414107740913,0.11979739520818122,-0.49571824552648813,0.44748996206001657,15,0.6666666666666666,0.13157292711109703,-0.49571824552648824,0.4792883951466782,-0.08269373221940302,0.19817842321126444,0.6466314398943197,15,4,0.26666666666666666,中性,0.18846941037530596,-0.6436993065932115,0.5924622028249963,-0.025797248955194085,0.05019736214454118,0.8877146631439894,18,4,0.2222222222222222,PASS
601226.SH,2815,20150119,20260821,-0.047346807434064275,-0.8493009719001275,0.03821075039863563,-0.12615734729841566,-0.9218515907916368,-0.3369281737650987,18,0.16666666666666666,-0.11634636228289363,-0.9218515907916367,-0.2949840694158172,-0.06899955484882936,-0.07255061889150916,0.5005328596802842,18,7,0.3888888888888889,FAIL,-0.08886117789797732,-0.9076687213572938,-0.11915280717984236,-0.04151437046391304,-0.058367749457166274,0.8046181172291297,27,7,0.25925925925925924,FAIL
601228.SH,2257,20170508,20260821,-0.10593180241218725,-0.7086751937984497,-0.4081726452363635,-0.09785272870823991,-0.6625540581056913,-0.7931592339899889,11,0.09090909090909091,-0.10202101499360317,-0.6625540581056912,-0.8227533201247439,0.003910787418584083,0.04612113569275844,0.35445281346920693,10,4,0.4,PASS,-0.11070663535302616,-0.6916786895358282,-0.4842210429078454,-0.004774832940838913,0.016996504262621448,0.8435976960567124,17,6,0.35294117647058826,中性
601229.SH,2346,20161221,20260821,0.04622152349202757,-0.37992480705622933,0.21072153606875815,0.05598311443161075,-0.26136786975623816,0.27247224735631387,6,0.5,0.05193899954176695,-0.26136786975623805,0.2485172667019971,0.005717476049739378,0.11855693729999128,0.7468030690537084,6,3,0.5,PASS,0.06543201305172208,-0.3969172833050272,0.3171813675182978,0.01921048955969451,-0.01699247624879785,0.907928388746803,8,3,0.375,反例
601231.SH,3481,20120329,20260821,0.11609404928596834,-0.683559278751138,0.42925423499167625,-0.030715568910433477,-0.8006976043935998,0.012657393236279069,23,0.391304347826087,-0.03583935816281347,-0.8006976043935999,-4.899535576241837e-05,-0.1519334074487818,-0.11713832564246196,0.4728526285550129,24,4,0.16666666666666666,FAIL,-0.00022688020279215682,-0.7516199550365537,0.1795359547647334,-0.1163209294887605,-0.06806067628541568,0.8454467107153117,38,7,0.18421052631578946,FAIL
601233.SH,3516,20120215,20260821,0.07482861236247329,-0.6712752004741548,0.3367599922135793,-0.06206837726795211,-0.8899978184684304,-0.06638257112920165,25,0.44,-0.06419244464122775,-0.8899978184684303,-0.07274072627613677,-0.13902105700370104,-0.2187226179942755,0.5631399317406144,24,7,0.2916666666666667,FAIL,0.024552673162607563,-0.746026647726608,0.206795893412879,-0.05027593919986573,-0.0747514472524532,0.8080204778156996,32,7,0.21875,FAIL
601236.SH,1698,20190809,20260821,-0.07284933461823839,-0.7367381754441648,-0.07370725801549417,-0.08499715416583964,-0.7344453305169443,-0.26684483669543724,9,0.1111111111111111,-0.08116818901735934,-0.7344453305169443,-0.25088555183784855,-0.008318854399120945,0.002292844927220483,0.38633686690223795,9,4,0.4444444444444444,中性,-0.09971543223913693,-0.7592522430129374,-0.19078645406135358,-0.026866097620898532,-0.02251406756877261,0.817432273262662,15,5,0.3333333333333333,中性
601238.SH,3459,20120511,20260821,0.0076996163354556835,-0.7456136302350185,0.1427067764403886,-0.018798475237893353,-0.7390240769257999,-0.0046846925377527215,17,0.23529411764705882,-0.022409924350024313,-0.7390240769257999,-0.016851632787475854,-0.030109540685479996,0.006589553309218621,0.48886961549580804,18,7,0.3888888888888889,FAIL,0.009367702824507385,-0.7190564431429065,0.13085190625030957,0.001668086489051701,0.026557187092111967,0.8045677941601619,28,11,0.39285714285714285,反例
601258.SH,2713,20120215,20230524,-0.19042153392002625,-0.9484996135974786,-0.3952329026295244,-0.05031513651150732,-0.8260191542955291,-0.12720094948470861,10,0.3,-0.05220921983874638,-0.826019154295529,-0.1342713759509631,0.13821231408127987,0.12248045930194962,0.3133063029856248,10,6,0.6,PASS,-0.16544514378548325,-0.921680053289612,-0.3850779202715535,0.024976390134543003,0.026819560307866586,0.7917434574272023,27,11,0.4074074074074074,反例
601268.SH,528,20120215,20140428,-0.40797251354714636,-0.7306273062730627,-1.3570656796305531,-0.4208558525728262,-0.7338904972523801,-1.984960712961146,4,0.0,-0.41487784286337503,-0.7338904972523801,-1.9429141733729716,-0.00690532931622867,-0.0032631909793173763,0.6060606060606061,3,1,0.3333333333333333,中性,-0.38987830880303875,-0.7082526971453876,-1.5610026124856997,0.01809420474410761,0.022374609127675082,0.7462121212121212,4,1,0.25,反例
601288.SH,3525,20120216,20260821,0.12682936381119014,-0.30635642433906174,0.5866656334317132,0.09461525226349665,-0.36842099516272453,0.5028433546138084,9,0.5555555555555556,0.1004210231585776,-0.36842099516272464,0.5304283078665147,-0.02640834065261255,-0.0620645708236629,0.6904964539007092,9,3,0.3333333333333333,中性,0.10846016518064672,-0.3635394708113111,0.5228777701229379,-0.018369198630543426,-0.057183046472249366,0.9279432624113475,14,4,0.2857142857142857,中性
601298.SH,1807,20190304,20260821,0.05529972441502129,-0.48462926829268305,0.25030701006483685,-0.02157569313270924,-0.4643059551578027,-0.12979777502646994,8,0.25,0.005133114213439649,-0.4643059551578026,0.011793253676393417,-0.05016661020158164,0.02032331313488045,0.5229662423907028,7,2,0.2857142857142857,FAIL,0.04573674120868465,-0.4665465592584891,0.21405533106514255,-0.00956298320633664,0.018082709034193956,0.9142224681793027,8,3,0.375,中性
601299.SH,720,20120216,20150506,0.8720249586135378,-0.268389662027833,1.7666435830117266,0.8813889105332284,-0.25173264015258945,1.9011387824045896,3,1.0,0.8354063071110378,-0.25173264015258945,1.8090568905659514,-0.03661865150249999,0.01665702187524354,0.6666666666666666,3,0,0.0,FAIL,0.8589676541935911,-0.2683262546465439,1.7910139562781775,-0.01305730441994668,6.34073812890712e-05,0.8888888888888888,5,2,0.4,中性
601311.SH,3506,20120215,20260821,0.014013415621298764,-0.7390852297277833,0.17817085486436166,-0.11148639811304373,-0.8700677170162001,-0.323395763629803,26,0.23076923076923078,-0.10999817130596212,-0.8700677170161999,-0.3174469095485526,-0.12401158692726089,-0.13098248728841655,0.5202509982886481,26,9,0.34615384615384615,FAIL,-0.03738874749714449,-0.8303215550596794,0.008785881151267057,-0.051402163118443256,-0.09123632533189607,0.8106103822019395,36,12,0.3333333333333333,FAIL
601318.SH,3524,20120216,20260821,0.1032622019973859,-0.5767339409217682,0.4065559341296616,0.07143781829104356,-0.37443681492005376,0.3179524272849201,20,0.3,0.07238525046233701,-0.37443681492005376,0.3219777901519577,-0.03087695153504888,0.20229712600171446,0.5496594778660613,19,6,0.3157894736842105,中性,0.08768586528104194,-0.5650824773891996,0.3644653044689247,-0.015576336716343953,0.011651463532568629,0.8393870601589103,26,9,0.34615384615384615,中性
601319.SH,1857,20181221,20260821,0.047333622187904156,-0.6510179267342167,0.228273139443962,0.014028983873334067,-0.7013565908657382,0.07749427049973023,9,0.4444444444444444,0.004088719458541945,-0.7013565908657383,0.03592728000455391,-0.04324490272936221,-0.05033866413152166,0.5239633817985999,9,1,0.1111111111111111,FAIL,0.02443542617439043,-0.7105787405922372,0.14365953198914322,-0.022898196013513727,-0.05956081385802059,0.8244480344641896,16,3,0.1875,中性
601326.SH,2162,20170920,20260821,-0.08829805609424257,-0.7183999999999999,-0.25836823369524453,0.02162333466017108,-0.38608897984366364,0.07666263141108398,6,0.5,0.003635379889623813,-0.38608897984366386,-0.015322856820330364,0.09193343598386639,0.33231102015633607,0.3561517113783534,6,2,0.3333333333333333,PASS,-0.12099313206884355,-0.727685952863161,-0.43254266167038674,-0.03269507597460097,-0.009285952863161029,0.8848288621646624,15,3,0.2,FAIL
601328.SH,3524,20120215,20260821,0.08382967795954066,-0.4627659574468086,0.3675630191185613,0.07178696908393412,-0.44162637971170216,0.34043116440950716,10,0.6,0.06857491700878993,-0.44162637971170204,0.3238887848128879,-0.015254760950750734,0.02113957773510655,0.5800227014755959,10,4,0.4,中性,0.06746633036672667,-0.43193351478715025,0.30433418946285967,-0.016363347592813993,0.030832442659658343,0.9262202043132803,16,5,0.3125,PASS
601333.SH,3526,20120215,20260821,0.007314078209047947,-0.7576726034657202,0.10738103034924099,-0.04988032172307033,-0.899690849922774,-0.16338877831241652,22,0.2727272727272727,-0.052705968354975874,-0.899690849922774,-0.17356536715809087,-0.06002004656402382,-0.14201824645705385,0.5365853658536586,22,7,0.3181818181818182,FAIL,-0.014525614420999644,-0.8443374327278711,0.01439959960843647,-0.02183969263004759,-0.08666482926215091,0.8119682359614294,28,6,0.21428571428571427,中性
601336.SH,3500,20120215,20260821,0.06951648373581665,-0.6334534800821936,0.3097566780757289,0.05729571219378338,-0.6050086777544524,0.2581548565524337,17,0.4117647058823529,0.06519565994785848,-0.6050086777544523,0.28484480727758593,-0.004320823787958172,0.02844480232774127,0.4868571428571429,17,8,0.47058823529411764,中性,0.10332679253999366,-0.6111093210295759,0.3947692442928811,0.033810308804177014,0.022344159052617663,0.8062857142857143,30,9,0.3,反例
601339.SH,3422,20120718,20260821,0.06965282067777867,-0.7399991279061845,0.30607943896416506,-0.012767729004810269,-0.8171620811482857,0.011522989919730421,18,0.3333333333333333,-0.014787216153478555,-0.8171620811482858,0.004200298737966986,-0.08444003683125723,-0.07716295324210132,0.4950321449444769,18,5,0.2777777777777778,FAIL,0.016245006603366363,-0.7705792214015519,0.15066080341890958,-0.05340781407441231,-0.03058009349536739,0.8652834599649328,28,8,0.2857142857142857,FAIL
601360.SH,3391,20120227,20260821,0.03044160898115722,-0.897973441430666,0.25466091938533264,-0.09967930900751953,-0.8918966431574729,-0.24484963265731577,23,0.2608695652173913,-0.10220772664842459,-0.8918966431574729,-0.25375701812071905,-0.1326493356295818,0.006076798273193185,0.39870244765555884,22,7,0.3181818181818182,FAIL,-0.1096827340666442,-0.9437907401692281,-0.16480156289977177,-0.14012434304780141,-0.04581729873856211,0.7401946328516662,38,12,0.3157894736842105,FAIL
601369.SH,3476,20120215,20260821,0.017959150908413157,-0.6558585679119896,0.17571922629238487,-0.04533631330146015,-0.728052103894455,-0.07419644656832636,19,0.42105263157894735,-0.042593967005061684,-0.7280521038944552,-0.06444495697018854,-0.06055311791347484,-0.07219353598246558,0.5644418872266973,19,7,0.3684210526315789,FAIL,-0.03394708675345537,-0.6899904152227583,0.012084696238616592,-0.051906237661868526,-0.03413184731076868,0.8552934407364787,27,6,0.2222222222222222,FAIL
601375.SH,2313,20170214,20260821,-0.07994473408165126,-0.7389366515837105,-0.12776152851536737,-0.1985343137134059,-0.8927671477286998,-0.9941321936630825,15,0.13333333333333333,-0.17615439828748458,-0.8927671477286998,-0.8276710332416045,-0.09620966420583332,-0.15383049614498934,0.35192390834414183,15,5,0.3333333333333333,FAIL,-0.10677487183938983,-0.7620606603534714,-0.25978829779226764,-0.02683013775773857,-0.02312400876976095,0.7998270644185042,26,5,0.19230769230769232,中性
601377.SH,3504,20120215,20260821,0.027207470138873147,-0.7646644919917507,0.19827451744560845,-0.007799069365379996,-0.7781792956131842,0.009700606179319192,21,0.19047619047619047,-0.012954317840853768,-0.7781792956131842,-0.002157629303699651,-0.040161787979726915,-0.013514803621433535,0.4138127853881279,22,9,0.4090909090909091,FAIL,0.04386592638750075,-0.6941244128510511,0.2282647752810526,0.016658456248627607,0.0705400791406996,0.7802511415525114,35,14,0.4,PASS
601388.SH,3303,20120530,20260821,0.01289675244458155,-0.7903506799129086,0.2108989691372365,-0.02988840292175665,-0.8056996611224004,0.020733593220150396,19,0.3157894736842105,-0.03368145162394287,-0.8056996611224005,0.014491628418561735,-0.04657820406852442,-0.015348981209491908,0.5031789282470481,19,8,0.42105263157894735,FAIL,0.022512010180762543,-0.7665538805943755,0.21422450786176875,0.009615257736180993,0.02379679931853318,0.7892824704813806,31,12,0.3870967741935484,反例
601390.SH,3440,20120215,20260821,0.05766908384079028,-0.7648534474947903,0.2724124611641748,0.05929889738797489,-0.7468951770152762,0.269018252489292,18,0.16666666666666666,0.05327489027523491,-0.7468951770152762,0.24403543364690577,-0.004394193565555371,0.01795827047951415,0.4604651162790698,18,10,0.5555555555555556,中性,0.02272849012193423,-0.8546938647937881,0.1533221033547692,-0.03494059371885605,-0.08984041729899772,0.815406976744186,28,13,0.4642857142857143,FAIL
601398.SH,3525,20120215,20260821,0.09757839556589976,-0.34451612903225803,0.45953733284965237,0.062249363731585516,-0.3510729935090704,0.31797194976917204,8,0.625,0.06090244298594194,-0.3510729935090705,0.3070293080252565,-0.036675952579957816,-0.006556864476812474,0.5923404255319149,7,2,0.2857142857142857,FAIL,0.08183188452799262,-0.40818953522011703,0.39718715499584734,-0.01574651103790714,-0.063673406187859,0.9339007092198581,12,6,0.5,中性
601399.SH,1479,20200715,20260821,-0.09502475398249899,-0.5824561403508772,-0.1893465127992246,-0.09118647288885895,-0.6231660745030105,-0.3325175227601154,5,0.2,-0.12855619730538637,-0.6671874752207274,-0.4739175801221856,-0.03353144332288738,-0.08473133486985018,0.44083840432724813,6,2,0.3333333333333333,FAIL,-0.08106873233427958,-0.5980063500249638,-0.18659910241086844,0.013956021648219408,-0.015550209674086601,0.8012170385395537,10,3,0.3,反例
601456.SH,1423,20200904,20260821,-0.1131118233093481,-0.6122018445322793,-0.17186585034751786,-0.13415956644899585,-0.6591892236656893,-0.4694463736860126,8,0.125,-0.1370277265430654,-0.6591892236656892,-0.4791380477766965,-0.023915903233717284,-0.04698737913340989,0.3583977512297962,8,5,0.625,中性,-0.11570043583267131,-0.6147288898945411,-0.2459652458004085,-0.0025886125233232082,-0.0025270453622617817,0.8109627547434997,13,6,0.46153846153846156,中性
601512.SH,1590,20200204,20260821,-0.018963962522721034,-0.4573076342163057,0.01514016685242166,-0.08455540880837731,-0.44941605132288687,-0.6690579066353869,5,0.2,-0.0761228942554153,-0.44941605132288676,-0.6006441213119798,-0.05715893173269426,0.007891582893418958,0.25031446540880503,6,2,0.3333333333333333,FAIL,-0.09586650446761424,-0.5802174328493284,-0.2992371260351234,-0.07690254194489321,-0.12290979863302265,0.7974842767295598,16,3,0.1875,FAIL
601515.SH,3488,20120322,20260821,-0.0024144507813602667,-0.861440587340226,0.14461785317704715,-0.08922961123617767,-0.9106139447238835,-0.24362334317977652,23,0.17391304347826086,-0.10041081818228592,-0.9106139447238835,-0.28025710614316285,-0.09799636740092565,-0.04917335738365747,0.42746559633027525,24,6,0.25,FAIL,-0.080119368169831,-0.9387216199555224,-0.09573302492212976,-0.07770491738847074,-0.0772810326152964,0.8228211009174312,35,9,0.2571428571428571,FAIL
601519.SH,3370,20120215,20260821,0.04832948403327175,-0.9042933810375671,0.31028541158628303,-0.023437880710105996,-0.7257587959896856,0.019227375767475866,17,0.4117647058823529,-0.023815223907796335,-0.7257587959896856,0.017998482478108764,-0.07214470794106809,0.17853458504788144,0.2887240356083086,17,7,0.4117647058823529,中性,-0.09740110743104957,-0.9200463950329767,-0.08209321310727034,-0.14573059146432132,-0.015753013995409626,0.7299703264094956,44,13,0.29545454545454547,FAIL
601555.SH,3497,20120215,20260821,0.03572694330048476,-0.8160030835825683,0.23093059130692314,0.02800087308198118,-0.6825884435222258,0.15914871714795414,18,0.3888888888888889,0.036002161979189484,-0.6825884435222257,0.1872214145913958,0.00027521867870472505,0.13341464006034265,0.406062339147841,18,7,0.3888888888888889,PASS,-0.032856659709783465,-0.8166677357113962,0.021302187754379566,-0.06858360301026822,-0.0006646521288278251,0.8069774092078925,39,11,0.28205128205128205,FAIL
601558.SH,1988,20120215,20200623,-0.30876765284828,-0.981694689084601,-0.7390180449143394,0.017236535429660638,-0.6751947998425394,0.11166504889259597,9,0.2222222222222222,0.020197056083124165,-0.6751947998425395,0.12302636522882972,0.32896470893140417,0.3064998892420615,0.32796780684104626,9,8,0.8888888888888888,PASS,-0.20661402092885106,-0.9337876924023323,-0.5801478008532247,0.10215363191942894,0.04790699668226872,0.7414486921529175,24,9,0.375,PASS
601566.SH,3511,20120217,20260821,-0.01866154042855117,-0.7242885176301395,0.09231601570316247,0.024292290643031844,-0.6495653851814163,0.15043933484757369,17,0.4117647058823529,0.030967141109954355,-0.6495653851814163,0.17301568453987337,0.049628681538505526,0.0747231324487232,0.4206778695528339,17,5,0.29411764705882354,PASS,-0.03483779112575447,-0.7963999102740504,0.0158816530827882,-0.016176250697203298,-0.07211139264391098,0.8086015380233552,31,12,0.3870967741935484,中性
601567.SH,3474,20120215,20260821,0.13663478188653677,-0.7508532201109703,0.4689627541436454,0.03984453157826162,-0.8206152551236874,0.21701245405287922,21,0.38095238095238093,0.041489805986240524,-0.8206152551236875,0.22192747313759353,-0.09514497590029625,-0.06976203501271716,0.5002878526194589,21,7,0.3333333333333333,FAIL,0.13183245032940216,-0.8197703765851907,0.4619498502895784,-0.004802331557134609,-0.06891715647422036,0.8347725964306275,30,13,0.43333333333333335,中性
601568.SH,1392,20201124,20260821,-0.12310298156150645,-0.5688717647058823,-0.6084200204436694,-0.06574752057277711,-0.3829205990720015,-0.8314178659895032,4,0.0,-0.07897735030553965,-0.38292059907200127,-0.9462405691991504,0.0441256312559668,0.18595116563388103,0.16522988505747127,5,4,0.8,PASS,-0.15480378607676992,-0.6925493341937987,-0.9085144543471693,-0.03170080451526347,-0.12367756948791642,0.8175287356321839,13,3,0.23076923076923078,FAIL
601577.SH,1889,20181107,20260821,0.04193977372304336,-0.4354609204368174,0.19556728163090156,-0.03027676260365697,-0.3902210755471204,-0.2270848413928937,8,0.5,-0.03779580423137863,-0.44453961439949774,-0.26582579838881776,-0.07973557795442199,-0.009078693962680351,0.5373213340391741,8,3,0.375,FAIL,0.01398144389390632,-0.44968087213962826,0.0733290754829686,-0.02795832982913704,-0.014219951702810874,0.8401270513499206,12,6,0.5,中性
601588.SH,3510,20120216,20260821,-0.02135056934512547,-0.8407957159181372,0.06153746056146595,-0.03531413591276633,-0.756462213012576,-0.07666435926871581,16,0.375,-0.0299442453066453,-0.7564622130125761,-0.05584395634970221,-0.008593675961519831,0.08433350290556108,0.41794871794871796,15,7,0.4666666666666667,PASS,-0.11101982307957081,-0.934830170245286,-0.24219284940473293,-0.08966925373444534,-0.09403445432714885,0.8589743589743589,31,5,0.16129032258064516,FAIL
601598.SH,1814,20190301,20260821,0.07680257854790606,-0.5313960113960114,0.3225565037600871,-0.0022264871310806456,-0.4762039294408391,0.0444517648953862,9,0.5555555555555556,0.025620437414725528,-0.47620392944083956,0.14837950818440998,-0.051182141133180536,0.05519208195517189,0.6091510474090408,8,3,0.375,中性,0.011680183003791145,-0.6567085754381361,0.12571933377294633,-0.06512239554411492,-0.12531256404212465,0.8627342888643881,13,3,0.23076923076923078,FAIL
601600.SH,3416,20120215,20260821,0.02370795467934994,-0.739702047103148,0.21432240376684777,-0.04851776968762245,-0.8310878138292762,-0.08053403401014299,23,0.34782608695652173,-0.04639377523544619,-0.8310878138292761,-0.07302630523595177,-0.07010172991479613,-0.09138576672612808,0.4502341920374707,22,9,0.4090909090909091,FAIL,-0.039966142199623134,-0.7879297884628317,0.02289820194613309,-0.06367409687897307,-0.04822774135968366,0.8000585480093677,35,13,0.37142857142857144,FAIL
601601.SH,3526,20120215,20260821,0.0587160158923945,-0.5718245364930148,0.27117194714631826,-0.011329846911678376,-0.6720740135446875,-0.01736418480102207,22,0.36363636363636365,-0.017608009557474102,-0.6720740135446877,-0.042463355013241444,-0.0763240254498686,-0.10024947705167286,0.5328984685195689,22,5,0.22727272727272727,FAIL,0.02693333381448615,-0.4991948263168283,0.16370163853887934,-0.03178268207790835,0.07262971017618647,0.816505955757232,30,12,0.4,中性
601607.SH,3526,20120215,20260821,0.040840466438367695,-0.507313363717388,0.20990698574642616,-0.0030355930980839885,-0.4942020316555803,-0.009433302597586476,19,0.3684210526315789,-0.002946325700217023,-0.4942020316555802,-0.009024852570572443,-0.04378679213858472,0.013111332061807812,0.5116279069767442,19,5,0.2631578947368421,FAIL,-0.008140710294317954,-0.65716371341177,0.024495219909192338,-0.04898117673268565,-0.14985034969438205,0.8596142938173568,29,11,0.3793103448275862,FAIL
601608.SH,3256,20120810,20260821,0.03934612114374936,-0.8685888640878094,0.2568419490062707,-0.0038742133525596634,-0.8738250386611245,0.06873798996194323,21,0.2857142857142857,-0.012848749240193302,-0.8738250386611245,0.03864310659691458,-0.05219487038394266,-0.0052361745733150444,0.496007371007371,22,7,0.3181818181818182,FAIL,-0.01135859311016163,-0.8772187608779345,0.09661406230105,-0.05070471425391099,-0.008629896790125047,0.7972972972972973,34,12,0.35294117647058826,FAIL
601611.SH,2453,20160714,20260821,-0.0575126406315718,-0.7127656765676568,-0.03635091284523829,-0.03408168933328892,-0.4499201516417126,-0.07733990541995006,11,0.36363636363636365,-0.05714676492017434,-0.5397722170856468,-0.16186181658157686,0.00036587571139745645,0.17299345948200995,0.4981655116184264,12,6,0.5,PASS,-0.04201728718164033,-0.6214467459279529,-0.021604614108746114,0.01549535344993147,0.09131893063970387,0.839788014675907,16,7,0.4375,PASS
601615.SH,1803,20190306,20260821,-0.013404993692207823,-0.7637480804872906,0.15034269207233467,-0.0708836718667506,-0.7267849644714135,-0.11089041655255069,15,0.26666666666666666,-0.05574951342535772,-0.7267849644714137,-0.06051566423175043,-0.0423445197331499,0.03696311601587687,0.49417637271214643,14,5,0.35714285714285715,中性,-0.04719854106094912,-0.7483266286601904,0.0329709879236419,-0.033793547368741295,0.015421451827100197,0.7631724902939545,21,8,0.38095238095238093,FAIL
601616.SH,3516,20120215,20260821,-0.020841486754639815,-0.8078990664217938,0.08642364695525964,-0.0005487232699415978,-0.6985377470245733,0.09312031993382829,16,0.4375,0.0037791601494054916,-0.6985377470245733,0.10669161270895763,0.024620646904045307,0.10936131939722049,0.4974402730375427,16,6,0.375,PASS,-0.047407916300956754,-0.8404533599109221,-0.0050242847039426684,-0.02656642954631694,-0.032554293489128305,0.8600682593856656,25,8,0.32,中性
601618.SH,3452,20120215,20260821,0.012001605807008042,-0.7651453134044078,0.14301530119083142,-0.027961376764460977,-0.8498256843807316,-0.08554361320718998,16,0.3125,-0.03262180889023503,-0.8498256843807316,-0.10422452569373529,-0.04462341469724307,-0.08468037097632375,0.45133256083429896,16,9,0.5625,FAIL,-0.005455301831226778,-0.7756332335089783,0.06998601140570725,-0.01745690763823482,-0.010487920104570447,0.8337195828505214,24,8,0.3333333333333333,中性
601628.SH,3525,20120215,20260821,0.06605466044094,-0.5260296460308664,0.29226232385906203,0.016422503954766743,-0.5603406061660865,0.10480839754474465,21,0.38095238095238093,0.009078589894089939,-0.5603406061660865,0.0779710101250444,-0.056976070546850055,-0.03431096013522006,0.5160283687943262,21,7,0.3333333333333333,FAIL,0.009615079981883712,-0.6379573371285048,0.11402281573411097,-0.05643958045905628,-0.11192769109763834,0.8417021276595744,32,11,0.34375,FAIL
601633.SH,3502,20120216,20260821,0.11243355224571716,-0.7690280621742368,0.4142700063602732,0.10883828095835035,-0.5392129015388014,0.41644815964482157,18,0.5555555555555556,0.11139562886650278,-0.5392129015388014,0.4238378418040037,-0.0010379233792143783,0.2298151606354354,0.549114791547687,17,10,0.5882352941176471,PASS,0.17391908749215745,-0.5920378124180475,0.5637246541733406,0.06148553524644029,0.17699024975618927,0.789548829240434,29,12,0.41379310344827586,PASS
601636.SH,3516,20120217,20260821,0.07592145671351935,-0.8059567209753469,0.3396749170181808,0.08063588093887675,-0.6921527257223412,0.3345344724341093,19,0.42105263157894735,0.08870053186515614,-0.6921527257223414,0.3556239362401281,0.012779075151636787,0.11380399525300544,0.5571672354948806,19,8,0.42105263157894735,PASS,0.042649267829526494,-0.8166029535459879,0.2557010827677236,-0.03327218888399286,-0.010646232570641012,0.8265073947667805,32,11,0.34375,FAIL
601658.SH,1598,20200115,20260821,0.02982396157041034,-0.3234927692007036,0.14022744079357283,-7.289203029725577e-05,-0.30105728452130953,-0.05257940740515818,7,0.2857142857142857,-0.01016322906317424,-0.3303354083473562,-0.09094282872925175,-0.03998719063358458,-0.006842639146652618,0.6833541927409261,6,3,0.5,FAIL,-0.031089572976598978,-0.46106330363602166,-0.1528740080963777,-0.06091353454700932,-0.13757053443531808,0.8911138923654568,10,5,0.5,FAIL
601665.SH,1230,20210723,20260821,0.029040064485662098,-0.4255444444444445,0.15030760277610625,0.05994860687612391,-0.24628770551267065,0.289882485214512,4,0.5,0.043431908381209805,-0.24628770551267076,0.1968252145684539,0.014391843895547707,0.17925673893177374,0.5024390243902439,4,1,0.25,PASS,-0.0006458171263890033,-0.48753520900481917,0.015153969493144478,-0.0296858816120511,-0.06199076456037467,0.8317073170731707,9,4,0.4444444444444444,中性
601666.SH,3525,20120215,20260821,0.014635514737642463,-0.7231036373146639,0.18863077600381836,0.044067360517981546,-0.4870049109802941,0.21597925986636965,17,0.5294117647058824,0.04529447388646113,-0.4870049109802942,0.22000751147074535,0.030658959148818665,0.23609872633436968,0.414468085106383,16,7,0.4375,PASS,-0.002535777463487432,-0.6447553737565445,0.13087436058306304,-0.017171292201129895,0.07834826355811941,0.8116312056737589,32,11,0.34375,PASS
601668.SH,3526,20120215,20260821,0.08780407690824577,-0.5786747171939057,0.3552180651913752,0.0180354572480812,-0.6372133547334389,0.09782981639508646,21,0.3333333333333333,0.014525906690757484,-0.6372133547334387,0.08386627282070527,-0.07327817021748828,-0.05853863753953292,0.5592739648326716,21,5,0.23809523809523808,FAIL,0.044836513973647074,-0.6340044344955508,0.21451768580935685,-0.04296756293459869,-0.05532971730164504,0.8508224617129893,28,10,0.35714285714285715,FAIL
601669.SH,3411,20120215,20260821,0.02983789466104092,-0.8003073269813857,0.20685371212080417,-0.04348992499913662,-0.7937454872112826,-0.14006130403313563,17,0.23529411764705882,-0.03818789879066575,-0.7937454872112826,-0.11741978440308279,-0.06802579345170667,0.006561839770103162,0.43213133978305485,17,5,0.29411764705882354,FAIL,0.034836997868841646,-0.7130426150992022,0.20220170204331467,0.004999103207800726,0.08726471188218354,0.8041630020521842,27,11,0.4074074074074074,PASS
601677.SH,3524,20120216,20260821,0.042238753784585636,-0.7341923423586733,0.2517169881488319,-0.01175403673932196,-0.7589649780115176,0.04760498489916142,19,0.3157894736842105,-0.013214438451626287,-0.7589649780115177,0.04289898575423233,-0.05545319223621192,-0.024772635652844488,0.5249716231555052,18,6,0.3333333333333333,FAIL,0.021091624906015793,-0.7314901064566615,0.18410747573777098,-0.021147128878569843,0.002702235902011796,0.8416572077185017,28,10,0.35714285714285715,中性
601678.SH,3522,20120215,20260821,0.02973935295561181,-0.7592627702062192,0.22466483327844297,-0.05974453670572688,-0.7757300252316399,-0.0637090736100911,21,0.2857142857142857,-0.05533749807366206,-0.7757300252316399,-0.04987184771626319,-0.08507685102927387,-0.01646725502542068,0.5414537194775696,20,5,0.25,FAIL,-0.029989317105311386,-0.7818775941276026,0.0616363924482014,-0.059728670060923195,-0.022614823921383365,0.8577512776831345,29,7,0.2413793103448276,FAIL
601688.SH,3519,20120215,20260821,0.07887307999348603,-0.6272153799939921,0.3305630001990905,-0.045405430062158025,-0.8501726316243601,-0.1386796328527828,24,0.25,-0.035834224457712116,-0.8501726316243601,-0.09901632161750014,-0.11470730445119814,-0.22295725163036795,0.41830065359477125,24,8,0.3333333333333333,FAIL,0.022984635585513447,-0.7088218323471815,0.16224602638846478,-0.05588844440797258,-0.08160645235318942,0.8010798522307474,37,13,0.35135135135135137,FAIL
601689.SH,2743,20150424,20260821,0.14136222364363316,-0.6748814645308925,0.47620846758445096,-0.04317415024919746,-0.751432659399348,0.019375407968805533,21,0.3333333333333333,-0.0412176841498626,-0.7514326593993481,0.024977341647830102,-0.18257990779349575,-0.07655119486845563,0.4954429456799125,21,6,0.2857142857142857,FAIL,0.04130975165210504,-0.7324419161676541,0.2692186059129357,-0.10005247199152811,-0.0575604516367616,0.7954794021144732,32,10,0.3125,FAIL
601696.SH,1549,20200401,20260821,-0.0893461468389034,-0.7793387596899225,-0.09652973579472954,0.03804263503686833,-0.5249610045368439,0.1834248173060288,6,0.5,0.030233675593251963,-0.524961004536844,0.15583198918603222,0.11957982243215537,0.2543777551530785,0.2278889606197547,7,5,0.7142857142857143,PASS,-0.19595600221326004,-0.8546228541968082,-0.5148368453637862,-0.10660985537435663,-0.07528409450688567,0.7385409941897999,25,6,0.24,FAIL
601698.SH,1709,20190802,20260821,0.1263611522063115,-0.6591050628531887,0.44581168830280826,-0.08704531704147944,-0.6978711475463499,-0.12666102842054505,13,0.3076923076923077,-0.10058669551717725,-0.6978711475463497,-0.1637611158960626,-0.22694784772348875,-0.03876608469316101,0.4722059684025746,13,5,0.38461538461538464,FAIL,0.09868249073661395,-0.5925674585454161,0.3866095225656578,-0.027678661469697552,0.06653760430777256,0.77530719719134,18,4,0.2222222222222222,PASS
601699.SH,3507,20120215,20260821,0.026530647329717993,-0.7382229347822765,0.22677814944565636,0.021345741837997423,-0.5426877212619978,0.15578641883825067,18,0.4444444444444444,0.028355920781460098,-0.5426877212619978,0.17784841307125934,0.0018252734517421043,0.1955352135202787,0.47305389221556887,17,6,0.35294117647058826,PASS,0.04425938033169219,-0.6697703783825266,0.25511372169906343,0.017728733001974195,0.0684525563997499,0.7986883376104933,31,13,0.41935483870967744,PASS
601717.SH,3326,20120215,20260821,0.03510395632997376,-0.7112254833773821,0.2408985370044797,-0.054716833226231554,-0.8634282779146193,-0.10466686310417389,24,0.2916666666666667,-0.04960926601972482,-0.8634282779146193,-0.08573123454024856,-0.08471322234969858,-0.15220279453723717,0.4840649428743235,23,6,0.2608695652173913,FAIL,0.009232227053264097,-0.7919124234790935,0.15130549940690635,-0.025871729276709665,-0.0806869401017114,0.782922429344558,29,14,0.4827586206896552,中性
601718.SH,3515,20120215,20260821,-0.03700140809559849,-0.9400393317654692,0.03952779739491379,0.057548620201257616,-0.8219028318701096,0.26090290827504475,14,0.35714285714285715,0.059255076240930515,-0.8219028318701095,0.2664173567463464,0.096256484336529,0.11813649989535968,0.3604551920341394,14,8,0.5714285714285714,PASS,0.027366882098681877,-0.7977840420145947,0.19062154067499523,0.06436829019428036,0.14225528975087443,0.7926031294452347,26,13,0.5,PASS
601727.SH,3260,20120215,20260821,0.01865084013528473,-0.8536287028518859,0.18893390684951103,-0.04309965269924454,-0.9178704987775881,-0.0629166996329968,19,0.21052631578947367,-0.04113809654774081,-0.9178704987775881,-0.05566971488684208,-0.05978893668302554,-0.06424179592570223,0.5276073619631901,19,9,0.47368421052631576,FAIL,0.021383409057427638,-0.8486322187881903,0.1809644840817509,0.0027325689221429084,0.004996484063695572,0.8187116564417178,27,14,0.5185185185185185,反例
601728.SH,1185,20210928,20260821,0.13047770733328723,-0.36546299958461104,0.5105258174286237,0.11778677355615286,-0.2618490506141987,0.5192072948212638,4,0.75,0.11526415251445976,-0.2618490506141987,0.5083680638013606,-0.015213554818827468,0.10361394897041232,0.3848101265822785,4,1,0.25,PASS,0.09788576413764827,-0.33130003291901644,0.4052796259186419,-0.03259194319563896,0.034162966665594596,0.8624472573839662,8,3,0.375,中性
601766.SH,3440,20120215,20260821,0.0423236920197505,-0.8449194010063575,0.22297193399823895,0.08056118788697142,-0.6260538800214481,0.35773344131455015,14,0.2857142857142857,0.08111719423501484,-0.6260538800214481,0.3600397114817922,0.03879350221526434,0.2188655209849094,0.3453488372093023,13,7,0.5384615384615384,PASS,0.06581310132130636,-0.7666880631683336,0.2904964718429015,0.023489409301555852,0.07823133783802394,0.8040697674418604,27,10,0.37037037037037035,PASS
601777.SH,3484,20120215,20260821,0.01375109854719847,-0.9088132128661539,0.21729558628445592,-0.11332567403983129,-0.910175610959873,-0.2218297919982276,26,0.19230769230769232,-0.10451981037733515,-0.910175610959873,-0.19195122553736782,-0.11827090892453362,-0.001362398093719075,0.521239954075775,26,8,0.3076923076923077,FAIL,-0.014568183118960132,-0.911432152195552,0.12473549979657826,-0.028319281666158602,-0.002618939329398051,0.7893226176808267,35,8,0.22857142857142856,中性
601778.SH,1494,20200623,20260821,-0.11090881176692347,-0.8017485613103144,-0.11269246297131374,-0.015096086900410755,-0.5468585357001985,-0.013302932852442998,6,0.3333333333333333,-0.014551131838199671,-0.5468585357001984,-0.010199410876475122,0.0963576799287238,0.254890025610116,0.24832663989290496,7,3,0.42857142857142855,PASS,-0.07959940931443832,-0.7916019740704023,-0.0845093141451519,0.03130940245248515,0.01014658723991202,0.7643908969210174,13,5,0.38461538461538464,反例
601788.SH,3512,20120215,20260821,0.031752318089556475,-0.7777375478032209,0.22077380149821738,-0.024254273247827474,-0.801967564275782,-0.027787305575828522,19,0.2631578947368421,-0.01638164165902367,-0.8019675642757818,0.001393170397651557,-0.048133959748580146,-0.024230016472560845,0.44903189066059224,18,6,0.3333333333333333,FAIL,-0.07634949053985596,-0.8616857935990081,-0.0942008359310787,-0.10810180862941243,-0.08394824579578719,0.8482346241457859,34,5,0.14705882352941177,FAIL
601799.SH,3479,20120215,20260821,0.16082271922870905,-0.6715134444454808,0.5202300941162433,0.06890087644999787,-0.7399713764066257,0.30062570837030683,20,0.25,0.07233670124606384,-0.7399713764066256,0.311029754496195,-0.08848601798264522,-0.0684579319611448,0.5648174762862892,20,5,0.25,FAIL,0.08475313252650518,-0.7442774804643446,0.3497026199360474,-0.07606958670220387,-0.07276403601886383,0.8505317620005749,28,6,0.21428571428571427,FAIL
601800.SH,3484,20120418,20260821,0.029868923103371525,-0.6957360967448603,0.20623170129205537,0.017754265566929828,-0.7950272778899902,0.11285244115290746,18,0.3333333333333333,0.010014827290840023,-0.7950272778899903,0.08497016402806365,-0.019854095812531503,-0.09929118114513003,0.4626865671641791,18,9,0.5,中性,0.017584774791594704,-0.7827339746937435,0.15302144888273952,-0.012284148311776821,-0.08699787794888325,0.8145809414466131,30,7,0.23333333333333334,中性
601801.SH,3504,20120216,20260821,0.020626161381883446,-0.7565471659051537,0.19354628948234828,-0.0639424733383469,-0.7341958650654147,-0.1171782087597409,23,0.2608695652173913,-0.0684864194924294,-0.7439588428591863,-0.13026124933496575,-0.08911258087431284,0.012588323045967353,0.5656392694063926,23,8,0.34782608695652173,FAIL,-0.034683548974451806,-0.7445435028961838,0.02342269907131567,-0.05530971035633525,0.012003663008969934,0.8216324200913242,32,8,0.25,FAIL
601808.SH,3526,20120215,20260821,-0.004878641906481129,-0.7262893280771378,0.11578395355283867,-0.09772246960072783,-0.8402075332402592,-0.30240556952559616,24,0.20833333333333334,-0.09460124280856053,-0.8402075332402591,-0.2897727161438322,-0.0897226009020794,-0.11391820516312134,0.4398752127056154,23,6,0.2608695652173913,FAIL,-0.05312732319169944,-0.8170070933060943,-0.05181642009170505,-0.04824868128521831,-0.09071776522895658,0.8094157685762904,34,7,0.20588235294117646,FAIL
601811.SH,2411,20160912,20260821,-0.04911540989666274,-0.7175035760728219,-0.027857602014326237,-0.05289435704764567,-0.599552643366217,-0.11314941927897697,16,0.25,-0.06479541440681569,-0.6212250626335512,-0.15406196049936102,-0.015680004510152945,0.09627851343927074,0.5889672335130651,16,7,0.4375,PASS,-0.05230714524399638,-0.6096197649673168,-0.06653044678959555,-0.003191735347333635,0.10788381110550505,0.8133554541683948,20,10,0.5,PASS
601816.SH,1572,20200228,20260821,-0.03753917529428796,-0.37968870292887036,-0.1961957983215014,-0.020984461886880967,-0.2010473958260074,-0.3743676319782892,6,0.16666666666666666,-0.023915473479271476,-0.20104739582600728,-0.39118318626510024,0.013623701815016487,0.17864130710286308,0.2544529262086514,6,3,0.5,PASS,-0.049779168659893736,-0.3714299648162679,-0.2922235306289628,-0.012239993365605772,0.00825873811260247,0.8638676844783715,11,5,0.45454545454545453,中性
601818.SH,3515,20120215,20260821,0.05190923696856875,-0.4764890282131661,0.23483960329943143,0.026468512289008705,-0.5510879682865911,0.10516666845079702,12,0.4166666666666667,0.02270784216901789,-0.5510879682865915,0.08513688194432414,-0.02920139479955086,-0.07459894007342538,0.45917496443812233,12,4,0.3333333333333333,中性,0.029738487364699973,-0.5141764259385662,0.1393198607246555,-0.022170749603868778,-0.037687397725400085,0.8933143669985776,24,7,0.2916666666666667,中性
601825.SH,1186,20210927,20260821,0.10389867122354213,-0.2317193808882907,0.47556459466704487,-0.012695017141134524,-0.34312897058539893,-0.17849258389791592,6,0.3333333333333333,-0.013883978998809887,-0.3431289705853988,-0.18666931041560386,-0.11778265022235201,-0.11140958969710812,0.5430016863406408,6,1,0.16666666666666666,FAIL,0.07917026015379158,-0.2562496356743693,0.37212115185195105,-0.024728411069750544,-0.02453025478607862,0.8659359190556493,7,3,0.42857142857142855,中性
601828.SH,2052,20180228,20260821,-0.2002405356926411,-0.8705015673981191,-0.5213754514733797,-0.08219249274468887,-0.5748758463561712,-0.46756205287385844,10,0.2,-0.08286921277034787,-0.5748758463561713,-0.4336291454452191,0.11737132292229324,0.29562572104194784,0.35233918128654973,10,6,0.6,PASS,-0.24757352844667713,-0.9197609775729341,-0.8205643744960245,-0.04733299275403602,-0.049259410174814944,0.7919103313840156,20,9,0.45,FAIL
601838.SH,2048,20180314,20260821,0.09780364527090613,-0.3766962845849803,0.3891848037466777,-0.008180212124689445,-0.46056421964527994,-0.08384157778200492,11,0.36363636363636365,-0.016928096106422985,-0.46858157752187435,-0.13113894187180206,-0.11473174137732911,-0.09188529293689407,0.46142578125,11,4,0.36363636363636365,FAIL,0.03131777896935706,-0.41667957135062705,0.1629372104719719,-0.06648586630154907,-0.039983286765646775,0.8564453125,16,5,0.3125,FAIL
601857.SH,3525,20120215,20260821,0.04222865049304536,-0.6892999694237619,0.2009378883225243,-0.01999722188687736,-0.7253919728636214,-0.12262914910191253,17,0.35294117647058826,-0.02355854130142976,-0.7253919728636213,-0.1403801322616876,-0.06578719179447512,-0.03609200343985941,0.4459574468085106,17,6,0.35294117647058826,FAIL,0.041798218164893486,-0.5858667589560923,0.19558623240015804,-0.00043043232815187515,0.10343321046766962,0.8382978723404255,25,10,0.4,PASS
601858.SH,2302,20170301,20260821,0.04121504151442368,-0.6660126300628733,0.27702598823461544,-0.06096049636123757,-0.7476214738312106,-0.061819962579262,19,0.2631578947368421,-0.045546117636219186,-0.7476214738312104,-0.012800138776402275,-0.08676115915064286,-0.0816088437683371,0.4965247610773241,18,6,0.3333333333333333,FAIL,0.0382979746242591,-0.6690614293013473,0.2559078285780665,-0.002917066890164577,-0.0030487992384740092,0.7784535186794093,23,9,0.391304347826087,中性
601860.SH,1825,20190214,20260821,-0.06699791452339621,-0.7652299152542373,-0.17634614961863626,-0.11166007678035839,-0.60557287317693,-0.8864373186877035,6,0.16666666666666666,-0.03412000889944,-0.6589458809966242,-0.21941702791413034,0.032877905623956205,0.10628403425761312,0.36602739726027395,5,2,0.4,PASS,-0.05439886454767118,-0.717157125114795,-0.16869747144226652,0.01259904997572503,0.04807279013944232,0.8252054794520548,13,4,0.3076923076923077,PASS
601865.SH,1799,20190322,20260821,-0.051907264699492583,-0.8406352773066161,0.11695715918969798,-0.13951224127360995,-0.8080171856395273,-0.4626636739882769,12,0.16666666666666666,-0.17192030072271458,-0.8080171856395273,-0.5709165498553327,-0.120013036023222,0.032618091667088844,0.28237909949972206,13,6,0.46153846153846156,中性,-0.1595744778326058,-0.879201870684536,-0.1967428741458193,-0.10766721313311323,-0.0385665933779199,0.7448582545858811,26,7,0.2692307692307692,FAIL
601866.SH,3417,20120216,20260821,0.0018079008615623504,-0.8399806763285024,0.13249210663879937,-0.023370160439630583,-0.8330021783843209,-0.029988732046430374,17,0.29411764705882354,-0.0223408215854779,-0.8330021783843209,-0.02608042381977597,-0.02414872244704025,0.006978497944181483,0.3772314896107697,16,6,0.375,中性,-0.03608765126723845,-0.9072657734332531,0.0014676757658019224,-0.0378955521288008,-0.06728509710475072,0.835820895522388,27,8,0.2962962962962963,FAIL
601868.SH,1160,20211109,20260821,0.036206828567246774,-0.344736842105263,0.18336692970395885,-0.04712296057749954,-0.33892033106303177,-0.2725229070397583,3,0.0,-0.050176855995489156,-0.33892033106303177,-0.28884535526267985,-0.08638368456273593,0.005816511042231243,0.3767241379310345,4,1,0.25,FAIL,-0.02360835746417589,-0.3240388252737538,-0.05640797884425525,-0.05981518603142266,0.02069801683150918,0.9129310344827586,5,2,0.4,FAIL
601869.SH,1936,20180824,20260821,0.3000589284288111,-0.5877463757667181,0.7433132670525321,0.20447705223363544,-0.5660665220782302,0.6033167719843532,11,0.45454545454545453,0.16565273676524672,-0.5922003328830195,0.5239600586148054,-0.13440619166356438,-0.004453957116301477,0.6224173553719008,12,5,0.4166666666666667,FAIL,0.24929080960756833,-0.5412972699910465,0.6719137726087147,-0.05076811882124277,0.04644910577567152,0.8238636363636364,15,8,0.5333333333333333,中性
601872.SH,3416,20120215,20260821,0.1750245698443995,-0.7126724137931035,0.551616505389626,0.05399616685713826,-0.7934098347315408,0.26747266057721303,17,0.35294117647058826,0.04703444143428093,-0.7934098347315408,0.2482718481762719,-0.1279901284101186,-0.08073742093843728,0.44642857142857145,18,5,0.2777777777777778,FAIL,0.12057712230787487,-0.7407485106361377,0.43895151763890694,-0.05444744753652464,-0.028076096843034137,0.8565573770491803,27,9,0.3333333333333333,FAIL
601877.SH,3389,20120215,20260821,0.08956450079792422,-0.7137957881630639,0.36686635193153466,0.06251204689924261,-0.610438968857846,0.28396413471319,16,0.4375,0.06476437368775456,-0.6104389688578459,0.29200157009231564,-0.024800127110169656,0.103356819305218,0.5361463558571851,16,5,0.3125,PASS,0.061509917380773604,-0.7382866893845059,0.28626181592498423,-0.028054583417150614,-0.02449090122144204,0.8527589259368545,28,8,0.2857142857142857,中性
601878.SH,2199,20170731,20260821,-0.050044229491571945,-0.7528401865197117,-0.006262209640425192,-0.0722341771769528,-0.6678528125969052,-0.23299054917182033,15,0.3333333333333333,-0.04150851981878512,-0.6678528125969052,-0.10046589808936901,0.008535709672786829,0.08498737392280653,0.38699408822191905,15,4,0.26666666666666666,PASS,-0.0816161589105141,-0.7250746293958372,-0.14578324980919644,-0.03157192941894216,0.027765557123874518,0.7830832196452933,25,9,0.36,FAIL
601880.SH,3507,20120216,20260821,0.026737176215555714,-0.6921755161165559,0.17960735215255033,-0.05033686003434157,-0.7882867737202388,-0.20160866820160886,14,0.14285714285714285,-0.048412664109092174,-0.7882867737202388,-0.19279324242216134,-0.07514984032464789,-0.09611125760368289,0.3033932135728543,13,4,0.3076923076923077,FAIL,0.023539235610607667,-0.6450649794548036,0.1572963064914997,-0.0031979406049480463,0.047110536661752356,0.8850869689193043,21,7,0.3333333333333333,PASS
601881.SH,2299,20170306,20260821,0.004017769795638948,-0.6381930859656775,0.13496896223836755,-0.12192926464092546,-0.8148409914569006,-0.5436595631628522,14,0.21428571428571427,-0.13484172809095507,-0.8148409914569007,-0.5875216820015304,-0.13885949788659402,-0.17664790549122322,0.4023488473249239,15,4,0.26666666666666666,FAIL,-0.04111129216690523,-0.5739232244895544,-0.028297716545283697,-0.04512906196254418,0.06426986147612312,0.7855589386689865,26,7,0.2692307692307692,中性
601886.SH,3495,20120215,20260821,0.07220150829460459,-0.7428727191961071,0.32302961103145184,-0.025895414490925472,-0.8068877157633713,0.0014103935903603015,21,0.38095238095238093,-0.023119177280590097,-0.8068877157633713,0.010731958098155829,-0.09532068557519469,-0.06401499656726417,0.5055793991416309,20,5,0.25,FAIL,0.01758197793774774,-0.83506737421478,0.17390161373821963,-0.05461953035685685,-0.09219465501867286,0.8105865522174535,32,9,0.28125,FAIL
601888.SH,3464,20120215,20260821,0.11205676165149048,-0.8602920468164722,0.41642179624691333,0.18157574866130455,-0.5833324661746588,0.6410456977752901,14,0.5,0.1831076078438698,-0.5833324661746588,0.6453889551528983,0.07105084619237934,0.27695958064181336,0.5516743648960739,14,6,0.42857142857142855,PASS,0.10398124243557638,-0.8206084980443664,0.3983244653032876,-0.008075519215914095,0.03968354877210578,0.831986143187067,27,9,0.3333333333333333,PASS
601898.SH,3525,20120215,20260821,0.050219368318307644,-0.7036964935281769,0.25855892466853925,-0.06180034372768539,-0.830072149685362,-0.13245637667868923,22,0.36363636363636365,-0.06691748435749456,-0.830072149685362,-0.14925189565649086,-0.1171368526758022,-0.12637565615718516,0.4601418439716312,22,4,0.18181818181818182,FAIL,0.009085745865980988,-0.7748307843773806,0.13898955693152942,-0.04113362245232666,-0.07113429084920375,0.8198581560283688,32,12,0.375,FAIL
601899.SH,3494,20120215,20260821,0.17796154782097595,-0.6141367692805653,0.574113474766535,0.09037463805044776,-0.682576590620187,0.36526342619108865,21,0.38095238095238093,0.09373026772866422,-0.682576590620187,0.3755163902749501,-0.08423128009231173,-0.06843982133962179,0.5861476817401259,20,3,0.15,FAIL,0.12375619023946038,-0.6259539885117709,0.4498535175892791,-0.05420535758151557,-0.0118172192312056,0.8689181453921008,26,8,0.3076923076923077,FAIL
601901.SH,3409,20120215,20260821,0.03342245896636786,-0.7251383977999214,0.2218468128390989,-0.0597292500834713,-0.8452323212580934,-0.1837293323799925,20,0.35,-0.05560729212658855,-0.8452323212580934,-0.16440436257813057,-0.08902975109295641,-0.12009392345817205,0.4863596362569669,20,4,0.2,FAIL,0.032394811663812195,-0.5547365511897973,0.2006459699484863,-0.0010276473025556676,0.17040184661012414,0.8090349075975359,30,10,0.3333333333333333,PASS
601908.SH,3509,20120215,20260821,-0.03927330152391528,-0.8529879543273785,0.10589295410131895,0.07108269073489448,-0.777138721467146,0.31490388154430127,17,0.47058823529411764,0.07482992271399858,-0.7771387214671459,0.3241440241435447,0.11410322423791386,0.0758492328602326,0.493587916785409,16,8,0.5,PASS,-0.03369415148054855,-0.8715346873510954,0.08842691075480107,0.005579150043366732,-0.0185467330237169,0.8141920775149615,32,13,0.40625,反例
601916.SH,1602,20191231,20260821,-0.018399201041162883,-0.41132812499999993,-0.15423689493515655,-0.032407411971829725,-0.3394982608527728,-0.5523248982578506,5,0.4,-0.05065526566346312,-0.3612208578875442,-0.6837279686925647,-0.03225606462230024,0.05010726711245572,0.25530586766541824,5,2,0.4,中性,-0.06009120636527643,-0.473527079924583,-0.43649504858184573,-0.041692005324113546,-0.06219895492458305,0.8907615480649188,9,3,0.3333333333333333,FAIL
601918.SH,3434,20120215,20260821,0.020927502511696616,-0.8745612582781457,0.21503690760380406,0.08097944306664062,-0.7526130585113209,0.3404227566710504,16,0.375,0.0854556819250234,-0.7526130585113209,0.35271474037256734,0.06452817941332678,0.1219481997668248,0.5093185789167152,15,8,0.5333333333333333,PASS,-0.006434929624954844,-0.8877920438478348,0.12996597305526664,-0.02736243213665146,-0.013230785569689152,0.8386721025043681,27,10,0.37037037037037035,中性
601919.SH,3377,20120215,20260821,0.14598546952277824,-0.7989949458802847,0.5008494862984911,0.013624793194525031,-0.7988882486950057,0.13135799839956797,23,0.34782608695652173,0.01458669439271687,-0.7988882486950057,0.1345175042305621,-0.13139877513006137,0.00010669718527900329,0.5605567071365117,22,5,0.22727272727272727,FAIL,0.11116400568892315,-0.7236857261263325,0.4236848812526981,-0.03482146383385509,0.07530921975395222,0.8282499259697956,28,10,0.35714285714285715,中性
601921.SH,1205,20210827,20260821,-0.022576490309746955,-0.37611282639265586,0.015154180580915357,-0.1921973972382448,-0.6722397188939908,-0.8235828441398368,8,0.125,-0.19805308337885552,-0.6722397188939908,-0.8505030634027397,-0.17547659306910857,-0.29612689250133495,0.4016597510373444,9,4,0.4444444444444444,FAIL,-0.09749663184847579,-0.4973572609078747,-0.27104081673928127,-0.07492014153872883,-0.12124443451521882,0.8381742738589212,13,1,0.07692307692307693,FAIL
601928.SH,3472,20120215,20260821,0.03145562534601409,-0.7542785707667327,0.20524978605885907,-0.012276538374387469,-0.6989653744270427,0.05238300632978978,16,0.3125,-0.010780647652278152,-0.6989653744270428,0.05734790553906974,-0.042236272998292246,0.055313196339689896,0.6425691244239631,15,4,0.26666666666666666,中性,0.016833471447747828,-0.7693589719909626,0.15824472191998532,-0.014622153898266266,-0.015080401224229933,0.880184331797235,20,5,0.25,中性
601929.SH,3486,20120329,20260821,-0.04113438352149934,-0.9149408284023669,0.06897265433019299,-0.07218268670072514,-0.8407344975752528,-0.1487818779393022,20,0.15,-0.07705269585092156,-0.8485039252206646,-0.16031843978364863,-0.03591831232942222,0.06643690318170226,0.42053930005737233,21,8,0.38095238095238093,中性,-0.07451813969889798,-0.9050447194978921,-0.05278818234704344,-0.03338375617739864,0.009896108904474787,0.821285140562249,33,13,0.3939393939393939,FAIL
601933.SH,3506,20120215,20260821,-0.007754036649383567,-0.8101462223643576,0.11548635552010873,0.022375036060289455,-0.6735634711676587,0.13595181944948964,16,0.3125,0.024917703201654984,-0.6735634711676587,0.14561672821218682,0.03267173985103855,0.13658275119669894,0.46605818596691384,15,7,0.4666666666666667,PASS,-0.02054560386072546,-0.771588792938558,0.0444863426104542,-0.012791567211341892,0.03855742942579965,0.7681118083285796,30,13,0.43333333333333335,PASS
601939.SH,3525,20120216,20260821,0.11354183557822028,-0.3935742971887549,0.4910308495404841,0.0785465827181715,-0.4039265438552302,0.3770686402702315,10,0.5,0.07284861528092135,-0.4039265438552303,0.34743224716457594,-0.04069322029729894,-0.010352246666475384,0.6102127659574468,10,3,0.3,FAIL,0.09582297484859836,-0.36831934933655397,0.43302926466941727,-0.01771886072962192,0.02525494785220095,0.9412765957446808,13,4,0.3076923076923077,中性
601958.SH,3526,20120215,20260821,0.05379947175673472,-0.660661159704602,0.2763638334735332,-0.006392514164072605,-0.8311672115482491,0.07716276686787392,17,0.35294117647058826,-0.004297937121188644,-0.8311672115482491,0.08356175478876182,-0.05809740887792336,-0.1705060518436471,0.598411798071469,17,5,0.29411764705882354,FAIL,0.028914378441677213,-0.7819472919629776,0.20600397549470129,-0.024885093315057505,-0.12128613225837559,0.8825865002836075,21,8,0.38095238095238093,中性
601965.SH,3415,20120717,20260821,0.10634908691911615,-0.6686888935316069,0.40001224096017335,0.0016843503039916108,-0.7163301821496297,0.09652533782676065,19,0.3684210526315789,0.0019891051171716523,-0.7163301821496297,0.09752474070770144,-0.1043599818019445,-0.04764128861802286,0.5428989751098097,19,5,0.2631578947368421,FAIL,0.03126813371534731,-0.6890797764039962,0.21113231538746194,-0.07508095320376884,-0.020390882872389327,0.8354319180087848,30,11,0.36666666666666664,FAIL
601966.SH,2415,20160810,20260821,-0.10226297607831614,-0.8104789341365837,-0.21176450446631429,0.007484254055197814,-0.490307458430723,0.06612075405427568,12,0.3333333333333333,-0.014218715119148073,-0.5965351908052154,-0.017206769007186748,0.08804426095916806,0.21394374333136823,0.579296066252588,12,9,0.75,PASS,0.021885830412160967,-0.552541260663802,0.14430605276593478,0.1241488064904771,0.2579376734727816,0.7734989648033126,17,9,0.5294117647058824,PASS
601969.SH,2768,20150115,20260821,-0.03811009549698385,-0.8707307427533578,0.11228691150780142,0.0084599325038619,-0.7407300160623198,0.1252836350991947,17,0.35294117647058826,0.016001349501898687,-0.7407300160623199,0.1494059402730335,0.05411144499888254,0.1300007266910379,0.4486994219653179,16,7,0.4375,PASS,-0.02441009836701824,-0.8289236085969705,0.10769885332246083,0.013699997129965613,0.04180713415638737,0.803106936416185,22,9,0.4090909090909091,PASS
601975.SH,1821,20190219,20260821,0.0762922120519498,-0.6510721247563354,0.33501333424721397,0.04887453936685415,-0.5023810834959324,0.24017797467306254,8,0.75,0.08197792174794083,-0.5023810834959324,0.33516210756276194,0.005685709695991026,0.148691041260403,0.39099395936298736,8,3,0.375,PASS,0.08807217188040672,-0.7253349921782031,0.3564980044053697,0.01177995982845692,-0.07426286742186772,0.7770455793520044,14,6,0.42857142857142855,反例
601985.SH,2696,20150716,20260821,0.0003719636693753081,-0.6475396241830065,0.04901022630282771,-0.02351348663786712,-0.6647926429349407,-0.11627521141268553,10,0.3,-0.012165041335953197,-0.6618888079027295,-0.04896853063829476,-0.012537005005328505,-0.014349183719723047,0.5459940652818991,9,5,0.5555555555555556,中性,-0.011962828300988604,-0.6131901416480595,-0.007756911606402268,-0.012334791970363912,0.03434948253494696,0.9191394658753709,12,3,0.25,PASS
601988.SH,3525,20120216,20260821,0.10853324210308735,-0.44285714285714284,0.49882993781098534,0.0642023540878569,-0.34896768607335193,0.30823606576529444,7,0.5714285714285714,0.06605156052431949,-0.3489676860733518,0.3165457408616369,-0.04248168157876786,0.09388945678379101,0.8008510638297872,6,2,0.3333333333333333,中性,0.12008976489718948,-0.3199273111416736,0.5668197661727635,0.011556522794102131,0.12292983171546923,0.9580141843971631,6,4,0.6666666666666666,PASS
601989.SH,3052,20120216,20250812,-0.007631607551281672,-0.8250336555963576,0.09432531971391117,-0.03842172925488052,-0.8246993978541509,-0.17104950596786547,14,0.35714285714285715,-0.03869065862466592,-0.8246993978541509,-0.17235972954488468,-0.031059051073384247,0.00033425774220663396,0.30668414154652685,13,5,0.38461538461538464,FAIL,-0.07019942257431189,-0.8761806002993066,-0.169457361687642,-0.06256781502303022,-0.051146944702949004,0.8168414154652687,26,8,0.3076923076923077,FAIL
601990.SH,1962,20180719,20260821,-0.024459125883797284,-0.649452272150292,0.060583336183479275,-0.01751477675154567,-0.5273063042990384,-0.031108204344332913,8,0.5,-0.040116507694706094,-0.5273063042990381,-0.11391774071694367,-0.01565738181090881,0.12214596785125387,0.3476044852191641,9,6,0.6666666666666666,PASS,-0.05403505693270949,-0.6638089174334459,-0.05735953336285358,-0.029575931048912207,-0.014356645283153946,0.7910295616717635,19,7,0.3684210526315789,中性
601991.SH,3511,20120215,20260821,0.030195591747055328,-0.7550056224122009,0.19967628003944918,0.06419180234597999,-0.5781427444102877,0.28113046306058936,13,0.5384615384615384,0.06234273099745202,-0.5781427444102878,0.2747912047806029,0.032147139250396695,0.17686287800191314,0.42865280546852746,14,7,0.5,PASS,0.03344163605353989,-0.7299806756549201,0.19739085968517425,0.0032460443064845634,0.02502494675728084,0.8348048988892054,27,7,0.25925925925925924,反例
601992.SH,3499,20120215,20260821,-0.05966002339677545,-0.8328034182844508,-0.044643932320606296,-0.059688758002721776,-0.7300486564840339,-0.14469023237862882,20,0.25,-0.05748449793132271,-0.730048656484034,-0.13607503087216713,0.0021755254654527434,0.10275476180041676,0.5030008573878251,19,5,0.2631578947368421,PASS,-0.051388975738248854,-0.8480843533157036,-0.04917854656553301,0.008271047658526598,-0.01528093503125283,0.8148042297799372,28,10,0.35714285714285715,反例
601995.SH,1363,20201207,20260821,-0.09879737421546608,-0.6399561578318056,-0.1956129562310632,-0.10722925448174925,-0.5432069591353134,-0.4906521377145085,9,0.3333333333333333,-0.11881846218538161,-0.6314692549302041,-0.49730798993320646,-0.02002108796991553,0.008486902901601479,0.4702861335289802,9,3,0.3333333333333333,中性,-0.09078093368027562,-0.5615664292121498,-0.22642952370683506,0.008016440535190461,0.07838972861965576,0.7872340425531915,14,7,0.5,PASS
601997.SH,2405,20160922,20260821,-0.03283981385323598,-0.5094800664451827,-0.07858535129420861,-0.06633669744719572,-0.5494031581572143,-0.6745330751966315,10,0.2,-0.07551202251053724,-0.5543776573469171,-0.743957122617982,-0.04267220865730126,-0.0448975909017344,0.288981288981289,10,2,0.2,FAIL,-0.08621703927569002,-0.6492891315301186,-0.3138646369266944,-0.053377225422454044,-0.13980906508493585,0.8515592515592516,19,2,0.10526315789473684,FAIL
601998.SH,3523,20120215,20260821,0.0927780743192721,-0.47665369649805445,0.375709749540672,0.04736558697090776,-0.5517083617720451,0.21473522570985737,14,0.35714285714285715,0.04473582955500177,-0.5517083617720451,0.20394254469899786,-0.048042244764270325,-0.07505466527399063,0.49162645472608574,14,3,0.21428571428571427,FAIL,0.09246485219673461,-0.47089364193148453,0.3808271900952902,-0.00031322212253748205,0.0057600545665699165,0.878796480272495,21,10,0.47619047619047616,中性
601999.SH,3431,20120215,20260821,-0.013656814282544394,-0.7815083251714006,0.14556296153724044,-0.08986617845678757,-0.8575310601962876,-0.15811154075477277,24,0.2916666666666667,-0.0871764679420669,-0.8575310601962876,-0.14936706327438606,-0.07351965365952251,-0.07602273502488699,0.5062663946371321,24,9,0.375,FAIL,-0.035252100893268024,-0.8073026521802079,0.06275453970675411,-0.02159528661072363,-0.02579432700880735,0.8035558146313029,32,9,0.28125,中性
603000.SH,3453,20120605,20260821,0.03355138357796483,-0.8453896933717596,0.2686109928067178,-0.09257339121300723,-0.8895314924264957,-0.1784072025993322,23,0.13043478260869565,-0.10984768638285103,-0.8895314924264958,-0.229665266340622,-0.14339906996081586,-0.04414179905473614,0.4428033593976253,23,6,0.2608695652173913,FAIL,-0.004337748029313415,-0.8489325967994357,0.16442712871705079,-0.03788913160727825,-0.0035429034276760474,0.7894584419345496,33,12,0.36363636363636365,FAIL
603001.SH,3419,20120604,20260821,-0.04815560421565168,-0.9047222429678111,0.02036139799722792,-0.04840445556671036,-0.8576495372072148,-0.059226497003294805,19,0.3157894736842105,-0.04792230300805578,-0.8576495372072148,-0.05764256259643848,0.000233301207595904,0.0470727057605963,0.48493711611582335,18,9,0.5,PASS,-0.07347941244403589,-0.9181566393564891,-0.0825131574462217,-0.025323808228384204,-0.013434396388677938,0.8224627083942674,28,12,0.42857142857142855,中性
603005.SH,3021,20140317,20260821,0.07495265644141091,-0.8079728553999777,0.35789961952866606,0.024997462967927042,-0.7488817203376164,0.20652320507272723,23,0.34782608695652173,0.01792970219736323,-0.748881720337616,0.18929003263228872,-0.057022954244047686,0.05909113506236163,0.5666997682886461,23,10,0.43478260869565216,中性,0.07026049897681563,-0.7269087176789941,0.33164016060484025,-0.004692157464595281,0.08106413772098353,0.7871565706719629,31,12,0.3870967741935484,PASS
603019.SH,2814,20141212,20260821,0.1731543351266831,-0.7184994479882238,0.5326782652176378,0.11353397138924493,-0.6513758500532455,0.4180634431183228,18,0.5,0.1052513282918428,-0.6513758500532456,0.3989470613126134,-0.0679030068348403,0.06712359793497824,0.43674484719260837,17,5,0.29411764705882354,中性,0.07389914321477131,-0.7711921275133551,0.3415220105280602,-0.09925519191191179,-0.052692679525131236,0.744136460554371,35,12,0.34285714285714286,FAIL
603025.SH,2693,20150528,20260821,-0.0516611058176476,-0.7949213823453275,0.11394719194313531,-0.15294233222686582,-0.8730837390300403,-0.4056796178689958,16,0.25,-0.16381369963727777,-0.8906666663404471,-0.4398410507157779,-0.11215259381963016,-0.09574528399511961,0.45673969550686966,16,5,0.3125,FAIL,-0.21567322841501702,-0.9594121597909515,-0.38547037130668765,-0.16401212259736941,-0.16449077744562401,0.7523208317861121,29,9,0.3103448275862069,FAIL
603026.SH,2703,20150706,20260821,0.12692151371904048,-0.9213135261193535,0.4585293574148385,0.17875387636283513,-0.6473599766344642,0.5514949212605945,12,0.4166666666666667,0.2312010996095193,-0.6473599766344641,0.6477581617516684,0.10427958589047881,0.27395354948488937,0.4742878283388827,12,6,0.5,PASS,0.12521395037146288,-0.8945163749150057,0.44845621878797287,-0.0017075633475776009,0.02679715120434778,0.777654458009619,25,12,0.48,中性
603056.SH,1906,20180227,20260120,-0.017360721281865943,-0.6762165839126117,0.09525743062642351,-0.08873236286604191,-0.6565646768449501,-0.35369488402815946,10,0.2,-0.07671713414484349,-0.65656467684495,-0.24398777418548856,-0.05935641286297755,0.019651907067661734,0.3441762854144806,11,5,0.45454545454545453,FAIL,-0.006468197494911121,-0.6384310743837488,0.09662096673075145,0.010892523786954822,0.03778550952886295,0.7046169989506821,20,12,0.6,PASS
603077.SH,3304,20120904,20260821,0.057620201361068935,-0.6994316709495592,0.28793761509192983,0.04780096846469806,-0.7229603402543295,0.23577317884929375,17,0.29411764705882354,0.03381494426672593,-0.7229603402543295,0.19207374492355883,-0.023805257094343002,-0.023528669304770378,0.4833535108958838,18,8,0.4444444444444444,中性,0.056729427504873975,-0.7436393560598122,0.27674518429660694,-0.0008907738561949596,-0.04420768511025308,0.7990314769975787,26,12,0.46153846153846156,中性
603087.SH,1467,20200803,20260821,-0.12052644948896685,-0.8197957799448844,-0.20440071279816502,-0.03208826902006168,-0.5254933639681953,-0.10622741815584012,11,0.45454545454545453,-0.06344682788050382,-0.5254933639681953,-0.2003374929974699,0.05707962160846303,0.29430241597668905,0.44648943421949555,10,2,0.2,PASS,-0.06857155745750076,-0.6510291247251647,-0.10996460525933872,0.05195489203146608,0.16876665521971967,0.7682344921608726,17,5,0.29411764705882354,PASS
603119.SH,715,20230905,20260821,0.529518748493603,-0.5448342594228288,1.0062641093046858,0.43172591308879604,-0.3069605411936397,0.9604862719785372,5,0.4,0.4777417081576292,-0.3069605411936398,1.0154822579622538,-0.051777040335973856,0.237873718229189,0.5944055944055944,5,2,0.4,中性,0.8055110843864106,-0.353882740970793,1.354478418982349,0.2759923358928076,0.19095151845203584,0.7776223776223776,6,4,0.6666666666666666,PASS
603127.SH,2155,20170929,20260821,0.23543841178146252,-0.8577676667221272,0.6298784926350796,0.19561933907662388,-0.6680469325500022,0.5946354097789646,12,0.5833333333333334,0.17729183996297948,-0.6680469325500022,0.5531020390822267,-0.05814657181848304,0.18972073417212498,0.540139211136891,12,4,0.3333333333333333,中性,0.20804119975658053,-0.7364660723257769,0.5934298225097195,-0.02739721202488199,0.12130159439635035,0.8,21,7,0.3333333333333333,PASS
603129.SH,2160,20170922,20260821,0.2853313855490258,-0.5958339859044636,0.7215531401439864,0.18388871969723763,-0.6036103831685216,0.5981924244602197,13,0.5384615384615384,0.18066434889097827,-0.6036103831685216,0.5896469987314502,-0.10466703665804755,-0.007776397264057988,0.5194444444444445,13,3,0.23076923076923078,FAIL,0.12313255640567511,-0.6779397136089422,0.4367087787839988,-0.1621988291433507,-0.08210572770447866,0.8523148148148149,23,7,0.30434782608695654,FAIL
603156.SH,2040,20180326,20260821,0.1413757889398406,-0.5136507550784997,0.4864242104730843,0.036283543787544614,-0.42641157409022823,0.1833322496583794,12,0.5,0.03863079520580048,-0.4264115740902287,0.1917825219863113,-0.10274499373404011,0.08723918098827099,0.4696078431372549,12,4,0.3333333333333333,中性,0.1035738416255283,-0.5375566136665444,0.39481325829873404,-0.0378019473143123,-0.023905858588044726,0.8357843137254902,18,7,0.3888888888888889,FAIL
603160.SH,2358,20161121,20260821,-0.09668241774789921,-0.8790633351769963,-0.08100135257108283,-0.11243552915317812,-0.7927796945787975,-0.3846472343765002,14,0.07142857142857142,-0.13610356751569874,-0.7927796945787975,-0.4737444038732386,-0.039421149767799535,0.08628364059819882,0.38592027141645463,15,8,0.5333333333333333,中性,-0.07460554046119183,-0.8284421455514337,-0.07066450747122983,0.022076877286707375,0.05062118962556261,0.7820186598812553,24,11,0.4583333333333333,PASS
603169.SH,2763,20141114,20260821,-0.04827979595109355,-0.8961918910175921,0.12372852848632121,-0.11243919444898409,-0.9162151941576182,-0.21461779689661495,17,0.17647058823529413,-0.11665207838967695,-0.9162151941576182,-0.22778193432906915,-0.0683722824385834,-0.020023303140026094,0.39920376402461094,17,6,0.35294117647058826,FAIL,-0.1459841990599403,-0.9556919953712503,-0.15624540477865548,-0.09770440310884676,-0.059500104353658156,0.7723488961273978,32,10,0.3125,FAIL
603179.SH,2265,20170425,20260821,0.13011757272826152,-0.6758704300056828,0.4533967591185069,0.073112717197521,-0.5156687693072439,0.3153998392031364,14,0.2857142857142857,0.07738656108027464,-0.5156687693072441,0.3286473496670101,-0.05273101164798688,0.16020166069843866,0.5620309050772627,14,5,0.35714285714285715,中性,0.07949862511589845,-0.6542241023615529,0.34934526366990254,-0.050618947612363074,0.02164632764412988,0.8529801324503311,19,7,0.3684210526315789,FAIL
603185.SH,1827,20190212,20260821,0.020932116855086225,-0.9283012588852547,0.2728054947978638,0.12329486350790164,-0.7054854910680177,0.4368244613761143,12,0.4166666666666667,0.13413437588503774,-0.7054854910680177,0.4606295210449674,0.11320225902995151,0.222815767817237,0.4088669950738916,12,5,0.4166666666666667,PASS,0.11817904168519022,-0.8572240653236458,0.4297627659942427,0.097246924830104,0.07107719356160891,0.6819923371647509,22,11,0.5,PASS
603188.SH,2793,20141021,20260821,-0.11505459191735545,-0.95105861404046,-0.15040193723964224,-0.15906052078868393,-0.9243028460037268,-0.5764410331693238,18,0.05555555555555555,-0.15021020152146192,-0.9243028460037268,-0.5325833697263265,-0.035155609604106464,0.026755768036733185,0.44539921231650553,18,7,0.3888888888888889,FAIL,-0.14049631267169393,-0.9594285060772522,-0.30946697678493834,-0.02544172075433848,-0.00836989203679217,0.7601145721446473,31,10,0.3225806451612903,中性
603195.SH,1563,20200312,20260821,-0.0209784250189069,-0.5249156053631089,0.0035099406384846428,-0.05745875492513597,-0.4622192075868633,-0.3229831638456151,9,0.3333333333333333,-0.07079811307259576,-0.4622192075868632,-0.38131028296026837,-0.04981968805368886,0.0626963977762457,0.4171465131158029,10,4,0.4,中性,-0.08736408939555218,-0.6058350817888694,-0.2780883217061604,-0.06638566437664528,-0.08091947642576047,0.8221369161868202,15,6,0.4,FAIL
603198.SH,2705,20150703,20260821,0.06635553512526404,-0.6813804145826287,0.31685657522372934,0.0035268895624132046,-0.5470426446980846,0.10513033858799867,16,0.4375,0.044005382867329024,-0.5470426446980846,0.23170339155647557,-0.02235015225793502,0.13433776988454404,0.4879852125693161,15,8,0.5333333333333333,PASS,0.024476315895065826,-0.7018148766023318,0.20918387210838205,-0.04187921923019822,-0.020434462019703115,0.8247689463955638,25,9,0.36,FAIL
603218.SH,2316,20170209,20260821,-0.06528749183320393,-0.8157806977101583,0.01450145411501579,0.08398002751902212,-0.41866523692343005,0.3415187616596646,12,0.5,0.14231879399399028,-0.41866523692343005,0.4958829481166232,0.2076062858271942,0.3971154607867282,0.48877374784110533,12,6,0.5,PASS,0.022145042993428454,-0.7450160774725061,0.19731617531295767,0.08743253482663238,0.07076462023765218,0.7271157167530224,22,10,0.45454545454545453,PASS
603225.SH,2245,20170524,20260821,0.016754935232105916,-0.6545465782463861,0.18001528947529846,-0.15022465387943318,-0.8186069680189785,-0.5610553069347703,16,0.125,-0.14418374081749075,-0.8186069680189785,-0.5328251569011404,-0.16093867604959666,-0.1640603897725924,0.422271714922049,17,3,0.17647058823529413,FAIL,-0.07857266679156205,-0.7566367744628397,-0.1182090413441815,-0.09532760202366797,-0.10209019621645365,0.8271714922048998,24,5,0.20833333333333334,FAIL
603228.SH,2310,20170217,20260821,0.16822075685955862,-0.5804911719596997,0.52115321872499,0.0053345845869641195,-0.6807004933380931,0.1310904892458202,16,0.375,0.01012524085015043,-0.6807004933380929,0.1449637929025645,-0.1580955160094082,-0.10020932137839322,0.5199134199134199,15,3,0.2,FAIL,0.10850109182714096,-0.4409645958798881,0.4037917522631854,-0.05971966503241766,0.13952657607981156,0.8333333333333334,21,5,0.23809523809523808,中性
603233.SH,2174,20170904,20260821,0.04219900432156232,-0.7890142675229771,0.25077555629796006,0.03570813540368567,-0.5371843629730004,0.18915430471541717,13,0.38461538461538464,0.060223384189153295,-0.5371843629730004,0.2694886111247825,0.01802437986759098,0.25182990454997667,0.5648574057037719,12,5,0.4166666666666667,PASS,0.02254342937336906,-0.7463830528978396,0.17891918372888008,-0.019655574948193255,0.042631214625137526,0.8344066237350506,19,6,0.3157894736842105,PASS
603256.SH,1694,20190823,20260821,0.34088665337139235,-0.7974959349593496,0.7692257929523407,0.18875572800693297,-0.7810488780748174,0.5634728740217861,12,0.25,0.220651820590265,-0.7810488780748173,0.6215416871234838,-0.12023483278112734,0.016447056884532296,0.538370720188902,12,5,0.4166666666666667,FAIL,0.2396220709656145,-0.8484218268352912,0.6344910896604605,-0.10126458240577785,-0.05092589187594165,0.8353010625737899,15,3,0.2,FAIL
603259.SH,1988,20180612,20260821,0.17832326780083574,-0.7709416471506636,0.5467770882143281,0.17755388731829647,-0.5449461980258152,0.6037771308882814,13,0.5384615384615384,0.13607641619818733,-0.5449461980258152,0.4829618610836341,-0.042246851602648405,0.22599544912484837,0.5804828973843058,13,5,0.38461538461538464,中性,0.1272631395157824,-0.7645255808101821,0.4462867463358808,-0.05106012828505335,0.00641606634048153,0.8511066398390342,18,7,0.3888888888888889,FAIL
603260.SH,2114,20171204,20260821,0.007373000921728767,-0.862692223262758,0.19860337288123528,0.032967143778617425,-0.6033403649295184,0.18835990149037615,12,0.25,0.06887092231065917,-0.6033403649295186,0.29874165714655865,0.0614979213889304,0.25935185833323937,0.3741721854304636,12,6,0.5,PASS,-0.049693714572949244,-0.8719606128743908,0.029016777891246494,-0.05706671549467801,-0.009268389611632788,0.739356669820246,27,7,0.25925925925925924,FAIL
603267.SH,1740,20190620,20260821,0.05798233737782432,-0.8407421390768526,0.31744166538627466,-0.03526533810307264,-0.8210978893212935,0.040902887363187625,15,0.2,-0.027936641804027995,-0.8210978893212934,0.06444534155102412,-0.08591897918185232,0.01964424975555923,0.5270114942528735,14,4,0.2857142857142857,FAIL,0.026333022969746267,-0.7756473775340962,0.23457850541394623,-0.031649314408078055,0.0650947615427564,0.7844827586206896,19,6,0.3157894736842105,中性
603288.SH,3023,20140318,20260821,0.12915775287449205,-0.7239243168206314,0.46767072104916574,0.0991218483877081,-0.5512737901528231,0.4297365196812147,14,0.35714285714285715,0.09330206594711421,-0.5512737901528231,0.4035905789588762,-0.03585568692737784,0.17265052666780834,0.5345683096261992,14,4,0.2857142857142857,中性,0.08664101456268458,-0.7803525768065871,0.35205542019362357,-0.04251673831180747,-0.05642825998595569,0.8455176976513398,23,8,0.34782608695652173,FAIL
603290.SH,1565,20200310,20260821,-0.011214226867388155,-0.8019840834249772,0.2027874146912983,-0.11565736697206486,-0.8069716125719191,-0.16255215937916156,12,0.3333333333333333,-0.12268248682444649,-0.8069716125719191,-0.17607743366793466,-0.11146825995705834,-0.004987529146941894,0.5009584664536741,11,2,0.18181818181818182,FAIL,-0.09122677040871552,-0.8416242400225462,-0.009243076945191872,-0.08001254354132736,-0.03964015659756903,0.771884984025559,18,5,0.2777777777777778,FAIL
603296.SH,710,20230912,20260821,0.32825142531009965,-0.41868992171241703,0.7846251355454438,-0.006539490506834333,-0.32127339272023714,0.08319392943468258,5,0.4,0.04489351498224092,-0.321273392720237,0.23641165878521392,-0.28335791032785873,0.09741652899218001,0.5521126760563381,5,1,0.2,中性,0.2715131627715057,-0.3077226177602005,0.7147372477190554,-0.05673826253859393,0.11096730395221654,0.856338028169014,6,4,0.6666666666666666,中性
603298.SH,2317,20170208,20260821,0.10744075380373386,-0.6519662183296842,0.4023089075192858,0.07251081595106301,-0.5107382305029993,0.30812131542916654,10,0.4,0.08726566500854083,-0.5107382305029993,0.3533432183847606,-0.02017508879519303,0.1412279878266849,0.6089771255934397,10,4,0.4,PASS,0.052420294755093355,-0.6634520289816076,0.25590904919187735,-0.0550204590486405,-0.011485810651923445,0.8549848942598187,17,4,0.23529411764705882,FAIL
603305.SH,2182,20170814,20260821,-0.054030095400180445,-0.742300477619968,0.12308452710547998,-0.033487561106270936,-0.4903594756506281,0.0014391990633211896,15,0.4666666666666667,-0.004515322104295505,-0.490359475650628,0.0949237582588133,0.04951477329588494,0.25194100196934,0.39413382218148485,15,8,0.5333333333333333,PASS,0.009203358572941633,-0.7325529269159785,0.20361952431848057,0.06323345397312208,0.009747550703989472,0.7153987167736022,25,12,0.48,反例
603308.SH,2964,20140305,20260821,0.13485352775590376,-0.783446017774376,0.46840781416005295,0.07693259415782583,-0.786575318097265,0.33587186206710673,22,0.36363636363636365,0.07972866165789427,-0.7865753180972649,0.34267911103193394,-0.055124866098009484,-0.0031293003228889393,0.5850202429149798,22,7,0.3181818181818182,FAIL,0.15371761473267687,-0.8424455551255716,0.5035308730460004,0.01886408697677311,-0.058999537351195674,0.7790148448043185,28,13,0.4642857142857143,反例
603317.SH,1758,20190524,20260821,0.020809599989843663,-0.8160311124664501,0.21205775338274066,-0.010612528640947527,-0.5069869767039581,0.023925029636354123,10,0.3,0.03577995444355997,-0.5069869767039583,0.19090952717976092,0.014970354453716306,0.3090441357624918,0.39761092150170646,9,3,0.3333333333333333,PASS,-0.0809634765757975,-0.8605636840377358,-0.08215222359492189,-0.10177307656564116,-0.04453257157128565,0.8031854379977247,20,4,0.2,FAIL
603328.SH,2923,20140805,20260821,0.024634461935178598,-0.6659434094436469,0.2124295815334213,-0.061251496513536785,-0.6965086321544545,-0.12941616475084464,19,0.3157894736842105,-0.05397221083219339,-0.6965086321544545,-0.10168825571977207,-0.07860667276737199,-0.030565222710807527,0.5333561409510776,19,6,0.3157894736842105,FAIL,-0.03964164649065627,-0.6487184456068054,0.02014034785427503,-0.06427610842583487,0.017224963836841578,0.8333903523776941,24,8,0.3333333333333333,FAIL
603338.SH,2736,20150430,20260821,0.15675178701690595,-0.7570350828371513,0.5045769673985961,0.06744905117789446,-0.6189905162200928,0.29948604811974155,17,0.47058823529411764,0.06266460075401437,-0.6189905162200929,0.28653889401789867,-0.09408718626289159,0.13804456661705833,0.6374269005847953,16,4,0.25,中性,0.15576077691265078,-0.5282890918869316,0.5087555351622716,-0.0009910101042551744,0.22874599095021964,0.847953216374269,20,5,0.25,PASS
603341.SH,575,20240409,20260821,-0.10340334846204258,-0.36863319897398317,-0.0367265719593161,-0.10196749920839365,-0.3867032246222051,-0.27067418349464234,2,0.0,-0.17879711251528663,-0.42213210902064546,-0.5282381789289328,-0.07539376405324405,-0.053498910046662296,0.4052173913043478,3,1,0.3333333333333333,FAIL,-0.17629254889313495,-0.4072284820260519,-0.267162936339256,-0.07288920043109237,-0.03859528305206872,0.8278260869565217,5,1,0.2,FAIL
603345.SH,2243,20170526,20260821,0.1353074820408331,-0.7442237158742013,0.462362101816945,0.09897054233589353,-0.6190052813225715,0.38404244752288447,12,0.4166666666666667,0.0867006645088988,-0.6190052813225715,0.34953482857454765,-0.0486068175319343,0.12521843455162984,0.6009808292465448,12,4,0.3333333333333333,中性,0.10141983699453294,-0.7559456652733577,0.38699098917684216,-0.03388764504630015,-0.011721949399156384,0.8444048149799376,17,5,0.29411764705882354,FAIL
603355.SH,2716,20150617,20260821,-0.02369322902910842,-0.6945218520121159,0.1088519703342455,-0.016865290552124046,-0.75502986943192,-0.002608065416339557,18,0.3888888888888889,-0.06960346258798356,-0.8090954984696375,-0.17209364332521712,-0.045910233558875135,-0.11457364645752155,0.5132547864506627,19,8,0.42105263157894735,FAIL,-0.08864508549702843,-0.8454538847334907,-0.11308116562609959,-0.06495185646792001,-0.1509320327213748,0.8089101620029455,28,11,0.39285714285714285,FAIL
603366.SH,3437,20120627,20260821,-0.0028756022696596606,-0.8410193135209763,0.18986818122258128,-0.00304330541223774,-0.8536420891954397,0.12326858320688945,15,0.3333333333333333,-0.0029505708565128463,-0.8536420891954397,0.12356232631379198,-7.496858685318575e-05,-0.01262277567446346,0.5851032877509456,16,6,0.375,中性,-0.049367478992087266,-0.9145349340953629,0.05221454990871739,-0.046491876722427605,-0.07351562057438665,0.8228105906313645,26,9,0.34615384615384615,FAIL
603369.SH,2922,20140807,20260821,0.10379510096775868,-0.6041690336792069,0.39428212759860054,0.03136058690398991,-0.5044483241579518,0.1797412197350863,16,0.375,0.04045531394428448,-0.5044483241579518,0.21054530171331387,-0.0633397870234742,0.09972070952125511,0.55201916495551,15,6,0.4,中性,0.060572799366437335,-0.6195752711239662,0.2862830452713517,-0.043222301601321345,-0.015406237444759219,0.8326488706365504,26,7,0.2692307692307692,FAIL
603377.SH,2490,20160318,20260821,-0.18339170031792373,-0.9675152871555551,-0.327828469044084,-0.19297755169630404,-0.899074539542886,-0.8012176607998266,17,0.17647058823529413,-0.20321231694242614,-0.9095118787612309,-0.8307969146177535,-0.019820616624502407,0.058003408394324274,0.4799196787148594,18,6,0.3333333333333333,PASS,-0.16692733575177687,-0.9379497056931071,-0.37305709877932103,0.01646436456614686,0.029565581462448032,0.8200803212851405,24,9,0.375,反例
603379.SH,1767,20190513,20260821,0.09692302321887003,-0.5544174135723432,0.38062772585942695,-0.04280800326556855,-0.7617456633715167,-0.02217137927889977,11,0.45454545454545453,-0.061928015999474284,-0.7617456633715168,-0.07906426920216678,-0.15885103921834431,-0.20732824979917364,0.5336728919071874,12,4,0.3333333333333333,FAIL,-0.035799031005396054,-0.6240752213248066,0.055031412132795075,-0.13272205422426608,-0.06965780775246344,0.821165817770232,18,6,0.3333333333333333,FAIL
603392.SH,1505,20200608,20260821,-0.06776269448147987,-0.8161801949954336,0.041963125197010474,-0.06457375524784159,-0.7156768586474764,-0.12181441277838724,8,0.25,-0.06338638960429843,-0.7156768586474764,-0.11339741847194029,0.004376304877181436,0.10050333634795716,0.27840531561461795,7,2,0.2857142857142857,PASS,-0.12675380877629583,-0.8583918723521404,-0.14762680464717665,-0.05899111429481596,-0.042211677356706834,0.7634551495016612,16,5,0.3125,FAIL
603444.SH,2312,20170215,20260821,0.08047505837849456,-0.7391627138674761,0.3510306574873858,0.16263242240994802,-0.6983680055606385,0.5581108913431159,13,0.3076923076923077,0.19072434461614063,-0.6983680055606385,0.6292667327810614,0.11024928623764607,0.040794708306837624,0.504325259515571,12,7,0.5833333333333334,PASS,0.09919231487338842,-0.7634171966572625,0.3823277654788186,0.018717256494893864,-0.02425448278978637,0.7677335640138409,22,9,0.4090909090909091,反例
603456.SH,2822,20141114,20260821,0.05767743156575178,-0.7937390321612472,0.3022322850537495,0.12555971985183256,-0.640342683881804,0.4574694925084586,14,0.5,0.11680309512404996,-0.640342683881804,0.43357527082647546,0.05912566355829818,0.15339634827944315,0.4943302622253721,14,5,0.35714285714285715,PASS,0.0688558522980034,-0.712308114199599,0.3141258817642773,0.011178420732251615,0.08143091796164814,0.7725017717930546,25,12,0.48,PASS
603486.SH,1974,20180703,20260821,0.03647784356971462,-0.8833518847482547,0.2741982518280909,0.19515362676069237,-0.7044793757389303,0.6308213086673748,10,0.5,0.1553118700660634,-0.7044793757389303,0.5244821727852821,0.11883402649634878,0.1788725090093244,0.4326241134751773,10,6,0.6,PASS,0.09071981473380664,-0.8600997844910806,0.36740385518078084,0.05424197116409202,0.023252100257174058,0.7122593718338399,23,12,0.5217391304347826,反例
603501.SH,2063,20171012,20260821,0.14471819085793247,-0.715565751759498,0.491074089406023,0.009613593998297532,-0.6580124642983792,0.15745088726308581,14,0.2857142857142857,-0.010730589717182437,-0.6580124642983791,0.102710810275054,-0.1554487805751149,0.057553287461118874,0.48957828405235093,13,4,0.3076923076923077,中性,0.11117995696647132,-0.5593881593130998,0.42229347340209467,-0.033538233891461156,0.15617759244639817,0.8046534173533689,18,9,0.5,中性
603515.SH,2402,20160927,20260821,-0.03423775616020486,-0.6493367837547372,-0.022805819929059664,-0.08461836775069165,-0.7151672712734896,-0.3533117156555544,14,0.21428571428571427,-0.07710796401997355,-0.7151672712734897,-0.3132486135753845,-0.042870207859768694,-0.06583048751875242,0.5541215653621981,14,5,0.35714285714285715,FAIL,-0.04474129094055479,-0.7017426171880456,-0.08113537683185368,-0.010503534780349932,-0.0524058334333084,0.8467943380516236,18,7,0.3888888888888889,中性
603517.SH,2264,20170425,20260821,-0.08311743666118321,-0.898889281791362,-0.06606545799300488,0.023213933293367406,-0.6668130259725876,0.13958788260686758,9,0.2222222222222222,0.008191191948860865,-0.6668130259725876,0.08814348934562911,0.09130862861004407,0.23207625581877434,0.4302120141342756,9,5,0.5555555555555556,PASS,-0.09843543185368087,-0.8522091830642033,-0.15847203399603452,-0.015317995192497658,0.046680098727158614,0.8065371024734982,21,7,0.3333333333333333,PASS
603528.SH,2476,20160607,20260821,-0.13701937398341602,-0.8722064658339457,-0.13003116798642245,-0.11782702226758357,-0.8197155228387879,-0.2598033141205913,18,0.2777777777777778,-0.13279271557557093,-0.819715522838788,-0.30573269831050554,0.004226658407845085,0.05249094299515766,0.4632471728594507,18,7,0.3888888888888889,PASS,-0.09725531688638844,-0.8493617955610118,-0.10272033898073601,0.03976405709702757,0.02284467027293391,0.7431340872374798,27,13,0.48148148148148145,反例
603529.SH,1233,20210720,20260821,0.0088064716880214,-0.5692586991493974,0.16510451309548616,0.06669563838015269,-0.3763504677003594,0.2892935069201924,6,0.3333333333333333,0.04504392934894752,-0.3763504677003593,0.21352623646283778,0.03623745766092612,0.19290823144903813,0.34874290348742903,6,2,0.3333333333333333,PASS,-0.020981158071074812,-0.5239029431100233,0.049200363423653914,-0.029787629759096212,0.04535575603937414,0.7347931873479319,15,7,0.4666666666666667,PASS
603555.SH,2325,20140307,20240307,-0.25819506145782967,-0.9893015238931858,-0.4111700216265785,-0.17396032526191907,-0.9731197275294842,-0.5068825004698079,15,0.13333333333333333,-0.18748654243965956,-0.9731197275294842,-0.5544221657282957,0.0707085190181701,0.01618179636370165,0.45806451612903226,16,7,0.4375,反例,-0.16456672383535198,-0.9750762457591673,-0.2678731110367479,0.09362833762247769,0.014225278134018526,0.7655913978494624,24,13,0.5416666666666666,反例
603556.SH,2350,20161215,20260821,-0.012711895731102985,-0.715274174528302,0.08420090833332873,0.049692789502371104,-0.5543236325537371,0.22880001295181016,12,0.4166666666666667,0.04416665700154465,-0.5543236325537371,0.20905751505412148,0.056878552732647636,0.16095054197456493,0.4574468085106383,12,3,0.25,PASS,0.03532696887923459,-0.6742370971015677,0.20202737124919165,0.04803886461033757,0.04103707742673435,0.788936170212766,21,12,0.5714285714285714,PASS
603565.SH,1403,20201109,20260821,0.10602425348663647,-0.6102041851815655,0.3985046811459296,0.011978714505594512,-0.4866922431631917,0.07206446998972502,8,0.5,-0.029408977349643428,-0.4866922431631918,-0.094454446819292,-0.1354332308362799,0.12351194201837368,0.5352815395580898,8,2,0.25,中性,-0.035270909568584585,-0.7305751514151997,-0.0006045201516643663,-0.14129516305522105,-0.12037096623363419,0.8460441910192444,13,3,0.23076923076923078,FAIL
603567.SH,2713,20150601,20260821,-0.15923013913823136,-0.8916428555163384,-0.3346992239195747,-0.12627581233084773,-0.8245039756262947,-0.4812934060214925,15,0.26666666666666666,-0.12872111282376475,-0.8299378474597875,-0.49002119419541207,0.030509026314466614,0.06170500805655088,0.47143383708072245,14,4,0.2857142857142857,PASS,-0.17991342253119214,-0.8920320637648832,-0.5192282158591469,-0.020683283392960772,-0.0003892082485448256,0.802801326944342,23,9,0.391304347826087,中性
603568.SH,2705,20150703,20260821,0.06788193655893182,-0.5801031687546057,0.31064297066913155,-0.03232314033022854,-0.68638587101885,-0.05049341567688131,16,0.375,-0.004614666942301504,-0.6863858710188502,0.06147142656372993,-0.07249660350123333,-0.10628270226424452,0.4425138632162662,16,5,0.3125,FAIL,0.05312901304407602,-0.6157730765382958,0.26484994845223986,-0.014752923514855798,-0.03566990778369017,0.8195933456561922,23,5,0.21739130434782608,中性
603569.SH,2409,20160914,20260821,-0.14164758636253671,-0.849388925187847,-0.19276239426984307,-0.14304389401423945,-0.7864453010408743,-0.42884122923526746,12,0.16666666666666666,-0.1514511303922269,-0.8127375179918966,-0.4570847719735783,-0.009803544029690192,0.03665140719595039,0.40390203403902036,13,7,0.5384615384615384,PASS,-0.15634980047780622,-0.8554798288844987,-0.29175722041339197,-0.014702214115269507,-0.006090903696651662,0.809049398090494,21,9,0.42857142857142855,中性
603589.SH,2684,20150803,20260821,-0.054550898431824923,-0.7492088645575437,-0.0023695727503591194,0.010063967407519803,-0.5156046650211199,0.09770677750972072,15,0.4,-0.00704148145486827,-0.5156046650211197,0.05988381135687266,0.04750941697695665,0.23360419953642397,0.4910581222056632,14,6,0.42857142857142855,PASS,-0.07333287064744698,-0.7283551430029152,-0.09016843309993695,-0.018781972215622056,0.0208537215546285,0.7965722801788375,25,12,0.48,中性
603596.SH,1993,20180605,20260821,0.022385698746555382,-0.7059381398388151,0.25331037835357245,-0.0265185934007508,-0.7341938874628497,0.040699695928335305,12,0.4166666666666667,-0.07136739215509513,-0.7341938874628497,-0.08408019882183061,-0.09375309090165052,-0.0282557476240346,0.46663321625689913,13,4,0.3076923076923077,FAIL,-0.0869712349092977,-0.7977695272342753,-0.013401721631669958,-0.10935693365585308,-0.09183138739546015,0.8163572503763171,23,5,0.21739130434782608,FAIL
603605.SH,2102,20171220,20260821,0.18986997483526924,-0.5773144199068502,0.5680575468153064,0.10135965575215344,-0.6104393751431318,0.394414783858304,9,0.4444444444444444,0.10159903490343702,-0.6104393751431316,0.3950909124272953,-0.08827093993183222,-0.03312495523628145,0.5261655566127498,10,3,0.3,FAIL,0.0985875728507366,-0.6953738281298218,0.3824207952706395,-0.09128240198453264,-0.11805940822297167,0.8962892483349191,14,4,0.2857142857142857,FAIL
603606.SH,2848,20141119,20260821,0.17011165782854243,-0.7499285788186913,0.5268483117870085,0.10718794664020082,-0.7673824967517814,0.403627798590285,16,0.375,0.09927995163459746,-0.7673824967517813,0.38292788058193244,-0.07083170619394497,-0.017453917933089924,0.5747893258426966,17,6,0.35294117647058826,FAIL,0.10222614447116563,-0.7985422108812504,0.3926068850797921,-0.0678855133573768,-0.04861363206255909,0.8367275280898876,25,7,0.28,FAIL
603613.SH,1687,20190903,20260821,0.06600614902245616,-0.8244015989167319,0.3328539643756246,0.014932790707864685,-0.6423808985563686,0.16510150772801874,11,0.45454545454545453,0.03254667117892551,-0.6423808985563685,0.21259344942723932,-0.03345947784353065,0.18202070036036344,0.5465323058684054,11,3,0.2727272727272727,中性,0.019965408317309086,-0.7425840311644127,0.21799752591384244,-0.046040740705147076,0.08181756775231919,0.8435091879075282,16,4,0.25,中性
603638.SH,2300,20170303,20260821,0.11798871996322102,-0.7847810506655726,0.4251928182330459,0.14688154977149237,-0.4099272584112321,0.5016126886036206,11,0.6363636363636364,0.17163597257617136,-0.4099272584112321,0.5602382122429929,0.053647252612950336,0.37485379225434046,0.5743478260869566,10,3,0.3,PASS,0.12588060522065847,-0.7325559218258438,0.44354081674536744,0.007891885257437448,0.05222512883972874,0.8521739130434782,18,7,0.3888888888888889,PASS
603650.SH,1953,20180801,20260821,0.07702150513755579,-0.7276983094928479,0.3602460128042831,-0.10679411228807079,-0.7322683789430211,-0.21543825518140966,16,0.375,-0.14382853374621318,-0.7546856728226642,-0.31604995362596744,-0.22085003888376897,-0.026987363329816327,0.3727598566308244,17,4,0.23529411764705882,FAIL,-0.014079818959216284,-0.733045856552824,0.14999832623897102,-0.09110132409677207,-0.005347547059976088,0.7439836149513569,27,8,0.2962962962962963,FAIL
603658.SH,2393,20161017,20260821,-0.0011736546376202028,-0.7613284940661367,0.13142624543756218,-0.013359425364498523,-0.6756875782364798,0.008451486510848864,13,0.3076923076923077,-0.0020736801117365866,-0.6756875782364798,0.05094968365342216,-0.0009000254741163838,0.08564091582965683,0.4688675302966987,12,8,0.6666666666666666,PASS,0.02880879117385926,-0.731590872120022,0.18936600531139283,0.029982445811479463,0.029737621946114623,0.7747597158378604,23,8,0.34782608695652173,反例
603659.SH,2054,20171208,20260821,0.07845243956314718,-0.8404077725004371,0.35703384202073446,0.18102730006825984,-0.40136782090787304,0.5879470867148613,12,0.6666666666666666,0.15815795748851613,-0.4100907472710179,0.5317765233411389,0.07970551792536895,0.43031702522941917,0.5705939629990263,13,7,0.5384615384615384,PASS,0.22211233888137705,-0.5583745870044702,0.6498409282046423,0.14365989931822987,0.2820331854959669,0.7327166504381695,17,8,0.47058823529411764,PASS
603688.SH,2842,20141205,20260821,0.1515216640589121,-0.770874929189196,0.4957875131804538,0.060777656331965524,-0.6814631635758275,0.29360818036785774,20,0.35,0.0342009095166953,-0.6814631635758275,0.23155233845443035,-0.1173207545422168,0.0894117656133685,0.49612948627726955,21,6,0.2857142857142857,中性,0.054331357750334375,-0.7718077492476199,0.3111011300545854,-0.09719030630857772,-0.0009328200584238777,0.8311048557353976,28,9,0.32142857142857145,FAIL
603698.SH,2784,20150311,20260821,-0.005949147148351597,-0.788061224489796,0.17181985015585846,-0.1842513467405037,-0.9428818174106955,-0.4131878182859439,23,0.17391304347826086,-0.16465263738066815,-0.9428818174106957,-0.34283303967320894,-0.15870349023231656,-0.15482059292089967,0.5678879310344828,22,4,0.18181818181818182,FAIL,-0.10167752992628776,-0.8903146697758036,-0.08666523638091012,-0.09572838277793616,-0.10225344528600766,0.8214798850574713,28,6,0.21428571428571427,FAIL
603699.SH,3025,20140228,20260821,0.11606570615546752,-0.7586210360310588,0.4231731077790803,0.009058193962278693,-0.8087051275913388,0.10569233630889444,17,0.5294117647058824,0.004580418701268352,-0.8087051275913388,0.09227371909112632,-0.11148528745419917,-0.05008409156028004,0.663801652892562,17,4,0.23529411764705882,FAIL,0.08503133227852278,-0.8046602261573736,0.3464172744905494,-0.031034373876944743,-0.046039190126314855,0.8690909090909091,20,6,0.3,FAIL
603707.SH,2182,20170823,20260821,0.048701610787432736,-0.7907187720887648,0.26083726806864543,0.0006424450378617053,-0.6587635914984797,0.043436898276528156,12,0.3333333333333333,0.010305706869844888,-0.6587635914984796,0.08129145350638593,-0.03839590391758785,0.13195518059028521,0.41475710357470214,12,5,0.4166666666666667,中性,0.025620753923943917,-0.7821436662092209,0.18064727200129801,-0.02308085686348882,0.00857510587954391,0.7648945921173236,22,11,0.5,中性
603708.SH,2327,20170118,20260821,-0.03594303495145856,-0.8394702628187258,0.015677019187465314,0.006472782990863513,-0.5014178122175692,0.05752085692001238,11,0.5454545454545454,0.01878066384981958,-0.5014178122175694,0.10801723606738142,0.05472369880127814,0.3380524506011564,0.46153846153846156,11,4,0.36363636363636365,PASS,0.017820508838487514,-0.6939122212466309,0.15054117692035401,0.05376354378994608,0.14555804157209495,0.8048990116029222,19,12,0.631578947368421,PASS
603712.SH,2032,20180402,20260821,-0.1484613755752946,-0.807987311584157,-0.17959213462916135,-0.07082978143223373,-0.6216892222155432,-0.15295716729982065,11,0.36363636363636365,-0.06288802058523879,-0.6216892222155432,-0.12225732340035099,0.0855733549900558,0.1862980893686138,0.453740157480315,11,5,0.45454545454545453,PASS,-0.2446858234182957,-0.9135847921884155,-0.5291326811653726,-0.0962244478430011,-0.10559748060425844,0.8115157480314961,23,6,0.2608695652173913,FAIL
603719.SH,1546,20200330,20260821,-0.23024762954744116,-0.8932522675171933,-0.45449313122161233,-0.0895861748961807,-0.6530876186217627,-0.5448845966052407,6,0.16666666666666666,-0.049872753602894004,-0.6530876186217628,-0.25871644818840417,0.18037487594454715,0.24016464889543054,0.21410090556274256,6,4,0.6666666666666666,PASS,-0.13519526013563776,-0.7636191542272784,-0.24940788365011937,0.0950523694118034,0.1296331132899149,0.7134540750323415,16,9,0.5625,PASS
603728.SH,2231,20170615,20260821,0.12229010998150547,-0.6198872519811853,0.4406652504010432,-0.07161011481731194,-0.686723486073124,-0.12030556389276424,19,0.2631578947368421,-0.062420078719881644,-0.6867234860731241,-0.08791973097292932,-0.1847101887013871,-0.06683623409193873,0.4468848050201703,19,4,0.21052631578947367,FAIL,0.06872726779515692,-0.6215385909070565,0.32514448284397707,-0.05356284218634855,-0.0016513389258712152,0.7785746302106679,29,11,0.3793103448275862,FAIL
603737.SH,2455,20160712,20260821,0.08317884865690472,-0.7997233202727354,0.35050765844940734,0.14381727054911875,-0.5765340422455993,0.5185292562636347,15,0.5333333333333333,0.11681959979088297,-0.5765340422455993,0.4381717523564133,0.03364075113397824,0.22318927802713606,0.5283095723014256,16,8,0.5,PASS,0.21210921977497432,-0.5306779599016722,0.6457584701750516,0.1289303711180696,0.2690453603710632,0.7429735234215886,23,13,0.5652173913043478,PASS
603766.SH,3340,20120914,20260821,0.1274124329174131,-0.7826827064148743,0.450151872059451,0.04137469800090332,-0.7998879726528456,0.22540091168982443,21,0.5238095238095238,0.026468740406337288,-0.7998879726528456,0.1831658271020231,-0.10094369251107582,-0.01720526623797136,0.6026946107784431,21,6,0.2857142857142857,FAIL,0.10649422698535838,-0.7914351893896785,0.4035371621109344,-0.020918205932054734,-0.008752482974804243,0.818562874251497,31,11,0.3548387096774194,中性
603786.SH,1638,20191119,20260821,-0.023572537626633694,-0.6294833374172051,0.1314743429006546,-0.08369037027616377,-0.6243254022635214,-0.2134812155938572,11,0.09090909090909091,-0.06011465980126096,-0.6243254022635214,-0.11889109249935788,-0.03654212217462727,0.005157935153683679,0.43101343101343104,11,4,0.36363636363636365,FAIL,0.03515384001237609,-0.5634325002174068,0.23536422287903125,0.058726377639009786,0.06605083719979832,0.7649572649572649,16,6,0.375,PASS
603799.SH,2749,20150312,20260821,0.16468490015507808,-0.8076736604066225,0.5227759288091944,-0.009010155098113204,-0.6939695580928259,0.15592331943411034,17,0.5294117647058824,0.01437256027056466,-0.693969558092826,0.21015134666243654,-0.15031233988451342,0.11370410231379646,0.5212804656238632,17,4,0.23529411764705882,中性,0.07110639942176422,-0.8209028020091619,0.35686726929893237,-0.09357850073331386,-0.013229141602539407,0.7857402691887959,26,9,0.34615384615384615,FAIL
603806.SH,2860,20141020,20260821,0.07607981713921319,-0.7973624278750504,0.34450217300066516,0.028801483484350188,-0.6366195351943024,0.18754843094139745,20,0.25,0.02138178726142015,-0.6366195351943025,0.16631381513629373,-0.05469802987779304,0.16074289268074793,0.49335664335664337,21,6,0.2857142857142857,中性,-0.0190239120493243,-0.8562805445523702,0.10323274861128026,-0.09510372918853749,-0.05891811667731983,0.793006993006993,34,11,0.3235294117647059,FAIL
603816.SH,2365,20161118,20260821,-0.0005078133533304996,-0.6547298454512089,0.12288599947315436,0.06071891785994943,-0.5501760245065802,0.2689960180389747,10,0.4,0.05167741142055848,-0.5501760245065803,0.23671721768773354,0.05218522477388898,0.10455382094462862,0.5894291754756871,10,7,0.7,PASS,0.023798841867125553,-0.6462963197915541,0.16274228715033745,0.024306655220456053,0.008433525659654828,0.8012684989429175,20,9,0.45,反例
603826.SH,2247,20170522,20260821,0.07426711186550183,-0.683465437195434,0.3255067877922437,0.13513734225019092,-0.35532842125100883,0.5187468885830702,10,0.5,0.12288014634068478,-0.35532842125100883,0.476667761524263,0.04861303447518295,0.3281370159444251,0.3729417000445038,11,4,0.36363636363636365,PASS,0.07638119865199267,-0.7720573279707964,0.323771759768091,0.002114086786490832,-0.08859189077536245,0.8175344904316867,20,8,0.4,反例
603833.SH,2252,20170515,20260821,-0.0654202763954409,-0.7852417651992438,-0.029378625609215454,-0.048426795167467285,-0.5533547160811716,-0.19183461783321484,15,0.26666666666666666,-0.03960784952192631,-0.5533547160811715,-0.14864167169933437,0.025812426873514593,0.23188704911807234,0.42451154529307283,14,6,0.42857142857142855,PASS,-0.017902026791778658,-0.6702052636785301,0.046955203104122586,0.047518249603662244,0.11503650152071376,0.7344582593250444,22,7,0.3181818181818182,PASS
603858.SH,2344,20161223,20260821,-0.10014799311463385,-0.6851929813854134,-0.27908295753083173,-0.046948472328795954,-0.5807987595660329,-0.21316747892981622,10,0.2,-0.049838560913627594,-0.5807987595660328,-0.22686612909004145,0.050309432201006254,0.10439422181938063,0.4197952218430034,11,5,0.45454545454545453,PASS,-0.1311936055270453,-0.7769989581476333,-0.4465883720885043,-0.03104561241241144,-0.09180597676221991,0.8216723549488054,23,7,0.30434782608695654,FAIL
603866.SH,2565,20160127,20260821,-0.06810480720546352,-0.8404963832104029,-0.09826240134558334,-0.08051663520515195,-0.6976648014391531,-0.350007603639408,16,0.25,-0.08005739498014208,-0.6976648014391531,-0.31024221928421003,-0.011952587774678558,0.14283158177124977,0.4499025341130604,15,5,0.3333333333333333,PASS,-0.06970654143590072,-0.7774385949243903,-0.14553466162637083,-0.0016017342304371907,0.0630577882860126,0.8046783625730994,26,9,0.34615384615384615,PASS
603868.SH,2488,20160524,20260821,-0.014574894507770386,-0.6435400051840845,0.07319260455956958,-0.018507519721616572,-0.45026372312968843,-0.06369871528952882,12,0.25,0.0030219647678229045,-0.4502637231296883,0.036418455361625385,0.01759685927559329,0.19327628205439618,0.3717845659163987,12,6,0.5,PASS,-0.010997976029520573,-0.5855160060477562,0.06207582178895915,0.003576918478249813,0.058023999136328275,0.8139067524115756,22,11,0.5,PASS
603877.SH,2306,20170220,20260821,-0.07855156819079112,-0.7994159295573917,-0.05754797978986692,0.004617557466239486,-0.6242695533247489,0.07997845956544351,12,0.25,0.02358898039931967,-0.6252631980127878,0.14740666350820283,0.10214054859011079,0.17415273154460387,0.46227233304423243,11,7,0.6363636363636364,PASS,-0.012411609743574803,-0.6388434941602101,0.08303949478902697,0.06613995844721632,0.16057243539718158,0.7658282740676496,18,11,0.6111111111111112,PASS
603882.SH,2145,20171020,20260821,-0.006095434687691692,-0.8542253690591883,0.16427077522535818,-0.013038658916393664,-0.7213224142613286,0.05395386378869585,13,0.38461538461538464,-0.02950567558303263,-0.7213224142613287,0.013207088143430084,-0.02341024089534094,0.13290295479785963,0.4773892773892774,12,4,0.3333333333333333,PASS,-0.07584341640471226,-0.8679565536996252,-0.04872872835661752,-0.06974798171702057,-0.013731184640436878,0.7738927738927739,23,5,0.21739130434782608,FAIL
603883.SH,2636,20150529,20260821,-0.08368105349944743,-0.7761387698539473,-0.054004945533656194,0.02031286024400747,-0.42118206501608035,0.12014759126946921,11,0.5454545454545454,0.01650400545625641,-0.4339229658684316,0.10572439298152349,0.10018505895570384,0.34221580398551565,0.4552352048558422,10,6,0.6,PASS,-0.08006497321870065,-0.7826200931079624,-0.13410426384184598,0.0036160802807467807,-0.006481323254015181,0.7704855842185129,24,10,0.4166666666666667,反例
603885.SH,2694,20150720,20260821,-0.05168792673781786,-0.6669308859145953,0.02776373259867829,-0.1208843767486355,-0.8457299974233796,-0.4370710273903418,15,0.26666666666666666,-0.13907141186560978,-0.8651865271408714,-0.4632888946909788,-0.08738348512779193,-0.19825564122627615,0.4576837416481069,16,3,0.1875,FAIL,-0.12334438066928965,-0.8188393453677629,-0.21256327862481678,-0.0716564539314718,-0.15190845945316767,0.8062360801781737,28,8,0.2857142857142857,FAIL
603888.SH,2357,20161202,20260821,-0.05124812777947796,-0.6931417931554633,0.0733581797929019,-0.0529117880310076,-0.6532222538078158,-0.07907385214286675,15,0.2,-0.0668666410870139,-0.6532222538078156,-0.12283726060959135,-0.015618513307535942,0.03991953934764769,0.3928722952906237,15,7,0.4666666666666667,PASS,-0.08081249291270709,-0.7171352189337117,-0.02962274016394293,-0.02956436513322913,-0.023993425778248367,0.8035638523546882,22,5,0.22727272727272727,中性
603893.SH,1562,20200313,20260821,0.16395342114658873,-0.7592076849633601,0.5129595080805011,0.04161456869950242,-0.5811776328573737,0.2425206967922819,12,0.4166666666666667,-0.007373415056134869,-0.5811776328573737,0.12440279013928643,-0.1713268362027236,0.17803005210598644,0.4859154929577465,12,3,0.25,中性,0.17150846617956317,-0.5400667609037939,0.5273151586484469,0.007555045032974439,0.2191409240595662,0.7445582586427657,17,8,0.47058823529411764,PASS
603899.SH,2785,20150310,20260821,0.06135139140354595,-0.7602177253461159,0.3044875570138333,0.03457557304488956,-0.6995622003851634,0.21759451503085775,13,0.3076923076923077,0.06720337570075374,-0.6995622003851634,0.29334982986955954,0.005851984297207791,0.0606555249609525,0.5543985637342909,12,6,0.5,PASS,0.03863013263977111,-0.7268163274288366,0.24899799125013616,-0.022721258763774843,0.03340139791727925,0.8527827648114902,19,5,0.2631578947368421,PASS
603920.SH,2236,20170605,20260821,0.12018004578552421,-0.5518201253162982,0.43868889039164327,-0.027890893979859,-0.6165364445646976,0.060151502430183044,15,0.5333333333333333,-0.025384699878298278,-0.6165364445646977,0.06698229629164075,-0.1455647456638225,-0.06471631924839949,0.4950805008944544,16,4,0.25,FAIL,0.12905487499052848,-0.5725270239469723,0.4479450749411322,0.008874829205004264,-0.020706898630674098,0.7737030411449016,22,10,0.45454545454545453,反例
603927.SH,1658,20191022,20260821,-0.1490530384612383,-0.7226438422649142,-0.21956113380809755,-0.09033692573570595,-0.5633403071916374,-0.4154574876677416,9,0.2222222222222222,-0.10277040230380896,-0.5822048881277173,-0.4540045748755001,0.046282636157429335,0.14043895413719687,0.2864897466827503,8,4,0.5,PASS,-0.16064753212857807,-0.7402488023817049,-0.3134844307513906,-0.011594493667339778,-0.01760496011679069,0.7611580217129071,18,7,0.3888888888888889,中性
603939.SH,2654,20150331,20260821,0.1030440773041128,-0.6315931261361167,0.4025398838395793,-0.0061465227124000155,-0.6349384442415256,0.06416470114769568,17,0.35294117647058826,-0.004268906046130838,-0.6349384442415256,0.0705172508782773,-0.10731298335024364,-0.0033453181054088343,0.527128862094951,16,5,0.3125,FAIL,0.044423123226750016,-0.6653418895110473,0.25021581795106523,-0.058620954077362786,-0.0337487633749306,0.8451394122079879,24,9,0.375,FAIL
603979.SH,2683,20150804,20260821,0.11078101475989932,-0.7196917293233083,0.41021952967117725,0.0236935427004783,-0.8016033358760577,0.17583919395119033,13,0.46153846153846156,0.0259145323672747,-0.8016033358760577,0.18269712115442827,-0.08486648239262462,-0.08191160655274943,0.6436824450242266,12,5,0.4166666666666667,FAIL,0.0723059977052467,-0.7856896778264026,0.3205666007639061,-0.038475017054652616,-0.06599794850309437,0.9180022363026463,14,5,0.35714285714285715,FAIL
603983.SH,1690,20190829,20260821,-0.07162865664205342,-0.787654859611231,-0.012108511107069272,-0.01731425728402214,-0.553461391843229,-0.017484734771981123,8,0.375,0.0021945149166100464,-0.553461391843229,0.05830269472870266,0.07382317155866347,0.2341934677680021,0.37041420118343193,7,3,0.42857142857142855,PASS,-0.08665638284213895,-0.775337530264162,-0.10971801083718413,-0.015027726200085523,0.012317329347069084,0.7390532544378698,19,6,0.3157894736842105,中性
603986.SH,2197,20170320,20260821,0.28631401543218904,-0.7449682974767762,0.7148824373979427,-0.007722656055869526,-0.774544704954282,0.1482694059887199,17,0.47058823529411764,-0.0015681611957065744,-0.774544704954282,0.16340567223884814,-0.2878821766278956,-0.029576407477505784,0.48748293126991354,17,2,0.11764705882352941,FAIL,0.21141904917043508,-0.7065462627143824,0.6082441057442136,-0.07489496626175396,0.03842203476239381,0.7696859353664087,24,4,0.16666666666666666,中性
603993.SH,3322,20121113,20260821,0.17392484748305592,-0.6401884695703104,0.5352118988135002,0.011457829204385428,-0.7753032335468297,0.13704269770279473,21,0.2857142857142857,0.007891570742216025,-0.77530323354683,0.12667180390985844,-0.1660332767408399,-0.13511476397651956,0.4247441300421433,21,3,0.14285714285714285,FAIL,0.0680452278448358,-0.7619150747468028,0.31973975761173823,-0.10587961963822012,-0.12172660517649236,0.8223961468994582,34,11,0.3235294117647059,FAIL
605117.SH,1269,20210528,20260821,0.5369794488094224,-0.7765524101056642,1.002613740764039,0.495769607160399,-0.5082021440862565,1.0963713702077968,7,0.5714285714285714,0.5277367394648227,-0.5082021440862564,1.1340518779510067,-0.009242709344599698,0.2683502660194078,0.5232466509062254,7,2,0.2857142857142857,PASS,0.48119145218796233,-0.687077260717118,0.9649291496628412,-0.055787996621460056,0.08947514938854617,0.8289992119779354,11,3,0.2727272727272727,中性
605358.SH,1413,20201026,20260821,0.021983615439975734,-0.8486020707002226,0.2709546021331843,0.013618667630483028,-0.7543535844588454,0.17430194912222138,8,0.375,-0.004350004088962023,-0.7543535844588454,0.12922207224963725,-0.026333619528937757,0.09424848624137727,0.39985845718329793,8,3,0.375,PASS,-0.08329233030868533,-0.8184567105013016,0.007091199244600771,-0.10527594574866106,0.030145360198921,0.7636234961075725,17,5,0.29411764705882354,中性
605499.SH,1245,20210702,20260821,-0.020045837889176354,-0.5870368421052632,0.11118203649597883,-0.024433665725202558,-0.412812353856305,0.031804520971264356,9,0.3333333333333333,-0.010596187978625937,-0.412812353856305,0.07414679452382057,0.009449649910550417,0.1742244882489582,0.6144578313253012,8,4,0.5,PASS,-0.03698889897649604,-0.5744659407725142,0.028244020257940164,-0.01694306108731969,0.012570901332748963,0.8040160642570281,11,6,0.5454545454545454,中性
605589.SH,1193,20210914,20260821,0.026456694463678376,-0.6253263089312748,0.2444162307994078,-0.11738798606479861,-0.583099556289004,-0.27307504709269076,9,0.2222222222222222,-0.15530243035113367,-0.6689906950934243,-0.37816542201645853,-0.18175912481481205,-0.043664386162149516,0.5465213746856664,10,1,0.1,FAIL,-0.07633286093141878,-0.6647169285999386,-0.036288333319289,-0.10278955539509715,-0.03939061966866375,0.7996647108130763,13,4,0.3076923076923077,FAIL
688002.SH,1693,20190826,20260821,0.18981812229358241,-0.8089558950536924,0.556698804091058,0.020133128418499346,-0.7610079798138842,0.18540382257144886,12,0.5833333333333334,0.033165594814676735,-0.7610079798138842,0.21957700009118378,-0.15665252747890568,0.047947915239808125,0.5197873597164796,12,3,0.25,中性,0.30616432084579137,-0.6902907941702663,0.7696249892556181,0.11634619855220896,0.11866510088342608,0.7761370348493798,16,7,0.4375,PASS
688005.SH,1689,20190826,20260821,-0.015228413913658367,-0.87242572106311,0.2476861945736777,0.08642570278153316,-0.6146091314748199,0.35442636166592595,9,0.5555555555555556,0.07666579592371692,-0.6146091314748199,0.3336069217482968,0.09189420983737528,0.2578165895882901,0.3836589698046181,10,5,0.5,PASS,0.040088377216694004,-0.8356778022286052,0.3037646023954186,0.05531679113035237,0.03674791883450479,0.7187685020722321,20,8,0.4,PASS
688006.SH,1693,20190826,20260821,-0.06438497988142855,-0.8451366030283081,0.10794902562503456,-0.056869578557980915,-0.7244142651094747,-0.010644717312297379,13,0.3076923076923077,-0.07559743070008085,-0.7244142651094748,-0.05618180899384962,-0.011212450818652298,0.12072233791883324,0.4258712344949793,14,6,0.42857142857142855,PASS,0.03183253636102701,-0.7392499349211994,0.2599886657435824,0.09621751624245556,0.10588666810710867,0.7105729474305966,21,10,0.47619047619047616,PASS
688008.SH,1693,20190826,20260821,0.1727916579572284,-0.6308897736867656,0.5297604625199479,-0.0068213094832217935,-0.5541647687210384,0.1192510339816527,10,0.4,-0.023639169664634307,-0.6267651235377725,0.07903524833572277,-0.1964308276218627,0.004124650148993103,0.4802126402835204,10,1,0.1,FAIL,0.12169649469429178,-0.6555686397058074,0.4411497349561236,-0.051095163262936616,-0.02467886601904179,0.8310691080921441,16,5,0.3125,FAIL
688009.SH,1693,20190826,20260821,-0.06523840319217966,-0.5630921704658076,-0.17795581802884258,0.018073810857805128,-0.30684968646379507,0.04799141702127314,6,0.3333333333333333,0.020460876604945,-0.3068496864637952,0.06323498855499558,0.08569927979712466,0.25624248400201244,0.3951565268753692,6,5,0.8333333333333334,PASS,-0.012010572968937705,-0.422309392522328,0.0018998695443694907,0.053227830223241956,0.1407827779434796,0.8056704075605434,11,6,0.5454545454545454,PASS
688012.SH,1684,20190826,20260821,0.32796948488889255,-0.7188705717292179,0.7479780093422432,0.1818081940834586,-0.5219769342448625,0.564329520385863,13,0.46153846153846156,0.17426740431517596,-0.5219769342448624,0.545003233478904,-0.1537020805737166,0.1968936374843555,0.42042755344418054,13,6,0.46153846153846156,中性,0.28380073518940896,-0.6244347022324477,0.7012887979574888,-0.04416874969948359,0.09443586949677019,0.7725653206650831,18,7,0.3888888888888889,中性
688017.SH,1423,20201012,20260821,0.34339096037287553,-0.701987796302904,0.745930736129575,0.09752330972357881,-0.7065590498095504,0.4011196747435253,11,0.45454545454545453,0.13301103447366658,-0.7065590498095504,0.46137760786839954,-0.21037992589920895,-0.004571253506646444,0.5375966268446943,11,3,0.2727272727272727,FAIL,0.27894763190465954,-0.7658360287247024,0.6741292711575828,-0.06444332846821599,-0.06384823242179838,0.7940969782150387,15,9,0.6,FAIL
688018.SH,1693,20190826,20260821,0.13229796124359883,-0.7504559322033899,0.4692000806003389,0.12497715142667043,-0.5247442980842844,0.43861384909544954,10,0.5,0.1295043408148575,-0.5247442980842844,0.44744185866907077,-0.002793620428741317,0.22571163411910555,0.49793266391021856,10,5,0.5,PASS,0.07400572903756175,-0.6292064797057044,0.36053923057168424,-0.058292232206037076,0.12124945249768548,0.7826343768458358,17,9,0.5294117647058824,中性
688019.SH,1693,20190826,20260821,0.3173706296292289,-0.6517351961925771,0.7283688696551225,-0.02268799955318379,-0.7571538870470557,0.09964709808181217,12,0.5,-0.0070085302831290885,-0.7571538870470557,0.1405225359913995,-0.324379159912358,-0.10541869085447853,0.48375664500886,13,4,0.3076923076923077,FAIL,0.29595842166048003,-0.585965110895256,0.7128894077929274,-0.021412207968748875,0.06577008529732109,0.7784997046662729,17,6,0.35294117647058826,PASS
688027.SH,1455,20200813,20260821,0.04836831760138427,-0.7735210107029921,0.31402654834431626,0.07008788000006105,-0.4581027979458371,0.3102088585565272,10,0.5,0.05505156815466683,-0.46316158212952097,0.27441204553694243,0.00668325055328256,0.3103594285734711,0.44879725085910654,11,3,0.2727272727272727,PASS,0.19075397234390556,-0.4802743075183048,0.5623866307487727,0.1423856547425213,0.29324670318468726,0.6776632302405499,15,11,0.7333333333333333,PASS
688029.SH,1691,20190826,20260821,-0.026321949271190137,-0.7455735609893825,0.13004347782982673,-0.060799893836467334,-0.5987496277346513,-0.13152561333643792,8,0.375,-0.02137865419916163,-0.5987496277346513,0.017464494797724352,0.0049432950720285085,0.1468239332547312,0.4553518628030751,8,3,0.375,PASS,0.002074636405174246,-0.6252448420481321,0.155995027732013,0.028396585676364383,0.12032871894125041,0.7853341218214075,18,5,0.2777777777777778,PASS
688032.SH,1106,20220125,20260821,-0.2034833124468277,-0.8575685833801586,-0.1578359954865259,0.06935970204114028,-0.4657051835303644,0.299371045659279,4,0.5,0.05155826506084904,-0.4657051835303643,0.25244408272253704,0.25504157750767675,0.39186339984979435,0.3679927667269439,5,3,0.6,PASS,-0.19571820523778127,-0.8518008583693645,-0.226170021684311,0.00776510720904644,0.005767725010794145,0.72875226039783,12,4,0.3333333333333333,反例
688036.SH,1644,20191111,20260821,0.1315865458883494,-0.7745868458999201,0.46303281749722897,0.19484054037998266,-0.5243322197170739,0.5839993035852973,10,0.4,0.18339300690655502,-0.524332219717074,0.5605240293669901,0.05180646101820563,0.2502546261828461,0.4659367396593674,11,6,0.5454545454545454,PASS,0.08589105716213585,-0.833608857036648,0.3735820772220569,-0.04569548872621354,-0.05902201113672789,0.7767639902676399,19,7,0.3684210526315789,FAIL
688037.SH,1591,20200121,20260821,0.37232144079346696,-0.6675857656711843,0.7757058324237885,0.373956537205798,-0.5543247844257253,0.8077922484343801,8,0.625,0.3825856778226451,-0.5543247844257253,0.8170950550732388,0.010264237029178114,0.11326098124545902,0.562539283469516,8,5,0.625,PASS,0.2495661333690391,-0.6638587863301402,0.6369016488323799,-0.12275530742442786,0.0037269793410441565,0.8032683846637335,16,7,0.4375,FAIL
688041.SH,939,20220919,20260821,0.41794483407635785,-0.4971139240506329,0.8555033441297034,0.04184157544770417,-0.511673493802334,0.262169936413532,7,0.5714285714285714,-0.02832811885152009,-0.511673493802334,0.13714306530453682,-0.44627295292787794,-0.01455956975170103,0.5260915867944622,6,0,0.0,FAIL,0.28397560322031135,-0.5028984105417849,0.6921497311560069,-0.1339692308560465,-0.00578448649115193,0.8647497337593184,9,2,0.2222222222222222,FAIL
688047.SH,984,20220729,20260821,0.0597338789797317,-0.592355954642261,0.34832744635507057,-0.2333206002253635,-0.7868392685760062,-0.7738757920837551,8,0.125,-0.24727822178809822,-0.7868392685760061,-0.7268972201349082,-0.3070121007678299,-0.19448331393374507,0.32723577235772355,9,2,0.2222222222222222,FAIL,-0.034947438267248665,-0.5615334052902443,0.1467749386229658,-0.09468131724698037,0.03082254935201667,0.7225609756097561,15,6,0.4,中性
688052.SH,1025,20220601,20260821,0.03486598816836306,-0.7519387277435539,0.3081125082181248,-0.22850168487640143,-0.7736571316176619,-0.654223895927186,9,0.1111111111111111,-0.20975371076801164,-0.7736571316176619,-0.5744683448288392,-0.2446196989363747,-0.02171840387410806,0.40390243902439027,9,2,0.2222222222222222,FAIL,-0.028263977463195644,-0.5763155987935331,0.13635142452224755,-0.0631299656315587,0.17562312895002075,0.7336585365853658,13,5,0.38461538461538464,中性
688063.SH,1341,20210204,20260821,-0.1892142503384392,-0.9040178435524839,-0.08754295606597684,0.0401084545922179,-0.6631760304028191,0.25138392812559457,7,0.2857142857142857,0.004063553898829841,-0.6631760304028194,0.16991705789628517,0.19327780423726904,0.24084181314966457,0.4608501118568233,8,6,0.75,PASS,-0.0252306354940266,-0.8085325042655929,0.17990631709938287,0.1639836148444126,0.09548533928689107,0.7046979865771812,13,8,0.6153846153846154,PASS
688065.SH,1431,20200916,20260821,-0.07206598699424582,-0.7559908601060649,-0.05190787293831373,-0.030899990022754453,-0.5920414847838108,-0.11901068975885788,8,0.25,-0.027874244659065295,-0.5920414847838106,-0.10222117573515849,0.04419174233518053,0.1639493753222543,0.33473095737246683,8,4,0.5,PASS,0.01432968927614997,-0.5111691347533855,0.13965719211570415,0.0863956762703958,0.24482172535267932,0.6995108315863033,14,8,0.5714285714285714,PASS
688072.SH,1017,20220530,20260821,0.7413975300130007,-0.50128694161851,1.184240185115173,0.5102853402246732,-0.5127207879987423,1.0071232004210422,7,0.7142857142857143,0.5471373403049646,-0.5127207879987422,1.0513679925939476,-0.19426018970803605,-0.01143384638023226,0.5565388397246804,6,1,0.16666666666666666,FAIL,0.5931133361156622,-0.5358835613167227,1.0528460583449653,-0.1482841938973385,-0.034596619698212705,0.8829891838741396,9,6,0.6666666666666666,FAIL
688082.SH,1128,20211223,20260821,0.21400072645894608,-0.4884184125110652,0.5921767925013557,0.11253399308715806,-0.49053618374355734,0.41294518021379084,8,0.375,0.09989269584217553,-0.49053618374355734,0.38523126352232134,-0.11410803061677055,-0.002117771232492127,0.4379432624113475,9,3,0.3333333333333333,FAIL,0.11826720654567446,-0.5442597699594305,0.43377512329668944,-0.09573351991327161,-0.05584135744836527,0.7668439716312057,13,5,0.38461538461538464,FAIL
688088.SH,1693,20190826,20260821,-0.08348197496820886,-0.7913557309758721,0.08830342499478784,-0.13527291542510966,-0.8262177014608508,-0.22028684386200492,13,0.3076923076923077,-0.16909536765330058,-0.8262177014608509,-0.30039612616448136,-0.08561339268509172,-0.034861970484978855,0.44240992321323097,14,4,0.2857142857142857,FAIL,-0.04975419602103326,-0.6835398392026348,0.10354323352953251,0.0337277789471756,0.10781589177323725,0.7371529828706438,21,9,0.42857142857142855,PASS
688099.SH,1680,20190912,20260821,0.009528981195494168,-0.6750248112515786,0.23544810945940087,-0.06812670876814564,-0.676927737477178,-0.10493535698612366,12,0.25,-0.07160801553906337,-0.6769277374771782,-0.11554544628167983,-0.08113699673455754,-0.0019029262255995105,0.4255952380952381,13,4,0.3076923076923077,FAIL,0.01968179645729995,-0.6890736259657142,0.2309601028443209,0.010152815261805781,-0.014048814714135549,0.7958333333333333,18,7,0.3888888888888889,反例
688100.SH,1569,20200304,20260821,-0.013355900075712857,-0.552110918856232,0.13592436271801525,-0.08216163762230633,-0.5423047195361456,-0.16293906671478567,9,0.2222222222222222,-0.09877867896168602,-0.561452940505555,-0.2142432663626084,-0.08542277888597316,-0.009342021649323073,0.6169534735500318,10,3,0.3,FAIL,0.028766491198761512,-0.5194941207980859,0.2133730942596373,0.04212239127447437,0.0326167980581461,0.8119821542383684,12,7,0.5833333333333334,PASS
688105.SH,1131,20211220,20260821,-0.23073485283904782,-0.8579008710940622,-0.26122135248904466,0.01588020924358502,-0.32549121578366336,0.1046090486363184,6,0.3333333333333333,-0.0461907088908764,-0.4817649466069459,-0.10268182916697564,0.18454414394817142,0.3761359244871163,0.22988505747126436,6,2,0.3333333333333333,PASS,-0.22891872497572852,-0.8501579178529021,-0.3793512439922702,0.0018161278633193056,0.007742953241160144,0.7002652519893899,17,4,0.23529411764705882,反例
688107.SH,1132,20211217,20260821,-0.18508723904402824,-0.7902776094072008,-0.10010720794487431,-0.11789511631734162,-0.637300602450755,-0.19663444457876136,6,0.16666666666666666,-0.13878360928486078,-0.6373006024507553,-0.25673163648697794,0.046303629759167464,0.15297700695644556,0.40636042402826855,6,2,0.3333333333333333,PASS,-0.12417019869943835,-0.7706344602842018,-0.054335108700532715,0.06091704034458989,0.019643149122999026,0.7579505300353356,11,7,0.6363636363636364,反例
688111.SH,1614,20191223,20260821,0.06943339200745169,-0.6780696579382957,0.359587270176607,-0.10193142890194618,-0.8304912993519966,-0.12997009090669828,17,0.29411764705882354,-0.09909035931915688,-0.8304912993519966,-0.1216642081297798,-0.16852375132660857,-0.15242164141370096,0.5018587360594795,16,5,0.3125,FAIL,0.04233505403667892,-0.6673064433169046,0.29131510462165505,-0.027098337970772768,0.01076321462139107,0.7757125154894672,18,7,0.3888888888888889,中性
688114.SH,929,20221024,20260821,-0.129288236619163,-0.7444662210211919,-0.046559110520886876,-0.10680616101516549,-0.6016610164112575,-0.3249465897434999,7,0.14285714285714285,-0.08784168824902638,-0.6085744684956893,-0.23909411148905718,0.041446548370136616,0.13589175252550256,0.27341227125941875,6,3,0.5,PASS,-0.09072598763236606,-0.6179218258238696,-0.048682608438076,0.03856224898679694,0.1265443951973223,0.6480086114101185,15,10,0.6666666666666666,PASS
688116.SH,1647,20191106,20260821,0.0830493055409891,-0.8709886936700273,0.40054470421685184,0.14241407665308148,-0.6469030861224166,0.4748057719862488,11,0.5454545454545454,0.1377268261829403,-0.6469030861224166,0.4659131048654331,0.054677520641951194,0.22408560754761064,0.4711596842744384,12,4,0.3333333333333333,PASS,-0.0020500184688512224,-0.8645914658516644,0.23221413700470928,-0.08509932400984033,0.006397227818362938,0.7601700060716454,19,6,0.3157894736842105,FAIL
688120.SH,996,20220713,20260821,0.4691225151788836,-0.44756481759120426,0.955618109155817,0.28676401940173024,-0.4116278845678276,0.7192937634508136,7,0.7142857142857143,0.30863212043814015,-0.41162788456782773,0.7539494079399647,-0.16049039474074345,0.03593693302337653,0.7088353413654619,6,1,0.16666666666666666,中性,0.42616551431992855,-0.41212898499042794,0.9161541208999958,-0.04295700085895504,0.03543583260077632,0.8654618473895582,7,2,0.2857142857142857,中性
688122.SH,1693,20190826,20260821,0.06702545086953271,-0.6118137217529986,0.33421549708754134,0.030556862608355218,-0.5596178706059186,0.20772160524334354,6,0.5,-0.003038510040436204,-0.5596178706059187,0.12262009205670044,-0.07006396090996891,0.05219585114707992,0.45067926757235677,6,1,0.16666666666666666,中性,0.07160043847291964,-0.7063671551449306,0.33500256180671734,0.004574987603386926,-0.094553433391932,0.8629651506202008,14,6,0.42857142857142855,反例
688126.SH,1502,20200528,20260821,-0.03742668079007805,-0.8059467918622848,0.15009121522462646,-0.07066958451554595,-0.6776437034537065,-0.056237585386638166,8,0.375,-0.05580655171979587,-0.6776437034537064,-0.012307884878285635,-0.018379870929717823,0.1283030884085784,0.3022636484687084,8,4,0.5,PASS,-0.05006561875157689,-0.7840420278359455,0.08742630565642913,-0.012638937961498842,0.02190476402633934,0.6957390146471372,19,12,0.631578947368421,中性
688153.SH,1033,20220520,20260821,-0.14352298946321207,-0.6962429147165887,-0.06178721215594165,-0.022361599864005433,-0.36217516401318817,-0.022760072320024853,5,0.4,-0.014988330366166647,-0.36217516401318817,0.011742450789637225,0.12853465909704542,0.33406775070340056,0.3339787028073572,5,3,0.6,PASS,-0.19998821484988094,-0.7242794208539204,-0.33156545265104426,-0.05646522538666887,-0.028036506137331663,0.7115198451113263,13,4,0.3076923076923077,FAIL
688166.SH,1620,20191213,20260821,0.028867554236270188,-0.7463773988408199,0.29726471618748895,0.0591786831249137,-0.73521915707982,0.2819123271590684,12,0.4166666666666667,0.07086875746113885,-0.7352191570798201,0.311446728737236,0.042001203224868666,0.011158241760999776,0.4487654320987654,12,5,0.4166666666666667,反例,0.05085271838282179,-0.8054969810312315,0.3041551131157192,0.021985164146551606,-0.05911958219041158,0.7845679012345679,18,8,0.4444444444444444,反例
688169.SH,1552,20200327,20260821,0.0559012739273228,-0.7832103576506538,0.3342590140841605,0.0581410757795251,-0.6755431714436066,0.2975546946764714,11,0.45454545454545453,0.0784371458927442,-0.6755431714436064,0.34121720848210807,0.022535871965421395,0.1076671862070474,0.5109536082474226,10,5,0.5,PASS,0.1046521048864586,-0.739222210658546,0.4075267865300663,0.048750830959135794,0.043988146992107846,0.7996134020618557,14,6,0.42857142857142855,PASS
688172.SH,865,20230130,20260821,0.3142295413158436,-0.5847381443298969,0.7159586425381405,0.11281047831602575,-0.47515286646933486,0.4143625799807145,5,0.6,0.13605090506087247,-0.47515286646933463,0.4591221735204769,-0.1781786362549711,0.10958527786056227,0.4161849710982659,5,2,0.4,中性,0.23481856235741683,-0.5505586580183366,0.6141715982366912,-0.07941097895842675,0.034179486311560314,0.7664739884393064,11,5,0.45454545454545453,中性
688180.SH,1455,20200819,20260821,-0.157486005786025,-0.8204113310050446,-0.11884683943587611,0.0185965615214172,-0.5621975604109855,0.16488274103108352,6,0.5,-0.013984324224606604,-0.5621975604109852,0.0761251141067625,0.1435016815614184,0.25821377059405937,0.36013745704467354,6,3,0.5,PASS,-0.07085482648604657,-0.6542589414486042,0.011529583030756645,0.08663117929997843,0.1661523895564404,0.7037800687285224,17,6,0.35294117647058826,PASS
688183.SH,1306,20210401,20260821,0.4517988550585217,-0.6098020643594415,0.8758670055959427,0.33920165056345764,-0.42133027624078334,0.8129915181649038,7,0.42857142857142855,0.3452526173170536,-0.42133027624078334,0.8225727941871642,-0.1065462377414681,0.18847178811865817,0.4349157733537519,8,5,0.625,中性,0.3676950567660695,-0.45062881564443447,0.8032573004147877,-0.08410379829245218,0.15917324871500704,0.7289433384379785,15,9,0.6,中性
688185.SH,1434,20200917,20260821,-0.19697354337949136,-0.9518025894544659,-0.12130029875286052,-0.05715581717314022,-0.5752894587298595,-0.11679137389706933,7,0.2857142857142857,0.0022638280661497756,-0.5752894587298593,0.09342303897162456,0.19923737144564113,0.3765131307246067,0.28661087866108786,7,2,0.2857142857142857,PASS,-0.038567688385815035,-0.8206262352006448,0.12153984938583597,0.15840585499367632,0.13117635425382113,0.6485355648535565,16,6,0.375,PASS
688187.SH,1173,20211021,20260821,-0.003915579441495454,-0.6259981830570065,0.1766912959829806,-0.2293824083278614,-0.7892076467928775,-0.6852186123200816,9,0.1111111111111111,-0.18458744068771826,-0.7892076467928776,-0.490505995524737,-0.1806718612462228,-0.16320946373587109,0.5447570332480819,8,0,0.0,FAIL,-0.10083056384022349,-0.7274707898005608,-0.0943551661857122,-0.09691498439872803,-0.1014726067435543,0.8448422847399829,11,2,0.18181818181818182,FAIL
688188.SH,1680,20190912,20260821,0.15085643654060665,-0.54848990742146,0.49518803196043526,0.050859355376833504,-0.4548634013680216,0.2496904969664878,11,0.45454545454545453,0.04454240043847579,-0.4548634013680215,0.23151811408094458,-0.10631403610213086,0.09362650605343847,0.5071428571428571,12,4,0.3333333333333333,中性,0.1883560025565798,-0.5462708967100003,0.5871149774304327,0.03749956601597315,0.00221901071145969,0.7833333333333333,15,7,0.4666666666666667,反例
688192.SH,1112,20220117,20260821,0.10515716834278921,-0.5717638774791691,0.4077433976007026,0.06339628307310763,-0.533459874620499,0.2828712980300461,6,0.3333333333333333,0.0328542716887823,-0.533459874620499,0.1951687890933962,-0.07230289665400691,0.03830400285867008,0.4748201438848921,6,3,0.5,中性,0.11343697148519372,-0.5250370684786339,0.4142912044152516,0.008279803142404507,0.046726809000535274,0.8111510791366906,11,4,0.36363636363636365,PASS
688200.SH,1555,20200324,20260821,0.33177837639385444,-0.7529349952003273,0.749968966220151,0.11287996360578023,-0.6980033154301701,0.4145109050892617,10,0.5,0.08958143248488804,-0.69800331543017,0.36629624410675715,-0.2421969439089664,0.05493167977015723,0.4778135048231511,11,2,0.18181818181818182,中性,0.2827613447946302,-0.6362683498015338,0.6947326111065598,-0.049017031599224214,0.11666664539879346,0.7819935691318328,17,6,0.35294117647058826,中性
688208.SH,1558,20200319,20260821,0.006965900129708658,-0.8223814481867453,0.2334743777772631,-0.09270948078891816,-0.7947615725377144,-0.19409538363715456,7,0.2857142857142857,-0.09801681553227481,-0.7947615725377144,-0.2100481507498651,-0.10498271566198347,0.0276198756490309,0.4056482670089859,8,3,0.375,FAIL,0.02004713055426155,-0.6918083067117178,0.2284774666213781,0.013081230424552892,0.13057314147502752,0.7958921694480102,16,4,0.25,PASS
688213.SH,1008,20220627,20260821,0.14809794533239762,-0.5243243243243243,0.48515847027555725,-0.21432491549863286,-0.7126981509442157,-0.6106125724984851,8,0.125,-0.21022036730149085,-0.7126981509442158,-0.5946087182103992,-0.35831831263388847,-0.18837382661989155,0.4384920634920635,8,2,0.25,FAIL,0.024846609575854384,-0.566485256302089,0.24540198587148637,-0.12325133575654323,-0.042160931977764715,0.8174603174603174,10,3,0.3,FAIL
688220.SH,1088,20220225,20260821,0.010177345617789824,-0.6779022064530436,0.25692491657463834,-0.1075736755023241,-0.6093400309250374,-0.13516251914747202,7,0.14285714285714285,-0.1453039459246387,-0.6564197972569241,-0.23995373098366288,-0.1554812915424285,0.021482409196119434,0.47702205882352944,7,1,0.14285714285714285,FAIL,-0.04086314005869496,-0.6245906836916938,0.1320322856163211,-0.05104048567648478,0.05331152276134976,0.7876838235294118,11,4,0.36363636363636365,中性
688223.SH,1080,20220309,20260821,-0.19897988921832044,-0.7809216939754219,-0.26881194128384234,-0.09571629611263843,-0.5525829969924425,-0.2771093102039937,5,0.2,-0.11958274366093369,-0.5525829969924425,-0.3480589831379238,0.07939714555738675,0.22833869698297937,0.37407407407407406,6,3,0.5,PASS,-0.22507184026050153,-0.7740502895289659,-0.42888255896188526,-0.026091951042181094,0.006871404446455953,0.7712962962962963,13,3,0.23076923076923078,中性
688234.SH,1090,20220223,20260821,0.09989835711202688,-0.6812570145903478,0.4210745664696988,0.05040214069199367,-0.48104239813307526,0.2803063975926319,6,0.3333333333333333,-0.0006919655847450468,-0.48104239813307526,0.17021124617560748,-0.10059032269677193,0.20021461645727257,0.4541284403669725,7,2,0.2857142857142857,中性,0.11609365476959743,-0.5123626615963326,0.4313948455087247,0.01619529765757055,0.16889435299401523,0.7495412844036697,12,7,0.5833333333333334,PASS
688235.SH,1109,20220120,20260821,0.1851262999952048,-0.38306622316298755,0.5555732359539668,0.014557446244559902,-0.29787299635273645,0.10721194546284603,7,0.5714285714285714,-0.020946105328324194,-0.29787299635273645,-0.020663871662735485,-0.206072405323529,0.0851932268102511,0.38052299368800724,8,2,0.25,中性,0.03441512867170782,-0.4392600184167421,0.2350919545463611,-0.15071117132349698,-0.056193795253754564,0.8313796212804329,13,3,0.23076923076923078,FAIL
688248.SH,1104,20220127,20260821,0.17529274771972259,-0.7579804995104008,0.5319731951535208,0.2082513698144517,-0.5135761074650032,0.5976056197930767,7,0.42857142857142855,0.1914919285365131,-0.5135761074650032,0.5659342860250377,0.016199180816790504,0.24440439204539766,0.4601449275362319,8,2,0.25,PASS,0.08476106704601838,-0.6309524586735314,0.3746297814362987,-0.0905316806737042,0.12702804083686936,0.7291666666666666,12,5,0.4166666666666667,中性
688249.SH,775,20230609,20260821,0.24980822209821785,-0.4695598834534579,0.651062973257526,0.09836097364922636,-0.4695598834534579,0.37856470653030483,4,0.75,0.08584853446736962,-0.4695598834534578,0.3493114754855236,-0.16395968763084823,1.1102230246251565e-16,0.3561290322580645,5,0,0.0,FAIL,0.1214841366120456,-0.4695598834534579,0.4317431571269336,-0.12832408548617225,0.0,0.7380645161290322,9,3,0.3333333333333333,FAIL
688256.SH,1452,20200824,20260821,0.408995357628114,-0.7609903991915109,0.8177423011605721,0.21346820065684668,-0.6083740852212259,0.5880866905605365,11,0.36363636363636365,0.1909349448315374,-0.6294107381936463,0.5513295113882827,-0.21806041279657662,0.13157966099786456,0.5013774104683195,12,5,0.4166666666666667,中性,0.3497064962679708,-0.6161738836137038,0.7624345044402959,-0.05928886136014322,0.14481651557780706,0.7527548209366391,17,6,0.35294117647058826,中性
688266.SH,1567,20200306,20260821,0.11702146081103915,-0.8020833333333333,0.4327508776344108,-0.0032853857734843617,-0.7008292375842086,0.10015633614444996,11,0.2727272727272727,-0.029828242600813182,-0.7008292375842087,0.024813352694094647,-0.14684970341185233,0.10125409574912458,0.4786215698787492,12,3,0.25,中性,0.024204922228847625,-0.7126760472719393,0.22743348395850577,-0.09281653858219152,0.08940728606139392,0.8021697511167837,17,5,0.29411764705882354,中性
688271.SH,943,20220927,20260821,-0.1253469565914892,-0.5666591911764706,-0.27994599241305695,-0.13648673118396148,-0.4457394666209413,-1.0236833362001825,5,0.2,-0.09605018767959073,-0.4450187616493886,-0.6403689297582875,0.029296768911898474,0.12164042952708198,0.2651113467656416,5,3,0.6,PASS,-0.20450539452121919,-0.656686437326647,-0.6708573883083964,-0.07915843792972999,-0.09002724615017643,0.7529162248144221,12,3,0.25,FAIL
688276.SH,1225,20210730,20260821,-0.2705009817115086,-0.8591688303735456,-0.5726768305351388,-0.15885153511918448,-0.6214836749826702,-1.0816850371704327,7,0.14285714285714285,-0.15838817872497446,-0.6214836749826702,-1.0716528206320908,0.11211280298653414,0.23768515539087542,0.21387755102040817,8,4,0.5,PASS,-0.3007823360987625,-0.8901026945911832,-0.923233121643051,-0.030281354387253878,-0.030933864217637552,0.6751020408163265,17,5,0.29411764705882354,FAIL
688278.SH,1571,20200302,20260821,0.09310326139258907,-0.7069972705954715,0.3746284196640548,0.09757701195970325,-0.5982322606361661,0.37489849669147773,10,0.4,0.07035495066021902,-0.5982322606361663,0.3043465534584074,-0.022748310732370047,0.10876500995930516,0.5105028644175684,11,5,0.45454545454545453,PASS,0.1269876328500108,-0.5777436862783174,0.4413708362150673,0.033884371457421736,0.12925358431715406,0.7765754296626353,15,6,0.4,PASS
688281.SH,1057,20220413,20260821,-0.00998999319993188,-0.5857281099212632,0.17680181584704624,-0.11045159272840621,-0.5344445362326492,-0.4171681964637283,7,0.14285714285714285,-0.03455389198556402,-0.5344445362326493,-0.06810561370827009,-0.024563898785632143,0.051283573688613915,0.2961210974456008,7,5,0.7142857142857143,PASS,-0.03625855595319183,-0.5784176172017363,0.0790713208773749,-0.02626856275325995,0.007310492719526884,0.7615894039735099,12,7,0.5833333333333334,中性
688289.SH,1423,20201012,20260821,-0.22706802891795808,-0.8262748992347684,-0.5369742429227143,-0.1765779101665862,-0.7274271863543792,-1.0304828991330086,9,0.1111111111111111,-0.19443259988403838,-0.7349662671082271,-1.0682400983268685,0.032635429033919694,0.09130863212654128,0.25298664792691494,10,4,0.4,PASS,-0.21859050411364356,-0.8055818533730235,-0.6590927354507684,0.008477524804314518,0.02069304586174492,0.7013352073085032,20,8,0.4,反例
688295.SH,1037,20220516,20260821,0.052324130681933534,-0.6786920085553179,0.300160027518673,0.06717078322933423,-0.32644480211758475,0.29024861309993005,4,0.5,0.10684959950214368,-0.32644480211758486,0.4204806291478766,0.05452546882021014,0.352247206437733,0.3461909353905497,4,1,0.25,PASS,-0.027536526778587533,-0.6492267003026744,0.10441619084742614,-0.07986065746052107,0.029465308252643485,0.7589199614271939,12,4,0.3333333333333333,FAIL
688297.SH,981,20220803,20260821,-0.08610026236314083,-0.5442870279146141,-0.009786431254765726,-0.0901906653798098,-0.5812056116183273,-0.17938052702468874,6,0.3333333333333333,-0.1283967532376804,-0.5946703337862407,-0.29681134652897545,-0.04229649087453957,-0.05038330587162654,0.40061162079510704,7,2,0.2857142857142857,FAIL,-0.179626326008833,-0.5825480433358493,-0.2910731888662224,-0.09352606364569216,-0.03826101542123517,0.7696228338430173,13,2,0.15384615384615385,FAIL
688301.SH,1408,20201102,20260821,0.15418869259365442,-0.7064734857859982,0.4962789091592182,0.07783821326259921,-0.47692839179940427,0.3335250115726491,7,0.2857142857142857,0.10127505930029179,-0.4769283917994044,0.38696836120858563,-0.05291363329336263,0.22954509398659384,0.6051136363636364,7,4,0.5714285714285714,中性,0.05990101032399142,-0.7157159695474706,0.3184723277499007,-0.094287682269663,-0.009242483761472409,0.8309659090909091,11,4,0.36363636363636365,FAIL
688303.SH,1206,20210826,20260821,-0.2406675028685158,-0.8108500494342524,-0.4258526084201904,-0.12708765451845105,-0.6365569036887271,-0.4119384100021503,10,0.1,-0.11435095050731003,-0.6619098190331681,-0.3419670041673196,0.12631655236120576,0.14894023040108428,0.2835820895522388,9,6,0.6666666666666666,PASS,-0.17956831006784035,-0.7692009275318619,-0.3747599343723305,0.06109919280067544,0.04164912190239056,0.6401326699834162,16,8,0.5,PASS
688313.SH,1426,20200916,20260821,0.3483019989506746,-0.7563875467846206,0.760506153014892,-0.06421401207769661,-0.725554486265227,0.015371128438521725,12,0.25,-0.10186690930102382,-0.7991281814234181,-0.06453614730243452,-0.4501689082516984,-0.042740634638797514,0.4481065918653576,13,5,0.38461538461538464,FAIL,0.04079021387873838,-0.8453487848075998,0.31976358661820675,-0.3075117850719362,-0.08896123802297917,0.788218793828892,19,4,0.21052631578947367,FAIL
688318.SH,1507,20200604,20260821,0.08229145703518204,-0.7692821497120921,0.40251617929850775,0.05333051121621968,-0.5754586800161554,0.2802653062604721,9,0.4444444444444444,0.050010171799228065,-0.5754586800161555,0.27406253642554534,-0.03228128523595397,0.19382346969593656,0.34505640345056404,8,4,0.5,中性,0.013843423926599652,-0.6878157021597342,0.2670559310435932,-0.06844803310858238,0.08146644755235788,0.7398805573988055,19,5,0.2631578947368421,中性
688321.SH,1678,20190917,20260821,-0.1277281052682363,-0.8347306910569106,-0.12262061744876766,-0.12415100397839007,-0.7945625939654402,-0.3623938223345003,14,0.14285714285714285,-0.13185267139711554,-0.7945625939654402,-0.3900594506072411,-0.004124566128879237,0.0401680970914704,0.39690107270560193,15,8,0.5333333333333333,PASS,-0.10175721137272964,-0.7563765689979806,-0.1352284024487427,0.025970893895506664,0.07835412205893,0.7401668653158522,20,8,0.4,PASS
688322.SH,975,20220811,20260821,0.2547063724265701,-0.6306490608145807,0.646968330539114,0.030354109213724945,-0.6369856840605985,0.2436209674793092,6,0.5,-0.0649993213409582,-0.6679743888712318,0.03800975636424015,-0.31970569376752833,-0.03732532805665112,0.4707692307692308,7,1,0.14285714285714285,FAIL,-0.08358571421856809,-0.7220812135556729,0.1057701660268563,-0.3382920866451382,-0.09143215274109218,0.8348717948717949,12,2,0.16666666666666666,FAIL
688331.SH,1039,20220512,20260821,0.3959208277059376,-0.758059333833137,0.8064041764995713,0.1101936995280588,-0.5593581846696531,0.4084383676589422,8,0.25,0.16947056115327963,-0.559358184669653,0.5270658002143379,-0.22645026655265799,0.19870114916348391,0.4850818094321463,8,3,0.375,中性,0.3012264244637235,-0.6939046102859685,0.7050512062784725,-0.09469440324221412,0.06415472354716845,0.8537054860442733,11,3,0.2727272727272727,中性
688336.SH,1450,20200826,20260821,0.11896615054709803,-0.6610075146117451,0.4265095690497832,0.031154155509614867,-0.5045342675808517,0.18822731624924896,9,0.2222222222222222,0.03228467961862003,-0.5045342675808515,0.19152745607205507,-0.086681470928478,0.1564732470308936,0.4868965517241379,9,2,0.2222222222222222,中性,0.19860866968670088,-0.5053790870207451,0.5786458115515982,0.07964251913960285,0.15562842759100004,0.74,13,7,0.5384615384615384,PASS
688343.SH,794,20230515,20260821,-0.03126480116155883,-0.7470751417199373,0.26772177251057466,-0.19708459470945938,-0.62487968028129,-0.2305075130895757,7,0.2857142857142857,-0.1847435293625893,-0.6248796802812902,-0.19958965740275667,-0.15347872820103048,0.12219546143864712,0.3677581863979849,7,1,0.14285714285714285,中性,-0.12382052272095712,-0.6674480816769128,0.048495187280750585,-0.09255572155939829,0.07962706004302444,0.6952141057934509,12,6,0.5,中性
688347.SH,701,20230911,20260821,0.7019854143732109,-0.4519350811485643,1.118582172430657,0.14282947262636525,-0.5502407779837927,0.4785919920079157,6,0.3333333333333333,0.09119967872300472,-0.5502407779837928,0.38799716327838474,-0.6107857356502062,-0.0983056968352285,0.5249643366619116,6,1,0.16666666666666666,FAIL,0.4944096652520813,-0.4519350811485643,0.937731501824628,-0.20757574912112964,0.0,0.8231098430813124,8,1,0.125,FAIL
688348.SH,996,20220713,20260821,-0.3988715506135514,-0.917667364074329,-0.6883584086638617,-0.0856505174251957,-0.4784168360017038,-0.23541951308607598,4,0.25,-0.05417910856887387,-0.4784168360017038,-0.11221976078112385,0.3446924420446775,0.4392505280726252,0.2891566265060241,4,3,0.75,PASS,-0.3152729249777997,-0.8812644721599355,-0.669851259968252,0.08359862563575171,0.0364028919143935,0.6676706827309237,11,5,0.45454545454545453,PASS
688349.SH,986,20220727,20260821,-0.1991722728577794,-0.6415045165026056,-0.5008925436401519,-0.17117063474466476,-0.5751152710822489,-0.9555657711235028,5,0.0,-0.20984936274619148,-0.6444523759904851,-1.0636647262373649,-0.010677089888412095,-0.002947859487879456,0.33874239350912777,6,3,0.5,中性,-0.23074144874903668,-0.6829049846710402,-0.7564161090241214,-0.031569175891257295,-0.04140046816843457,0.8184584178498986,10,4,0.4,FAIL
688361.SH,765,20230627,20260821,0.612579921368952,-0.44935972060535523,1.0495113211857492,0.355147804144905,-0.3241327524704848,0.8544643649564,3,0.6666666666666666,0.35746160645735725,-0.3241327524704849,0.8331045326066129,-0.25511831491159476,0.12522696813487033,0.5333333333333333,3,0,0.0,中性,0.4940840366604875,-0.4799989214871717,0.9453929673735304,-0.1184958847084645,-0.030639200881816486,0.85359477124183,6,3,0.5,FAIL
688363.SH,1622,20191211,20260821,-0.1105743851546176,-0.888781525131446,-0.07769092685448425,-0.008751429211005024,-0.6442648765672773,0.04364353734631217,10,0.5,-0.027614805249803864,-0.6442648765672774,-0.014016999939292297,0.08295957990481373,0.24451664856416866,0.3908754623921085,9,6,0.6666666666666666,PASS,-0.011415290095837305,-0.7324196563375716,0.12868935349454355,0.09915909505878029,0.15636186879387448,0.7453760789149199,16,9,0.5625,PASS
688375.SH,964,20220826,20260821,0.04020296144104796,-0.5934279325145791,0.2909303445150773,-0.06282476571607853,-0.567394473188277,-0.06403113552724378,6,0.5,-0.07833829777331613,-0.567394473188277,-0.08106482692839284,-0.11854125921436409,0.02603345932630219,0.5093360995850622,6,3,0.5,FAIL,0.03323567588679688,-0.5801517985709792,0.2514392359074802,-0.006967285554251079,0.013276133943599944,0.7572614107883817,11,5,0.45454545454545453,中性
688385.SH,1197,20210908,20260821,0.034753398349397724,-0.7571603906297784,0.2962629979773397,0.11819483255886332,-0.5630364005434952,0.42744670484999575,4,0.5,0.1031689844892576,-0.5630364005434952,0.39032683432645404,0.06841558613985987,0.19412399008628312,0.4252297410192147,4,1,0.25,PASS,-0.07983426600588817,-0.8047167870680989,0.031211746069012745,-0.11458766435528589,-0.04755639643832055,0.7844611528822055,14,3,0.21428571428571427,FAIL
688387.SH,919,20221107,20260821,0.2537616256375719,-0.48864142538975497,0.6502319552664789,0.16509381604641327,-0.48864142538975497,0.5124262892291699,4,0.5,0.13694616905816281,-0.48864142538975497,0.4616388253639718,-0.11681545657940906,0.0,0.5059847660500544,4,1,0.25,FAIL,0.18841118053817962,-0.4973876534834576,0.5506968036929661,-0.06535044509939225,-0.008746228093702624,0.8596300326441785,6,1,0.16666666666666666,FAIL
688390.SH,1418,20201019,20260821,0.023820641388278885,-0.832773432965047,0.3589744578242164,-0.011454945960522767,-0.8507010100090575,0.18075405404416076,10,0.5,0.010074562765550521,-0.8507010100090575,0.22649047019530041,-0.013746078622728364,-0.01792757704401049,0.5148095909732017,10,3,0.3,中性,-0.00793674471678929,-0.8997707533049719,0.2665287122310077,-0.031757386105068175,-0.06699732033992489,0.7856135401974612,15,5,0.3333333333333333,FAIL
688396.SH,1548,20200402,20260821,0.09332333670599713,-0.6571479041916168,0.3778987771153188,-0.1205300048451603,-0.6417101395604109,-0.3280028626507313,11,0.2727272727272727,-0.12564106177145473,-0.6417101395604109,-0.34547669106818124,-0.21896439847745186,0.015437764631205941,0.3953488372093023,12,2,0.16666666666666666,FAIL,0.022723271430919567,-0.6627101147299093,0.2132654387763602,-0.07060006527507756,-0.0055622105382924225,0.7926356589147286,17,6,0.35294117647058826,FAIL
688411.SH,353,20250311,20260821,0.7766350145577123,-0.5189567588207387,1.1327992871765638,0.8355206608961909,-0.5325679410719828,1.2262748742955085,2,0.5,0.7417065358778778,-0.5325679410719828,1.1438862415933988,-0.03492847867983451,-0.013611182251244136,0.8130311614730878,1,1,1.0,FAIL,0.6789540786702111,-0.5567166567774591,1.064529441443183,-0.09768093588750126,-0.03775989795672041,0.9376770538243626,1,1,1.0,FAIL
688425.SH,1228,20210727,20260821,-0.03506837655221484,-0.472127400182871,-0.03201807419333637,-0.10574187720071382,-0.5523968827574692,-0.6774953208225059,6,0.16666666666666666,-0.10870334344168608,-0.5523968827574695,-0.6953573899917506,-0.07363496688947124,-0.08026948257459843,0.3770358306188925,6,3,0.5,FAIL,-0.0009128326346194982,-0.44815555151671405,0.057859183366561734,0.034155543917595343,0.02397184866615698,0.741042345276873,12,7,0.5833333333333334,反例
688469.SH,772,20230614,20260821,0.13931461808851808,-0.431239388794567,0.47301724480100277,0.004916719322189511,-0.43693248353175085,0.0966689388529443,5,0.4,-0.02394058417711742,-0.4778409126995774,0.004182119444986552,-0.1632552022656355,-0.04660152390501038,0.5129533678756477,5,1,0.2,FAIL,0.13345837702795182,-0.3625538423363235,0.4645249737282031,-0.0058562410605662585,0.06868554645824354,0.8432642487046632,6,4,0.6666666666666666,PASS
688472.SH,750,20230718,20260821,-0.12124705407702174,-0.6200887096774195,-0.03400997099864105,-0.14621186894254723,-0.6399094182543951,-0.23678073517267792,6,0.3333333333333333,-0.1581396963312578,-0.639909418254395,-0.2692642406284104,-0.03689264225423605,-0.019820708576975488,0.38133333333333336,7,4,0.5714285714285714,FAIL,-0.1885042472770031,-0.6270172958503548,-0.263984481463813,-0.06725719319998136,-0.006928586172935347,0.7226666666666667,11,7,0.6363636363636364,FAIL
688475.SH,857,20230209,20260821,0.03792388261968904,-0.4089572894595105,0.2457523878937164,-0.12563100790829718,-0.5962921119351716,-0.4290903915668875,8,0.125,-0.13195032059410972,-0.5962921119351715,-0.452858749747162,-0.16987420321379876,-0.18733482247566102,0.44807467911318555,7,2,0.2857142857142857,FAIL,-0.0063400964529197745,-0.47876254543474683,0.108623477687914,-0.04426397907260882,-0.06980525597523635,0.7292882147024504,11,5,0.45454545454545453,FAIL
688498.SH,862,20230202,20260821,1.4855520325484037,-0.7598290598290598,1.4498800062938544,1.2511748593602299,-0.43767799290440146,1.6763433853643057,3,0.6666666666666666,1.3549020266179892,-0.43767799290440157,1.7478533201169866,-0.13065000593041454,0.3221510669246582,0.4466357308584687,3,2,0.6666666666666666,中性,1.1166670206271014,-0.7697021625689265,1.309506285337459,-0.3688850119213023,-0.009873102739866746,0.8167053364269141,9,3,0.3333333333333333,FAIL
688506.SH,851,20230217,20260821,0.4769608507860512,-0.5010243902439024,0.9167832271432057,-0.20632528293845953,-0.6718917717830495,-0.756394037356872,7,0.14285714285714285,-0.23122694309509473,-0.6718917717830495,-0.8428164030155607,-0.7081877938811459,-0.17086738153914705,0.3337250293772033,7,1,0.14285714285714285,FAIL,0.2356319559803246,-0.43770539369138306,0.6236907351315996,-0.2413288948057266,0.06331899655251938,0.8437132784958872,9,2,0.2222222222222222,中性
688516.SH,1492,20200629,20260821,0.16526893386948616,-0.7616243131104656,0.5149629470579888,0.23733955866992495,-0.6109518950390009,0.6627013171721589,8,0.5,0.24496740033503683,-0.6109518950390009,0.6739111405274927,0.07969846646555068,0.1506724180714647,0.4624664879356568,8,3,0.375,PASS,0.23455633996200165,-0.6520486090112994,0.6243831635988218,0.06928740609251549,0.10957570409916628,0.7339142091152815,15,4,0.26666666666666666,PASS
688520.SH,1470,20200729,20260821,-0.11498673383477431,-0.6677628089530073,-0.05976976572233743,-0.021367126324442598,-0.5678513637457661,-0.050640327683169964,8,0.125,-0.03676065792865102,-0.6204900027605731,-0.11020264166086628,0.0782260759061233,0.047272806192434236,0.24761904761904763,9,5,0.5555555555555556,PASS,-0.10197130959862188,-0.7076224526436137,-0.13076514634432376,0.013015424236152429,-0.03985964369060635,0.6714285714285714,20,8,0.4,反例
688521.SH,1421,20200922,20260821,0.09728982376797579,-0.7762635379061372,0.43675780687253773,0.049147952187754695,-0.6109773512273465,0.2979168824776488,9,0.3333333333333333,0.02120276370383345,-0.6109773512273464,0.24518301880750562,-0.07608706006414234,0.1652861866787908,0.4546094299788881,10,4,0.4,中性,0.15244596884674722,-0.7690344330792332,0.4984740388509871,0.055156145078771424,0.007229104826903976,0.7065446868402533,17,6,0.35294117647058826,反例
688525.SH,855,20230213,20260821,0.9200703920273214,-0.7334095020470341,1.1971803215489938,0.3014294280843721,-0.748643850140472,0.6996925077518192,4,0.5,0.523930158353139,-0.748643850140472,0.9232394250805006,-0.3961402336741824,-0.015234348093437822,0.7380116959064328,4,0,0.0,FAIL,0.749629704314176,-0.709499271161848,1.091848705232192,-0.17044068771314547,0.02391023088518618,0.8678362573099415,6,2,0.3333333333333333,FAIL
688536.SH,1387,20201103,20260821,0.06503485833192402,-0.8890684390743931,0.375247686531825,-0.06444731290809347,-0.7185274098214083,0.0029361054457345296,9,0.3333333333333333,-0.05424989517818557,-0.7185274098214083,0.030549633340457044,-0.11928475351010959,0.17054102925298487,0.41961067051189616,9,3,0.3333333333333333,中性,-0.1328668745168562,-0.8869978361424398,-0.020756685354877954,-0.1979017328487802,0.0020706029319533803,0.7937995674116799,19,4,0.21052631578947367,FAIL
688538.SH,1244,20210705,20260821,-0.09343232240749488,-0.4921465968586387,-0.3897912982657205,-0.0026088524282593673,-0.15327105243579375,-0.18894445757206033,2,0.5,-0.024791788686089444,-0.2455102620967634,-0.36928405726384267,0.06864053372140544,0.2466363347618753,0.44212218649517687,3,3,1.0,PASS,-0.08843931816691908,-0.4308107760236942,-0.44259963577915606,0.004993004240575805,0.06133582083494449,0.8287781350482315,9,2,0.2222222222222222,PASS
688561.SH,1450,20200826,20260821,-0.2013890639910194,-0.8525179856115108,-0.3063150998417987,-0.21067328328475066,-0.7584342572492262,-0.9892864652486235,9,0.1111111111111111,-0.20793170119803706,-0.7584342572492262,-0.974131201620798,-0.006542637207017643,0.09408372836228462,0.3103448275862069,9,4,0.4444444444444444,PASS,-0.2688291531773166,-0.8635018452297414,-0.648780157738063,-0.06744008918629718,-0.010983859618230563,0.743448275862069,21,5,0.23809523809523808,FAIL
688563.SH,724,20230823,20260821,-0.050193937000458266,-0.3769331585845348,-0.05678068259006052,-0.17979212337793393,-0.4775272351187341,-1.2927360915699444,4,0.0,-0.15979393417334586,-0.48295112951349806,-1.073862721532192,-0.1095999971728876,-0.10601797092896326,0.3494475138121547,4,1,0.25,FAIL,-0.1436748824461508,-0.4450643777597094,-0.4231111935008913,-0.09348094544569252,-0.06813121917517462,0.8397790055248618,8,2,0.25,FAIL
688567.SH,1446,20200821,20260821,-0.1464397304021604,-0.8336993411858655,-0.11291441135066616,-0.08042570593684228,-0.5800342143119944,-0.17563281749403978,8,0.25,-0.08760843043134003,-0.5800342143119943,-0.1996242865236634,0.05883129997082037,0.2536651268738712,0.3160442600276625,9,5,0.5555555555555556,PASS,-0.1510516315450291,-0.7707196302207205,-0.20719758010450395,-0.004611901142868691,0.06297971096514499,0.7130013831258645,17,8,0.47058823529411764,PASS
688568.SH,1460,20200812,20260821,0.0655708441499705,-0.6656840851570642,0.328798403099136,0.10067571358835226,-0.4773982208010412,0.38435852690899985,8,0.5,0.05995302768155519,-0.47739822080104133,0.278165933872892,-0.005617816468415304,0.1882858643560229,0.5,9,2,0.2222222222222222,PASS,-0.05449774882105485,-0.6632723856734564,0.040219110852163564,-0.12006859297102535,0.0024116994836078653,0.8075342465753425,16,4,0.25,FAIL
688578.SH,1361,20210107,20260821,0.2917925026953978,-0.5915789473684211,0.7290214935822651,0.08702660531386619,-0.5073696758502817,0.34881144548171156,9,0.3333333333333333,0.05885229241498369,-0.5129459676409389,0.26804663621419134,-0.23294021028041412,0.07863297972748218,0.49008082292432037,9,1,0.1111111111111111,中性,0.059781258388830416,-0.5288999726581669,0.2958206794207191,-0.2320112443065674,0.06267897471025419,0.7957384276267451,17,4,0.23529411764705882,中性
688582.SH,737,20230804,20260821,0.002022714389720015,-0.5922430304562402,0.24688741600805952,-0.0069598460806327145,-0.5800140699976934,0.16320522732802253,6,0.16666666666666666,-0.06677341349639065,-0.5800140699976936,0.04819056460679782,-0.06879612788611067,0.0122289604585466,0.6824966078697422,6,2,0.3333333333333333,FAIL,-0.06064721535118678,-0.6172669452989833,0.11013769267178652,-0.0626699297409068,-0.025023914842743133,0.9077340569877883,6,3,0.5,FAIL
688599.SH,1478,20200717,20260821,-0.025988267244527186,-0.8555019973917147,0.18322463917078755,-0.02759598028620136,-0.8088315702843953,0.03194979318503753,7,0.2857142857142857,0.023170137630010634,-0.8088315702843953,0.18485753242526776,0.04915840487453782,0.04667042710731939,0.36671177266576455,7,4,0.5714285714285714,PASS,-0.04969272858345131,-0.8565924816878463,0.09584369087063832,-0.02370446133892412,-0.0010904842961315664,0.7557510148849798,14,8,0.5714285714285714,中性
688608.SH,1351,20210121,20260821,-0.10574207500134492,-0.7719440375915418,0.022505010616883203,-0.051380400791592784,-0.5118502771161225,-0.034657815228688264,10,0.5,-0.09948487397946815,-0.5366395002875708,-0.16876450525756065,0.006257201021876768,0.23530453730397105,0.43449296817172467,11,8,0.7272727272727273,PASS,-0.03914271684166892,-0.6209091300783097,0.10115411540282769,0.06659935815967599,0.15103490751323212,0.7216876387860843,18,8,0.4444444444444444,PASS
688615.SH,434,20241107,20260821,-0.1797920732999264,-0.6116804527946351,-0.09545672057289682,-0.30557482569610717,-0.4969032291980997,-0.9113387157952241,4,0.25,-0.39359463289062246,-0.6013176077763601,-1.1650196211341444,-0.21380255959069605,0.010362845018275002,0.46774193548387094,5,2,0.4,FAIL,-0.3016832699482346,-0.5615538931493069,-0.5151853684391632,-0.12189119664830816,0.050126559645328195,0.7442396313364056,7,3,0.42857142857142855,中性
688617.SH,1336,20210218,20260821,0.19460047614906073,-0.6826284439187664,0.5669211227219337,-0.012220396016158985,-0.6114676799518586,0.05836670690034683,10,0.3,-0.03709889648739928,-0.6114676799518584,-0.016850776839616638,-0.23169937263646,0.07116076396690807,0.468562874251497,10,2,0.2,中性,0.00923326182825246,-0.7064089575248276,0.18311055917325184,-0.18536721432080827,-0.02378051360606115,0.8248502994011976,16,3,0.1875,FAIL
688629.SH,740,20230801,20260821,0.864555628681362,-0.5216801301165628,1.155605910519776,0.05324513886476945,-0.49020867972661464,0.3404510653182473,6,0.6666666666666666,0.06459253130657316,-0.577486001079942,0.38607849193485266,-0.7999630973747889,-0.05580587096337919,0.55,6,0,0.0,FAIL,0.5102914644253067,-0.5411284843369746,0.9016638386957617,-0.35426416425605534,-0.0194483542204118,0.8716216216216216,7,0,0.0,FAIL
688676.SH,1298,20210414,20260821,0.3113823196872203,-0.6218260399783901,0.7135407355230395,0.1345938817049328,-0.5345463045646592,0.45981334157449993,6,0.5,0.1115764731361486,-0.5345463045646592,0.41799518501689564,-0.1998058465510717,0.08727973541373091,0.5677966101694916,7,3,0.42857142857142855,中性,0.3539954785838364,-0.5042753978059055,0.7749301159274834,0.0426131588966161,0.11755064217248468,0.8297380585516179,8,2,0.25,PASS
688690.SH,1227,20210728,20260821,-0.15025338767405483,-0.8698735498839907,-0.13604993887042102,-0.015411031635552908,-0.45737106786990445,-0.011078473985441881,6,0.3333333333333333,-0.02383345893818023,-0.45737106786990456,-0.04297117915201853,0.1264199287358746,0.4125024820140861,0.25590872045639773,6,3,0.5,PASS,-0.15708339598059873,-0.7971117863262582,-0.2639580672064574,-0.0068300083065439,0.07276176355773245,0.7147514262428688,16,7,0.4375,PASS
688692.SH,508,20240717,20260821,0.33360354346282217,-0.34973509617534937,0.7577075064081611,-0.1482153962766728,-0.44808753929653333,-0.2732040040528143,4,0.5,0.12871453744679795,-0.44808753929653344,0.4435449868643459,-0.20488900601602422,-0.09835244312118407,0.6082677165354331,4,0,0.0,FAIL,0.21883868528195816,-0.429461911114405,0.6004486167896856,-0.11476485818086402,-0.07972681493905565,0.8090551181102362,5,2,0.4,FAIL
688702.SH,683,20231027,20260821,1.0750920103623192,-0.45130731337627883,1.3282355614236492,0.6603558082678593,-0.44386953377231075,1.1042376232950124,4,0.5,0.6116130023814206,-0.44386953377231053,1.051559223785445,-0.4634790079808986,0.0074377796039682975,0.5929721815519766,4,2,0.5,FAIL,0.662172405646515,-0.5404128566109446,1.051701435300978,-0.41291960471580413,-0.0891055432346658,0.8330893118594437,7,2,0.2857142857142857,FAIL
688708.SH,389,20250110,20260821,-0.16224187610965424,-0.5001188254323752,-0.22412863751044654,0.12009916867644232,-0.26513002364066185,0.48591438096380635,1,1.0,0.060342680506154656,-0.26513002364066185,0.2750988844673618,0.2225845566158089,0.23498880179171333,0.44473007712082263,2,1,0.5,PASS,-0.18390513310779,-0.49220019973585616,-0.3443396217007711,-0.02166325699813576,0.007918625696519022,0.8920308483290489,2,1,0.5,中性
688709.SH,586,20240321,20260821,0.04482409575870627,-0.5898581301477979,0.35555194193678336,0.18533877985974878,-0.4310985245621116,0.5530367482365636,3,1.0,0.1433237568462027,-0.4310985245621116,0.47374877882268546,0.09849966108749642,0.15875960558568625,0.4778156996587031,4,1,0.25,PASS,-0.05293595702861764,-0.6369798945536642,0.18376424940338562,-0.09776005278732391,-0.04712176440586635,0.8515358361774744,6,1,0.16666666666666666,FAIL
688728.SH,1187,20210924,20260821,-0.1231505891440422,-0.7052655231560891,-0.13042958604133562,-0.16613674994094474,-0.6757688128772481,-0.5595809311674443,10,0.3,-0.1659392082947001,-0.6757688128772483,-0.5574106144359148,-0.0427886191506579,0.02949671027884082,0.43302443133951135,10,2,0.2,FAIL,-0.04839825603297265,-0.6483446238266224,-0.003856280896062382,0.07475233311106955,0.056920899329466756,0.6882898062342039,14,7,0.5,PASS
688772.SH,1152,20211119,20260821,-0.24047407905395268,-0.8039334221038614,-0.34141345624985353,-0.14780229855959248,-0.7132632253663802,-0.6420259705981234,7,0.14285714285714285,-0.18432636842385963,-0.7562706565635744,-0.8001189414418298,0.05614771063009305,0.04766276554028703,0.2907986111111111,8,4,0.5,PASS,-0.2589311666683175,-0.832053098170695,-0.552664776252209,-0.01845708761436482,-0.02811967606683352,0.7135416666666666,15,6,0.4,中性
688777.SH,1367,20201229,20260821,0.06316930484498373,-0.5759133255969795,0.3090567539574365,0.013822262765129656,-0.3984520690997003,0.1229470379063059,9,0.5555555555555556,-0.023027283034072865,-0.3984520690997003,0.008463055699747616,-0.0861965878790566,0.17746125649727917,0.4842721287490856,10,4,0.4,中性,0.01109742638065625,-0.5412767640919164,0.16281536862349627,-0.05207187846432748,0.03463656150506311,0.7863935625457206,15,4,0.26666666666666666,中性
688778.SH,1196,20210909,20260821,-0.11014867835665354,-0.7773456701932134,-0.007992739534525267,-0.04814880133434052,-0.5487399810704678,-0.06938204237899268,8,0.25,-0.027486692323525408,-0.5513619811804559,0.0031203364400342625,0.08266198603312813,0.22598368901275756,0.34448160535117056,8,5,0.625,PASS,-0.08567551021519881,-0.7898528613198825,-0.013128951447789467,0.024473168141454726,-0.012507191126669093,0.7341137123745819,13,6,0.46153846153846156,反例
688779.SH,1192,20210915,20260821,-0.2201129961001217,-0.8467377963737797,-0.4590492427260523,-0.13484854676186275,-0.7006475321363967,-0.44226322808454477,9,0.3333333333333333,-0.15479560573451046,-0.7093902340472453,-0.5136331793686318,0.06531739036561124,0.13734756232653433,0.4790268456375839,9,5,0.5555555555555556,PASS,-0.12304290660041506,-0.7686054818204654,-0.273087002209161,0.09707008949970664,0.07813231455331426,0.6677852348993288,14,8,0.5714285714285714,PASS
688819.SH,1329,20210301,20260821,-0.10608545479194509,-0.6285990030997013,-0.1422119764100409,-0.084964943795521,-0.6427671342627789,-0.24860676346746957,9,0.3333333333333333,-0.08246497792979479,-0.6427671342627788,-0.23788299013503694,0.023620476862150297,-0.014168131163077469,0.4800601956358164,10,4,0.4,反例,-0.049343267851488015,-0.5186942003174709,-0.05355062865641423,0.05674218694045707,0.10990480278223036,0.6975169300225733,13,7,0.5384615384615384,PASS
688981.SH,1448,20200820,20260821,0.09573153668744339,-0.4891816920943134,0.3761792832475213,-0.1507343236602171,-0.658281436914576,-0.5966525053716714,10,0.1,-0.1672706767452068,-0.6905557220033332,-0.6671584398971192,-0.2630022134326502,-0.20137402990901976,0.31077348066298344,10,2,0.2,FAIL,0.0410280726578689,-0.4610964701918482,0.24153411697781413,-0.05470346402957449,0.028085221902465207,0.7935082872928176,15,7,0.4666666666666667,FAIL
689009.SH,1385,20201203,20260821,-0.05501898569127406,-0.7856355620867009,0.0799783647234349,-0.1157276487661354,-0.8271905489289553,-0.18722594478102475,7,0.14285714285714285,-0.06718137813200098,-0.8271905489289553,-0.037381565346048404,-0.012162392440726921,-0.04155498684225434,0.5696750902527076,7,3,0.42857142857142855,中性,-0.023334941483702187,-0.7351688546857003,0.11810655190138664,0.03168404420757187,0.05046670740100068,0.7862815884476534,11,5,0.45454545454545453,PASS
