date,nav_buyhold,nav_macd_cash
20100104,1.0,1.0
20100105,1.0086725160397871,1.0
20100106,1.0034621785765965,0.9948344607587334
20100107,0.9835008254425655,0.9750447343444532
20100108,0.9882521971278829,0.9750447343444532
20100111,0.9901456189149096,0.9750447343444532
20100112,1.0066145973770955,0.9750447343444532
20100113,0.9794555930067677,0.9750447343444532
20100114,0.9962258998001942,0.9750447343444532
20100115,1.0009273637432372,0.9750447343444532
20100118,1.0090442387580323,0.9750447343444532
20100119,1.0105567347191777,0.9750447343444532
20100120,0.9767658387859262,0.9750447343444532
20100121,0.9806582599780603,0.9750447343444532
20100122,0.9647434959358586,0.9750447343444532
20100125,0.9535199741546608,0.9750447343444532
20100126,0.9253523315331322,0.9750447343444532
20100127,0.9143505382490283,0.9750447343444532
20100128,0.9196764249730668,0.9750447343444532
20100129,0.9211350389699297,0.9750447343444532
20100201,0.907738528277054,0.9750447343444532
20100202,0.9047819009048512,0.9750447343444532
20100203,0.9262619814197344,0.9750447343444532
20100204,0.9260328575421356,0.9750447343444532
20100205,0.9067483426953411,0.9750447343444532
20100208,0.906265896733531,0.9750447343444532
20100209,0.9102514602223097,0.9750447343444532
20100210,0.9227990492953576,0.9750447343444532
20100211,0.9236429593072832,0.9750447343444532
20100212,0.933424003377969,0.9853701045769787
20100222,0.929708596755794,0.9814479313753152
20100223,0.9242498729567089,0.9756854234246992
20100224,0.9392182052728655,0.9914867603587589
20100225,0.9533551544765684,1.0064104467701223
20100226,0.9513269276006502,1.0042693467752681
20100301,0.9632575010399731,1.0168638701162418
20100302,0.9606038487368784,1.014062539062028
20100303,0.9692991315562848,1.0232417242019833
20100304,0.9420630851797843,0.9944899610491684
20100305,0.9449839945553912,0.9975734223341641
20100308,0.9532926469169701,1.0063444605941558
20100309,0.9578349494177361,1.0111395473650149
20100310,0.9489854437980146,1.001797556751529
20100311,0.9464543020526713,0.9991255541061265
20100312,0.9333745714510351,0.9853179217074188
20100315,0.9205734279768646,0.9718043801248155
20100316,0.9269730918439303,0.9718043801248155
20100317,0.9485791101864298,0.9718043801248154
20100318,0.9479671263423103,0.9711774123011575
20100319,0.9553687669578682,0.9787602767065261
20100322,0.9586221627143393,0.9820933294930214
20100323,0.9511171312706717,0.9744045428102772
20100324,0.9526146840565493,0.9759387620874632
20100325,0.9390777773283584,0.9620704140387576
20100326,0.9524390909738404,0.9757588697357725
20100329,0.9724265263420623,0.9962356829290151
20100330,0.9752673862813329,0.9991460992587208
20100331,0.9712987538600779,0.9950802977576494
20100401,0.985010646951537,1.0091279165835205
20100402,0.9891682705747328,1.0133873365987243
20100406,0.9891885990249594,1.0134081627762768
20100407,0.9857969936135422,1.0099335163719063
20100408,0.9771489545323719,1.0010737363405706
20100409,0.9880153530890184,1.0122061907664917
20100412,0.9839405999933339,1.0080316703034222
20100413,0.989715188127587,1.0139476450302756
20100414,0.9952937414386513,1.019662785163803
20100415,0.9900523202290488,1.0142930315661616
20100416,0.9809290365015654,1.0049463708688295
20100419,0.9310769585326918,0.953873701011116
20100420,0.9335788013005687,0.953873701011116
20100421,0.954751920174686,0.953873701011116
20100422,0.9475714750199357,0.953873701011116
20100423,0.9430821648655797,0.953873701011116
20100426,0.9392991440308097,0.953873701011116
20100427,0.9189204665509272,0.953873701011116
20100428,0.9152309198685348,0.953873701011116
20100429,0.8992124544286331,0.953873701011116
20100430,0.8944220985282606,0.953873701011116
20100504,0.8838029099218625,0.953873701011116
20100505,0.8942425861025659,0.953873701011116
20100506,0.8564985705169395,0.953873701011116
20100507,0.839905926876305,0.953873701011116
20100510,0.8403059911686599,0.953873701011116
20100511,0.8213960921718059,0.953873701011116
20100512,0.8198612794881062,0.953873701011116
20100513,0.8407224941992913,0.953873701011116
20100514,0.8380272642417478,0.953873701011116
20100517,0.790869728362149,0.953873701011116
20100518,0.8060504471216298,0.953873701011116
20100519,0.8043288534672547,0.953873701011116
20100520,0.7925465447324347,0.953873701011116
20100521,0.8060084743833038,0.953873701011116
20100524,0.8380585612688836,0.9538737010111161
20100525,0.823602491704093,0.937419881176661
20100526,0.8241833712356971,0.9380810351034389
20100527,0.8379800607836628,0.9537843521853547
20100528,0.8367441164962313,0.9523776071126585
20100531,0.8132665917987082,0.925655616062416
20100601,0.802883836923657,0.9138380208762739
20100602,0.8087666223818915,0.9205337753218873
20100603,0.8025792790586276,0.9134913747690523
20100604,0.8061888182129554,0.9175997326227924
20100607,0.794786112182294,0.9046212345730373
20100608,0.7974671718121182,0.9076728020766971
20100609,0.8207055276423852,0.9341225724217054
20100610,0.8143500881989996,0.9268888457782646
20100611,0.8149342362853965,0.9275537199563487
20100617,0.8087014012866733,0.920459541025676
20100618,0.7896513837768225,0.898776914600459
20100621,0.8138869420072873,0.9263616952992707
20100622,0.8162366404719006,0.9290361093250726
20100623,0.8094632470811719,0.9213266697696361
20100624,0.8092782849660702,0.9211161468951823
20100625,0.8012185011719193,0.9119425447719178
20100628,0.7935175285701243,0.9031773395982634
20100629,0.7548748689490485,0.8591944743747888
20100630,0.7448462430093278,0.8477799468187505
20100701,0.7338319663467247,0.8477799468187505
20100702,0.7344860475632777,0.8477799468187505
20100705,0.7287084743784937,0.8477799468187505
20100706,0.7448312401876336,0.8477799468187505
20100707,0.7513858104961612,0.8477799468187505
20100708,0.7493446378116664,0.8477799468187505
20100709,0.7704097657696951,0.8477799468187504
20100712,0.7788788759990869,0.8570995870139946
20100713,0.7667121402180181,0.8437109786762912
20100714,0.7726497493822819,0.8502448859619561
20100715,0.758294815940791,0.8344483251571286
20100716,0.7610747720520994,0.8375074647850498
20100719,0.7798328386918847,0.8581493536147063
20100720,0.7982503933774572,0.8784165337902672
20100721,0.7999248104062273,0.8802591080185221
20100722,0.8102938413844012,0.8916694728942266
20100723,0.812720605841203,0.8943399507795551
20100726,0.8194814465419625,0.9017797645311546
20100727,0.8160357873068845,0.8979880670049019
20100728,0.8355935908374535,0.919510008150692
20100729,0.8403107308578723,0.9247008778583882
20100730,0.8381721419133863,0.9223475161771377
20100802,0.8526236991147961,0.9382504044062594
20100803,0.8376637041750062,0.9217880174039441
20100804,0.8427219490334017,0.9273542481912219
20100805,0.8381804442227924,0.9223566522651515
20100806,0.8528644693934915,0.9385153545965832
20100809,0.8602826066291542,0.9466784754065345
20100810,0.8331070998957011,0.9167738056101411
20100811,0.8395581069400754,0.9238726699444257
20100812,0.8293154107151381,0.9126013272814957
20100813,0.8419950120859019,0.9126013272814957
20100816,0.8615833643694063,0.9126013272814957
20100817,0.8677330485073403,0.9126013272814958
20100818,0.8666236108100507,0.9114345233700574
20100819,0.8707557696624292,0.915780345693761
20100820,0.853487581186444,0.897619262916011
20100823,0.8549735733069973,0.8991820919264765
20100824,0.8610182576191363,0.8991820919264765
20100825,0.8415439341653088,0.8991820919264765
20100826,0.8446616507826583,0.8991820919264765
20100827,0.848144645561114,0.8991820919264765
20100830,0.8666327109291281,0.8991820919264765
20100831,0.8659192842144448,0.8991820919264765
20100901,0.8587243672882794,0.8991820919264765
20100902,0.8717110453441892,0.8991820919264765
20100903,0.8733730789524042,0.8991820919264765
20100906,0.8847213615978711,0.8991820919264764
20100907,0.8878908020134062,0.9024033367011364
20100908,0.8894928215053309,0.9040315411286345
20100909,0.8744496233899339,0.8887424626257292
20100910,0.8781923365845058,0.8925463502968688
20100913,0.8889774285449905,0.8925463502968688
20100914,0.8903608623887008,0.8925463502968688
20100915,0.875240690345532,0.8773890641412477
20100916,0.8570866298781261,0.8773890641412477
20100917,0.8574759740700495,0.8773890641412477
20100920,0.8523787819930403,0.8773890641412477
20100921,0.8537042338084062,0.8773890641412477
20100927,0.8705331568344031,0.8773890641412477
20100928,0.8643011726374288,0.8773890641412477
20100929,0.8596849765559748,0.8773890641412477
20100930,0.8764763564376185,0.8773890641412477
20101008,0.9055681202765133,0.8773890641412477
20101011,0.925894245707089,0.8970826904624845
20101012,0.9353990384905441,0.9062917174350613
20101013,0.946706672584637,0.917247485723855
20101014,0.9400691005974438,0.9108164586772807
20101015,0.963160082540681,0.9331889059660534
20101018,0.9556687977932706,0.9259307316039315
20101019,0.9780328653319048,0.9475988842793176
20101020,0.983429796080135,0.9528278757956918
20101021,0.9806294954634833,0.9501147136576431
20101022,0.9837444796093747,0.9531327671462574
20101025,1.0121606199109803,0.9806646669420664
20101026,1.011336565727485,0.9798662553011644
20101027,0.9951843781859937,0.9642166841716775
20101028,0.994081071786393,0.9631477099578867
20101029,0.993088513247504,0.9621860374033412
20101101,1.0206606627054688,0.9889002092780087
20101102,1.0171549908366655,0.985503625309023
20101103,1.0040360930634895,0.972792955418991
20101104,1.0237396658364557,0.972792955418991
20101105,1.0367549691636084,0.972792955418991
20101108,1.048876956307884,0.972792955418991
20101109,1.0453933974567278,0.972792955418991
20101110,1.0408465162894378,0.972792955418991
20101111,1.0409213569225988,0.972792955418991
20101112,0.976689941653184,0.972792955418991
20101115,0.9890501436384498,0.972792955418991
20101116,0.9479005333040124,0.972792955418991
20101117,0.922769827914704,0.972792955418991
20101118,0.9362495194690976,0.972792955418991
20101119,0.9505435407575664,0.972792955418991
20101122,0.952588706711865,0.972792955418991
20101123,0.9340364467032478,0.972792955418991
20101124,0.9565135424541699,0.972792955418991
20101125,0.9693435817195079,0.972792955418991
20101126,0.9614682365699724,0.972792955418991
20101129,0.9614914568266009,0.972792955418991
20101130,0.9429122513472896,0.972792955418991
20101201,0.9429997708336868,0.972792955418991
20101202,0.948236485774858,0.972792955418991
20101203,0.9469589194122118,0.972792955418991
20101206,0.9442900863105038,0.972792955418991
20101207,0.9553148069303219,0.972792955418991
20101208,0.9483725465224457,0.972792955418991
20101209,0.9324559974208898,0.972792955418991
20101210,0.9446327892022122,0.972792955418991
20101213,0.9733063110188838,0.972792955418991
20101214,0.9784420362693184,0.9779259719093087
20101215,0.9730050255794791,0.9724918288880058
20101216,0.9686001328302697,0.9680892594324338
20101217,0.9680909065534449,0.9675803017392582
20101220,0.9545571347582888,0.9540536681260497
20101221,0.9729768103868427,0.9724636285770433
20101222,0.963102979387403,0.9625950053794832
20101223,0.9518996001876798,0.951397535231602
20101224,0.9423357167840964,0.9418386961527562
20101227,0.9213369161517054,0.9208509710181542
20101228,0.9033412473872175,0.9208509710181542
20101229,0.911190800692792,0.9208509710181542
20101230,0.9124902098565313,0.9208509710181542
20101231,0.9319534318313397,0.9208509710181542
20110104,0.9491124289089014,0.9208509710181542
20110105,0.9469414465633501,0.9208509710181542
20110106,0.9420490324071896,0.9160933544382974
20110107,0.9422228697559448,0.9162624021571203
20110110,0.9221313588489102,0.8967244598745117
20110111,0.9244449095030806,0.8989742667386259
20110112,0.9296906175471162,0.9040754431245144
20110113,0.9291057279614949,0.9035066686297317
20110114,0.913081270120608,0.8879237224862576
20110117,0.8771454169341955,0.8529779870121477
20110118,0.8787261392593807,0.8529779870121477
20110119,0.8988948753657204,0.8529779870121477
20110120,0.8685115494229394,0.8529779870121477
20110121,0.8784018393433685,0.8529779870121477
20110124,0.8665374853874201,0.8529779870121477
20110125,0.8602555894350741,0.8529779870121477
20110126,0.8731298937540786,0.8529779870121477
20110127,0.8875391012065735,0.8529779870121477
20110128,0.8920813194493575,0.8529779870121477
20110131,0.9039154438927735,0.864293376568816
20110201,0.9050834451276649,0.8654101798472216
20110209,0.8961167444840095,0.8568365239501484
20110210,0.9161899588601049,0.8760298526502202
20110211,0.9225292718601525,0.8820912893420659
20110214,0.948230374238225,0.9066658142115848
20110215,0.9477596053189286,0.9062156808925985
20110216,0.9586937694930177,0.916670558876852
20110217,0.9598948223306863,0.917818964980011
20110218,0.9501418887473005,0.9084935397367669
20110221,0.9653175471428808,0.9230039910461117
20110222,0.9380125177918119,0.8968958454506424
20110223,0.9439662359197462,0.9025885893667887
20110224,0.9499607152444153,0.9083203077606883
20110225,0.951663947376353,0.9099488807210675
20110228,0.9639553376599254,0.9217014924091295
20110301,0.9686692253459215,0.9262087523883926
20110302,0.9654427007762411,0.9231236587175712
20110303,0.9556606583411869,0.9137704005748378
20110304,0.9692786924210622,0.9267915041931548
20110307,0.9867483546735565,0.9434954044061
20110308,0.9887826230445668,0.945440503022466
20110309,0.9898767070555334,0.9464866291512729
20110310,0.9751977182865981,0.9324510765413057
20110311,0.967856090929965,0.9254312607604758
20110314,0.9737908315655875,0.9311058590403021
20110315,0.9579757890508608,0.9311058590403021
20110316,0.9710502427187516,0.9311058590403021
20110317,0.95508262157662,0.9311058590403021
20110318,0.9602765569930409,0.9311058590403021
20110321,0.9563237879549965,0.9311058590403021
20110322,0.9597462140688068,0.9311058590403021
20110323,0.9724035244958895,0.9311058590403021
20110324,0.9701577570561642,0.9311058590403021
20110325,0.9817186314681768,0.9311058590403021
20110328,0.9802080971020243,0.9311058590403021
20110329,0.9686110811994809,0.9311058590403021
20110330,0.9658151874537162,0.9311058590403021
20110331,0.9554111627828631,0.9311058590403021
20110401,0.9694455140200152,0.9311058590403021
20110406,0.9774015858423228,0.9311058590403021
20110407,0.9819218289102429,0.9311058590403021
20110408,0.9912126148077216,0.9399158324307827
20110411,0.9847500164233812,0.9337876834854009
20110412,0.9836691194599766,0.9327627246078068
20110413,0.9960833797067586,0.9445345277301168
20110414,0.9913309705050691,0.9400280630381554
20110415,0.993081573948224,0.9416880700517348
20110418,0.9940214866008775,0.9425793407742148
20110419,0.9769898030998823,0.9264290731763383
20110420,0.9788191901170207,0.928163786592375
20110421,0.9853279384061481,0.928163786592375
20110422,0.9803618892731992,0.928163786592375
20110425,0.9637828303992244,0.928163786592375
20110426,0.9554365916362024,0.928163786592375
20110427,0.947857015964407,0.928163786592375
20110428,0.9294196456986606,0.928163786592375
20110429,0.94028983392507,0.928163786592375
20110503,0.9485511685411842,0.928163786592375
20110504,0.9253118068520708,0.928163786592375
20110505,0.9253063490419394,0.928163786592375
20110506,0.9254345001710713,0.928163786592375
20110509,0.9292820320973855,0.928163786592375
20110510,0.9358378803305359,0.928163786592375
20110511,0.9346147415993039,0.928163786592375
20110512,0.9218112882277683,0.928163786592375
20110513,0.9295353943294259,0.928163786592375
20110516,0.9234325963324617,0.928163786592375
20110517,0.9254403707553662,0.928163786592375
20110518,0.9321492794368905,0.928163786592375
20110519,0.9267302883969305,0.928163786592375
20110520,0.9260781925707308,0.928163786592375
20110523,0.8952826221352712,0.928163786592375
20110524,0.8955994937884417,0.928163786592375
20110525,0.8850792033925402,0.928163786592375
20110526,0.8801370363826544,0.928163786592375
20110527,0.8695053493074533,0.928163786592375
20110530,0.8633088656058597,0.928163786592375
20110531,0.8785824681638009,0.928163786592375
20110601,0.8815223051492469,0.928163786592375
20110602,0.8678830356207352,0.928163786592375
20110603,0.8784187455212101,0.928163786592375
20110607,0.8843990952414607,0.928163786592375
20110608,0.8861449058152494,0.9299959890013998
20110609,0.8683908739125662,0.9113633947724592
20110610,0.8711932819872142,0.9143044806511509
20110613,0.868657761266429,0.9116434891080231
20110614,0.8817153226209863,0.9253472068704199
20110615,0.8729942377546778,0.9161945571263626
20110616,0.8581216216186609,0.9005859661818282
20110617,0.8492902705639807,0.8913175937018669
20110620,0.8425465387903,0.8913175937018669
20110621,0.8530047335462497,0.8913175937018669
20110622,0.8520142618892974,0.8913175937018669
20110623,0.8668260729593612,0.8913175937018669
20110624,0.8874039918946607,0.9124769263072938
20110627,0.8923637008878335,0.917576768159263
20110628,0.8938158845895929,0.9190699822226638
20110629,0.8815733753983956,0.9064815701137418
20110630,0.8945606428450379,0.9198357830641942
20110701,0.8970664433265815,0.9224123830594866
20110704,0.9185875745449472,0.9445415777038142
20110705,0.9202052323255223,0.9462049411920544
20110706,0.9188590340598,0.9448207071037179
20110707,0.9162534690969015,0.9421415238564538
20110708,0.9176399413105393,0.9435671698029066
20110711,0.920664002467478,0.9466766735403839
20110712,0.9049374233344495,0.9305057517057909
20110713,0.920439300513649,0.9464456228013316
20110714,0.9245536301306919,0.9506761997167665
20110715,0.9289166239243525,0.9551624666286803
20110718,0.9274977156889903,0.9537034682050299
20110719,0.9189028284960838,0.9448657389189618
20110720,0.9183883486423213,0.9443367228226899
20110721,0.9080537015322745,0.9337100780075
20110722,0.9108086262558164,0.9337100780075
20110725,0.8796341044483555,0.9337100780075
20110726,0.882682532469889,0.9337100780075
20110727,0.8914118542059882,0.9337100780075
20110728,0.8857660478572801,0.9337100780075
20110729,0.8811668041822199,0.9337100780075
20110801,0.8832029910590432,0.9337100780075
20110802,0.8768469516102425,0.9337100780075
20110803,0.8772346674740031,0.9337100780075
20110804,0.8796349685386977,0.9337100780075
20110805,0.8613617967207285,0.9337100780075
20110808,0.8272866120477964,0.9337100780075
20110809,0.8275276540946814,0.9337100780075
20110810,0.8362775300040312,0.9337100780075
20110811,0.8494161357403852,0.9337100780075
20110812,0.8538441750125829,0.9337100780075
20110815,0.8664231572362405,0.9337100780075
20110816,0.860055862829917,0.9337100780075
20110817,0.8565277206518743,0.9337100780075
20110818,0.8413391572172036,0.9337100780075
20110819,0.8334663504088881,0.9337100780075
20110822,0.8253820227269026,0.9337100780075
20110823,0.8383712132441058,0.9337100780075
20110824,0.8356194088059397,0.9337100780075
20110825,0.8607097173766323,0.9337100780075
20110826,0.860648550536217,0.9336437233536805
20110829,0.8480626228998943,0.9199903309986767
20110830,0.8437061215099985,0.9152643366587994
20110831,0.8437286097512703,0.9152887322210758
20110901,0.8392662604052203,0.9104479125209145
20110902,0.8300483574406365,0.900448200977794
20110905,0.8115691680248486,0.8804017148715141
20110906,0.8054206447538794,0.8804017148715141
20110907,0.822685435910177,0.8804017148715141
20110908,0.8153406881056152,0.8804017148715141
20110909,0.8129112228252475,0.8804017148715141
20110913,0.8026888373660426,0.8804017148715141
20110914,0.8078888955853829,0.8804017148715141
20110915,0.8071684360007911,0.8804017148715141
20110916,0.8082030778273411,0.8804017148715141
20110919,0.792093415138595,0.8804017148715141
20110920,0.7953977949972443,0.8804017148715141
20110921,0.819289748606068,0.8804017148715141
20110922,0.7944768252939739,0.8537379609650232
20110923,0.7892211281046471,0.8480902339841824
20110926,0.7731130697943351,0.8480902339841824
20110927,0.7798282707619479,0.8480902339841824
20110928,0.7704261601682537,0.8480902339841824
20110929,0.7590514193886092,0.8480902339841824
20110930,0.756839135791431,0.8480902339841824
20111010,0.7503227818273572,0.8480902339841824
20111011,0.7484700185707357,0.8480902339841824
20111012,0.7753657208471214,0.8480902339841824
20111013,0.7818273217753637,0.8480902339841823
20111014,0.7790598898016204,0.84508825136631
20111017,0.7825242502470802,0.8488462298597244
20111018,0.760180819983275,0.8246091068113637
20111019,0.7570342311545748,0.8211958323175476
20111020,0.7376702958457024,0.8001907280322887
20111021,0.7314420753150959,0.7934346415410765
20111024,0.7497040833515743,0.7934346415410765
20111025,0.7656727523842,0.7934346415410765
20111026,0.7734674723872784,0.8015119837898343
20111027,0.7749628940349559,0.80306162668268
20111028,0.7907110352724361,0.8193807666269842
20111031,0.7887535855275953,0.8173523433458941
20111101,0.789256386117931,0.8178733745631046
20111102,0.802698937490567,0.8318033281843261
20111103,0.8043607817489302,0.8335254278663714
20111104,0.8102793130613705,0.8396585542649706
20111107,0.8034574325367246,0.8325893248691825
20111108,0.7987083236276252,0.827668021984631
20111109,0.8073675904720146,0.8366412579569084
20111110,0.7929130191067032,0.8216625903549157
20111111,0.7917951658755404,0.820504205816611
20111114,0.8087219717086002,0.8380447465721348
20111115,0.8091818842654255,0.8385213347144301
20111116,0.7876743928774407,0.816234021150331
20111117,0.7854610386336999,0.8139404147427404
20111118,0.7675007009686119,0.8139404147427404
20111121,0.7683602449150775,0.8139404147427404
20111122,0.7678691801248303,0.8139404147427404
20111123,0.7615483755261003,0.8139404147427404
20111124,0.7622366591007016,0.8139404147427404
20111125,0.7568994063258514,0.8139404147427404
20111128,0.7578211378308218,0.8139404147427404
20111129,0.7687845164749615,0.8139404147427404
20111130,0.7417210578840242,0.8139404147427404
20111201,0.7591241430428942,0.8139404147427404
20111202,0.7493608936298184,0.8139404147427404
20111205,0.7352437336121034,0.8139404147427404
20111206,0.7341175743278969,0.8139404147427404
20111207,0.7372203505585169,0.8139404147427404
20111208,0.7364099954194095,0.8139404147427404
20111209,0.7298863555158227,0.8139404147427404
20111212,0.721861905830193,0.8139404147427404
20111213,0.7033793567890533,0.8139404147427404
20111214,0.6946780102310387,0.8139404147427404
20111215,0.6775942020945751,0.8139404147427404
20111216,0.6932536274221744,0.8139404147427404
20111219,0.6923855883224894,0.8139404147427404
20111220,0.6902587576928183,0.8139404147427404
20111221,0.677851979694459,0.8139404147427404
20111222,0.676133188174916,0.8139404147427404
20111223,0.6814541098990388,0.8139404147427404
20111226,0.6753658352289901,0.8139404147427404
20111227,0.6644546810476833,0.8139404147427404
20111228,0.6642362800845454,0.8139404147427404
20111229,0.6649678762254775,0.8139404147427404
20111230,0.6754524176108923,0.8139404147427403
20120104,0.6614582976955825,0.7970770806708671
20120105,0.6506449280354548,0.7840466460222475
20120106,0.654399636637177,0.7885711824615921
20120109,0.6776898287695998,0.8166365622713995
20120110,0.7015149992208538,0.8453466069952034
20120111,0.6990201856776064,0.8423402818756944
20120112,0.6988830947767759,0.8421750832299126
20120113,0.684326953931951,0.8246344970873729
20120116,0.6685237555523008,0.8055911692258918
20120117,0.7023330504251755,0.846332383223352
20120118,0.6905861556498012,0.832177022821762
20120119,0.702291639881842,0.8462824822770576
20120120,0.7123270050132988,0.8583753981423736
20120130,0.7017089851329674,0.8455803658354166
20120131,0.7025792817012404,0.8466290992935555
20120201,0.6934701670610637,0.8356523430412213
20120202,0.7090494072001194,0.8544257945080346
20120203,0.7161324101732723,0.8629610254544035
20120206,0.7172210527230077,0.8642728723666883
20120207,0.7043195183452253,0.8487261366256086
20120208,0.724085038300527,0.8725441807847042
20120209,0.7255219763078811,0.8742757341660694
20120210,0.7273990949019559,0.8765377183519972
20120213,0.7286304670458181,0.8780215587045463
20120214,0.7267140098060894,0.875712170271148
20120215,0.7353924603251147,0.8861699633452548
20120216,0.7323925192944779,0.8825549444586291
20120217,0.732007546792256,0.882091041051145
20120220,0.7332509855221028,0.8835894220015879
20120221,0.7401886464034348,0.8919495113696428
20120222,0.7513697057106971,0.905423023067189
20120223,0.7538740676414999,0.9084408542799834
20120224,0.7657782848529117,0.9227857929338649
20120227,0.7680127228699295,0.9254783577376468
20120228,0.7683452488996221,0.9258790615732745
20120229,0.759683690772651,0.9154416243380635
20120301,0.7604858658587994,0.9164082693678132
20120302,0.7745881537622221,0.9334019491084722
20120305,0.7710262546245025,0.9291097538540947
20120306,0.7600473072583889,0.9158797931053848
20120307,0.7547082765003342,0.9094461009662612
20120308,0.7648167941633004,0.9094461009662612
20120309,0.7738512800413193,0.9094461009662612
20120312,0.7728455235834137,0.9094461009662612
20120313,0.7806072154983867,0.9094461009662612
20120314,0.7552169721390576,0.9094461009662612
20120315,0.7486723604118543,0.9094461009662612
20120316,0.7618464055399026,0.9094461009662612
20120319,0.7654214663600099,0.9094461009662612
20120320,0.7512959800807302,0.9094461009662612
20120321,0.7527110397008969,0.9094461009662612
20120322,0.7509362811752907,0.9094461009662612
20120323,0.7405877270810006,0.9094461009662612
20120326,0.7409333796305344,0.9094461009662612
20120327,0.7384462406285716,0.9094461009662612
20120328,0.7145187506734939,0.9094461009662612
20120329,0.7043592720494735,0.9094461009662612
20120330,0.706474974471348,0.9094461009662612
20120405,0.7248524503562905,0.9094461009662612
20120406,0.7275009053204525,0.9094461009662612
20120409,0.7200522635178565,0.9094461009662612
20120410,0.7274809762315434,0.9094461009662612
20120411,0.7281539206364631,0.9094461009662612
20120412,0.7428418230388296,0.9094461009662612
20120413,0.7467575553235002,0.9094461009662612
20120416,0.7458804254602511,0.9083778796560297
20120417,0.7361593908335484,0.8965390211462113
20120418,0.7529365781537738,0.9169712852522635
20120419,0.7516234266646694,0.9153720506770917
20120420,0.7599134095121669,0.9254680885731766
20120423,0.753125962462779,0.9172019288127887
20120424,0.7515995734660889,0.9153430008224368
20120425,0.7588335597853668,0.9241529828649493
20120426,0.7590761590632973,0.9244484348035849
20120427,0.756130621235664,0.9208611823231875
20120502,0.771305514211017,0.9393420763571776
20120503,0.7738304167537865,0.942417053980734
20120504,0.7803453453191276,0.9503513244003436
20120507,0.7820872999505768,0.9524727811386625
20120508,0.7801402084272352,0.9501014964003911
20120509,0.7655791590499125,0.9323681778851917
20120510,0.7661942020309631,0.9331172140844984
20120511,0.7609764825267464,0.9267627625959027
20120514,0.756047944094463,0.9207604931461336
20120515,0.7562308891160343,0.9207604931461336
20120516,0.744630376443194,0.9207604931461336
20120517,0.7558890222388754,0.9207604931461336
20120518,0.7442484778725181,0.9207604931461336
20120521,0.7470125041979555,0.9207604931461336
20120522,0.758671423855112,0.9207604931461336
20120523,0.7562377569225119,0.9207604931461336
20120524,0.7499772661291876,0.9207604931461336
20120525,0.743006733074397,0.9207604931461336
20120528,0.7546663930080973,0.9207604931461336
20120529,0.765461350210634,0.9207604931461336
20120530,0.7639124807100165,0.9207604931461336
20120531,0.7617512217117525,0.9207604931461336
20120601,0.7614930809245082,0.9204484676031617
20120604,0.7392169974831059,0.8935224358617496
20120605,0.7389603892753517,0.8935224358617496
20120606,0.7377637366625206,0.8935224358617496
20120607,0.7334884216690328,0.8935224358617496
20120608,0.7287416736285762,0.8935224358617496
20120611,0.7394494268994892,0.8935224358617496
20120612,0.7344036710500323,0.8935224358617496
20120613,0.7465478100546605,0.8935224358617496
20120614,0.7410262731700206,0.8935224358617496
20120615,0.7424958266007159,0.8935224358617496
20120618,0.7471504691906393,0.8935224358617496
20120619,0.7408806902442548,0.8935224358617496
20120620,0.7384675215521066,0.8935224358617496
20120621,0.7273863530224183,0.8935224358617496
20120625,0.7103498612424881,0.8935224358617496
20120626,0.709837405381038,0.8935224358617496
20120627,0.7074688186708827,0.8935224358617496
20120628,0.7003474259666135,0.8935224358617496
20120629,0.7103218901105656,0.8935224358617496
20120702,0.7130275269848275,0.8935224358617496
20120703,0.7140950857536204,0.8935224358617496
20120704,0.7123609889679919,0.8935224358617496
20120705,0.7008504070024807,0.8935224358617496
20120706,0.7134714397426348,0.8935224358617496
20120709,0.6967437721052355,0.8935224358617496
20120710,0.6930507810214411,0.8935224358617496
20120711,0.6990784606120228,0.8935224358617496
20120712,0.7065278447784625,0.8935224358617496
20120713,0.706081582530979,0.8935224358617496
20120716,0.6887882488626489,0.8716383051808331
20120717,0.6930971847552004,0.8770911182692072
20120718,0.6940450015843409,0.8782905485091075
20120719,0.698202181989098,0.8835513201443913
20120720,0.6914171663451161,0.874965111616137
20120723,0.6826058549129184,0.8638146940881619
20120724,0.6860628298578856,0.8638146940881619
20120725,0.6811401226454352,0.8638146940881619
20120726,0.6769036486333492,0.8638146940881619
20120727,0.6763189700166591,0.8638146940881619
20120730,0.6701134796768061,0.8638146940881619
20120731,0.6665814105296222,0.8638146940881619
20120801,0.6750301455001989,0.8638146940881619
20120802,0.6688240038359498,0.8638146940881619
20120803,0.6761205063967551,0.863814694088162
20120806,0.6869270691023447,0.8776212087099734
20120807,0.6891760928061966,0.8804945718225542
20120808,0.6887861502622539,0.8799963794202812
20120809,0.6959805494637666,0.8891879771999764
20120810,0.6929079629507487,0.8852624264236116
20120813,0.6785933253157137,0.8669739790052832
20120814,0.6812650912444204,0.8703874395445595
20120815,0.6737859295874166,0.8608320279313086
20120816,0.6699779035965113,0.8559668762678221
20120817,0.6686179822611539,0.8542294344639251
20120820,0.6661937826687582,0.8542294344639251
20120821,0.6710947519024211,0.8542294344639251
20120822,0.6656592841890587,0.8542294344639251
20120823,0.6681864025448345,0.8542294344639251
20120824,0.6592938659451943,0.8542294344639251
20120827,0.6448732678361315,0.8542294344639251
20120828,0.6479257355527652,0.8542294344639251
20120829,0.6417015935533006,0.8542294344639251
20120830,0.6384549721698205,0.8542294344639251
20120831,0.6375281126351959,0.8542294344639251
20120903,0.6456787914997945,0.8542294344639251
20120904,0.638677414390282,0.8542294344639251
20120905,0.6385274800551068,0.8542294344639251
20120906,0.6442380088229184,0.8542294344639251
20120907,0.6717294975182896,0.8542294344639251
20120910,0.6752349879459368,0.8586873198427732
20120911,0.6713314630846701,0.8537232593884161
20120912,0.674406922451126,0.8576342800076243
20120913,0.6673549915690183,0.8486664336475089
20120914,0.6715134546710662,0.8539546956592642
20120917,0.6541100537448709,0.831823023035303
20120918,0.6483135514060198,0.8244516883937857
20120919,0.6522810915818753,0.8294971562691066
20120920,0.636618593350181,0.8095793663608435
20120921,0.6363950520896526,0.8095793663608435
20120924,0.641148047794996,0.8095793663608435
20120925,0.638840819929356,0.8095793663608435
20120926,0.6297195273456416,0.8095793663608435
20120927,0.6477383154377768,0.8095793663608435
20120928,0.6596856424671379,0.8095793663608435
20121008,0.6538334077565267,0.8023973873032235
20121009,0.6688555523576246,0.8208328625123776
20121010,0.6712712087429349,0.8237974041665678
20121011,0.6641241246879296,0.8150263601903195
20121012,0.6641746789088745,0.8150884013376853
20121015,0.6612020588113223,0.8114403427169042
20121016,0.6624175012718059,0.8129319579252121
20121017,0.6633637586256813,0.8140932238064882
20121018,0.673746101228434,0.8268346415433406
20121019,0.6724866393705117,0.8252890048532967
20121022,0.6751208388639534,0.8285217469648166
20121023,0.6667128065560436,0.8182032421649821
20121024,0.6657123372703379,0.8169754463206523
20121025,0.6605184377220208,0.8106013892932131
20121026,0.6479286375836683,0.7951509356794302
20121029,0.6450763940302321,0.7951509356794302
20121030,0.6460372839499755,0.7951509356794302
20121031,0.6496607457526402,0.7951509356794302
20121101,0.6620428681478653,0.7951509356794302
20121102,0.665039950116961,0.7951509356794302
20121105,0.6632604595690726,0.7951509356794302
20121106,0.6600455162698711,0.7951509356794303
20121107,0.6588094848602306,0.7936618996846718
20121108,0.6456591435680217,0.7778198010335108
20121109,0.6440500247394385,0.7778198010335108
20121112,0.6473901217382122,0.7778198010335108
20121113,0.6355928230466266,0.7778198010335108
20121114,0.6383706879537011,0.7778198010335108
20121115,0.6292249477896975,0.7778198010335108
20121116,0.6247649302248898,0.7778198010335108
20121119,0.6246162402986091,0.7778198010335108
20121120,0.621810925091895,0.7778198010335108
20121121,0.6299025405693072,0.7778198010335108
20121122,0.6241130181233873,0.7778198010335108
20121123,0.6279249160993935,0.7778198010335108
20121126,0.6224466718382129,0.7778198010335108
20121127,0.6117164102577722,0.7778198010335108
20121128,0.603861230146658,0.7778198010335108
20121129,0.5996031540830126,0.7778198010335108
20121130,0.6069424774349305,0.7778198010335108
20121203,0.5968589954213482,0.7778198010335108
20121204,0.6034950230532113,0.7778198010335108
20121205,0.6252722878090065,0.7778198010335107
20121206,0.6242430038829382,0.7765394029826284
20121207,0.6369285213314597,0.7923198027383745
20121210,0.6448113021488167,0.802125743488495
20121211,0.6410641017631069,0.7974643396244944
20121212,0.6431232151023693,0.8000258142957334
20121213,0.6356653450704455,0.7907484497019955
20121214,0.6664789199058776,0.8290796041684926
20121217,0.6701128623027646,0.8336001185223564
20121218,0.6701541813345738,0.8336515181473316
20121219,0.6714230285141836,0.8352299256348028
20121220,0.6748940026913026,0.8395477124558043
20121221,0.6717059596064445,0.8355818833501523
20121224,0.6745376490818319,0.8391044193513116
20121225,0.6927381250218987,0.8617452605503098
20121226,0.6967140471939801,0.8666911873938766
20121227,0.6924149258754655,0.8613432105943557
20121228,0.7019201576545369,0.8731674312344252
20121231,0.7132959366039564,0.8873185559389019
20130104,0.7127427332964119,0.886630387768019
20130107,0.7167523073148672,0.8916181764899407
20130108,0.7163195898913383,0.891079889112049
20130109,0.7168789456069821,0.8917757106923938
20130110,0.7188969957017515,0.8942861039303374
20130111,0.7043418384312093,0.8761799288240407
20130114,0.7306019166701161,0.908846671344301
20130115,0.7378083142354132,0.9178112118008259
20130116,0.7336906620773955,0.9126889771444696
20130117,0.7262670636638608,0.903454245406715
20130118,0.7383864747519019,0.9185304259842603
20130121,0.7430659382162045,0.924351536901396
20130122,0.7372560516994746,0.9171242139213466
20130123,0.7398708752115567,0.9171242139213466
20130124,0.7309158833916831,0.9171242139213466
20130125,0.7282066837443816,0.9171242139213466
20130128,0.7499642646914708,0.9171242139213466
20130129,0.7568203262499145,0.9171242139213466
20130130,0.760513634780492,0.9171242139213467
20130131,0.7590765567904532,0.9153912022280869
20130201,0.7728001698092407,0.9319408828996886
20130204,0.7726748915352104,0.9317898063991015
20130205,0.7796275370916983,0.940174192028832
20130206,0.7817011185363151,0.9426747806644913
20130207,0.778852894986115,0.9392400299051529
20130208,0.7839452560597343,0.9453810475451518
20130218,0.7773885391208754,0.9374741230753606
20130219,0.7627675289755841,0.9198422466395008
20130220,0.7701285280396457,0.9198422466395008
20130221,0.7462832230875323,0.9198422466395008
20130222,0.7426378914920451,0.9198422466395008
20130225,0.7463899556855745,0.9198422466395008
20130226,0.7355341799642491,0.9198422466395008
20130227,0.7415857770724914,0.9198422466395008
20130228,0.7623431995887691,0.9198422466395008
20130301,0.7633330005342742,0.9198422466395008
20130304,0.7300124716128268,0.9198422466395008
20130305,0.7507673323151772,0.9198422466395008
20130306,0.7595104183740892,0.9198422466395008
20130307,0.7506044792282099,0.9198422466395008
20130308,0.7459207335307398,0.9198422466395008
20130311,0.7427667554528763,0.9198422466395008
20130312,0.7302954112918738,0.9198422466395008
20130313,0.7225711978829197,0.9198422466395008
20130314,0.7248127800206116,0.9198422466395008
20130315,0.7263447506543962,0.9198422466395008
20130318,0.7159932139320521,0.9198422466395008
20130319,0.7214708185906913,0.9198422466395008
20130320,0.7444870817354817,0.9198422466395008
20130321,0.7473670800125551,0.9198422466395008
20130322,0.748820930258791,0.9198422466395008
20130325,0.7471142896353241,0.91774583068495
20130326,0.7375712444762305,0.90602327360326
20130327,0.7398357220795605,0.9088049295131609
20130328,0.7163263144619649,0.8799262678114116
20130329,0.7153146851417252,0.8799262678114116
20130401,0.7160594755887145,0.8799262678114116
20130402,0.7124779519144404,0.8799262678114116
20130403,0.7103114482911271,0.8799262678114116
20130408,0.708530311612884,0.8799262678114116
20130409,0.7139068997742694,0.8799262678114116
20130410,0.7126503993957545,0.8799262678114116
20130411,0.710327678072765,0.8799262678114116
20130412,0.7054624187990786,0.8799262678114116
20130415,0.6975799070734868,0.8799262678114116
20130416,0.7043375705919687,0.8799262678114116
20130417,0.7055304810469338,0.8799262678114116
20130418,0.7074411770814776,0.8799262678114116
20130419,0.726072999874161,0.8799262678114116
20130422,0.7261830916754274,0.8800596878226525
20130423,0.7037381069024322,0.852858660259572
20130424,0.717166943654226,0.8691330379131998
20130425,0.7084867706732904,0.8586135554143384
20130426,0.7008561791911697,0.849366058419932
20130502,0.7021285232680363,0.8509080094016146
20130503,0.7147950003544086,0.8662584850574535
20130506,0.7252565574605349,0.878936823050307
20130507,0.7264607825272835,0.8803962207538062
20130508,0.7308581859268926,0.8857254242390615
20130509,0.7276635181275598,0.8818538133761712
20130510,0.7315696923367895,0.8865876972885938
20130513,0.7300195864077347,0.8847091273306117
20130514,0.7197884433171998,0.8723100275752714
20130515,0.7251014557127307,0.878748855584088
20130516,0.7370114223278548,0.8931825178676613
20130517,0.748344399266089,0.9069169276338717
20130520,0.7544550390921793,0.9143223985672947
20130521,0.7580159475633002,0.9186378556928929
20130522,0.7571763977624449,0.9176204071401491
20130523,0.7479186745825016,0.9064009928284056
20130524,0.7538981964245152,0.9136475621659952
20130527,0.7562911689481133,0.9165476002916794
20130528,0.7664415382996933,0.928848810530858
20130529,0.7674427011165379,0.9300621175413794
20130530,0.7660670328752056,0.9283949482325743
20130531,0.7587837427365204,0.9195683449705997
20130603,0.7566347630224384,0.9169640011928496
20130604,0.744871839971638,0.9027085406807007
20130605,0.7445019901248792,0.9027085406807007
20130606,0.7340832775144963,0.9027085406807007
20130607,0.7209604698569234,0.9027085406807007
20130613,0.6975642393977075,0.9027085406807007
20130614,0.7046749464332263,0.9027085406807007
20130617,0.7022533767615847,0.9027085406807007
20130618,0.7061161765345032,0.9027085406807007
20130619,0.7010750608677688,0.9027085406807007
20130620,0.6779156151356499,0.9027085406807007
20130621,0.6761098242152306,0.9027085406807007
20130624,0.6336455028284643,0.9027085406807007
20130625,0.6316951796700294,0.9027085406807007
20130626,0.63559525374229,0.9027085406807007
20130627,0.6313527625499028,0.9027085406807007
20130628,0.6402096179166005,0.9027085406807007
20130701,0.6463294936765094,0.9027085406807007
20130702,0.6508800665080212,0.9027085406807007
20130703,0.6471447610725379,0.9027085406807007
20130704,0.6524009287447051,0.9027085406807007
20130705,0.6525393034654521,0.9027085406807007
20130708,0.6322837606032683,0.9027085406807007
20130709,0.6330177916722128,0.9027085406807007
20130710,0.6514192139575342,0.9027085406807007
20130711,0.6785175653680628,0.9402602627246959
20130712,0.6657637868210091,0.922586628644375
20130715,0.6760863483261893,0.9368911874181595
20130716,0.6804836176572685,0.9429847328583116
20130717,0.6703053834189184,0.9288801765616251
20130718,0.6618889326641033,0.9172170235323603
20130719,0.6456241630111604,0.8946780100010938
20130722,0.6514507896632626,0.9027522969264921
20130723,0.6694785624361791,0.9277344038445473
20130724,0.666852845819998,0.9240957994496386
20130725,0.6610172763481118,0.916009119951802
20130726,0.6578156214025374,0.911572405157769
20130729,0.6439869828367976,0.8924092766042818
20130730,0.6461737202702982,0.8954395626553406
20130731,0.6479166158718612,0.8978547919137585
20130801,0.6637917196764814,0.9198538233846932
20130802,0.6648097718177663,0.9212645959611007
20130805,0.674486150697661,0.9346737028320452
20130806,0.6797179823608875,0.9419237486160895
20130807,0.6751626612805152,0.9356111819053031
20130808,0.6747802947436594,0.9350813149147469
20130809,0.6774257809012587,0.9387473150841449
20130812,0.6948578465751916,0.9629039168981527
20130813,0.6971708385619496,0.9661091610423769
20130814,0.6942710871476958,0.9620908110898246
20130815,0.6858121572159741,0.9503687922565229
20130816,0.6782341606090805,0.9398675326809369
20130819,0.6868740423342051,0.9518403066744433
20130820,0.6822543644056205,0.9454385570300133
20130821,0.6827573231266784,0.946135535447875
20130822,0.6821681296422576,0.9453190566288534
20130823,0.6780222350047569,0.9395738553547041
20130826,0.6923728224674854,0.9594602780895958
20130827,0.6949104819760408,0.9629768567575714
20130828,0.6907209644237288,0.95717120473692
20130829,0.6884416131323323,0.954012578411708
20130830,0.6856711796936246,0.9501734317102846
20130902,0.6883340133091435,0.9538634712357341
20130903,0.6984902796728836,0.953863471235734
20130904,0.6981567875887899,0.9534080519890807
20130905,0.6965408869626262,0.9512013661907238
20130906,0.7015260383936477,0.9580091257072298
20130909,0.721589936455988,0.9854085326985864
20130910,0.7310000170007157,0.9982590080082864
20130911,0.7309662090296953,0.9982128395940201
20130912,0.7368744041763596,1.0062811144080583
20130913,0.7330295674540108,1.0010305770576577
20130916,0.7309315568354853,0.9981655183023471
20130917,0.7164235168837992,0.9783532320732203
20130918,0.7192966565204217,0.9822768127255055
20130923,0.7317823807749407,0.9993274097415229
20130924,0.7257352357820082,0.9910693839938693
20130925,0.7217762527780871,0.9856629676405136
20130926,0.7080544389962696,0.9856629676405136
20130927,0.7110648301701067,0.9856629676405136
20130930,0.7165801998367755,0.9856629676405136
20131008,0.7269299697599744,0.9856629676405136
20131009,0.7315949655704268,0.9856629676405136
20131010,0.7252248409613735,0.9856629676405136
20131011,0.7370842639274647,0.9856629676405136
20131014,0.7399736790379223,0.9856629676405136
20131015,0.7391456630316425,0.9856629676405136
20131016,0.7236326380554882,0.9856629676405136
20131017,0.7215594650679856,0.9856629676405136
20131018,0.725009372314237,0.9856629676405136
20131021,0.7397114328276537,0.9856629676405136
20131022,0.7320621900715065,0.9856629676405136
20131023,0.72107918445809,0.9856629676405136
20131024,0.7158633773050603,0.9856629676405136
20131025,0.7051420534481739,0.9856629676405136
20131028,0.7039307905825057,0.9856629676405136
20131029,0.700181461126543,0.9856629676405136
20131030,0.7108867020412492,0.9856629676405136
20131031,0.7010187726080027,0.9856629676405136
20131101,0.7029291715572397,0.9856629676405136
20131104,0.7031822596816572,0.9856629676405136
20131105,0.7062893319259015,0.9856629676405136
20131106,0.6977019057566859,0.9856629676405136
20131107,0.6923160498155326,0.9856629676405136
20131108,0.6824834619327229,0.9856629676405136
20131111,0.684992257679856,0.9856629676405136
20131112,0.6919601415997277,0.9856629676405136
20131113,0.6772337431887546,0.9856629676405136
20131114,0.6831543032161477,0.9856629676405136
20131115,0.6970090665413935,0.9856629676405136
20131118,0.7185908717315345,0.9856629676405135
20131119,0.7155166219891721,0.9814461396184384
20131120,0.7201477591063937,0.9877984891041917
20131121,0.7162421648934312,0.9824413384169415
20131122,0.712498924416565,0.9773068819937344
20131125,0.7102925219547634,0.9742804461122594
20131126,0.7103148692272874,0.9743110989911382
20131127,0.7183851239948511,0.9853807515246367
20131128,0.7254715749151959,0.9951009588344721
20131129,0.7264868890294894,0.9964936254579299
20131202,0.7135514284181074,0.9787505605296362
20131203,0.7231295790344762,0.9918885347684252
20131204,0.7337633485187517,1.0064744600833684
20131205,0.7320278782943409,1.0040939835160518
20131206,0.7280490605401456,0.9986363949638193
20131209,0.7291348141203485,1.0001256806451282
20131210,0.7298015389709573,1.0010402010220254
20131211,0.7187780073862235,0.9859196542921373
20131212,0.7186630383268596,0.9857619557341716
20131213,0.7183274023549777,0.9857619557341716
20131216,0.7065501908266012,0.9857619557341716
20131217,0.7028691572953595,0.9857619557341716
20131218,0.7030527519016052,0.9857619557341716
20131219,0.6957090905233037,0.9857619557341716
20131220,0.681415029542183,0.9857619557341716
20131223,0.6826409958268805,0.9857619557341716
20131224,0.6846677636360159,0.9857619557341716
20131225,0.6902726016922877,0.9857619557341716
20131226,0.678374736773762,0.9857619557341716
20131227,0.6895380584134446,0.9857619557341716
20131230,0.689218827837041,0.9857619557341716
20131231,0.6967438929638002,0.9857619557341716
20140102,0.695840974920692,0.9857619557341716
20140103,0.6874353647486823,0.9857619557341716
20140106,0.6709078298442592,0.9857619557341716
20140107,0.6718351096927034,0.9857619557341716
20140108,0.6729100951252648,0.9857619557341716
20140109,0.6665544390094348,0.9857619557341716
20140110,0.659525946791282,0.9857619557341716
20140113,0.6562623273932386,0.9857619557341716
20140114,0.6638726750232582,0.9857619557341716
20140115,0.6641612155073275,0.9857619557341716
20140116,0.6650898423099442,0.9857619557341716
20140117,0.6556955562934964,0.9857619557341716
20140120,0.6516128258880621,0.9857619557341716
20140121,0.6589901772140182,0.9857619557341716
20140122,0.6761395863485611,0.9857619557341716
20140123,0.6747418905063637,0.9837242176476224
20140124,0.6804855056966501,0.9920979875869593
20140127,0.6738513956959986,0.9824259414875515
20140128,0.6743348912037346,0.9831308424975166
20140129,0.6777172808846476,0.988062118722472
20140130,0.671014208439459,0.9782895304338897
20140207,0.6766349445161445,0.986484151632659
20140210,0.6943359900283399,1.0122909784993914
20140211,0.6985956934848444,1.0185013139018904
20140212,0.701970493018432,1.0234215242484046
20140213,0.6965020564409673,1.0154489445559165
20140214,0.7033305582492214,1.025404399661852
20140217,0.7105861599480138,1.0359825351016878
20140218,0.7038714126465705,1.0261929257284552
20140219,0.7096881846526882,1.0346733529428656
20140220,0.702206047888494,1.0237649459827376
20140221,0.6957944375271929,1.0144172880482363
20140224,0.6839997323292909,0.99722147242386
20140225,0.6646557271506938,0.9690193307927741
20140226,0.6670949182407419,0.9690193307927741
20140227,0.6625442343532005,0.9690193307927741
20140228,0.6699879397015456,0.9690193307927741
20140303,0.6764122821030147,0.9690193307927741
20140304,0.6750928482053556,0.9690193307927741
20140305,0.6695652481438547,0.9690193307927741
20140306,0.6714622594932378,0.9690193307927741
20140307,0.6693313456746915,0.9690193307927741
20140310,0.6465231702035733,0.9690193307927741
20140311,0.6491156533142842,0.9690193307927741
20140312,0.6503887184329349,0.9690193307927741
20140313,0.6581407802293439,0.9690193307927741
20140314,0.6534041607635254,0.9690193307927741
20140317,0.6615568553954679,0.9690193307927741
20140318,0.6615045286281661,0.9690193307927741
20140319,0.6572742068300372,0.9690193307927741
20140320,0.6448553289885561,0.9690193307927741
20140321,0.6643312470939895,0.9690193307927741
20140324,0.669834993596803,0.9770473089683286
20140325,0.6696104640894235,0.9767198015178874
20140326,0.6693418278805578,0.9763279583214695
20140327,0.6632318647841898,0.9674157291034248
20140328,0.6586884251623792,0.9607884918011255
20140331,0.6562631049834684,0.9572508256940337
20140401,0.6627580250466469,0.9667245680788826
20140402,0.6667733545786044,0.972581483515256
20140403,0.6630161774540104,0.967101119195694
20140404,0.6695662931386985,0.9766553720554781
20140408,0.6830392881294639,0.9963076052551589
20140409,0.6850619806360523,0.9992579830188237
20140410,0.6937942429901515,1.0119951996704424
20140411,0.6922721707981869,1.0097750461200448
20140414,0.693232162933221,1.0111753278926188
20140415,0.6831716354154753,0.9965006521411575
20140416,0.6837487210672165,0.9973424116617378
20140417,0.6818005185708477,0.9945006879169369
20140418,0.6823983135108442,0.9953726548088162
20140421,0.6711371580900606,0.9789466966177252
20140422,0.6723895948073755,0.9789466966177252
20140423,0.6710651797976908,0.9789466966177252
20140424,0.6680411983158927,0.9789466966177252
20140425,0.6590577304741627,0.9789466966177252
20140428,0.6463076752319354,0.9789466966177252
20140429,0.6540658646170524,0.9789466966177252
20140430,0.6553864118510899,0.9789466966177252
20140505,0.6564103288767045,0.9789466966177252
20140506,0.6575229696427609,0.9789466966177252
20140507,0.6498818607596075,0.9789466966177252
20140508,0.6496645318477221,0.9789466966177252
20140509,0.6475183667469793,0.9789466966177252
20140512,0.6622868921634311,0.9789466966177252
20140513,0.660853510516392,0.9789466966177252
20140514,0.6601537010106706,0.9789466966177252
20140515,0.6505196217985224,0.9789466966177252
20140516,0.6506604622029577,0.9789466966177252
20140519,0.6428303263641808,0.9789466966177252
20140520,0.6434514591282099,0.9789466966177252
20140521,0.6493935603807968,0.9789466966177252
20140522,0.6482168757097675,0.9789466966177252
20140523,0.6539999360457319,0.9789466966177252
20140526,0.6575958407195784,0.9789466966177252
20140527,0.6552336392690887,0.9754301456246836
20140528,0.6621525033692421,0.9857300878320133
20140529,0.657135720821246,0.9782617274822335
20140530,0.6577655729811631,0.9791993728460389
20140603,0.656003828708715,0.9765767076328418
20140604,0.6496326654951509,0.9670921142164569
20140605,0.6565846377560174,0.9774413437254306
20140606,0.65241582139324,0.9712353297052062
20140609,0.6513303586049219,0.9696194280447538
20140610,0.6593054249550965,0.9814917124714124
20140611,0.6600379274972429,0.9825821709255195
20140612,0.6580302616912486,0.9795934083954222
20140613,0.6650313050082997,0.9900156887745151
20140616,0.6695878586951168,0.9967989177785033
20140617,0.6629917476511983,0.9869794500794651
20140618,0.659899869480381,0.9823766473635082
20140619,0.6477165768821633,0.9642396803931857
20140620,0.6514614917588807,0.9698146427342879
20140623,0.652109325469046,0.9698146427342879
20140624,0.6555713300001766,0.9698146427342879
20140625,0.6518486792361837,0.9698146427342879
20140626,0.6575658648303258,0.9698146427342879
20140627,0.6590978117854555,0.9698146427342879
20140630,0.6640524530379615,0.9698146427342879
20140701,0.6651719451895707,0.9714496037619744
20140702,0.6678532857574362,0.9753655645162446
20140703,0.6717988520551604,0.9811278622864075
20140704,0.6707585597650702,0.979608568605558
20140707,0.6706806502762644,0.9794947857820686
20140708,0.6727798768301048,0.9825605987927987
20140709,0.6630459157027634,0.9683446464385614
20140710,0.6617280442131016,0.9664199625343474
20140711,0.6650847792191569,0.9664199625343474
20140714,0.6732012213380716,0.9664199625343474
20140715,0.6740189528181155,0.9664199625343474
20140716,0.6716567381218783,0.9630329784908116
20140717,0.6671557168273695,0.956579336775518
20140718,0.6692389784497349,0.9595663531058717
20140721,0.6691401207091299,0.9595663531058717
20140722,0.6774730605548074,0.9595663531058717
20140723,0.677389191217039,0.9594475613792842
20140724,0.6859555120676512,0.9715808161708844
20140725,0.6928157030174518,0.9812975249148738
20140728,0.7105680465931199,1.0064417742965925
20140729,0.7140624984144647,1.0113912823811884
20140730,0.7123024904974351,1.0088984240275316
20140731,0.7205381361703469,1.020563313665145
20140801,0.7137181091187688,1.0109034926818474
20140804,0.7271791328730293,1.029969557777291
20140805,0.7267718093964602,1.0293926287070403
20140806,0.7267302891245756,1.029333819791687
20140807,0.7167978214601549,1.0152655677400335
20140808,0.7188022300183534,1.018104592820602
20140811,0.7294414617747675,1.0331738987616974
20140812,0.7286543754758256,1.0320590772677816
20140813,0.7291527803507215,1.0327650131581068
20140814,0.7227279766336837,1.0236649827198039
20140815,0.7305430239355354,1.0236649827198039
20140818,0.7364223848188245,1.0236649827198039
20140819,0.737086262866423,1.0236649827198039
20140820,0.7351849185332567,1.0236649827198039
20140821,0.7324448446087406,1.0236649827198039
20140822,0.7361353443125779,1.0236649827198039
20140825,0.7295184217109857,1.0236649827198039
20140826,0.7216358359362738,1.0236649827198039
20140827,0.7230428615149753,1.0236649827198039
20140828,0.7175618815436472,1.0236649827198039
20140829,0.7257171031891155,1.0236649827198039
20140901,0.7332014404764069,1.0236649827198039
20140902,0.7433133017814009,1.0236649827198039
20140903,0.7497893831890967,1.0236649827198039
20140904,0.7554777267132599,1.0236649827198039
20140905,0.7614543206834257,1.0317632095064622
20140909,0.7621934363234719,1.032764704020652
20140910,0.7597283294270875,1.0294245081164415
20140911,0.7574962396218898,1.026400048107796
20140912,0.7632235286094607,1.0341604690642145
20140915,0.7653147706003774,1.036994081652382
20140916,0.7470065210125412,1.0121865812651791
20140917,0.7516771932980459,1.0121865812651791
20140918,0.7548365855621144,1.0121865812651791
20140919,0.7603562279045807,1.0121865812651791
20140922,0.7470633925972224,1.0121865812651791
20140923,0.7544262917790503,1.0121865812651791
20140924,0.7666912023053365,1.0121865812651791
20140925,0.7655517517357687,1.0121865812651791
20140926,0.7663060734461434,1.0121865812651791
20140929,0.7708669386015674,1.0121865812651791
20140930,0.7733719874093128,1.0121865812651791
20141008,0.7830571314671809,1.0121865812651791
20141009,0.784332002294968,1.01383449058479
20141010,0.779925814779582,1.0081390135903394
20141013,0.7773287271045705,1.0047819950671946
20141014,0.7746873486895283,1.0013677259413394
20141015,0.7795329597627,1.0013677259413394
20141016,0.7714041941623163,1.0013677259413394
20141017,0.7686850107514865,1.0013677259413394
20141020,0.7747505857358797,1.0013677259413394
20141021,0.7679070923778731,1.0013677259413394
20141022,0.7619032897560145,1.0013677259413394
20141023,0.7535756396869498,1.0013677259413394
20141024,0.7533146929223034,1.0013677259413394
20141027,0.7500778072369461,1.0013677259413394
20141028,0.7660693285944313,1.0013677259413394
20141029,0.776887369633969,1.0013677259413394
20141030,0.7808158942228056,1.0013677259413394
20141031,0.7892657561211645,1.0013677259413394
20141103,0.7921681494934877,1.005050088983813
20141104,0.7911240729766756,1.0037254343674935
20141105,0.7885852732277778,1.0005043746528692
20141106,0.7905309660821259,1.0029729399159995
20141107,0.7874371999210474,0.9990477758489069
20141110,0.8040489161090769,1.0201236128964175
20141111,0.7954923716749474,1.0092676402719003
20141112,0.8073228789780791,1.0242773985225178
20141113,0.8020453670203923,1.0175816435037408
20141114,0.8017749320309235,1.017238533634449
20141117,0.8009395770774441,1.0161786910102983
20141118,0.7956595555338721,1.0094797519964078
20141119,0.7955355773885512,1.0093224567983283
20141120,0.7950135043131653,1.0086600853167076
20141121,0.8078678708211366,1.0086600853167076
20141124,0.8263055101351844,1.0086600853167076
20141125,0.8379401839717991,1.022862376068408
20141126,0.8474228159974776,1.034437698162633
20141127,0.8561349223148724,1.0450724498296697
20141128,0.8679031207347636,1.0594377322544346
20141201,0.868606421602323,1.0602962422176077
20141202,0.8949528428351031,1.0924569662627592
20141203,0.907484361558589,1.107754023573573
20141204,0.9431069812534457,1.1512380790226773
20141205,0.9421569775818416,1.150078422245979
20141208,0.974231954541774,1.1892319176542863
20141209,0.9317006746634978,1.1373145531148288
20141210,0.9654635898259256,1.17852849211265
20141211,0.9606454773192854,1.1726470866126213
20141212,0.9647107080225026,1.1776094593641575
20141215,0.9743159869589387,1.1893344949020803
20141216,0.994321467802653,1.2137549178172335
20141217,1.00448339862408,1.2261594508665727
20141218,1.0012935611916487,1.222265658973286
20141219,1.0078230398928503,1.230236106299421
20141222,0.9997669176680498,1.220402105641166
20141223,0.9791393017719322,1.1952222507878996
20141224,0.9616910869335394,1.1739234482848906
20141225,0.9896398063868734,1.1739234482848906
20141226,1.016653745713268,1.1739234482848906
20141229,1.0161058548336148,1.1739234482848906
20141230,1.0121093664159848,1.1739234482848906
20141231,1.0310971101478232,1.1739234482848906
20150105,1.0592818567442468,1.1739234482848906
20150106,1.0621861976422704,1.1771421137045759
20150107,1.0631786587478005,1.178241984674587
20150108,1.0424858350964075,1.1553096643096783
20150109,1.0380489054551254,1.1503925445543184
20150112,1.027080172136414,1.1503925445543184
20150113,1.030664340019808,1.1503925445543184
20150114,1.0268903742382403,1.1503925445543184
20150115,1.0525369935357272,1.1503925445543184
20150116,1.0627470672801638,1.1503925445543184
20150119,0.9898381848035956,1.1503925445543184
20150120,1.0079800188059622,1.1503925445543184
20150121,1.0481648404724233,1.1503925445543184
20150122,1.0560279384167435,1.1503925445543184
20150123,1.054200002767731,1.1503925445543184
20150126,1.068168401905861,1.1503925445543184
20150127,1.06160686074522,1.1503925445543184
20150128,1.0490772614908244,1.1503925445543184
20150129,1.0376541628176923,1.1503925445543184
20150130,1.0239550249740412,1.1503925445543184
20150202,1.0051596878517086,1.1503925445543184
20150203,1.0281831380635733,1.1503925445543184
20150204,1.0191924735051043,1.1503925445543184
20150205,1.0101337511316166,1.1503925445543184
20150206,0.9924332874287908,1.1503925445543184
20150209,0.9983539815390664,1.1503925445543184
20150210,1.0153720518842828,1.1503925445543184
20150211,1.0242580557781082,1.1503925445543184
20150212,1.0280668879850992,1.1503925445543184
20150213,1.0381904171455925,1.1503925445543184
20150216,1.0495053620493278,1.1503925445543184
20150217,1.0564939200620238,1.1503925445543184
20150225,1.0466961253756675,1.1397239455721335
20150226,1.068933879255,1.1639381372344162
20150227,1.072705124896542,1.1680445620678483
20150302,1.0847469384616837,1.1811566228996218
20150303,1.0632251920906415,1.1577220757613074
20150304,1.0726443856938508,1.1679784245117193
20150305,1.0649974280878367,1.1596518238077935
20150306,1.0574375781678067,1.151420072710313
20150309,1.074226970826669,1.151420072710313
20150310,1.0735324945939835,1.151420072710313
20150311,1.0737642451815277,1.151420072710313
20150312,1.0886174683042267,1.151420072710313
20150313,1.0973795428726516,1.1606876334746876
20150316,1.125655176871951,1.1905944956216994
20150317,1.1417916829235988,1.2076619206008532
20150318,1.166580598606789,1.2338809148108305
20150319,1.1677828715572882,1.235152547177926
20150320,1.1826529040309697,1.2508804354128285
20150323,1.2080529803848041,1.277745848299999
20150324,1.2096441469747694,1.2794288096744533
20150325,1.20623143078841,1.275819213067889
20150326,1.20591608895083,1.2754856790836138
20150327,1.2145702385228074,1.284639088632456
20150330,1.2444270553352845,1.3162183524106426
20150331,1.236660092596633,1.3080033117175995
20150401,1.2608715772723988,1.3336115627860128
20150402,1.2675085374202657,1.3406314107661637
20150403,1.2832098195415222,1.3572385036413719
20150407,1.3116706903806108,1.3873412889861538
20150408,1.316869388823295,1.3928399015963289
20150409,1.3065073413573922,1.3818800651119825
20150410,1.3344213781712677,1.4114044694446979
20150413,1.359410519382682,1.4378352402419325
20150414,1.3630164081755032,1.4416491536292337
20150415,1.335165834483809,1.4121918736215306
20150416,1.3695969631104645,1.448609342366137
20150417,1.3910049371776596,1.4712523476225452
20150420,1.367958557829152,1.4468764170888342
20150421,1.4023526447427346,1.4832547071750033
20150422,1.4389143841863106,1.5219257021886283
20150423,1.4433174099082238,1.5265827395267926
20150424,1.4353110271115281,1.5181144665747903
20150427,1.4628337818827322,1.5472250157093845
20150428,1.4365923666384601,1.5194697268881903
20150429,1.4514509232907957,1.5351854772588442
20150430,1.448058160225381,1.5315969848735862
20150504,1.4583089011996486,1.5315969848735862
20150505,1.4015000652368903,1.5315969848735862
20150506,1.3863684944531214,1.5315969848735862
20150507,1.359492874167791,1.5315969848735862
20150508,1.3931252943688903,1.5315969848735862
20150511,1.439202572305236,1.5315969848735862
20150512,1.4606526350209685,1.5315969848735862
20150513,1.4580737336295018,1.5315969848735862
20150514,1.4536344964497103,1.5315969848735862
20150515,1.4319644390649817,1.5315969848735862
20150518,1.4303608185533931,1.5315969848735862
20150519,1.4751949445749706,1.5315969848735862
20150520,1.487686964875995,1.5315969848735862
20150521,1.5229087285647636,1.5315969848735862
20150522,1.5547316650077427,1.5315969848735862
20150525,1.599777827214398,1.575972852278008
20150526,1.6375293047352235,1.6131625811854278
20150527,1.6395821017665766,1.6151848322365518
20150528,1.5332090752797158,1.5103946550593585
20150529,1.5393909915457136,1.5164845833259808
20150601,1.615981329920239,1.5164845833259808
20150602,1.6537955840172742,1.5519705956371228
20150603,1.6542313877261026,1.5523795667022942
20150604,1.6618349063613163,1.5595149330433784
20150605,1.681165893854696,1.577655702352653
20150608,1.702804024842445,1.5979615632232913
20150609,1.6939960163326964,1.5896958680277304
20150610,1.7014193550201033,1.5966621481869296
20150611,1.7084014098670082,1.603214314563623
20150612,1.7232244339880207,1.617124677970417
20150615,1.6879797869335436,1.5840500607621117
20150616,1.632094479524531,1.5840500607621117
20150617,1.658821231018055,1.5840500607621117
20150618,1.5953572189472203,1.5840500607621117
20150619,1.4954519893488472,1.5840500607621117
20150623,1.53125402154816,1.5840500607621117
20150624,1.5624209571761074,1.5840500607621117
20150625,1.507000979866222,1.5840500607621117
20150626,1.3861386078460374,1.5840500607621117
20150629,1.3263385953498592,1.5840500607621117
20150630,1.4084705905815194,1.5840500607621117
20150701,1.3365756043742132,1.5840500607621117
20150702,1.277468308695794,1.5840500607621117
20150703,1.2057847025391544,1.5840500607621117
20150706,1.2252072215828522,1.5840500607621117
20150707,1.187499850630758,1.5840500607621117
20150708,1.1211514228819661,1.5840500607621117
20150709,1.1869331540847687,1.5840500607621117
20150710,1.2495577391700723,1.5840500607621117
20150713,1.2939433115900925,1.5840500607621117
20150714,1.27942292720614,1.5840500607621117
20150715,1.225975288594321,1.5840500607621117
20150716,1.2408468786014855,1.5840500607621117
20150717,1.2944595498925269,1.6524913460493904
20150720,1.3021583341794924,1.6623195206032944
20150721,1.3081965371023825,1.6700278171480525
20150722,1.3108787959309711,1.673451956204754
20150723,1.3424660246542028,1.7137758289091247
20150724,1.3199934112891942,1.685087563515375
20150727,1.2111935018053384,1.546194919949992
20150728,1.202749717371936,1.5354156872537965
20150729,1.2466198653720661,1.5914197855866798
20150730,1.2107267715326062,1.5455990977501457
20150731,1.207570814835289,1.5415702417451385
20150803,1.2016201169449934,1.5415702417451385
20150804,1.2467573140460695,1.5415702417451385
20150805,1.2239215715585023,1.5133346736274385
20150806,1.213927085300248,1.5009768535259023
20150807,1.2409075237907143,1.5343371880653964
20150810,1.2980362876275775,1.604974834451275
20150811,1.296023651074457,1.6024862822825532
20150812,1.2801786587500916,1.5828945234272134
20150813,1.3025806652263432,1.610593792683632
20150814,1.306383403366204,1.6152957405988477
20150817,1.316447793477881,1.6277399942821287
20150818,1.2296557315594587,1.5204247546875547
20150819,1.2515070120722858,1.5474430712461171
20150820,1.2102303196101583,1.496405936704847
20150821,1.1516999116838134,1.4240352081918215
20150824,1.0537086481712168,1.4240352081918215
20150825,0.977601817721,1.4240352081918215
20150826,0.9624384115556394,1.4240352081918215
20150827,1.0125086828065342,1.4240352081918215
20150828,1.0608693571355974,1.4240352081918215
20150831,1.0540386517099083,1.4240352081918215
20150901,1.0338169339256529,1.4240352081918215
20150902,1.0324641669048271,1.4240352081918215
20150907,1.0078414708348444,1.4240352081918215
20150908,1.0371606609390365,1.4240352081918215
20150909,1.0598557485270166,1.4240352081918215
20150910,1.0454208446762867,1.40464029398876
20150911,1.0455831666287867,1.4048583917588986
20150914,1.0102306860818309,1.35735836445259
20150915,0.9656806113554034,1.2975003365783444
20150916,1.0180880860173154,1.3679156635647802
20150917,0.9964783234183953,1.3388805209764636
20150918,1.0029712254945191,1.3476044639966267
20150921,1.0255644050137556,1.3779609376442015
20150922,1.0345081353277732,1.3899778436028043
20150923,1.0143092866650167,1.3628384223177101
20150924,1.0233971895976144,1.375049040378361
20150925,1.001977933753495,1.346269865006915
20150928,1.0095571232273413,1.356453357123945
20150929,0.9899577046572422,1.3301193374776872
20150930,0.996234287996574,1.3385526319847754
20151008,1.0285795233965833,1.3820120877558846
20151009,1.042801980506082,1.4011215559066892
20151012,1.0782580573381677,1.4487607764547838
20151013,1.0815473655189796,1.4531803313485316
20151014,1.069283255928251,1.4367021229899013
20151015,1.0967270934398903,1.4735760003253635
20151016,1.1127189439658782,1.4950628472144778
20151019,1.1127272390212841,1.4950739925528584
20151020,1.1277224497363694,1.5152217419444278
20151021,1.0835900408887222,1.4559248950775698
20151022,1.1066870162030762,1.4869582749465653
20151023,1.1251504434467088,1.5117659626864886
20151026,1.13140168666844,1.5201652099001661
20151027,1.13427850234369,1.5240305347943583
20151028,1.1106818508546281,1.4923257838765502
20151029,1.1153341386841786,1.4985766549758763
20151030,1.1143777740798197,1.497291671740782
20151102,1.0945503812255886,1.4706513430448092
20151103,1.0914576617524312,1.4664959271545266
20151104,1.143839870576232,1.4664959271545266
20151105,1.1614034671680513,1.4890138892667517
20151106,1.1887288804516742,1.5240472958816653
20151109,1.203662115648878,1.543192920334245
20151110,1.2035292989848623,1.5430226385475652
20151111,1.20872420605243,1.5496829327482704
20151112,1.200111715656439,1.5386410182169858
20151113,1.1838361438726204,1.5177744088715213
20151116,1.1948711428136067,1.531922176771025
20151117,1.190394940112757,1.5261833201366541
20151118,1.1751337579267718,1.506617240919608
20151119,1.1972359198833937,1.5349540136834103
20151120,1.201183779612086,1.5349540136834103
20151123,1.1936106072062524,1.5349540136834103
20151124,1.1962568457702896,1.5349540136834103
20151125,1.208172040832052,1.5349540136834103
20151126,1.2009908916959817,1.5349540136834103
20151127,1.1328633944165583,1.5349540136834103
20151130,1.1364484218239312,1.5349540136834103
20151201,1.1437047610399014,1.5349540136834103
20151202,1.1708141598037882,1.5349540136834103
20151203,1.1845452194164718,1.5349540136834103
20151204,1.1658877786314037,1.5349540136834103
20151207,1.1723201177999334,1.5349540136834103
20151208,1.1487517810594834,1.5349540136834103
20151209,1.1502174376105316,1.5349540136834103
20151210,1.1462354198970743,1.5349540136834103
20151211,1.1401206216450888,1.5349540136834103
20151214,1.1699690216500471,1.5349540136834103
20151215,1.1689539716124966,1.5349540136834103
20151216,1.1684616345847065,1.5349540136834103
20151217,1.192829072136139,1.5349540136834103
20151218,1.194660063784878,1.537310166837206
20151221,1.2204513656869238,1.5704988803733122
20151222,1.2260456821138475,1.577697747884098
20151223,1.219796768998186,1.569656533520613
20151224,1.2106938578985345,1.5579427429574848
20151225,1.214477771079537,1.5628119508434126
20151228,1.1811806867209103,1.5199646607545643
20151229,1.192078079858035,1.5339876232437
20151230,1.195962431846856,1.5389860776032358
20151231,1.182576792172328,1.5389860776032358
20160104,1.0948183986502724,1.5389860776032358
20160105,1.0924975719750756,1.5389860776032358
20160106,1.1142676062079149,1.5389860776032358
20160107,1.0316160929830167,1.5389860776032358
20160108,1.0515249262065016,1.5389860776032358
20160111,0.9933367776563535,1.5389860776032358
20160112,0.9988270390493412,1.5389860776032358
20160113,0.9755627785668195,1.5389860776032358
20160114,0.999538036013693,1.5389860776032358
20160115,0.9659321940743276,1.5389860776032358
20160118,0.9726087100427632,1.5389860776032358
20160119,1.003285324961744,1.5389860776032358
20160120,0.9897697635342007,1.5389860776032358
20160121,0.9573532378547847,1.5389860776032358
20160122,0.9688592409081145,1.5389860776032358
20160125,0.9751251517224625,1.5389860776032358
20160126,0.9122213948322018,1.5389860776032358
20160127,0.9064162375627761,1.5389860776032358
20160128,0.8780296831578628,1.5389860776032358
20160129,0.9077283590577865,1.5389860776032358
20160201,0.8945053883102216,1.5389860776032358
20160202,0.9166407681414868,1.5389860776032358
20160203,0.9149562941059713,1.5389860776032358
20160204,0.9281761279897507,1.5389860776032358
20160205,0.9208373193564122,1.5268177789664634
20160215,0.9172523887716089,1.5208736934714664
20160216,0.9482425531495315,1.5722577251029988
20160217,0.9572853189391426,1.5872513133171011
20160218,0.954483133812878,1.5826050788728603
20160219,0.9550716629371886,1.5835809045822973
20160222,0.9757600227333737,1.6178837666519486
20160223,0.9676839709529548,1.6044930632312668
20160224,0.9740399387832094,1.615031737633119
20160225,0.9090510325500288,1.5072752258295408
20160226,0.9165726341513003,1.5197466090040959
20160229,0.8868854138925091,1.4705229570664273
20160301,0.9044324424188314,1.4996172547874898
20160302,0.9442243630199975,1.5655952625810323
20160303,0.9469065287341779,1.5700424957811454
20160304,0.9473373258898665,1.5707567899812256
20160307,0.9559485645645212,1.5850348736676856
20160308,0.9571227106384945,1.5869816964811865
20160309,0.9422623729124538,1.5623421348945399
20160310,0.9248164883831107,1.533415541554672
20160311,0.925325254385074,1.5342591139868513
20160314,0.9443586880599603,1.5658179836359511
20160315,0.9439434085847774,1.5651294189214018
20160316,0.9436411516228043,1.5646282540645304
20160317,0.9598371712170333,1.5914824770039755
20160318,0.9799762681550034,1.6248746197971375
20160321,1.0041369611859052,1.6649348724566566
20160322,0.9977888468747398,1.6544092197822264
20160323,1.0021080721431492,1.6615708212861466
20160324,0.9853990514747434,1.6338660038451347
20160325,0.9917005040853033,1.644314287898003
20160328,0.9836322396909761,1.630936496551242
20160329,0.9705805025111102,1.6092957311807152
20160330,0.9985849759996768,1.6557292619620507
20160331,0.9998431778295335,1.6578154555632136
20160401,0.9991914422964098,1.6567348288572359
20160405,1.0162325603007072,1.6849902887473842
20160406,1.0164379289854122,1.6853308055275575
20160407,1.0013394830960003,1.6602964426339804
20160408,0.9932925770753878,1.6469540650829375
20160411,1.009470235766845,1.6737778442597324
20160412,1.0044586364392547,1.6654682343062943
20160413,1.0182307978810774,1.6654682343062943
20160414,1.0241320690684255,1.6751206429006993
20160415,1.0224967519413068,1.6724458379999825
20160418,1.0079762401155248,1.6486953766683923
20160419,1.0114152343999046,1.6486953766683923
20160420,0.985271879817425,1.6486953766683923
20160421,0.9783301103633815,1.6486953766683923
20160422,0.9833923279270145,1.6486953766683923
20160425,0.9789790419290839,1.6486953766683923
20160426,0.9859913243780897,1.6486953766683923
20160427,0.9816447351158584,1.6486953766683923
20160428,0.9792150111599324,1.6486953766683923
20160429,0.9781387462544565,1.6486953766683923
20160503,0.9992365324791205,1.6486953766683923
20160504,0.9984409037497147,1.6486953766683923
20160505,1.0010244861804727,1.6486953766683923
20160506,0.9711561869394798,1.6486953766683923
20160509,0.9465920933536479,1.6486953766683923
20160510,0.9471297726181861,1.6486953766683923
20160511,0.9494052960761656,1.6486953766683923
20160512,0.9511551995575875,1.6486953766683923
20160513,0.9472264473054327,1.6486953766683923
20160516,0.9563503870141054,1.6486953766683923
20160517,0.9532490112532652,1.6486953766683923
20160518,0.9417549762494485,1.6486953766683923
20160519,0.9422094177815166,1.6486953766683923
20160520,0.9487915313794286,1.6486953766683923
20160523,0.9543875433216554,1.6486953766683923
20160524,0.9460345515833687,1.6486953766683923
20160525,0.9437501421430373,1.6486953766683923
20160526,0.9462210377940221,1.6486953766683923
20160527,0.9456097761180241,1.6486953766683923
20160530,0.9451920839761613,1.6486953766683923
20160531,0.978986685385742,1.6486953766683923
20160601,0.9782459254707994,1.6474478750780044
20160602,0.9815773647309263,1.6530582971479009
20160603,0.9873471484633206,1.6627750950430906
20160606,0.9859293217728539,1.660387356430927
20160607,0.9852322375457785,1.6592134083481962
20160608,0.9813321356911452,1.652645310954986
20160613,0.9465755896878483,1.5941123834289905
20160614,0.9494591017196887,1.5989684586202377
20160615,0.9674979035295305,1.6293473080862089
20160616,0.9616885872115056,1.6195639340137027
20160617,0.9667334850348217,1.6195639340137027
20160620,0.9682679112743618,1.6195639340137027
20160621,0.9635254243177059,1.6195639340137027
20160622,0.9740150879303348,1.6195639340137027
20160623,0.9688929508229465,1.6110469935401965
20160624,0.9565229523135121,1.59047852011721
20160627,0.9727993205694502,1.59047852011721
20160628,0.9793233003943999,1.59047852011721
20160629,0.9831912988441941,1.596760376627483
20160630,0.9838939730137545,1.5979015607215168
20160701,0.9833634459212727,1.597039953584637
20160704,1.0001964219894794,1.6243776947119521
20160705,1.002608009645919,1.6282942546114276
20160706,1.0060072497806185,1.633814820104746
20160707,1.0056039702171866,1.6331598704236936
20160708,1.0007837259322439,1.6253315107861441
20160711,1.003793080682467,1.63021887953119
20160712,1.022991540924586,1.6613983057963644
20160713,1.0275953471469381,1.6688751573166785
20160714,1.0267008610984218,1.6674224594730382
20160715,1.0258766764392084,1.6660839352118866
20160718,1.0213601381654978,1.6587488119622598
20160719,1.0193254276476988,1.6554443226563151
20160720,1.0163247179620116,1.650570994003488
20160721,1.0207661259195062,1.6577841012098906
20160722,1.0122889154682506,1.6440166138767442
20160725,1.0143951195521983,1.6440166138767442
20160726,1.0269737993938595,1.6440166138767442
20160727,1.0028761078727426,1.6440166138767442
20160728,1.0041795930102615,1.6440166138767442
20160729,0.9984638359455501,1.6440166138767442
20160801,0.9879984006198463,1.6440166138767442
20160802,0.9935393922024812,1.6440166138767442
20160803,0.9959566262035106,1.6440166138767442
20160804,0.9995824668480023,1.6440166138767442
20160805,0.9986996679042459,1.6440166138767442
20160808,1.0092722168303763,1.6440166138767442
20160809,1.0166931575950433,1.6440166138767442
20160810,1.0125869170217392,1.6440166138767442
20160811,1.0059270098969675,1.6440166138767442
20160812,1.0226899375906846,1.6440166138767442
20160815,1.0512207100588975,1.6898810173683647
20160816,1.0492014238672707,1.6866349308223023
20160817,1.0490137215130313,1.6863331914803075
20160818,1.0472454093224242,1.6834905560802491
20160819,1.0477993294053591,1.684381005654096
20160822,1.0377982230633953,1.668303811209344
20160823,1.0392903225654397,1.67070242322336
20160824,1.0369935405611974,1.6670102506159683
20160825,1.0298884616743746,1.6555885407667836
20160826,1.0308450601299384,1.6555885407667836
20160829,1.0318060335259194,1.6555885407667836
20160830,1.0326246860792865,1.6555885407667836
20160831,1.036461538425799,1.6555885407667836
20160901,1.0281881243363074,1.6555885407667836
20160902,1.0297068930615596,1.6555885407667836
20160905,1.0326062730947168,1.6555885407667836
20160906,1.0425147319605008,1.6555885407667836
20160907,1.0421792108518801,1.6555885407667836
20160908,1.0430526358345344,1.6555885407667836
20160909,1.0360826357604007,1.6555885407667836
20160912,1.0152871585224459,1.6555885407667836
20160913,1.0161698500139895,1.6555885407667836
20160914,1.0094287402655935,1.6555885407667836
20160919,1.0179368765952324,1.6555885407667836
20160920,1.016581657641513,1.6555885407667836
20160921,1.0186625576846413,1.6555885407667836
20160922,1.026013427220467,1.6555885407667836
20160923,1.021915503094412,1.6555885407667836
20160926,1.0035881589491147,1.6555885407667836
20160927,1.010238600425305,1.6555885407667836
20160928,1.007814422964899,1.6555885407667836
20160929,1.0115907235320798,1.6555885407667836
20160930,1.0149430362504257,1.6555885407667836
20161010,1.029579145109097,1.6555885407667836
20161011,1.034214561109354,1.6555885407667836
20161012,1.032604936848182,1.6530118264350127
20161013,1.0332710515792076,1.6540781544069754
20161014,1.0332102252924196,1.653980782636
20161017,1.024382091369449,1.6398485533009703
20161018,1.0384959180579612,1.6624422109524393
20161019,1.0366983124316382,1.659564572802996
20161020,1.0373485510014633,1.660605485941767
20161021,1.0382040490372475,1.6619749819805516
20161024,1.0499741563843623,1.6808167732105803
20161025,1.0511044425225506,1.6826261547920627
20161026,1.0467412093697614,1.6756414157639223
20161027,1.0441209375401972,1.6714468393405666
20161028,1.0399020744874474,1.6646932104633008
20161031,1.0388816426976606,1.663059685621035
20161101,1.046536166233575,1.6753131791683469
20161102,1.0383731883230738,1.662245743072048
20161103,1.04664592870317,1.6754888888263824
20161104,1.0432384594224986,1.6700341531204344
20161107,1.0440584045151127,1.6713467353934337
20161108,1.048879272357101,1.6790640639400225
20161109,1.0425301201992976,1.6689002314517536
20161110,1.0547414491160316,1.6884483377947865
20161111,1.0627967799521159,1.7013434505942053
20161114,1.067133859170417,1.708286321952074
20161115,1.0682859496969486,1.7101306083751986
20161116,1.0683991621352509,1.7103118408027564
20161117,1.0695200771000046,1.71210622084787
20161118,1.0637055858369309,1.7027982827588841
20161121,1.0692787424383938,1.7117198881512734
20161122,1.0776091178755303,1.725055297100858
20161123,1.077513353183313,1.724901995326732
20161124,1.0801477748340658,1.7291192230283567
20161125,1.0886554546307088,1.7427384638604784
20161128,1.0925146627623523,1.7489163509251602
20161129,1.0963470794081267,1.7550513497163027
20161130,1.0889704695934967,1.743242745256403
20161201,1.0967248267105787,1.7556560541255835
20161202,1.0838371160863634,1.735025184257263
20161205,1.0692065309144119,1.71160429069586
20161206,1.067212106978981,1.7084115823961543
20161207,1.0740811772019763,1.7084115823961543
20161208,1.0713631710124045,1.7084115823961543
20161209,1.0758026145782191,1.7084115823961543
20161212,1.0445118515849043,1.7084115823961543
20161213,1.045032309230921,1.7084115823961543
20161214,1.0374785630011705,1.7084115823961543
20161215,1.031134985287589,1.7084115823961543
20161216,1.034207110294515,1.7084115823961543
20161219,1.0306154931973641,1.7084115823961543
20161220,1.025309364748897,1.7084115823961543
20161221,1.0339846457401722,1.7084115823961543
20161222,1.0330711518343234,1.7084115823961543
20161223,1.0240540968499263,1.7084115823961543
20161226,1.0278762827715138,1.7084115823961543
20161227,1.0262765987412206,1.7084115823961543
20161228,1.0222169150929772,1.7084115823961543
20161229,1.0204519990781709,1.7084115823961543
20161230,1.0236507955172514,1.7084115823961543
20170103,1.0334031289527232,1.7084115823961543
20170104,1.0426639607516506,1.7084115823961543
20170105,1.0427686219175583,1.7085830703872946
20170106,1.0370475888531565,1.6992091210436833
20170109,1.0427005844144015,1.7084715905023022
20170110,1.040420543364009,1.704735728627858
20170111,1.0322285805958065,1.6913131451277377
20170112,1.0256720516582103,1.6805702304409866
20170113,1.0223310486458017,1.6750959755917976
20170116,1.014220932829577,1.6618074988470715
20170117,1.0181980222903368,1.6683239854187273
20170118,1.0203457030951921,1.6718429741825278
20170119,1.0169350327760385,1.666254569004721
20170120,1.026306868286125,1.6816103815545296
20170123,1.0307465444974475,1.6888848194818216
20170124,1.0304804986983505,1.6884489017348443
20170125,1.0336529703760833,1.6936470169120057
20170126,1.0384170456017803,1.7014529847035078
20170203,1.0325134238012557,1.6917798625455003
20170206,1.0369460802990507,1.699042798627186
20170207,1.035146876435439,1.6960947915650928
20170208,1.0406971346859049,1.70518892528153
20170209,1.0454430440354556,1.7129651281685367
20170210,1.0494482545925212,1.719527691336725
20170213,1.05596789069822,1.7302101568819563
20170214,1.056113722210532,1.7304491027495517
20170215,1.0499602822549794,1.7203666519433813
20170216,1.0564462993433859,1.7309940325133062
20170217,1.0496629545552387,1.7198794786017055
20170220,1.0642847231030972,1.7438373400820901
20170221,1.069168685358673,1.7518397435404358
20170222,1.0726100906792113,1.757478508215
20170223,1.0690326284768574,1.7516168134675572
20170224,1.0692448875878797,1.751964601381391
20170227,1.0607125573965868,1.7379843236770336
20170228,1.0634373568207263,1.7424489249974344
20170301,1.065462939123721,1.7457678545833752
20170302,1.0587836128823598,1.7348237357273655
20170303,1.058098423319496,1.7348237357273655
20170306,1.0652766829202294,1.7348237357273655
20170307,1.0671737911408439,1.7348237357273655
20170308,1.064757547405347,1.7348237357273655
20170309,1.0572081162837474,1.7348237357273655
20170310,1.0578222076446846,1.7348237357273655
20170313,1.0672897704092628,1.7348237357273655
20170314,1.0662725452564672,1.7348237357273655
20170315,1.0674065763665666,1.7348237357273655
20170316,1.07406818766465,1.7348237357273655
20170317,1.0633879674881577,1.7348237357273655
20170320,1.0649423163006961,1.7348237357273655
20170321,1.06941935021032,1.7348237357273655
20170322,1.065091136366196,1.7348237357273655
20170323,1.0682722649894818,1.7348237357273655
20170324,1.0759297724473944,1.7348237357273655
20170327,1.0719217187843646,1.7283611702265738
20170328,1.0692828524304059,1.7241062754337226
20170329,1.067387211685872,1.7210497538630363
20170330,1.0560944250658533,1.7210497538630363
20170331,1.0615297759051079,1.7210497538630363
20170405,1.078648706520571,1.7210497538630363
20170406,1.0818018233231128,1.7210497538630363
20170407,1.0834660948248556,1.723697460676505
20170410,1.080193067874005,1.718490368114168
20170411,1.0858869206516217,1.7275487776215097
20170412,1.0815908401054237,1.720714098471222
20170413,1.0846124707137978,1.7255212419818813
20170414,1.0742442786320996,1.709026377538598
20170417,1.0693119307330616,1.7011794540498486
20170418,1.0637015738486923,1.7011794540498486
20170419,1.0567346876377852,1.7011794540498486
20170420,1.0599776700603463,1.7011794540498486
20170421,1.0587991945601125,1.7011794540498486
20170424,1.043161018563451,1.7011794540498486
20170425,1.046330399105315,1.7011794540498486
20170426,1.0480132003955192,1.7011794540498486
20170427,1.0491162599650017,1.7011794540498486
20170428,1.0485575975453285,1.7011794540498486
20170502,1.0459057953280728,1.7011794540498486
20170503,1.0420745548092045,1.7011794540498486
20170504,1.0391378503972315,1.7011794540498486
20170505,1.0301631255250423,1.7011794540498486
20170508,1.0194296984897597,1.7011794540498486
20170509,1.0198475593284935,1.7011794540498486
20170510,1.0104534221109378,1.7011794540498486
20170511,1.0138990264308112,1.7011794540498486
20170512,1.0196754683048685,1.7011794540498486
20170515,1.024112145576198,1.7011794540498486
20170516,1.0364128531624008,1.7011794540498486
20170517,1.0329937361067045,1.695567277716456
20170518,1.0279069387671271,1.6872177526265268
20170519,1.0290754939186568,1.6891358319022138
20170522,1.026449028843026,1.6848247232452638
20170523,1.0231783034892874,1.6794561186832475
20170524,1.024846784957305,1.682194782512236
20170525,1.0406687006361137,1.7081650488924436
20170526,1.0388513138881952,1.7051819702995954
20170531,1.0409090282245028,1.7085595252387773
20170601,1.036365428785561,1.7011016111562036
20170602,1.0369873795412363,1.7021224879658237
20170605,1.0352564201270442,1.6992812721489485
20170606,1.0417280155502056,1.7099038200411445
20170607,1.0561445840360237,1.7335673340849378
20170608,1.0621954190154537,1.743499241157919
20170609,1.0659781998305955,1.7497083391850785
20170612,1.0623059626994344,1.743680688776394
20170613,1.067808568619597,1.7527127266429168
20170614,1.0569988930252907,1.7349696062542925
20170615,1.0582906004206107,1.7370898289771752
20170616,1.055715816334289,1.732863550064385
20170619,1.0654272141557188,1.7488039452394457
20170620,1.0643411908889393,1.7470213347069459
20170621,1.0738311898841848,1.7625983234141052
20170622,1.0700978622715789,1.7564703984173984
20170623,1.0779939632932605,1.7694311454635197
20170626,1.0927373207870996,1.7936310545785998
20170627,1.0942322181090909,1.7960847954814898
20170628,1.0867364820170204,1.783781211833428
20170629,1.0931343122207562,1.7942826806833028
20170630,1.0937323529043188,1.795264311237631
20170703,1.0922204805558344,1.7927827073395899
20170704,1.0840487410937925,1.7793695243264147
20170705,1.0949259335026456,1.797223467556882
20170706,1.0953867029402333,1.7979797795785697
20170707,1.0956812576419004,1.7979797795785697
20170710,1.0942288136103833,1.7979797795785697
20170711,1.0940837413345468,1.7979797795785697
20170712,1.0916879904405312,1.7979797795785697
20170713,1.098574177649758,1.7979797795785697
20170714,1.1010068827275727,1.7979797795785697
20170717,1.0800207156442876,1.7979797795785697
20170718,1.0838523562007139,1.7979797795785697
20170719,1.1033031986941404,1.7979797795785697
20170720,1.1091760269716695,1.7979797795785697
20170721,1.106332694845915,1.793370724257846
20170724,1.1115550383021837,1.8018361686129876
20170725,1.1057230908063278,1.7923825531199251
20170726,1.1023185643266213,1.7868637989991165
20170727,1.1056198756689068,1.7868637989991165
20170728,1.1092540975704075,1.7868637989991165
20170731,1.1167662345869085,1.7868637989991165
20170801,1.12319931985437,1.7868637989991165
20170802,1.1194234344896055,1.7868637989991165
20170803,1.1127955213075078,1.7868637989991165
20170804,1.1066023921943506,1.7868637989991165
20170807,1.114603250792956,1.7868637989991165
20170808,1.115776723016036,1.7868637989991165
20170809,1.117309358281453,1.7868637989991165
20170810,1.1115314413953814,1.7868637989991165
20170811,1.090419990418794,1.7868637989991165
20170814,1.1071057702263345,1.7868637989991165
20170815,1.1106408492093371,1.7868637989991165
20170816,1.1098325428613691,1.7868637989991165
20170817,1.116436528326746,1.7868637989991165
20170818,1.1162566281932635,1.7868637989991165
20170821,1.122532587069662,1.7868637989991165
20170822,1.1235858274898505,1.7868637989991165
20170823,1.1217651305607188,1.7868637989991165
20170824,1.1149523203907898,1.7760116486421036
20170825,1.1314684427208361,1.7760116486421036
20170828,1.145434222190475,1.7979330616342333
20170829,1.1428521628709198,1.7938801271856264
20170830,1.1450297651304568,1.7972982048208692
20170831,1.1432277128740296,1.7944696099807158
20170901,1.1478089217613463,1.8016605134487542
20170904,1.1529347115344144,1.8097062193666043
20170905,1.1557430555812656,1.8141143420788988
20170906,1.1558388968950404,1.8142647795840543
20170907,1.1492140109659525,1.8038660144601313
20170908,1.1491387585467896,1.8037478943535725
20170911,1.152783467052843,1.8094688181710235
20170912,1.1551441845425454,1.8094688181710235
20170913,1.1581364202528621,1.8094688181710235
20170914,1.154799262265296,1.8094688181710235
20170915,1.1526011302551558,1.8094688181710235
20170918,1.1574868948043493,1.8094688181710235
20170919,1.1534500562369756,1.8094688181710235
20170920,1.1584532533613274,1.8094688181710235
20170921,1.1534754604290283,1.8094688181710235
20170922,1.151469393217738,1.8094688181710235
20170925,1.1431051657067428,1.8094688181710235
20170926,1.145265633035352,1.8094688181710235
20170927,1.1484308116279547,1.8094688181710235
20170928,1.1479516154561322,1.8094688181710235
20170929,1.1527029140812077,1.8094688181710235
20171009,1.166250741624719,1.8094688181710235
20171010,1.169230561569448,1.8094688181710235
20171011,1.1700539508911116,1.8107430726694393
20171012,1.1718910536820393,1.8135861220432912
20171013,1.1761226133264442,1.8201347664941374
20171016,1.1700062980148596,1.8106693263985938
20171017,1.1696061064990375,1.8100500010978555
20171018,1.1738451424595577,1.816610215688356
20171019,1.1679879550320882,1.8075457947259383
20171020,1.1704936666285264,1.8114235645603143
20171023,1.1733779088284906,1.8158871378677746
20171024,1.1790445612292115,1.8246566921024459
20171025,1.1850343979611275,1.8339263974527653
20171026,1.18979347438439,1.8412914122532915
20171027,1.1938645902233882,1.8475917583167243
20171030,1.1853330803184725,1.834388629992623
20171031,1.1870711265518652,1.8370783821828518
20171101,1.1845293436491753,1.8331447893944421
20171102,1.1812675269047703,1.8280968921844458
20171103,1.1774393223731412,1.8221724689293217
20171106,1.187657823576091,1.8379863382404025
20171107,1.196850028332494,1.8522119396090737
20171108,1.1959786751771275,1.850863457610678
20171109,1.2044302443409272,1.863942871858954
20171110,1.2136509686083177,1.878212609232565
20171113,1.218603687809888,1.885877300231036
20171114,1.209607376825772,1.8719548586362176
20171115,1.2002691983911642,1.857503352448029
20171116,1.2080290637237892,1.8695123050140172
20171117,1.201724094100406,1.8597549087330703
20171120,1.2101835866537587,1.8728465849994647
20171121,1.2272244846965212,1.8992186066139365
20171122,1.2285030335351017,1.9011972533684436
20171123,1.1933914260569993,1.8468595025640118
20171124,1.1939447922685493,1.8477158767794488
20171127,1.1781279664764595,1.8477158767794488
20171128,1.1845599990903226,1.8477158767794488
20171129,1.1850462857649373,1.8477158767794488
20171130,1.1720610113681937,1.8477158767794488
20171201,1.1729547135500127,1.8477158767794488
20171204,1.1755896829323453,1.8477158767794488
20171205,1.1729217365761393,1.8477158767794488
20171206,1.1696402039133584,1.8477158767794488
20171207,1.158147903642688,1.8477158767794488
20171208,1.1684414326308419,1.8477158767794488
20171211,1.1867698072353634,1.8477158767794488
20171212,1.1726292888359626,1.8477158767794488
20171213,1.182141907854658,1.8477158767794488
20171214,1.1773064988646857,1.8477158767794488
20171215,1.1651578854078566,1.8477158767794488
20171218,1.16433576081287,1.8477158767794488
20171219,1.1776315993125277,1.8477158767794488
20171220,1.1740170777166004,1.8477158767794488
20171221,1.1839841463288812,1.847715876779449
20171222,1.1813387300273805,1.843587461955543
20171225,1.1756875824992916,1.834768327812532
20171226,1.1799865425450284,1.841477249342248
20171227,1.1642180897238141,1.8168691321471448
20171228,1.1717075407542223,1.8168691321471448
20171229,1.1765715678022741,1.8168691321471448
20180102,1.1927573625328576,1.8168691321471446
20180103,1.200680122116034,1.8289374855107565
20180104,1.2058671098683271,1.836838571039128
20180105,1.2079834995793945,1.8400623642919876
20180108,1.214011879978375,1.8492451022132108
20180109,1.2202543442737814,1.8587539436952454
20180110,1.222269193850349,1.861823065812263
20180111,1.2227676112803747,1.862582280780859
20180112,1.2256262111406144,1.8669366465641903
20180115,1.2184583208100443,1.85601814872606
20180116,1.2279618707386557,1.870494442944397
20180117,1.2240595570411827,1.8645502387637263
20180118,1.2300211366449383,1.8736312222907536
20180119,1.2323084559379291,1.8771153842413242
20180122,1.2470380078536194,1.8995521924695686
20180123,1.257297598199944,1.915180126192089
20180124,1.2607940599800127,1.9205061159360965
20180125,1.25487194796205,1.9114852514580893
20180126,1.2583986201162387,1.9168572591919522
20180129,1.2376804123713179,1.8852982235426363
20180130,1.2279646396623114,1.8704986607107905
20180131,1.2260828000052464,1.8704986607107905
20180201,1.2095060724854663,1.8704986607107905
20180202,1.2159426334248582,1.8704986607107905
20180205,1.216232838261425,1.8704986607107905
20180206,1.1747420034934986,1.8704986607107905
20180207,1.1539057114343638,1.8704986607107905
20180208,1.148345189273616,1.8704986607107905
20180209,1.1009962203460835,1.8704986607107905
20180212,1.1187544036481616,1.8704986607107905
20180213,1.130413651286948,1.8704986607107905
20180214,1.1380305197306084,1.8704986607107905
20180222,1.162452740720702,1.8704986607107905
20180223,1.1674781389028068,1.8704986607107905
20180226,1.1841759773063252,1.8704986607107905
20180227,1.170430932847864,1.8704986607107905
20180228,1.1634650254499395,1.8704986607107905
20180301,1.1722191589439774,1.8704986607107905
20180302,1.1635148437408238,1.8704986607107905
20180305,1.164241172832688,1.8704986607107905
20180306,1.1786870185194418,1.8704986607107905
20180307,1.1693218201737547,1.8556367078024583
20180308,1.1803479648501587,1.8731344731345339
20180309,1.1907945278936607,1.8897124805910392
20180312,1.199218274502481,1.9030804116044455
20180313,1.1893167827782132,1.8873673964288427
20180314,1.182250841450122,1.876154212960124
20180315,1.186696214363366,1.8832087269659095
20180316,1.1764659189438609,1.8669739219835855
20180319,1.180663853534887,1.8736357676702624
20180320,1.1823795742793364,1.8763585034807215
20180321,1.176588594177156,1.8671685994984608
20180322,1.1664398659248514,1.851063236237823
20180323,1.1260813865476447,1.78701698779588
20180326,1.126406021409959,1.78701698779588
20180327,1.1400904625085349,1.78701698779588
20180328,1.1218677042817637,1.78701698779588
20180329,1.1359419814348242,1.78701698779588
20180330,1.14083843477901,1.78701698779588
20180402,1.138695941875879,1.78701698779588
20180403,1.1303526262321963,1.78701698779588
20180404,1.1266279709824045,1.78701698779588
20180409,1.1265967903738667,1.78701698779588
20180410,1.1444402560007378,1.78701698779588
20180411,1.147964322275401,1.78701698779588
20180412,1.1376705764178057,1.7709928846433403
20180413,1.1305550385437093,1.759916245054828
20180416,1.11641795204327,1.7379092773782105
20180417,1.0974487492009266,1.7379092773782105
20180418,1.1051777360500796,1.7379092773782105
20180419,1.1166533111230448,1.7379092773782105
20180420,1.0995546166413066,1.7379092773782105
20180423,1.0979108776656823,1.7379092773782105
20180424,1.1210851010463703,1.7379092773782105
20180425,1.1180055176944104,1.7331352986027944
20180426,1.0967432662593455,1.700174496615097
20180427,1.0976744950334585,1.7016180900803761
20180502,1.0988423135615921,1.7034284456478912
20180503,1.1078788421570334,1.7174368976972967
20180504,1.1038469720256108,1.7111866812774696
20180507,1.1220825805668426,1.7394555729368668
20180508,1.1327632299759394,1.7560127456966943
20180509,1.1306138000536154,1.752680693384524
20180510,1.135776839678479,1.760684451935188
20180511,1.1289870561485276,1.7501589104066466
20180514,1.1356440337980047,1.7604785758856791
20180515,1.1414382290852059,1.7694607537196092
20180516,1.1338918712862494,1.7577623686309294
20180517,1.1261934429951246,1.7458282434374992
20180518,1.1356312646018476,1.760458781041875
20180521,1.1433382484156742,1.7724061690306652
20180522,1.1411186102156303,1.76896527964887
20180523,1.1261005845670322,1.7456842940410495
20180524,1.1191574442974992,1.7349210184633994
20180525,1.1131470985357734,1.7256037635558061
20180528,1.1154325144767485,1.7256037635558061
20180529,1.1063755250413174,1.7256037635558061
20180530,1.081473597628528,1.7256037635558061
20180531,1.1020070056514466,1.7256037635558061
20180601,1.0917359617412188,1.7256037635558061
20180604,1.0995851439202922,1.7256037635558061
20180605,1.1124308977191124,1.7256037635558061
20180606,1.1104709597160194,1.7256037635558061
20180607,1.1073089322722098,1.7256037635558061
20180608,1.0928528211254256,1.7030757055999441
20180611,1.0911304110691056,1.7030757055999441
20180612,1.1040274484620392,1.7030757055999441
20180613,1.0916915718988376,1.6840463492996685
20180614,1.0874686554391035,1.6840463492996685
20180615,1.0781509635923623,1.6840463492996685
20180619,1.032910270426785,1.6840463492996685
20180620,1.0387516624847561,1.6840463492996685
20180621,1.0242582076199938,1.6840463492996685
20180622,1.0311366344409332,1.6840463492996685
20180625,1.0189486931993263,1.6840463492996685
20180626,1.0142970332327137,1.6840463492996685
20180627,0.9962805162321895,1.6840463492996685
20180628,0.9859025529520338,1.6840463492996685
20180629,1.0127068443880025,1.6840463492996685
20180702,0.9865790937871606,1.6840463492996685
20180703,0.9896861812855984,1.6840463492996685
20180704,0.9761512076148616,1.6840463492996685
20180705,0.9648116541303274,1.6840463492996685
20180706,0.9703844463291706,1.6840463492996685
20180709,0.996106572842481,1.6840463492996685
20180710,0.9993068718589418,1.6840463492996685
20180711,0.9814529604052475,1.6840463492996685
20180712,1.003964946521889,1.7226740060134056
20180713,1.008010424342318,1.7296155227539056
20180716,1.0031095517844784,1.721206259271726
20180717,0.9982376968569069,1.712846786290253
20180718,0.9924048378532851,1.702838354600391
20180719,0.9895536066943673,1.6979460106797994
20180720,1.006609399172431,1.7272115447561716
20180723,1.0155883805734263,1.742618315593698
20180724,1.0320810917092247,1.770917674909734
20180725,1.031412940016234,1.7697712130162422
20180726,1.0207212246556983,1.7514256122110576
20180727,1.0162910464168613,1.7438239993056568
20180730,1.0118396288711362,1.7361859424965036
20180731,1.0125620114718767,1.7374254576140418
20180801,0.9933130572213409,1.7043967415764778
20180802,0.9714687074463751,1.6669146624800262
20180803,0.9562053803217154,1.6407247671315661
20180806,0.9420408408773572,1.6407247671315661
20180807,0.9690944115955625,1.6407247671315661
20180808,0.9536276888750166,1.6407247671315661
20180809,0.9776015799945783,1.6407247671315661
20180810,0.9804627207429623,1.6407247671315661
20180813,0.9784833068174548,1.6407247671315661
20180814,0.9738622759775483,1.6407247671315661
20180815,0.9512528867605626,1.6026333595752054
20180816,0.9457917908272692,1.6026333595752054
20180817,0.9314561817122022,1.6026333595752054
20180820,0.9410237022811347,1.6026333595752054
20180821,0.9567399595074428,1.6026333595752054
20180822,0.9500230327786351,1.6026333595752054
20180823,0.953918723096092,1.6026333595752054
20180824,0.9545072217310082,1.6036220680694888
20180827,0.9772961684836874,1.6419086908300609
20180828,0.9765899122794145,1.6407221434587071
20180829,0.9720773766078876,1.6331408474547986
20180830,0.9607665223441263,1.614138020558223
20180831,0.954633910388871,1.603834911642484
20180903,0.953051769429602,1.6011768320603523
20180904,0.9646358942817029,1.6206387678416367
20180905,0.9467590025300716,1.5906046544596384
20180906,0.9380751061355711,1.5760152542141423
20180907,0.9411836031742985,1.5812376918619078
20180910,0.9266729888479004,1.5812376918619078
20180911,0.9253035507369105,1.5812376918619078
20180912,0.9200659144919958,1.5812376918619078
20180913,0.9288480868562086,1.5812376918619078
20180914,0.927553267949718,1.5812376918619078
20180917,0.9162254782717116,1.5812376918619078
20180918,0.934100967275049,1.5812376918619078
20180919,0.9459914089488984,1.5812376918619078
20180920,0.9453088256480987,1.5800967444570477
20180921,0.9704785182898792,1.6221682329729785
20180925,0.9632235735235322,1.6100414926998605
20180926,0.9724290113038322,1.6254285089566713
20180927,0.9665462285661703,1.6155953564461625
20180928,0.9763647871392219,1.6320072125672596
20181008,0.9368859978955868,1.5660178716593227
20181009,0.9358382685679556,1.5642665776327094
20181010,0.9340546642381713,1.5612852583871608
20181011,0.8843553872460034,1.4782122311959103
20181012,0.8929980524023435,1.4782122311959103
20181015,0.879592414000162,1.4782122311959103
20181016,0.8692501646937805,1.4782122311959103
20181017,0.8746124224211532,1.4782122311959103
20181018,0.8530642340485928,1.4782122311959103
20181019,0.8779458371889065,1.4782122311959103
20181022,0.9171463722672641,1.4782122311959103
20181023,0.8945052035050745,1.4782122311959103
20181024,0.8951387852057351,1.4782122311959103
20181025,0.8959142864661472,1.4782122311959103
20181026,0.891416612443928,1.4707913017029772
20181029,0.8670328831909182,1.4305594096922558
20181030,0.8762778332096809,1.4305594096922558
20181031,0.8889868208473087,1.4305594096922558
20181101,0.8952790368566861,1.4305594096922558
20181102,0.9264841426072404,1.4804218054640037
20181105,0.9206923482892212,1.471167142370657
20181106,0.9162980212223476,1.4641454813286956
20181107,0.9105859434362052,1.4550181966616158
20181108,0.9070121160061422,1.449307605607632
20181109,0.8965418688192675,1.4325772790632105
20181112,0.9101677064006712,1.4543498989554997
20181113,0.9210995555623668,1.4718178157052397
20181114,0.9132063125003694,1.4592052640085378
20181115,0.9248932684209775,1.477879759975275
20181116,0.9300987491185341,1.4861975570947143
20181119,0.9386377392074462,1.4998419429432324
20181120,0.9156964485354049,1.4631842330111418
20181121,0.9182719898652493,1.4672996704700554
20181122,0.9154947864321873,1.4628619987048976
20181123,0.8915883422657207,1.4246620775108356
20181126,0.8907447027235027,1.4246620775108356
20181127,0.890851996846783,1.4246620775108356
20181128,0.902484585314024,1.4246620775108356
20181129,0.8888923192924376,1.4246620775108356
20181130,0.8979582714059126,1.4246620775108356
20181203,0.9237446027382854,1.4246620775108356
20181204,0.9262184293907905,1.4284773820957957
20181205,0.9211916372935495,1.4207247196702277
20181206,0.9015413867995999,1.390418759982526
20181207,0.9015045610044331,1.3903619647236494
20181210,0.891039275222426,1.3742216855385347
20181211,0.8960437935698057,1.3742216855385347
20181212,0.8982601902242318,1.3742216855385347
20181213,0.9112770519170337,1.3742216855385347
20181214,0.8945037910905177,1.3489273157126929
20181217,0.8931647928187703,1.3489273157126929
20181218,0.8849667707004109,1.3489273157126929
20181219,0.8740102099945195,1.3489273157126929
20181220,0.8695066934043375,1.3489273157126929
20181221,0.8599226281286896,1.3489273157126929
20181224,0.863967782859988,1.3489273157126929
20181225,0.857030834654003,1.3489273157126929
20181226,0.8529036692155413,1.3489273157126929
20181227,0.8480840704261414,1.3489273157126929
20181228,0.852735368310703,1.3489273157126929
20190102,0.8421169729598655,1.3489273157126929
20190103,0.8401529925962266,1.3489273157126929
20190104,0.8602518128705039,1.3489273157126929
20190107,0.8680421989401663,1.3489273157126929
20190108,0.8660723029021908,1.3489273157126929
20190109,0.8732360910336323,1.3600850787101908
20190110,0.8716442025597605,1.3576056761952064
20190111,0.8780148439885732,1.367528095158542
20190114,0.8708115494461505,1.3563088000271337
20190115,0.8867370883464047,1.3811131891849568
20190116,0.8863518247975777,1.3805131324425581
20190117,0.8810027030932648,1.3721817536906455
20190118,0.8953575623696345,1.3945397735998606
20190121,0.9003777318671312,1.4023588018056912
20190122,0.8880481836367656,1.3831552499283193
20190123,0.8879245286109423,1.3829626544123337
20190124,0.8928360847668717,1.3906125148676198
20190125,0.8973591601194836,1.3976573076334426
20190128,0.8966465592844778,1.396547415620596
20190129,0.8961979367056965,1.3958486757475672
20190130,0.8886067888985599,1.384025290332348
20190131,0.8939647787860585,1.3923704814813316
20190201,0.9096197350486555,1.4167534320249995
20190211,0.9276727993391446,1.4448714903812754
20190212,0.9346007971751584,1.4556620046291984
20190213,0.9525160606945493,1.4835654351493943
20190214,0.9545859832509551,1.486789386623641
20190215,0.9395133546891051,1.4633134247223782
20190218,0.9703173350077835,1.511291324887642
20190219,0.9693055545621142,1.509715453824575
20190220,0.9719566370131082,1.5138445750565657
20190221,0.9695503388892707,1.5100967109831902
20190222,0.9920085910535779,1.545075949675019
20190225,1.0501536194329937,1.6356381542289056
20190226,1.040253343220926,1.6202182487882082
20190227,1.03786810351945,1.6165031836867594
20190228,1.0362932386933263,1.6140502958904466
20190301,1.0555940877872967,1.644111807466398
20190304,1.0696230098813257,1.6659621727987464
20190305,1.0811166998370851,1.6838638563968737
20190306,1.0926899951349702,1.7018895271264565
20190307,1.0876733637743312,1.6940760096492775
20190308,1.044659646530512,1.6270811664403468
20190311,1.0706297602425179,1.667530209390801
20190312,1.080764623927497,1.667530209390801
20190313,1.0678128268097125,1.667530209390801
20190314,1.056018480006249,1.667530209390801
20190315,1.0689878569410103,1.667530209390801
20190318,1.0989235261595394,1.667530209390801
20190319,1.0961442647930624,1.667530209390801
20190320,1.0961347307816691,1.667530209390801
20190321,1.1000960079802002,1.667530209390801
20190322,1.1010468328224914,1.667530209390801
20190325,1.0779366138606947,1.667530209390801
20190326,1.0611550004502486,1.667530209390801
20190327,1.0729853970641572,1.667530209390801
20190328,1.06590184608647,1.667530209390801
20190329,1.1055663720326758,1.667530209390801
20190401,1.137770362230071,1.667530209390801
20190402,1.1380749098198757,1.667530209390801
20190403,1.1519739980314538,1.6878954325196218
20190404,1.1623184716681452,1.703052362999848
20190408,1.1600485542902443,1.699726434479844
20190409,1.1644577506973175,1.7061868775881939
20190410,1.1663192105626357,1.7089143259593016
20190411,1.141252846559081,1.6721865861112022
20190412,1.1386870719127942,1.6684271615810107
20190415,1.1329719553891329,1.6600532580961318
20190416,1.162606413292604,1.6600532580961318
20190417,1.1644336687845385,1.6600532580961318
20190418,1.1595573393941532,1.6600532580961318
20190419,1.171688414203334,1.6600532580961318
20190422,1.1469916858655507,1.6600532580961318
20190423,1.1408498195825023,1.6600532580961318
20190424,1.1457819052584768,1.6600532580961318
20190425,1.115863864027453,1.6600532580961318
20190426,1.1020922685885046,1.6600532580961318
20190429,1.0973802293516437,1.6600532580961318
20190430,1.1022149752527117,1.6600532580961318
20190506,1.0334134676977902,1.6600532580961318
20190507,1.04433974465111,1.6600532580961318
20190508,1.031653675645244,1.6600532580961318
20190509,1.0141785897405653,1.6600532580961318
20190510,1.0509263612052135,1.6600532580961318
20190513,1.0347888743310745,1.6600532580961318
20190514,1.027727764495545,1.6600532580961318
20190515,1.05078871805161,1.6600532580961318
20190516,1.055975003763705,1.6600532580961318
20190517,1.0273335089676634,1.6600532580961318
20190520,1.0197443229355736,1.6600532580961318
20190521,1.0345192914364996,1.6600532580961318
20190522,1.029120560102411,1.6600532580961318
20190523,1.0099566021870463,1.6600532580961318
20190524,1.0105325228394266,1.6600532580961318
20190527,1.0258179109418704,1.6600532580961318
20190528,1.0329515611526854,1.6600532580961318
20190529,1.0312224792319498,1.6600532580961318
20190530,1.0248321909206417,1.6497662258164811
20190531,1.021667429925864,1.644671620233029
20190603,1.0192477857897857,1.6407764974904355
20190604,1.009152066542678,1.6245244937119037
20190605,1.0082770956086,1.6231159728746372
20190606,0.996106586347848,1.6035239896141014
20190610,1.0082771566812803,1.6231160711889232
20190611,1.0402723429883418,1.6746216525179776
20190612,1.0323403244657459,1.6618527559346512
20190613,1.0318128607181867,1.661003649238184
20190614,1.0211899296329687,1.6439029442848931
20190617,1.0215402252097443,1.644466847152833
20190618,1.0239666630609705,1.6483729063608286
20190619,1.0373763025211873,1.6699596309756828
20190620,1.0661895484122275,1.716342951433719
20190621,1.070712201225017,1.7236234798243537
20190624,1.0724103076431986,1.7263570772282775
20190625,1.0614012408090405,1.7086347741998817
20190626,1.0592787396467882,1.705217989712858
20190627,1.0701639599581003,1.722740925652294
20190628,1.0652991189283605,1.7149095455532546
20190701,1.0963469534229502,1.7648900879168778
20190702,1.095823214430509,1.764046977299815
20190703,1.0843118388120114,1.7455160618227905
20190704,1.0791582334828607,1.7372198313876566
20190705,1.0843222712423575,1.745532855861259
20190708,1.056354495342448,1.7005105658711042
20190709,1.054840052663135,1.6980726288064798
20190710,1.0515567288549839,1.6980726288064798
20190711,1.0512599267359173,1.6980726288064798
20190712,1.0571186987276817,1.6980726288064798
20190715,1.0636313606475478,1.6980726288064798
20190716,1.060271747723018,1.6980726288064798
20190717,1.059643613303384,1.6980726288064798
20190718,1.0476160244878727,1.6980726288064798
20190719,1.0577798642025076,1.6980726288064798
20190722,1.0470064354822126,1.6980726288064798
20190723,1.0511480722298692,1.6980726288064798
20190724,1.0599964017473054,1.6980726288064798
20190725,1.067580125491433,1.6980726288064798
20190726,1.0694962650079225,1.6980726288064798
20190729,1.068517413342249,1.6980726288064798
20190730,1.073236776214167,1.7055725729516509
20190731,1.0647878141379192,1.692145602960938
20190801,1.056332970940412,1.6787092867762254
20190802,1.0413302711066734,1.6787092867762254
20190805,1.023114797835192,1.6787092867762254
20190806,1.009590891779705,1.6787092867762254
20190807,1.0051859472860367,1.6787092867762254
20190808,1.0168719179066645,1.6787092867762254
20190809,1.0064274092902326,1.6787092867762254
20190812,1.0246671960386675,1.6787092867762254
20190813,1.0162096443125124,1.6787092867762254
20190814,1.0210347296175444,1.6787092867762254
20190815,1.0246457823148272,1.6787092867762254
20190816,1.0289737697033077,1.6787092867762254
20190819,1.0538289561843488,1.6787092867762254
20190820,1.0529818619129,1.6773598979480757
20190821,1.0522138830510008,1.6761365369463188
20190822,1.0549692015631367,1.680525654124401
20190823,1.0607836421243662,1.68978783591421
20190826,1.0474351853485049,1.6685242539806637
20190827,1.0623742997932955,1.6923216928416014
20190828,1.0589074132436638,1.6867990749509918
20190829,1.0565634734667089,1.683065268389569
20190830,1.0561411479159233,1.6823925199136553
20190902,1.0726744602636618,1.7087294551595924
20190903,1.0756099095320644,1.71340551375412
20190904,1.0849809695608914,1.72833325454641
20190905,1.0956269041487074,1.7452918218301245
20190906,1.101374267332893,1.7544471519196503
20190909,1.1120793571308165,1.7714999511942264
20190910,1.108239050559721,1.7653824894684564
20190911,1.1006048609833878,1.753221516984646
20190912,1.1108757866768757,1.7695827094193985
20190916,1.108137564268699,1.7652208256821094
20190917,1.0884128409486897,1.7338000946212722
20190918,1.092449072242736,1.7402296569493232
20190919,1.0980460855163963,1.7491454853724888
20190920,1.1010845445373005,1.7491454853724888
20190923,1.0898296764114077,1.7491454853724888
20190924,1.0925061641020721,1.7491454853724888
20190925,1.0813498966048454,1.7491454853724888
20190926,1.0690810637721968,1.7491454853724888
20190927,1.073313952759935,1.7491454853724888
20190930,1.0619155278123114,1.7491454853724888
20191008,1.0668784202538746,1.7491454853724888
20191009,1.0701373134134036,1.7491454853724888
20191010,1.0800200621919889,1.7491454853724888
20191011,1.0883686341058643,1.7491454853724888
20191014,1.1010219297818098,1.7491454853724888
20191015,1.093848900965226,1.7491454853724886
20191016,1.0898073894246145,1.7426828088007034
20191017,1.0899084644026182,1.7428444351837469
20191018,1.0745714110599358,1.7183193498729716
20191021,1.0764575718657168,1.7183193498729716
20191022,1.0824082449773786,1.7183193498729716
20191023,1.0751816932536784,1.7183193498729716
20191024,1.0746317196388417,1.7183193498729716
20191025,1.0820208039118704,1.7183193498729716
20191028,1.0929006732018363,1.7183193498729716
20191029,1.0855276375934966,1.7183193498729716
20191030,1.0784492795248841,1.7183193498729716
20191031,1.0759469087863875,1.7183193498729716
20191101,1.0921801452544764,1.7183193498729716
20191104,1.098937621738254,1.7289508401530678
20191105,1.1060791229421592,1.7401865138275348
20191106,1.0996955218203155,1.7301432390278642
20191107,1.1028111657963127,1.7350450598076437
20191108,1.0978383412544659,1.72722134989046
20191111,1.0772529611575297,1.694834515997949
20191112,1.0776716188833007,1.6954931872567993
20191113,1.0765669852123996,1.6954931872567993
20191114,1.0796586913712451,1.6954931872567993
20191115,1.0713190707744602,1.6954931872567993
20191118,1.0790884453788767,1.6954931872567993
20191119,1.091583727911718,1.6954931872567993
20191120,1.0817801783967815,1.6954931872567993
20191121,1.0778566761477912,1.6954931872567993
20191122,1.0673147372845222,1.6954931872567993
20191125,1.0731784997407663,1.6954931872567993
20191126,1.0750515909018639,1.6954931872567993
20191127,1.0727504704291113,1.6954931872567993
20191128,1.069150037724014,1.6954931872567993
20191129,1.0622736769609251,1.6954931872567993
20191202,1.0643674549909432,1.6954931872567993
20191203,1.068620726203263,1.6954931872567993
20191204,1.0680495687281522,1.6954931872567993
20191205,1.0767018496344432,1.6954931872567993
20191206,1.0837626836862821,1.6954931872567995
20191209,1.0829916226332865,1.6942869003251748
20191210,1.085270966062023,1.6978528205335515
20191211,1.0846631234341082,1.6969018807659555
20191212,1.0813870541381583,1.6917766321705976
20191213,1.1009219476688528,1.7223380081929032
20191216,1.1097471559022025,1.7361446105616727
20191217,1.124823612315791,1.7597309819342941
20191218,1.1228568520424096,1.7566540826327393
20191219,1.1219944275785632,1.7553048621576426
20191220,1.116959993139714,1.747428738148901
20191223,1.1011807242955856,1.7227428514434147
20191224,1.1106359935010013,1.737535153081752
20191225,1.1112622773255354,1.7385149431905744
20191226,1.1205422234674878,1.7530329605560302
20191227,1.1176464460990254,1.7485026598970885
20191230,1.1334827128758684,1.773277717052951
20191231,1.1379595326746241,1.780281480500082
20200102,1.154790753000382,1.8066130933384896
20200103,1.1539833307044378,1.805349921038299
20200106,1.1534339341544604,1.8044904172727507
20200107,1.1633105710566023,1.8199419278595814
20200108,1.1492525170923242,1.797948796815939
20200109,1.1640516118192796,1.821101249529825
20200110,1.1629030578646182,1.8193043935994275
20200113,1.1756086661737057,1.8391816902182205
20200114,1.171725273288175,1.8331063138651031
20200115,1.1661812934526734,1.8244330312517822
20200116,1.1623042338633092,1.8183675630276903
20200117,1.1626213427902379,1.818863664280593
20200120,1.1731481522071632,1.818863664280593
20200121,1.1547299182189545,1.818863664280593
20200122,1.1610993685439486,1.818863664280593
20200123,1.1238291337556212,1.818863664280593
20200203,1.0330439013024897,1.818863664280593
20200204,1.058025802953017,1.818863664280593
20200205,1.0736429918586137,1.818863664280593
20200206,1.0968786217679183,1.818863664280593
20200207,1.0991562699956388,1.818863664280593
20200210,1.105715940808752,1.818863664280593
20200211,1.1120313903295882,1.818863664280593
20200212,1.1238565408289964,1.818863664280593
20200213,1.116239409599921,1.818863664280593
20200214,1.1225278740467213,1.818863664280593
20200217,1.1504219574794388,1.8188636642805929
20200218,1.149606331980232,1.8175741273637054
20200219,1.1453292041652388,1.8108118152228454
20200220,1.1703919851656164,1.8504370860993564
20200221,1.1753766184465513,1.8583179930096527
20200224,1.1760244893494358,1.8593423031219034
20200225,1.1757697721505973,1.8589395849239216
20200226,1.157073997944207,1.8293808094168005
20200227,1.1601060907943037,1.8341746709003288
20200228,1.1139107237021841,1.7611379263252744
20200302,1.1518713231999285,1.8211551701303497
20200303,1.1592069432185694,1.8327530822008986
20200304,1.164545405712184,1.8411934074134273
20200305,1.1882844796093006,1.878725843798543
20200306,1.1719227325206534,1.8528572596062762
20200309,1.1297667965438458,1.7862070190719679
20200310,1.155541583523542,1.8269580002116685
20200311,1.1396445547582734,1.8269580002116685
20200312,1.1183172246131425,1.8269580002116685
20200313,1.1046572572410616,1.8269580002116685
20200316,1.0560030789607238,1.8269580002116685
20200317,1.0527634376605883,1.8269580002116685
20200318,1.0324600701521458,1.8269580002116685
20200319,1.024431440990754,1.8269580002116685
20200320,1.0411539174125017,1.8269580002116685
20200323,1.0038200869737408,1.8269580002116685
20200324,1.0288678192110576,1.8269580002116685
20200325,1.055707887502387,1.8269580002116685
20200326,1.0478875555953997,1.8269580002116685
20200327,1.048948970673763,1.8269580002116685
20200330,1.035698251020591,1.8269580002116685
20200331,1.0389564287974347,1.8269580002116685
20200401,1.0354625510935929,1.8269580002116685
20200402,1.054604340522908,1.8607315493364727
20200403,1.048024439271031,1.8491220486162163
20200407,1.0741762793311975,1.8952640489886263
20200408,1.070667371311356,1.8890729727666173
20200409,1.0758959204811969,1.8982981636972331
20200410,1.0650414172672529,1.8791466053293382
20200413,1.0596453641018133,1.8696258723103067
20200414,1.0810966799242892,1.9074743227593824
20200415,1.0740714846013995,1.8950791503944837
20200416,1.077597743104635,1.9013008396062248
20200417,1.0855209877493237,1.9152805196786329
20200420,1.091716479459484,1.926211772704798
20200421,1.0801514120115099,1.9058065031228621
20200422,1.089019401459622,1.9214530798637688
20200423,1.0854424196793029,1.9151418950958954
20200424,1.074175388713313,1.8952624775928597
20200427,1.0792271782165315,1.9041757958374865
20200428,1.0828617275847,1.9105885521832633
20200429,1.0865866998561593,1.917160849640783
20200430,1.10273210657804,1.9456476162032805
20200506,1.1127308397213822,1.9632892638794015
20200507,1.1100319658850373,1.9585274024855106
20200508,1.1213966861750875,1.9785791818880072
20200511,1.120069613831955,1.9762377109853804
20200512,1.1209068446733894,1.9777149112782997
20200513,1.1238153264824673,1.9828466025248377
20200514,1.112175669409534,1.9623097278820445
20200515,1.1106079882710729,1.9595437296383924
20200518,1.1112455293796697,1.9606685997049966
20200519,1.1218325627350934,1.9793482373865054
20200520,1.114391628910307,1.9662195408770262
20200521,1.1065919317467723,1.952457846533664
20200522,1.0825674020441778,1.952457846533664
20200525,1.0830771694058539,1.952457846533664
20200526,1.0975741352810218,1.952457846533664
20200527,1.0892181365371032,1.952457846533664
20200528,1.0911155503578478,1.952457846533664
20200529,1.0956206896178835,1.952457846533664
20200601,1.126053535057369,1.952457846533664
20200602,1.1284777512393072,1.952457846533664
20200603,1.1287863432326637,1.9529917630048967
20200604,1.1286952032137771,1.9528340753191513
20200605,1.133166593158797,1.9605703380620172
20200608,1.137022372546496,1.9672414901620459
20200609,1.1441181121208521,1.9795183227302522
20200610,1.1428075659247503,1.9772508556038388
20200611,1.1321827676615852,1.9588681531411878
20200612,1.1338198015243577,1.9617004992879339
20200615,1.1235146145617296,1.9438707785662954
20200616,1.1414559614861126,1.9749123507562867
20200617,1.1441030108131247,1.9794921949074105
20200618,1.149754602309816,1.9892704064414877
20200619,1.1639719157156616,2.0138687692230195
20200622,1.1645174925944346,2.014812709727542
20200623,1.1697370282145343,2.023843391338707
20200624,1.172627713490396,2.0288447669905683
20200629,1.1650421840157057,2.015720514849393
20200630,1.1817117690462768,2.044561723331931
20200701,1.2004426724000057,2.076969362016423
20200702,1.2238866822490935,2.117531474059656
20200703,1.2455504619106947,2.1550134860350076
20200706,1.3113865198283736,2.2689210289396424
20200707,1.3213736539759093,2.2862004643643337
20200708,1.3453316429928805,2.3276518475147605
20200709,1.3674962429226027,2.3660003634695856
20200710,1.3479430057964068,2.332169947929493
20200713,1.380402272907513,2.3883299836007432
20200714,1.365924158690677,2.3632803911966147
20200715,1.3441771824060105,2.3256544349571153
20200716,1.2795346657295035,2.213811920768314
20200717,1.286820309884451,2.2264173204598516
20200720,1.3248513191737639,2.2264173204598516
20200721,1.3289602072167024,2.2264173204598516
20200722,1.3368154068992648,2.2264173204598516
20200723,1.3363462872162513,2.2264173204598516
20200724,1.275393747570597,2.2264173204598516
20200727,1.2809945827901217,2.2264173204598516
20200728,1.2925240882694964,2.2264173204598516
20200729,1.324673508924847,2.2264173204598516
20200730,1.3188475507899506,2.2264173204598516
20200731,1.3305487476590963,2.2264173204598516
20200803,1.354825473318963,2.2264173204598516
20200804,1.3536575485726854,2.2264173204598516
20200805,1.35769773065531,2.2264173204598516
20200806,1.354503632141055,2.2264173204598516
20200807,1.3387231634017067,2.2264173204598516
20200810,1.344150131433347,2.2264173204598516
20200811,1.3287132843184255,2.2264173204598516
20200812,1.3177945407803102,2.2264173204598516
20200813,1.3164578308407469,2.2264173204598516
20200814,1.3346887701313355,2.2264173204598516
20200817,1.3643105726886178,2.2264173204598516
20200818,1.366025190517589,2.2264173204598516
20200819,1.344479721874301,2.2264173204598516
20200820,1.3277245813078582,2.2264173204598516
20200821,1.3386862190424202,2.2264173204598516
20200824,1.3488181878583854,2.2264173204598516
20200825,1.3482789009259442,2.2264173204598516
20200826,1.3300191816973428,2.2264173204598516
20200827,1.3380357161219045,2.2264173204598516
20200828,1.3677204808222378,2.2264173204598516
20200831,1.3605916861126293,2.2264173204598516
20200901,1.3682086788438736,2.2264173204598516
20200902,1.3689300388317227,2.2275911533671175
20200903,1.3604360614478688,2.213769330234855
20200904,1.34824893603189,2.1939378326480403
20200907,1.3197420374215816,2.1939378326480403
20200908,1.3273845227188343,2.1939378326480403
20200909,1.2951588883496221,2.1939378326480403
20200910,1.2888856356989766,2.1939378326480403
20200911,1.3023597402785267,2.1939378326480403
20200914,1.3093830339467485,2.1939378326480403
20200915,1.3191837132156943,2.1939378326480403
20200916,1.3108357347551414,2.1939378326480403
20200917,1.3062394732218157,2.1939378326480403
20200918,1.3335997140815663,2.1939378326480403
20200921,1.32268566847934,2.1939378326480403
20200922,1.3064368588115773,2.1939378326480403
20200923,1.311630356586258,2.1939378326480403
20200924,1.2852103890209534,2.1939378326480403
20200925,1.2862915485978477,2.1939378326480403
20200928,1.2858757742907085,2.1939378326480403
20200929,1.2904996105756366,2.1939378326480403
20200930,1.2877287831375521,2.1939378326480403
20201009,1.315990539618966,2.1939378326480403
20201012,1.3554180051640248,2.1939378326480403
20201013,1.3593360307162667,2.200279717185206
20201014,1.3503303194270269,2.185702685869337
20201015,1.3461100417736882,2.178871563091963
20201016,1.343020746871199,2.1738710975994318
20201019,1.3317713603382852,2.155662357111545
20201020,1.343100880938971,2.174000806045313
20201021,1.339281348733507,2.1678183470720227
20201022,1.3344595838358047,2.1600136311918297
20201023,1.3165651113200512,2.1310488689575835
20201026,1.3108094163064037,2.1217324536557984
20201027,1.3128610080947114,2.1217324536557984
20201028,1.322176957228216,2.1217324536557984
20201029,1.3302170113717273,2.1217324536557984
20201030,1.3064721153438612,2.1217324536557984
20201102,1.313478460488005,2.1217324536557984
20201103,1.3304985188092056,2.1217324536557984
20201104,1.337790581613548,2.1217324536557984
20201105,1.3589076720238409,2.15522410523871
20201106,1.3564789901388932,2.1513722219576334
20201109,1.3828721806336437,2.193231754830626
20201110,1.374574100271372,2.1800710205201477
20201111,1.3601965163269818,2.1572682090194273
20201112,1.3619932455373087,2.160117816968815
20201113,1.3505697548043396,2.142000189774173
20201116,1.3646698795542296,2.164362951699402
20201117,1.3601276951425538,2.1571590587962857
20201118,1.3596587007944458,2.1564152349552166
20201119,1.3683612256976536,2.1702174172770663
20201120,1.3747427271540495,2.1803384623264015
20201123,1.390379159082144,2.205137803521645
20201124,1.38394071401428,2.194926446049618
20201125,1.364123736806505,2.1634967706931203
20201126,1.3651964796614977,2.1651981381277157
20201127,1.3790700362610755,2.1651981381277157
20201130,1.3731525460347476,2.1651981381277157
20201201,1.4011862601994451,2.1651981381277157
20201202,1.4016058016083632,2.165846439001953
20201203,1.3997467247382291,2.162973680474277
20201204,1.402819483444534,2.167721893912268
20201207,1.3915018018074798,2.150233124642589
20201208,1.3888104962194254,2.146074355738048
20201209,1.368652248920154,2.11492460729983
20201210,1.368826741353373,2.11492460729983
20201211,1.352422080865735,2.11492460729983
20201214,1.3645228274564558,2.11492460729983
20201215,1.3670266016494952,2.11492460729983
20201216,1.3673704256724695,2.11492460729983
20201217,1.3845867537132222,2.11492460729983
20201218,1.379995965753067,2.11492460729983
20201221,1.3953123345942602,2.11492460729983
20201222,1.3703821230716542,2.11492460729983
20201223,1.3822728895605227,2.11492460729983
20201224,1.3756173633970061,2.11492460729983
20201225,1.3882211841232752,2.11492460729983
20201228,1.391275006536522,2.11492460729983
20201229,1.3844540239699066,2.1045557989705475
20201230,1.4029901599249988,2.1327332116829854
20201231,1.4286597914278094,2.171754494370125
20210104,1.4464602090780174,2.198813516584832
20210105,1.4707615492054462,2.2357548128665843
20210106,1.4806365238283903,2.2507660987219356
20210107,1.5015618448993235,2.282575393247205
20210108,1.4986459603438185,2.278142857645322
20210111,1.4819558871421354,2.252771707911419
20210112,1.5193825301770039,2.3096652249739584
20210113,1.5131347667629098,2.30016778663648
20210114,1.4873782785308038,2.261014470071615
20210115,1.4836096633841158,2.2552856696031762
20210118,1.5013257903030512,2.2822165586013035
20210119,1.4821642656269916,2.253088471156057
20210120,1.4933959952951017,2.270162206647619
20210121,1.5165951083270481,2.270162206647619
20210122,1.5183741654041394,2.270162206647619
20210125,1.5306865258535467,2.270162206647619
20210126,1.5009993372134256,2.226133117389882
20210127,1.5054015806552554,2.226133117389882
20210128,1.4661226339387623,2.226133117389882
20210129,1.4573280459500377,2.226133117389882
20210201,1.473658805564291,2.226133117389882
20210202,1.4944892217163581,2.226133117389882
20210203,1.4883130788547592,2.226133117389882
20210204,1.4823665065065381,2.226133117389882
20210205,1.4799067798299907,2.226133117389882
20210208,1.5013416066847938,2.226133117389882
20210209,1.5339830785563071,2.226133117389882
20210210,1.5631927838547885,2.226133117389882
20210218,1.5592970328133824,2.22058520257096
20210219,1.5659750139583115,2.2300952739694297
20210222,1.5250158173542487,2.1717655369314053
20210223,1.5199490501582404,2.1645499852927106
20210224,1.4849338830479033,2.1645499852927106
20210225,1.4898693869066835,2.1645499852927106
20210226,1.4548385931934094,2.1645499852927106
20210301,1.4785055369321025,2.1645499852927106
20210302,1.461015309473381,2.1645499852927106
20210303,1.4874164800450431,2.1645499852927106
20210304,1.4447559045910228,2.1645499852927106
20210305,1.4410094623501473,2.1645499852927106
20210308,1.394731826405463,2.1645499852927106
20210309,1.364078413980874,2.1645499852927106
20210310,1.3687076488819556,2.1645499852927106
20210311,1.4028119415977673,2.1645499852927106
20210312,1.4070934343544557,2.1645499852927106
20210315,1.381063635700319,2.1645499852927106
20210316,1.3914491745287259,2.1645499852927106
20210317,1.3975219796568743,2.1645499852927106
20210318,1.4086475395273312,2.1645499852927106
20210319,1.376604447162558,2.1645499852927106
20210322,1.392212737018616,2.1645499852927106
20210323,1.3776708242266982,2.1645499852927106
20210324,1.3566760037579209,2.1645499852927106
20210325,1.3569123682177668,2.1645499852927106
20210326,1.3853889230180638,2.1645499852927106
20210329,1.3874268268290413,2.1645499852927106
20210330,1.3988718101653415,2.1824055132623426
20210331,1.3876766456211607,2.1649397321624924
20210401,1.4038335761277014,2.190146455150715
20210402,1.4153764894000078,2.208154765405829
20210406,1.4116775228628757,2.202383940012574
20210407,1.4041283555824828,2.1906063459731877
20210408,1.4063534232569324,2.194077714775399
20210409,1.3889084911094434,2.166861556854061
20210412,1.3648061922672616,2.1292591193088675
20210413,1.3622375600719303,2.1252517492096934
20210414,1.3743264742806098,2.1441118855185803
20210415,1.3675429492990234,2.133528784042386
20210416,1.3743570370625369,2.133528784042386
20210419,1.4043494205460336,2.133528784042386
20210420,1.4037258236205121,2.132581397323116
20210421,1.4065718189237144,2.136905116769143
20210422,1.4058023492828875,2.1357361159470307
20210423,1.4164893147173334,2.15197206693962
20210426,1.4030842094047216,2.1316066382086016
20210427,1.4060812332218653,2.1361598045978116
20210428,1.4143589940333368,2.148735621342782
20210429,1.4240157843532508,2.16340650011951
20210430,1.4150376627492742,2.149766674739535
20210506,1.4019402808976602,2.129868748506085
20210507,1.3858348713254156,2.105400938430858
20210510,1.3866324273846822,2.1066126089627337
20210511,1.3921397709025891,2.1066126089627337
20210512,1.3995068923282823,2.1066126089627337
20210513,1.3848646077763875,2.1066126089627337
20210514,1.414224122461763,2.1066126089627337
20210517,1.4326624921252014,2.134078200451939
20210518,1.4342827287458428,2.1364916869993227
20210519,1.4302479880418535,2.1304815818781315
20210520,1.4314566259341164,2.132281955512743
20210521,1.4192828555882433,2.1141480418692735
20210524,1.4246469131045971,2.122138282609533
20210525,1.4630714146357264,2.179374995046372
20210526,1.4639373808482998,2.1806649287374817
20210527,1.4705450209908213,2.190507596401426
20210528,1.4660228058027787,2.1837713546811313
20210531,1.4712891701134585,2.1916160727028813
20210601,1.4739677792982673,2.195606099314349
20210602,1.460034557560104,2.1748513263396134
20210603,1.4519583477327667,2.1628210935181835
20210604,1.4589573501005686,2.173246730023737
20210607,1.459382537033382,2.173880083775525
20210608,1.447839997050751,2.1566864438986006
20210609,1.4491681684776436,2.1566864438986006
20210610,1.4602504651029873,2.1566864438986006
20210611,1.4483022497494984,2.1566864438986006
20210615,1.4327714762814894,2.1566864438986006
20210616,1.4095391865604174,2.1566864438986006
20210617,1.4165212631765902,2.1566864438986006
20210618,1.4186088852538694,2.1566864438986006
20210621,1.4183340610367885,2.1566864438986006
20210622,1.4267365419243743,2.1566864438986006
20210623,1.4345591697601718,2.1566864438986006
20210624,1.434735627496255,2.1566864438986006
20210625,1.455652585325252,2.1566864438986006
20210628,1.4589058660748666,2.1566864438986006
20210629,1.4426720215627107,2.132688108429623
20210630,1.4519280988089158,2.146371277977962
20210701,1.4487874244100292,2.141728449363528
20210702,1.4138963947786012,2.0901493774236637
20210705,1.4174096706742207,2.0901493774236637
20210706,1.4167457217113504,2.0901493774236637
20210707,1.4317265039260128,2.0901493774236637
20210708,1.4196966601240906,2.0901493774236637
20210709,1.4182743816968288,2.0901493774236637
20210712,1.4366738017773089,2.0901493774236637
20210713,1.4414218847233404,2.0901493774236637
20210714,1.4256663026335636,2.0901493774236637
20210715,1.4420217199798364,2.0901493774236637
20210716,1.4294213169810894,2.0901493774236637
20210719,1.4317521632227284,2.0901493774236637
20210720,1.4313294932343743,2.0901493774236637
20210721,1.4428515954857812,2.0901493774236637
20210722,1.4465014538210894,2.0954366496220636
20210723,1.4310487668449452,2.073051517177561
20210726,1.3900498248557605,2.0136594678900033
20210727,1.34538694353998,2.0136594678900033
20210728,1.3427335633602648,2.0136594678900033
20210729,1.3686196700767408,2.0136594678900033
20210730,1.3605644925823193,2.0136594678900033
20210802,1.391996730086788,2.0136594678900033
20210803,1.389481025508746,2.0136594678900033
20210804,1.4045359257793235,2.0136594678900033
20210805,1.3970809760884433,2.0136594678900033
20210806,1.3925012303181201,2.007058527365596
20210809,1.4082422245600021,2.029746548054213
20210810,1.4225531527217368,2.050373366742886
20210811,1.419115937978214,2.0454191943434847
20210812,1.411067216115939,2.0338183027274805
20210813,1.404846013976336,2.024851476319792
20210816,1.4020440606527926,2.0208129274202604
20210817,1.3721369959710406,1.9777068763151764
20210818,1.3866131295980821,1.9985718111582143
20210819,1.379958082720261,1.9889796698406106
20210820,1.3586085791115319,1.9889796698406106
20210823,1.3779478102095517,1.9889796698406106
20210824,1.392421343258579,1.9889796698406106
20210825,1.3974772642253563,1.9889796698406108
20210826,1.3749996912883948,1.9569881400007618
20210827,1.3833920154871204,1.9569881400007618
20210830,1.3826315848280926,1.9569881400007618
20210831,1.3823199837633053,1.9569881400007618
20210901,1.393132872537686,1.956988140000762
20210902,1.3985269901251016,1.9645654675855408
20210903,1.3914813100392691,1.9546681256750758
20210906,1.4146887309186036,1.9872684959026006
20210907,1.4342600803952665,2.0147611346628014
20210908,1.4319285661931365,2.011485965630647
20210909,1.4349524333989296,2.01573370995951
20210910,1.4438652554890405,2.0282538991447034
20210913,1.44109384180934,2.024360786140823
20210914,1.4206235870938686,1.9956054200945101
20210915,1.4115599867730144,1.9828734268415558
20210916,1.3917640274090617,1.9550652698029352
20210917,1.3997130473560613,1.9550652698029352
20210922,1.395095543746994,1.9550652698029352
20210923,1.4042077674667675,1.9550652698029352
20210924,1.3975497645713444,1.9550652698029352
20210927,1.3935700423194728,1.9550652698029352
20210928,1.3963002665524233,1.9550652698029352
20210929,1.3765391952220958,1.9550652698029352
20210930,1.3879765775973856,1.9550652698029352
20211008,1.4010896258737582,1.9550652698029352
20211011,1.4023853495498888,1.9568733085691095
20211012,1.3844957152088666,1.9319103068141041
20211013,1.39802208872493,1.9507848617314214
20211014,1.3935697655236736,1.9445721382196863
20211015,1.3983012787262128,1.9511744404315305
20211018,1.3880236773643404,1.936833186946804
20211019,1.4008429200841148,1.9547210192194722
20211020,1.3980528587107894,1.950827797836004
20211021,1.4009069110676673,1.95481031154397
20211022,1.4042918974038572,1.9595336847689449
20211025,1.4122634714533204,1.9706571327496898
20211026,1.4086368094859745,1.9655965279698553
20211027,1.3920598169486982,1.9424651723528297
20211028,1.3800250142725807,1.9256719392102064
20211029,1.3930797362719702,1.9256719392102064
20211101,1.3909945743647638,1.9256719392102064
20211102,1.3764161564616841,1.9256719392102064
20211103,1.373930983041604,1.9256719392102064
20211104,1.3868574326978018,1.9256719392102064
20211105,1.3772470883224113,1.9256719392102064
20211108,1.3801663356731992,1.9256719392102064
20211109,1.3824588801458184,1.9256719392102064
20211110,1.3760139131724138,1.9256719392102064
20211111,1.395442459240149,1.9256719392102064
20211112,1.3949693360691446,1.9256719392102064
20211115,1.3908799613523226,1.9256719392102064
20211116,1.3885790892214844,1.9224863840068962
20211117,1.391887151471683,1.9270663929403589
20211118,1.3805542370307649,1.9113759840375462
20211119,1.3959087465687936,1.9326342873989444
20211122,1.404776542057521,1.9449117415357442
20211123,1.4052701124057376,1.945595089197654
20211124,1.4057217247028049,1.9462203459789933
20211125,1.400276986185311,1.9386821108538854
20211126,1.3917862686013822,1.9269267207055987
20211129,1.389996335833201,1.9244485605476163
20211130,1.3872758732970512,1.9244485605476163
20211201,1.3907710855144602,1.9244485605476163
20211202,1.391369861058295,1.9244485605476163
20211203,1.404455923627465,1.9244485605476163
20211206,1.3997040146098363,1.9244485605476165
20211207,1.4044423529073609,1.9309632866760549
20211208,1.4249278061830557,1.959128670683734
20211209,1.4435783946582057,1.9847713049619342
20211210,1.4378348270774362,1.9768744923159398
20211213,1.4462091984940535,1.9883883887183107
20211214,1.4374383671789701,1.9763294008730676
20211215,1.4274355539110501,1.9625765649920894
20211216,1.4367830169281728,1.9754283619150896
20211217,1.4162977757940531,1.9472632695801817
20211220,1.3946276427691333,1.9174690731848054
20211221,1.405486946226385,1.9174690731848054
20211222,1.4069346337474413,1.9174690731848054
20211223,1.4159884703991572,1.9174690731848054
20211224,1.40731437850439,1.9174690731848054
20211227,1.4065856191913448,1.9174690731848054
20211228,1.415158961511504,1.9174690731848054
20211229,1.3976114128099375,1.9174690731848054
20211230,1.4087963466624864,1.9174690731848054
20211231,1.415129551203087,1.9174690731848054
20220104,1.4099719111864355,1.9174690731848054
20220105,1.3930645071068757,1.9174690731848054
20220106,1.3825395045731306,1.9174690731848054
20220107,1.3809164754765582,1.9174690731848054
20220110,1.3863503214436017,1.9174690731848054
20220111,1.3736731899427024,1.9174690731848054
20220112,1.3869154360737106,1.9174690731848054
20220113,1.364989548802147,1.9174690731848054
20220114,1.3556862992235943,1.9174690731848054
20220117,1.3680433857956633,1.9174690731848054
20220118,1.3782980793585198,1.9174690731848054
20220119,1.3690624998632621,1.9174690731848054
20220120,1.3755649649779198,1.9174690731848054
20220121,1.362232894999609,1.9174690731848054
20220124,1.3639583022207906,1.9174690731848054
20220125,1.3295108237564663,1.9174690731848054
20220126,1.338651088804915,1.9174690731848054
20220127,1.3103656725958113,1.9174690731848054
20220128,1.296977170116906,1.9174690731848054
20220207,1.316705057261229,1.9174690731848054
20220208,1.3142182329025143,1.9174690731848054
20220209,1.3282850626673781,1.9174690731848054
20220210,1.32550332689974,1.9174690731848054
20220211,1.3127129467107546,1.9174690731848054
20220214,1.2996093211944102,1.9174690731848054
20220215,1.3131157568365537,1.9174690731848054
20220216,1.3175397179106558,1.9174690731848054
20220217,1.319810625384826,1.9174690731848054
20220218,1.3276617689363697,1.9288755012432472
20220221,1.3254519174925714,1.9256649483667083
20220222,1.308548608807064,1.9011072042361772
20220223,1.3239174399226183,1.9234356033172828
20220224,1.2978551066754636,1.8855712938358493
20220225,1.3099602480146026,1.9031580852268961
20220228,1.3133031368293822,1.9080147561720677
20220301,1.32252637755215,1.9214146171068813
20220302,1.3136327707931463,1.9084936604321427
20220303,1.3070298488123995,1.898900694254103
20220304,1.2924375954422098,1.8777005356804006
20220307,1.2545045737435658,1.8225900565248097
20220308,1.2248843886837224,1.8225900565248097
20220309,1.2106405313359383,1.8225900565248097
20220310,1.2301451001524317,1.8225900565248097
20220311,1.2358457429399632,1.8225900565248097
20220314,1.2002179508380415,1.8225900565248097
20220315,1.1421128918669432,1.8225900565248097
20220316,1.188417026484447,1.8225900565248097
20220317,1.211300318790161,1.8225900565248097
20220318,1.220412890832461,1.8225900565248097
20220321,1.2200789498352875,1.8225900565248097
20220322,1.2192798500504454,1.8225900565248097
20220323,1.2257331218161445,1.8322364629275143
20220324,1.2177469169347142,1.820298614856243
20220325,1.197539981705711,1.7900931134533467
20220328,1.192543329471522,1.7826240745140345
20220329,1.1880237135421656,1.7758681135655983
20220330,1.2198732011296034,1.823477002845506
20220331,1.2105679767102404,1.8095674729703415
20220401,1.2240378300459236,1.8297023261391592
20220406,1.2209977645100996,1.8251580099048283
20220407,1.202834311823074,1.7980071238648745
20220408,1.2076557993897798,1.8052143251455097
20220411,1.1702495433646363,1.749299130384908
20220412,1.1921008753267037,1.7819626902347974
20220413,1.1795279734404742,1.7631686078438222
20220414,1.194585955995115,1.7856774102932984
20220415,1.191392044214679,1.7809031233630261
20220418,1.1866668502307913,1.7738398625621294
20220419,1.180655087276694,1.7648534273464005
20220420,1.1604481327347242,1.7346478970743147
20220421,1.1350388976401733,1.6966659528756027
20220422,1.1379526094836077,1.6966659528756027
20220425,1.0776685751600577,1.6966659528756027
20220426,1.064702264152292,1.6966659528756027
20220427,1.0982979238820854,1.6966659528756027
20220428,1.1030104765436761,1.6966659528756027
20220429,1.1333433471922856,1.6966659528756027
20220505,1.1347326862308813,1.6966659528756027
20220506,1.106993989347125,1.6551907198529858
20220509,1.1022202988292698,1.6551907198529858
20220510,1.1152044241837902,1.6551907198529858
20220511,1.1297013161843448,1.6767070630324803
20220512,1.1260883183539794,1.6713446376780017
20220513,1.1350517606153554,1.6846482133518752
20220516,1.1278026422482401,1.6738890438326663
20220517,1.1396968047401976,1.6915424058084498
20220518,1.1357757893668836,1.6857228196253513
20220519,1.1393262457855553,1.6909924207746914
20220520,1.1604866645530791,1.7223987961554585
20220523,1.1570091245899,1.7172374178913927
20220524,1.1262253460497866,1.6715480147141257
20220525,1.1359869768364803,1.686036264884575
20220526,1.141226665923938,1.6938130316946802
20220527,1.142476718571746,1.6956683646696131
20220530,1.1504764430816719,1.7075415867292378
20220531,1.1679091841762754,1.7334153284896383
20220601,1.1659658023866235,1.730530953720665
20220602,1.1698721834955181,1.7363288196719087
20220606,1.1915339498636837,1.7684792971007017
20220607,1.1943218201023016,1.7726170648920123
20220608,1.2046040864280374,1.7878780443432647
20220609,1.1909761132049308,1.767651353774134
20220610,1.2097845604892803,1.7955669239824252
20220613,1.1987500898462364,1.7791895199739862
20220614,1.2078365983496078,1.7926757510402351
20220615,1.2192141997389105,1.8095624310294607
20220616,1.2133023329911714,1.8007880155360618
20220617,1.2284579463851386,1.8232820355555162
20220620,1.2337310208256254,1.8311083530357175
20220621,1.2301510564540867,1.8257949560685993
20220622,1.2136811226148454,1.8013502165606323
20220623,1.2351931032932302,1.8332783814892994
20220624,1.2493717220007832,1.8543223422162773
20220627,1.2619103892909695,1.8729322807064608
20220628,1.2763031954338289,1.8942941392533719
20220629,1.255366339954541,1.863219577369721
20220630,1.2728642516284525,1.8891900455560027
20220701,1.2681711712561377,1.8822245575151306
20220704,1.2784804213047396,1.8975255863122311
20220705,1.2765212666923698,1.8946178014587722
20220706,1.2579676302123077,1.867080422431783
20220707,1.2637933662700758,1.8757270024219834
20220708,1.2583211702257755,1.8757270024219834
20220711,1.238274578962966,1.8757270024219834
20220712,1.2257496964995236,1.8757270024219834
20220713,1.228707569803691,1.8757270024219834
20220714,1.2304306657626385,1.8757270024219834
20220715,1.2095592484497182,1.8757270024219834
20220718,1.2245112608775925,1.8757270024219834
20220719,1.2205822244012776,1.8757270024219834
20220720,1.2272305426844416,1.8757270024219834
20220721,1.2139358078647609,1.8757270024219834
20220722,1.2116595030953274,1.8757270024219834
20220725,1.2033762686830012,1.8757270024219834
20220726,1.2141803249604473,1.8757270024219834
20220727,1.2107929209980872,1.8757270024219834
20220728,1.2116718665306354,1.8757270024219834
20220729,1.1971147905838428,1.8757270024219834
20220801,1.2036194549549606,1.8757270024219834
20220802,1.1776258085930011,1.8757270024219834
20220803,1.1668156072485136,1.8757270024219834
20220804,1.1758914899593291,1.8757270024219834
20220805,1.1931067565134197,1.8757270024219834
20220808,1.1936660504040582,1.8757270024219834
20220809,1.1962980355131176,1.8757270024219834
20220810,1.185320781902476,1.8757270024219834
20220811,1.2089349964276028,1.8757270024219834
20220812,1.2075371677086968,1.8757270024219834
20220815,1.207380464868381,1.8754835881761973
20220816,1.2067318944278502,1.8744761317427157
20220817,1.2165039517620433,1.8896555500671572
20220818,1.2073718003380631,1.8754701291341775
20220819,1.1974623794697845,1.8600773372615567
20220822,1.2078152030905973,1.8761588884851255
20220823,1.2031238855167796,1.868871633661455
20220824,1.177561354833517,1.8291640947673786
20220825,1.1866502536483958,1.8432823292907088
20220826,1.1836176339549314,1.8432823292907088
20220829,1.1802833250973046,1.8432823292907088
20220830,1.176157038175746,1.8432823292907088
20220831,1.1706718429831524,1.8432823292907088
20220901,1.1617188629542272,1.8432823292907088
20220902,1.1584304519135227,1.8432823292907088
20220905,1.1582176378568594,1.8432823292907088
20220906,1.171295637546218,1.8432823292907088
20220907,1.172340541642236,1.8432823292907088
20220908,1.1672307019042567,1.8432823292907088
20220909,1.1814265165847626,1.8432823292907088
20220913,1.1843792294626563,1.8478892036031493
20220914,1.172113920090228,1.8287526532446583
20220915,1.15715316780621,1.8054106256780649
20220916,1.1295348090037014,1.762319978879448
20220919,1.1265675097640102,1.762319978879448
20220920,1.1297283677410643,1.762319978879448
20220921,1.1243912049090994,1.762319978879448
20220922,1.1163589401930871,1.762319978879448
20220923,1.1098816006862575,1.762319978879448
20220926,1.101774732086267,1.762319978879448
20220927,1.1191297112366756,1.762319978879448
20220928,1.0983045061623025,1.762319978879448
20220929,1.098068756823155,1.762319978879448
20220930,1.0905322691296473,1.762319978879448
20221010,1.0687093096757,1.762319978879448
20221011,1.0724554474196064,1.762319978879448
20221012,1.0910717138331598,1.762319978879448
20221013,1.084698374214095,1.762319978879448
20221014,1.110814279332546,1.762319978879448
20221017,1.113641204732973,1.7668049294284882
20221018,1.1128190014452546,1.7655004941978598
20221019,1.0965184339202432,1.7396394512216549
20221020,1.090721640940118,1.730442770667241
20221021,1.0884923779089777,1.726906018528696
20221024,1.0620155181539266,1.6849001676925393
20221025,1.059452433338898,1.6849001676925393
20221026,1.0705948050250802,1.6849001676925393
20221027,1.0646207084552526,1.6849001676925393
20221028,1.0366921530170534,1.6849001676925393
20221031,1.030831799662464,1.6849001676925393
20221101,1.0642201743435915,1.6849001676925393
20221102,1.0762981431095753,1.6849001676925393
20221103,1.0697818584763361,1.6849001676925393
20221104,1.1019597974324606,1.7355802332718846
20221107,1.1040785212416853,1.7389172108745345
20221108,1.0981263590963233,1.7295425903223245
20221109,1.0899182134928607,1.7166148090236057
20221110,1.0822740352213618,1.7045752729728971
20221111,1.1067490924430803,1.743123344890935
20221114,1.1075157877451884,1.7443308855057393
20221115,1.1280701867343368,1.7767039436476684
20221116,1.1197154592245009,1.7635452967040781
20221117,1.1169374572351831,1.7591699598252883
20221118,1.1120353999220214,1.7514492482395185
20221121,1.1049330831516444,1.7402631408825873
20221122,1.101993049191182,1.7356326045973112
20221123,1.1023770422016927,1.7362373913420814
20221124,1.0989693470220976,1.730870291373007
20221125,1.1015385227347982,1.7349167280879894
20221128,1.0908163381762552,1.718029350144929
20221129,1.120776020642163,1.7652156747314383
20221130,1.1214016136278189,1.7662009800234348
20221201,1.1318093209065427,1.7825930580908202
20221202,1.1258078269500487,1.7731407402247228
20221205,1.1444029792377906,1.8024279962756982
20221206,1.1488130095968005,1.8093737682875812
20221207,1.146357080296344,1.8055056940092664
20221208,1.1456733596246373,1.8044288379518507
20221209,1.1543788635094194,1.8181399556335514
20221212,1.1429725066121987,1.8001750102602387
20221213,1.1397037624687487,1.7950267573600756
20221214,1.1404461531652879,1.7961960183633174
20221215,1.1400818691828853,1.795622273222498
20221216,1.1391528392897659,1.7941590565766876
20221219,1.1195101852313596,1.7632219913659606
20221220,1.1029417591932467,1.7632219913659606
20221221,1.1017061760060558,1.7632219913659606
20221222,1.0996525090728502,1.7632219913659606
20221223,1.0972149489014063,1.7632219913659606
20221226,1.1043273675649101,1.7632219913659606
20221227,1.1158583734324419,1.7632219913659606
20221228,1.1111627786700333,1.7632219913659606
20221229,1.1078105861988654,1.7632219913659606
20221230,1.1113384274975422,1.7632219913659606
20230103,1.119218266939298,1.7632219913659606
20230104,1.12012391860187,1.7632219913659606
20230105,1.1390982052698198,1.7632219913659606
20230106,1.141837237497188,1.7674617679155267
20230109,1.1500376003009354,1.7801551950194012
20230110,1.1513593420791932,1.782201132902149
20230111,1.1481116211247309,1.7771739517669003
20230112,1.1498345364804339,1.7798408704139348
20230113,1.163962898518145,1.8017103093539877
20230116,1.1808633148930898,1.8278706401118485
20230117,1.1810108901749894,1.8280990734297342
20230118,1.1804259872810767,1.8271936961404107
20230119,1.1884637047193822,1.8396353627869217
20230120,1.1961862521950732,1.8515891745614568
20230130,1.2019552434355896,1.860519056266315
20230131,1.192706459135196,1.8462027665940022
20230201,1.2047590079223724,1.864859032555309
20230202,1.201789954411098,1.860263203661538
20230203,1.1920487918683118,1.8451847565729111
20230206,1.1783294474203254,1.8239484402255561
20230207,1.180612458795565,1.8239484402255561
20230208,1.1743714227634363,1.8239484402255561
20230209,1.1902294536605975,1.8239484402255561
20230210,1.1839885191593706,1.8239484402255561
20230213,1.1943425140154287,1.8239484402255561
20230214,1.195345507578241,1.8239484402255561
20230215,1.1900935982694114,1.8239484402255561
20230216,1.1790494137398526,1.8239484402255561
20230217,1.163909520218601,1.8239484402255561
20230220,1.1903175768485146,1.8239484402255561
20230221,1.194433074769656,1.8239484402255561
20230222,1.186017340736828,1.8239484402255561
20230223,1.184590163184031,1.8239484402255561
20230224,1.1745266871652031,1.8239484402255561
20230227,1.1692156894663976,1.8239484402255561
20230228,1.1771125475856454,1.8239484402255561
20230301,1.1915523509646726,1.8239484402255561
20230302,1.1886141682659648,1.8239484402255561
20230303,1.1917360209447174,1.8239484402255561
20230306,1.1873537449607214,1.8239484402255561
20230307,1.1691275993251067,1.8239484402255561
20230308,1.16679317189066,1.8239484402255561
20230309,1.1629834319478678,1.8239484402255561
20230310,1.1477895881178357,1.8239484402255561
20230313,1.1586030774061193,1.8239484402255561
20230314,1.1507815878937497,1.8239484402255561
20230315,1.1529426954034032,1.8239484402255561
20230316,1.1386786913918094,1.8239484402255561
20230317,1.144918572780521,1.8239484402255561
20230320,1.1395855783578392,1.8239484402255561
20230321,1.1524220142171617,1.8239484402255561
20230322,1.157753008779743,1.8239484402255561
20230323,1.16796251246929,1.8239484402255561
20230324,1.1655848081789117,1.8239484402255561
20230327,1.162530238784612,1.8191685417203598
20230328,1.1582219153125712,1.8124267243753884
20230329,1.1586987154798476,1.8131728381847831
20230330,1.16685272297825,1.825932518264635
20230331,1.172079483978988,1.834111539222898
20230403,1.184115255916319,1.8529455419466496
20230404,1.186552272797423,1.8567590723803875
20230406,1.1855419927822357,1.8551781503874432
20230407,1.1935257272702833,1.8676713812227015
20230410,1.1869672828849855,1.8574084948819303
20230411,1.1864584558288451,1.856612264261147
20230412,1.1869232621339865,1.8573396096497627
20230413,1.1789888316269124,1.8449235314322827
20230414,1.1851772352778744,1.854607364910083
20230417,1.1988028219116376,1.8759291660466637
20230418,1.2010480423116396,1.879442566545547
20230419,1.1914368916443823,1.8644026971638363
20230420,1.1887070979737437,1.8601310192277813
20230421,1.1637189375240873,1.821028659659913
20230424,1.1510211796922805,1.821028659659913
20230425,1.1423683013873474,1.821028659659913
20230426,1.14278328658783,1.821028659659913
20230427,1.1497752758304887,1.821028659659913
20230428,1.1624796994340525,1.821028659659913
20230504,1.1637389690814421,1.821028659659913
20230505,1.1578864289223898,1.821028659659913
20230508,1.169979789694414,1.821028659659913
20230509,1.1593193505752208,1.821028659659913
20230510,1.1522905105367829,1.821028659659913
20230511,1.1500210497871781,1.821028659659913
20230512,1.1356732869799528,1.821028659659913
20230515,1.151997467813537,1.821028659659913
20230516,1.1452232019908672,1.821028659659913
20230517,1.1419018255900715,1.821028659659913
20230518,1.1413137274470369,1.821028659659913
20230519,1.1383052788787307,1.821028659659913
20230522,1.143506835373518,1.821028659659913
20230523,1.128465170650377,1.821028659659913
20230524,1.11464549757977,1.821028659659913
20230525,1.111950164386041,1.821028659659913
20230526,1.1142984142931833,1.821028659659913
20230529,1.110180690930745,1.821028659659913
20230530,1.1127327474942914,1.821028659659913
20230531,1.1036944174847922,1.821028659659913
20230601,1.1056408437516232,1.821028659659913
20230602,1.119972012138931,1.821028659659913
20230605,1.1158144822645741,1.821028659659913
20230606,1.102604352207399,1.821028659659913
20230607,1.0987481598206283,1.821028659659913
20230608,1.1043211946241007,1.821028659659913
20230609,1.109938925841809,1.821028659659913
20230612,1.1124611562910467,1.8251667737735746
20230613,1.1176046828482842,1.8336055347309377
20230614,1.1174100638694477,1.8332862318126208
20230615,1.1330525189902934,1.858950129545462
20230616,1.143597677630672,1.8762511140029858
20230619,1.1358771723580592,1.8635844158260384
20230620,1.1341919683868655,1.8608195747546354
20230621,1.1147612941436362,1.8289405101956553
20230626,1.0981187515816266,1.8016358123700122
20230627,1.1086923518978409,1.8189834598516175
20230628,1.1074195338279336,1.8168952024440521
20230629,1.1032959988138356,1.8101298973763984
20230630,1.1105147817231653,1.821973441430665
20230703,1.1233606764820636,1.8430491438592351
20230704,1.1252888409135045,1.8462125996210264
20230705,1.1171723173384496,1.832896171389833
20230706,1.1100458376251343,1.821204065186251
20230707,1.1050921884020417,1.813076827736396
20230710,1.1101534202020817,1.8213805712545943
20230711,1.1176931426000074,1.8337506668092567
20230712,1.108895038977094,1.8193159997523896
20230713,1.1245528108620348,1.8450050270358227
20230714,1.1240259737660268,1.8441406682603385
20230717,1.1163566552528918,1.831557949979793
20230718,1.1132136306616993,1.8264013258401028
20230719,1.1119285116108861,1.8242928867466357
20230720,1.1028195599428885,1.8093482247830956
20230721,1.1024382825182983,1.8093482247830956
20230724,1.0984450964830512,1.8093482247830956
20230725,1.1266895088868774,1.8093482247830956
20230726,1.1242197430975314,1.8053820332890451
20230727,1.1212450937323333,1.8006050503617872
20230728,1.1444686568602205,1.8378997197335596
20230731,1.151314889746099,1.8488940701919694
20230801,1.1482900664181603,1.844036513007386
20230802,1.1412578391734183,1.8327434746137685
20230803,1.149747146309302,1.8463764344263838
20230804,1.154514331210283,1.8540320462606719
20230807,1.1461864525696752,1.8406583241165122
20230808,1.1427575338851685,1.83515183108023
20230809,1.1379932488514422,1.8275008761364409
20230810,1.1402043450843706,1.8310516707540514
20230811,1.114961757313781,1.7905146541124655
20230814,1.109094161752607,1.7905146541124655
20230815,1.1052832776044648,1.7905146541124655
20230816,1.097002054088673,1.7905146541124655
20230817,1.1017188680970913,1.7905146541124655
20230818,1.0869764605548933,1.7905146541124655
20230821,1.072114803465196,1.7905146541124655
20230822,1.0796828717170273,1.7905146541124655
20230823,1.0611256849929198,1.7905146541124655
20230824,1.067947244843145,1.7905146541124655
20230825,1.0614107768774679,1.7905146541124655
20230828,1.0737199584960642,1.7905146541124655
20230829,1.087848025098392,1.7905146541124655
20230830,1.0877362518781601,1.7905146541124655
20230831,1.081038601670664,1.7905146541124655
20230901,1.0871629687117623,1.7905146541124655
20230904,1.103231143938515,1.8169783067904433
20230905,1.09512732268444,1.8036316318876706
20230906,1.0934374575624262,1.800848490489813
20230907,1.0777581636924942,1.7750253101128037
20230908,1.074109032780866,1.769015335012394
20230911,1.0831867433784765,1.7839659673633779
20230912,1.0815183115936269,1.781218125828911
20230913,1.0737039255685403,1.7683481393655305
20230914,1.0723775218552887,1.766163604613891
20230915,1.0672357394775893,1.766163604613891
20230918,1.0719870318551696,1.766163604613891
20230919,1.0688928288521728,1.766163604613891
20230920,1.0639326378208394,1.766163604613891
20230921,1.0549464700439235,1.766163604613891
20230922,1.0733190999081303,1.766163604613891
20230925,1.0665673850028512,1.766163604613891
20230926,1.0609656520102113,1.7568875128512136
20230927,1.063926313197656,1.7568875128512136
20230928,1.0623866030830782,1.754344951923679
20231009,1.0597628461605233,1.754344951923679
20231010,1.0525328352958934,1.754344951923679
20231011,1.054711645715604,1.754344951923679
20231012,1.0641531950936503,1.754344951923679
20231013,1.0539908637539537,1.7375915044240418
20231016,1.0435812335936505,1.7204303642730572
20231017,1.0470119155904556,1.7204303642730572
20231018,1.0374206041434053,1.7204303642730572
20231019,1.0180764630701338,1.7204303642730572
20231020,1.011217500137303,1.7204303642730572
20231023,0.9969733457648241,1.7204303642730572
20231024,1.0027156860609727,1.7204303642730572
20231025,1.0075629328527613,1.7204303642730572
20231026,1.01073411840712,1.7204303642730572
20231027,1.0255271379209474,1.7204303642730572
20231030,1.0327195268098917,1.7204303642730572
20231031,1.0294299526787443,1.7149501897689152
20231101,1.0282156625269632,1.71292727687347
20231102,1.0221623030246554,1.7028428510218532
20231103,1.0310061578531011,1.7175760249273389
20231106,1.045926464259172,1.7424320942848686
20231107,1.0434808209910527,1.7383578429228848
20231108,1.0414751581779058,1.7350165647591125
20231109,1.0410608443988203,1.7343263502455193
20231110,1.0345277657307204,1.7234427495959763
20231113,1.0345999880786876,1.7235630664072656
20231114,1.036373338308452,1.7265173298859484
20231115,1.0433825598790263,1.7381941475570388
20231116,1.03326150781718,1.7213332624536297
20231117,1.0334167897113062,1.7215919500050327
20231120,1.0365471354262763,1.7268068623591573
20231121,1.0366354411860912,1.7269539728829555
20231122,1.0255075779628158,1.7084158187357794
20231123,1.031580119957727,1.7185322011272706
20231124,1.024008100631596,1.7059178061929756
20231127,1.0182674042125666,1.7059178061929756
20231128,1.0208778424337894,1.7059178061929756
20231129,1.0125838250981094,1.7059178061929756
20231130,1.0138499812323474,1.7059178061929756
20231201,1.012074716793795,1.7059178061929756
20231204,1.006851274688795,1.7059178061929756
20231205,0.9880235695944636,1.7059178061929756
20231206,0.9901962308503727,1.7059178061929756
20231207,0.9883871859797894,1.7059178061929756
20231208,0.9909406525789382,1.7059178061929756
20231211,0.998460543866668,1.7059178061929756
20231212,1.0000747317047,1.7059178061929756
20231213,0.9850598538255536,1.7059178061929756
20231214,0.980419027120883,1.7059178061929756
20231215,0.9762587168861644,1.7059178061929756
20231218,0.9704931389641644,1.7059178061929756
20231219,0.9712103837018313,1.7059178061929756
20231220,0.959986467093274,1.7059178061929756
20231221,0.9684992850183832,1.7059178061929756
20231222,0.968506081152958,1.7059178061929756
20231225,0.9708456126178291,1.7059178061929756
20231226,0.9632267843700076,1.6925304100906862
20231227,0.9670108556066492,1.6991795769804487
20231228,0.9883548666018311,1.7366841275897664
20231229,0.9941428802082499,1.7468545144621475
20240102,0.9836793656286698,1.728468588209121
20240103,0.9815682509661734,1.7247590508255646
20240104,0.9726732351225773,1.7091292063716736
20240105,0.9652498004097765,1.6960851453025496
20240108,0.9505016769291031,1.6701705342391353
20240109,0.9524965947750793,1.6736758968128675
20240110,0.948121740079164,1.6659886369352184
20240111,0.9552799110931275,1.6659886369352184
20240112,0.9519645725265113,1.6659886369352184
20240115,0.9506351450324546,1.6659886369352184
20240116,0.9547129423852745,1.6659886369352184
20240117,0.9331546182981586,1.628369032794555
20240118,0.9430842019603979,1.628369032794555
20240119,0.9396398073805791,1.628369032794555
20240122,0.9171700353523691,1.628369032794555
20240123,0.9240944999266085,1.628369032794555
20240124,0.9370014309917823,1.628369032794555
20240125,0.9577984923116285,1.6645112301341276
20240126,0.9535960149054686,1.6572079498584869
20240129,0.942382588629788,1.6377206838897294
20240130,0.9243369006083494,1.6063599638548847
20240131,0.9122341525168439,1.585327188928318
20240201,0.9118287615213971,1.5846226797127232
20240202,0.898070940465288,1.5846226797127232
20240205,0.8974031900259909,1.5846226797127232
20240206,0.93797179653852,1.5846226797127232
20240207,0.9596589359410855,1.6212612365245807
20240208,0.9661632195078325,1.6322496642077864
20240219,0.9739695390365232,1.6454377696667115
20240220,0.9754230944836961,1.6478934265812484
20240221,0.985071492286582,1.6641935648559447
20240222,0.9932123443432771,1.6779468342493655
20240223,0.9949046114538991,1.6808057739888327
20240226,0.9870772688310658,1.667582151820451
20240227,1.0013693204881484,1.691727343903003
20240228,0.9858438445303125,1.6654983875453466
20240229,1.007782476730819,1.7025618198096137
20240301,1.0139621193775696,1.713001794579323
20240304,1.0150837811114841,1.7148967456099256
20240305,1.0184784028650702,1.7206316671071709
20240306,1.0153207577457743,1.715297097252314
20240307,1.007215052868847,1.7016032059962676
20240308,1.013979333373287,1.7130308761445927
20240311,1.0278636313768235,1.7364872034984509
20240312,1.0287469648718592,1.7379795194669578
20240313,1.0229914244192904,1.7282560288792852
20240314,1.0197449296380516,1.722771355162117
20240315,1.0243923801449775,1.7306228230882261
20240318,1.035140884728902,1.7487814971544815
20240319,1.027177658200646,1.735328310814623
20240320,1.0295586759069622,1.735328310814623
20240321,1.0272848055807093,1.735328310814623
20240322,1.015637158087137,1.735328310814623
20240325,1.0071381337643095,1.735328310814623
20240326,1.0104316886826894,1.735328310814623
20240327,0.9954678076762364,1.735328310814623
20240328,1.0026108392427184,1.735328310814623
20240329,1.009168077646595,1.735328310814623
20240401,1.0271368204704987,1.735328310814623
20240402,1.0229747003042609,1.735328310814623
20240403,1.019914466881018,1.735328310814623
20240408,1.0095186748875582,1.735328310814623
20240409,1.0110725997014485,1.735328310814623
20240410,1.0016532712981967,1.735328310814623
20240411,1.0028433308694304,1.735328310814623
20240412,0.9956111523502558,1.735328310814623
20240415,1.0141847291471173,1.735328310814623
20240416,0.9988474814710608,1.735328310814623
20240417,1.017623588331322,1.735328310814623
20240418,1.0190431756686853,1.735328310814623
20240419,1.011356343779118,1.735328310814623
20240422,1.00674505571209,1.735328310814623
20240423,0.9985943558746004,1.735328310814623
20240424,1.0045399954800664,1.735328310814623
20240425,1.0061836517316194,1.735328310814623
20240426,1.0231538617844396,1.735328310814623
20240429,1.036770968104228,1.735328310814623
20240430,1.0307931508805641,1.7253227495245844
20240506,1.0464107361803792,1.7514631785596368
20240507,1.046567195124827,1.7517250566832856
20240508,1.0371039085097433,1.7358855803845463
20240509,1.0491862702328578,1.7561088167642862
20240510,1.0484901658355201,1.754943689937682
20240513,1.0466640467380572,1.7518871651446113
20240514,1.0448145882361146,1.7487915752825933
20240515,1.0355853467897538,1.7333438395126586
20240516,1.0375242863744423,1.7365892011766928
20240517,1.048785188099455,1.7554374928147658
20240520,1.053081960628235,1.7626293521971292
20240521,1.0477473189472901,1.7537003263835278
20240522,1.0489874295535402,1.755776000866873
20240523,1.0347199556496636,1.7318953636278904
20240524,1.023773867779713,1.7318953636278904
20240527,1.0338611789076175,1.7318953636278904
20240528,1.0255186606826203,1.7318953636278904
20240529,1.0270302745577822,1.7318953636278904
20240530,1.0219890051198264,1.7318953636278904
20240531,1.018929043661404,1.7318953636278904
20240603,1.0190939768998244,1.7318953636278904
20240604,1.028123458437344,1.7318953636278904
20240605,1.020547984950416,1.7318953636278904
20240606,1.0175842036117428,1.7318953636278904
20240607,1.0127631603279676,1.7318953636278904
20240611,1.006559633115768,1.7318953636278904
20240612,1.0075765961450291,1.7318953636278904
20240613,1.0018734617074958,1.7318953636278904
20240614,1.0060358956371482,1.7318953636278904
20240617,1.0046058838869023,1.7318953636278904
20240618,1.0077571472645739,1.7318953636278904
20240619,1.0011218845834358,1.7318953636278904
20240620,0.9920617974696687,1.7318953636278904
20240621,0.9908189544104128,1.7318953636278904
20240624,0.9814271310196319,1.7318953636278904
20240625,0.97523550059302,1.7318953636278904
20240626,0.9835021381307816,1.7318953636278904
20240627,0.9734027310177874,1.7318953636278904
20240628,0.9757161576294576,1.7318953636278904
20240701,0.9821849410306487,1.7318953636278904
20240702,0.9781717585975725,1.7318953636278904
20240703,0.9744895558600363,1.7318953636278904
20240704,0.9669852189231288,1.7318953636278904
20240705,0.9654310110530556,1.7318953636278904
20240708,0.9551476872861805,1.7318953636278904
20240709,0.967790067672774,1.7318953636278904
20240710,0.963872928654384,1.7318953636278904
20240711,0.9768715943286459,1.7318953636278904
20240712,0.9767511439475852,1.7316818171825672
20240715,0.9758025882690201,1.7300001230977076
20240716,0.981165176868975,1.7395074548567895
20240717,0.9797893975408071,1.7370683360886092
20240718,0.9849124178975937,1.7461509373795063
20240719,0.9884463476093681,1.7524162403310322
20240722,0.9830489723235608,1.7428472352667856
20240723,0.9601103201279132,1.7021793055039005
20240724,0.9528105726537005,1.6892375853437072
20240725,0.9486824255834779,1.6819187946113325
20240726,0.9542978255437814,1.6819187946113325
20240729,0.9490105587510562,1.6819187946113325
20240730,0.9440183344638923,1.6819187946113325
20240731,0.9686178817946457,1.6819187946113325
20240801,0.9621373663873798,1.6819187946113325
20240802,0.9515821283814727,1.6819187946113325
20240805,0.9382151841169243,1.6819187946113325
20240806,0.9409494050465643,1.6819187946113325
20240807,0.9406847894036818,1.6819187946113325
20240808,0.9411746418163298,1.6819187946113325
20240809,0.9370234590208051,1.6819187946113325
20240812,0.9354946946453524,1.6819187946113325
20240813,0.9381617903826683,1.6819187946113325
20240814,0.9296409681883432,1.6819187946113325
20240815,0.9380904967057051,1.6819187946113325
20240816,0.9374768182140599,1.6819187946113325
20240819,0.9404851338921099,1.6819187946113325
20240820,0.9313512035840318,1.6655841089260306
20240821,0.9282702543777382,1.6600742861882027
20240822,0.923810792335781,1.6520991967881355
20240823,0.9269555335835448,1.6577231021729175
20240826,0.9266809335264959,1.6572320205169637
20240827,0.9202585631748093,1.6457465594382183
20240828,0.9165062658594557,1.6390361297352574
20240829,0.9174990526700408,1.640811582356029
20240830,0.9307457743089516,1.640811582356029
20240902,0.9142641154995873,1.6117560685763141
20240903,0.91848600535185,1.6117560685763141
20240904,0.9132766226749625,1.6117560685763141
20240905,0.9153899593742907,1.6117560685763141
20240906,0.9066596059559048,1.6117560685763141
20240909,0.8970484374988018,1.6117560685763141
20240910,0.8976591048061336,1.6117560685763141
20240911,0.8959756750091383,1.6117560685763141
20240912,0.892179302458998,1.6117560685763141
20240913,0.8871234209966523,1.6117560685763141
20240918,0.8901890874374534,1.6117560685763141
20240919,0.8983097176956951,1.6117560685763141
20240920,0.8982738001059728,1.6117560685763141
20240923,0.9005572682751535,1.6117560685763141
20240924,0.9395653530054185,1.681570082079267
20240925,0.9521062578884393,1.7040149395721846
20240926,0.9926767872783613,1.7766253101206364
20240927,1.0391306757622067,1.8597653161040528
20240930,1.132225823050084,2.0263806707095715
20241008,1.2029024129149635,2.1528728179987473
20241009,1.1187693822472524,2.002297249377642
20241010,1.1253752428965944,2.0141199688923477
20241011,1.0911327871601415,1.9528351536113708
20241014,1.1135734540616595,1.9929979309666588
20241015,1.0846200015837746,1.941179013523633
20241016,1.0788916838305975,1.930926860521637
20241017,1.0676463011349242,1.910800640411361
20241018,1.107490191892815,1.9821105226220959
20241021,1.1127588884202437,1.9915400768555924
20241022,1.119969803989136,2.004445682459569
20241023,1.1243329766236383,2.012254591697928
20241024,1.1125001241598589,1.9910769582048433
20241025,1.1224174427908409,1.9910769582048433
20241028,1.1277013065792152,1.9910769582048433
20241029,1.1158328442198489,1.9910769582048433
20241030,1.109648929938256,1.9910769582048433
20241031,1.1131078371541796,1.9910769582048433
20241101,1.1094498454194193,1.9910769582048433
20241104,1.1257960082970409,1.9910769582048433
20241105,1.1559056496680649,1.9910769582048433
20241106,1.1522965210551488,1.9910769582048433
20241107,1.1835402518667475,1.9910769582048433
20241108,1.173893403085662,1.9910769582048433
20241111,1.1849478148905261,1.9910769582048433
20241112,1.1720589721021069,1.9694197361977144
20241113,1.1771582570403456,1.9694197361977144
20241114,1.1531319551541148,1.9694197361977144
20241115,1.1305784464244781,1.9694197361977144
20241118,1.122156144507072,1.9694197361977144
20241119,1.1328608169479442,1.9694197361977144
20241120,1.1374831720774703,1.9694197361977144
20241121,1.1378686461681333,1.9694197361977144
20241122,1.1001535269969,1.9694197361977144
20241125,1.0957065667071666,1.9694197361977144
20241126,1.091797192631311,1.9694197361977144
20241127,1.111557369821626,1.9694197361977144
20241128,1.101928083287397,1.9694197361977144
20241129,1.1158753504105916,1.9694197361977144
20241202,1.1269503727487973,1.9694197361977144
20241203,1.127272173311001,1.9694197361977144
20241204,1.1201487800151522,1.9694197361977144
20241205,1.119368837695386,1.9694197361977144
20241206,1.1340563639453454,1.9694197361977144
20241209,1.1310754620743118,1.9694197361977144
20241210,1.1394241920397208,1.9694197361977144
20241211,1.140695886126523,1.9694197361977144
20241212,1.1516937926904354,1.988407701795957
20241213,1.1260262871210354,1.9440925669189524
20241216,1.1177742798609673,1.9298454164217145
20241217,1.1167338069039263,1.9298454164217145
20241218,1.1229144958768846,1.9298454164217145
20241219,1.1243167415264015,1.9298454164217145
20241220,1.1213217723841313,1.9298454164217145
20241223,1.1176705806856124,1.9298454164217145
20241224,1.132028850193623,1.9298454164217145
20241225,1.1297138330090086,1.9298454164217145
20241226,1.132406112591299,1.9344445310468492
20241227,1.1316339946139176,1.9331255524736495
20241230,1.1354151355738318,1.939584725882989
20241231,1.1133146350793492,1.9018313158301947
20250102,1.080249418888994,1.9018313158301947
20250103,1.06486525569764,1.9018313158301947
20250106,1.0635145840237605,1.9018313158301947
20250107,1.0720775838605687,1.9018313158301947
20250108,1.0694739295278826,1.9018313158301947
20250109,1.0672477305847725,1.9018313158301947
20250110,1.0529236310139694,1.9018313158301947
20250113,1.051425547651891,1.9018313158301947
20250114,1.081519430911906,1.9018313158301947
20250115,1.0738766649369442,1.9018313158301947
20250116,1.0759328973361033,1.9018313158301947
20250117,1.080507336014593,1.9018313158301947
20250120,1.0854922566707879,1.9018313158301947
20250121,1.087072343165064,1.9045996985229936
20250122,1.0782259795807603,1.889100471151765
20250123,1.0785088275333676,1.8895960335020086
20250124,1.0878914329187803,1.9060347806569473
20250127,1.0815564655546608,1.8949356325572675
20250205,1.0781460453413072,1.8889604227646257
20250206,1.094810462599895,1.9181572322376343
20250207,1.1095781053580362,1.9440308073698649
20250210,1.1140300757038009,1.9518308598978218
20250211,1.1087431711742424,1.9425679650809053
20250212,1.120547674832653,1.96324998707363
20250213,1.1153437638424295,1.9541325006750128
20250214,1.1249280432574984,1.9709245898117416
20250217,1.1267346745794553,1.9740898892444574
20250218,1.1140854792498551,1.9519279294054543
20250219,1.1249507701663755,1.9709644083795377
20250220,1.1232408170616697,1.9679684935370823
20250221,1.138602436339609,1.9948827422800894
20250224,1.1361548208925862,1.9905944097953103
20250225,1.123637281174811,1.968663116516971
20250226,1.1344089965222033,1.9875356468800252
20250227,1.1349999472961934,1.98857101924789
20250228,1.110165716189354,1.9450603280077627
20250303,1.1111044921141093,1.9467051057031128
20250304,1.1129668505184056,1.9467051057031128
20250305,1.1172650850637582,1.9467051057031128
20250306,1.1333719024489344,1.9467051057031128
20250307,1.1291060818887682,1.9467051057031128
20250310,1.1258783690798189,1.9467051057031128
20250311,1.1300785890985487,1.9467051057031128
20250312,1.1268550276428482,1.9467051057031128
20250313,1.121247181916946,1.9467051057031128
20250314,1.1465134348268669,1.9467051057031128
20250317,1.1448390096975178,1.943862040938753
20250318,1.1483851355984573,1.949883131653549
20250319,1.1473200978985023,1.9480747670367125
20250320,1.1378180191048703,1.931940856399067
20250321,1.1207647125418554,1.9029854530458086
20250324,1.1248673775600317,1.9029854530458086
20250325,1.1232274872373078,1.9029854530458086
20250326,1.1205649539717843,1.9029854530458086
20250327,1.1237599009144994,1.9029854530458086
20250328,1.1180605438609257,1.9029854530458086
20250331,1.1092978464054677,1.9029854530458086
20250401,1.1111001787543364,1.9029854530458086
20250402,1.1107032485034882,1.9029854530458086
20250403,1.1032219965762267,1.9029854530458086
20250407,1.018250976311674,1.9029854530458086
20250408,1.0331490803612042,1.9029854530458086
20250409,1.0463139166657824,1.9029854530458086
20250410,1.0616477282402859,1.9029854530458086
20250411,1.0667276512103865,1.9029854530458086
20250414,1.070801061929077,1.9029854530458086
20250415,1.0700191100212944,1.9029854530458086
20250416,1.0701997763112268,1.9029854530458086
20250417,1.0700722987185574,1.9029854530458086
20250418,1.0703104084532078,1.9029854530458086
20250421,1.0769396519593355,1.9147720841550875
20250422,1.0758382803108801,1.9128138725850097
20250423,1.0769779590165625,1.9148401931560615
20250424,1.0750019758938347,1.9113269440011278
20250425,1.076600910144531,1.9141698095805153
20250428,1.0740328285889662,1.9096038240459658
20250429,1.0729705388332944,1.9077150991153313
20250430,1.073340081670217,1.908372137145969
20250506,1.0866970016897686,1.9321204108186847
20250507,1.0920493266696245,1.941636712347845
20250508,1.0976877493702961,1.9516616885535871
20250509,1.0936868510130715,1.9445481901583725
20250512,1.1066060615535331,1.9675182271954452
20250513,1.1071962361436305,1.9685675430302185
20250514,1.1179525781348605,1.9876920532429876
20250515,1.1062108046363535,1.966815470165645
20250516,1.1024085067461513,1.9600550784923003
20250519,1.1001252615717796,1.9559955250036578
20250520,1.105862712312443,1.9661965706169844
20250521,1.1102158536126265,1.9739363482589436
20250522,1.1069798572019462,1.968182826619803
20250523,1.0978286538480149,1.951912213232456
20250526,1.0939544790780118,1.9450240262432932
20250527,1.0887231985584485,1.935722938772867
20250528,1.0873123025014475,1.935722938772867
20250529,1.0961212290605704,1.935722938772867
20250530,1.089807432636323,1.935722938772867
20250603,1.0934562111078572,1.935722938772867
20250604,1.099155618230769,1.935722938772867
20250605,1.1025334178366348,1.935722938772867
20250606,1.1013820579042708,1.935722938772867
20250609,1.1058987982751125,1.935722938772867
20250610,1.0993662621264961,1.935722938772867
20250611,1.1072322850850467,1.9357229387728667
20250612,1.1070565390347182,1.935415690090181
20250613,1.0981935041588953,1.9199208565783885
20250616,1.1015753079225075,1.9199208565783885
20250617,1.1000097999955307,1.9199208565783885
20250618,1.100718266678279,1.9199208565783885
20250619,1.0905751054325916,1.9199208565783885
20250620,1.089465594431578,1.9199208565783885
20250623,1.093544729349511,1.9199208565783885
20250624,1.107791109279416,1.9199208565783885
20250625,1.1243726299951042,1.9199208565783885
20250626,1.1202016285180973,1.9127986690447418
20250627,1.1163428513137295,1.9062096196158285
20250630,1.121907356363435,1.9157112821576423
20250701,1.124260184416519,1.9197288502934644
20250702,1.1223824552239265,1.9165225365290677
20250703,1.128980307867094,1.9277886902581058
20250704,1.1313946579012668,1.93191131016367
20250707,1.127252253984475,1.924837954352567
20250708,1.1380795856459371,1.9433261488562197
20250709,1.1353851193164197,1.9387252167760682
20250710,1.1407620119144546,1.9479065219476412
20250711,1.1439371762315809,1.953328269180621
20250714,1.1442234559206226,1.9538171056491933
20250715,1.1444048636890796,1.9541268682215953
20250716,1.1418187937461033,1.9497110282343553
20250717,1.1507863523614765,1.9650235699655778
20250718,1.1566940060427513,1.9751111754564468
20250721,1.1654362090527841,1.9900389115500206
20250722,1.175029599237691,2.006420091071775
20250723,1.1743680127562728,2.0052904000332172
20250724,1.1853109591983781,2.02397601238818
20250725,1.1809877300814646,2.0165938887683925
20250728,1.1839807333788295,2.0217045872157957
20250729,1.1890014805638938,2.0302777568030477
20250730,1.1867789089187981,2.026482607808112
20250731,1.1664634172098083,1.9917929193514439
20250801,1.1614505093191232,1.9832331357399604
20250804,1.1671626643489625,1.9832331357399604
20250805,1.1761047571823235,1.9832331357399604
20250806,1.1808845968634676,1.9832331357399604
20250807,1.1801442165167173,1.9832331357399604
20250808,1.1773972610471732,1.9832331357399604
20250811,1.1844567925653957,1.9832331357399604
20250812,1.1902430067002787,1.9832331357399604
20250813,1.2015780140689267,1.9832331357399604
20250814,1.1970151005070293,1.9832331357399604
20250815,1.209977533762493,2.0047094956799176
20250818,1.2226970477004888,2.0257833831368552
20250819,1.2186724355304985,2.0191153434348945
20250820,1.2323755182280387,2.0418188228279575
20250821,1.234696809356086,2.0456647738781095
20250822,1.2594970990481105,2.0867542774878296
20250825,1.2850826780818434,2.1291448606269223
20250826,1.2821703468548744,2.1243196651977847
20250827,1.2631422680727888,2.0927936499168434
20250828,1.2868352873830977,2.1320486108292225
20250829,1.2953919974597572,2.1462255004522213
20250901,1.3043383312919095,2.1610479247406036
20250902,1.2899777299718216,2.1372550583222223
20250903,1.278909094882179,2.1189163724795
20250904,1.2505647269207159,2.0719549851678702
20250905,1.2812374315902102,2.1227739967555603
20250908,1.2866132152867829,2.1227739967555603
20250909,1.2768865454217744,2.1227739967555603
20250910,1.278950599913205,2.1227739967555603
20250911,1.3099842219005924,2.1227739967555603
20250912,1.30572330803971,2.1227739967555603
20250915,1.3075304397324699,2.1227739967555603
20250916,1.3081191742581324,2.1227739967555603
20250917,1.3173508411211674,2.1227739967555603
20250918,1.3032211522642225,2.1227739967555603
20250919,1.3025562917301705,2.1227739967555603
20250922,1.3096090200187536,2.1227739967555603
20250923,1.3068104873627153,2.1227739967555603
20250924,1.3236119723533604,2.1227739967555603
20250925,1.330248173450799,2.1227739967555603
20250926,1.3161287867046756,2.1227739967555603
20250929,1.3362808015560608,2.1227739967555603
20250930,1.3436697236610082,2.1227739967555603
20251009,1.3648927683466165,2.1227739967555603
20251010,1.3379227552428323,2.080828399389533
20251013,1.3320271310912815,2.0716591240194857
20251014,1.3114787413260007,2.0716591240194857
20251015,1.3305259999041643,2.0716591240194857
20251016,1.3299908205063697,2.0716591240194857
20251017,1.2973953290481046,2.0716591240194857
20251020,1.3050825672759774,2.0716591240194857
20251021,1.3254713116001537,2.0716591240194857
20251022,1.319417013584843,2.0716591240194857
20251023,1.3230232316311548,2.0716591240194857
20251024,1.3401650825580813,2.0716591240194857
20251027,1.3577770883370648,2.0716591240194857
20251028,1.3508069721129674,2.0610243114312037
20251029,1.3694705983164197,2.089500761537624
20251030,1.3567692598934395,2.07012140696076
20251031,1.3394690354909575,2.0437251980109674
20251103,1.3422703415695365,2.0479993541642187
20251104,1.3288921652967434,2.0479993541642187
20251105,1.331598094640472,2.0479993541642187
20251106,1.3512655490954544,2.0479993541642187
20251107,1.347297956719268,2.0479993541642187
20251110,1.3514965254396227,2.0479993541642187
20251111,1.3398750291588541,2.0479993541642187
20251112,1.33616122137334,2.0479993541642187
20251113,1.3535107667104673,2.0479993541642187
20251114,1.3320118763963202,2.0479993541642187
20251117,1.3256557245152971,2.0479993541642187
20251118,1.3151949794376159,2.0479993541642187
20251119,1.318025952663245,2.0479993541642187
20251120,1.3100988894169152,2.0479993541642187
20251121,1.2745699345585453,2.0479993541642187
20251124,1.2759304157103648,2.0479993541642187
20251125,1.2890677449583545,2.0479993541642187
20251126,1.295307972229585,2.0479993541642187
20251127,1.2941508381232119,2.0479993541642187
20251128,1.3004704196295414,2.0479993541642187
20251201,1.3144233953072635,2.0479993541642187
20251202,1.3067121747726886,2.0479993541642187
20251203,1.2996287812541765,2.0479993541642187
20251204,1.3036991718015536,2.0479993541642187
20251205,1.3158814286621616,2.0479993541642187
20251208,1.3273871050409463,2.0659064522353043
20251209,1.3199019858581165,2.0542568317464256
20251210,1.3202538927152896,2.0548045292824786
20251211,1.3082869321556367,2.0361795020090145
20251212,1.3186218940801064,2.052264534357366
20251215,1.3097780238362824,2.0385001934728852
20251216,1.292745957561123,2.0119919838638536
20251217,1.3168051818808224,2.0119919838638536
20251218,1.3092620601350282,2.0004665883879866
20251219,1.3158564255367025,2.010542346373604
20251222,1.3292342719255554,2.0309828185604535
20251223,1.3312057128050296,2.033995050970185
20251224,1.3386576733077629,2.045381158043483
20251225,1.3433007045108478,2.0524754053095013
20251226,1.3487466764077127,2.0607964933122003
20251229,1.3435805349576404,2.0529029678856023
20251230,1.3474697378748255,2.058845414954211
20251231,1.343268429196115,2.0524260907446648
