date,nav_buyhold,nav_macd_cash
20130701,1.0,1.0
20130702,1.0039078977265545,1.0
20130703,0.9956969145886474,0.9918209796371742
20130704,1.0038896872972307,0.9918209796371742
20130705,1.0060819770411462,0.993986913792064
20130708,0.977506908845569,0.9657553735246869
20130709,0.9770699402102045,0.9657553735246869
20130710,1.0048002118586816,0.9657553735246869
20130711,1.0511558077665455,0.965755373524687
20130712,1.0279642625124132,0.9444480094935561
20130715,1.042378668015603,0.9576913264861604
20130716,1.047137062957672,0.962063128887576
20130717,1.0313113294347491,0.9475231462543573
20130718,1.0143582373086057,0.9319473964961271
20130719,0.9895709263799745,0.9091739136806571
20130722,0.9948536292975991,0.9091739136806571
20130723,1.023602750077396,0.9091739136806571
20130724,1.0160530500709224,0.9091739136806571
20130725,1.0108643137764373,0.9091739136806571
20130726,1.0046786566801111,0.9091739136806571
20130729,0.982969874861138,0.9091739136806571
20130730,0.9890234957063453,0.9091739136806571
20130731,0.9906567922501579,0.9091739136806571
20130801,1.0142939069742147,0.9091739136806571
20130802,1.0151436805656617,0.9091739136806571
20130805,1.0291688881217886,0.909173913680657
20130806,1.0360774628040788,0.9152769896231447
20130807,1.0301887751422751,0.9100748879372925
20130808,1.0284455583600347,0.9085349198692763
20130809,1.0326057692967203,0.9122100749411967
20130812,1.0627643383803096,0.9388523341478223
20130813,1.0655898805661914,0.9413484349113191
20130814,1.0610698402745102,0.9373554044481832
20130815,1.0486379662370735,0.9263730130220018
20130816,1.0407557355159147,0.919409803546861
20130819,1.0530722443217624,0.9302902806416657
20130820,1.0444976699284192,0.9227154506508671
20130821,1.0427386544857868,0.9211615259523452
20130822,1.0406269065016287,0.9192959952298142
20130823,1.032938820953217,0.9192959952298142
20130826,1.0549211061924364,0.9192959952298142
20130827,1.0572907531864806,0.9192959952298142
20130828,1.0514897678767268,0.9192959952298142
20130829,1.0470799877179984,0.9192959952298142
20130830,1.0450839294787149,0.9192959952298142
20130902,1.0479815610019065,0.9192959952298142
20130903,1.0634006694974825,0.9192959952298142
20130904,1.0616746128507635,0.9192959952298142
20130905,1.057617658749815,0.9157831094428792
20130906,1.0648566994319588,0.9157831094428792
20130909,1.1022558057870568,0.9479465638555966
20130910,1.117731233603829,0.9612555240317053
20130911,1.1213331191074163,0.9643531670367144
20130912,1.1324188144291851,0.973886931098603
20130913,1.1240308974500424,0.9666732724936417
20130916,1.1192745678979046,0.9625828007248907
20130917,1.0962026738637172,0.9427408343169826
20130918,1.0985369173868715,0.9447482976620238
20130923,1.1164921867979716,0.9601899363923369
20130924,1.1036564425415596,0.9491511198140864
20130925,1.0969391689268615,0.9433742244617556
20130926,1.0767951630370136,0.9433742244617556
20130927,1.0815409681239014,0.9433742244617556
20130930,1.0878844174354716,0.9433742244617556
20131008,1.1026760140439449,0.9433742244617556
20131009,1.1079832681546011,0.9433742244617556
20131010,1.0970164823845798,0.9433742244617556
20131011,1.1147054052654841,0.9433742244617556
20131014,1.1165181849926655,0.9433742244617556
20131015,1.1142401911071045,0.9433742244617556
20131016,1.0933934977269575,0.9433742244617556
20131017,1.0897538200128742,0.9433742244617556
20131018,1.095490762032327,0.9433742244617556
20131021,1.1159229378060396,0.9433742244617556
20131022,1.104430730233974,0.9433742244617556
20131023,1.0920496133256234,0.9433742244617556
20131024,1.0839222172918666,0.9433742244617556
20131025,1.0694860602335208,0.9433742244617556
20131028,1.0683013164587465,0.9433742244617556
20131029,1.0710467163217263,0.9433742244617556
20131030,1.0870304018290184,0.9433742244617556
20131031,1.0717814839135509,0.9433742244617556
20131101,1.0768489586425425,0.9433742244617556
20131104,1.0748058700342387,0.9433742244617556
20131105,1.0762940968370491,0.9433742244617556
20131106,1.062649511090081,0.9433742244617556
20131107,1.0567642699661504,0.9433742244617556
20131108,1.0420337438419764,0.9433742244617556
20131111,1.0456121697003193,0.9433742244617556
20131112,1.0564898574606592,0.9433742244617556
20131113,1.0330562848712899,0.9433742244617556
20131114,1.0404457041908668,0.9433742244617556
20131115,1.061310905738965,0.9433742244617556
20131118,1.0965942648809464,0.9433742244617556
20131119,1.0890278251615813,0.9368649945389019
20131120,1.0947470185624695,0.9417850819512645
20131121,1.088029025825577,0.9360057509889658
20131122,1.0825905958293465,0.9313271977224662
20131125,1.078368493126089,0.9276950221851303
20131126,1.0778123061230085,0.9272165476029713
20131127,1.09002238915135,0.9377205945202018
20131128,1.101322151869495,0.9474415143099739
20131129,1.1010488536806888,0.9472064023135239
20131202,1.0919407828837484,0.9393709434755743
20131203,1.1027648933172318,0.9486826708050842
20131204,1.117360594879522,0.9612390091726714
20131205,1.114219667596616,0.9585369433909177
20131206,1.1070285548212344,0.9523505984001118
20131209,1.1063809909176205,0.9517935144220852
20131210,1.1074781887081986,0.9527374078454928
20131211,1.0891602537370735,0.936978919724089
20131212,1.0879111093275153,0.9359043102022749
20131213,1.0863784976023776,0.9359043102022749
20131216,1.0688931162160933,0.9359043102022749
20131217,1.0636722468726232,0.9359043102022749
20131218,1.0640474880961952,0.9359043102022749
20131219,1.0528371380191166,0.9359043102022749
20131220,1.028329786594859,0.9359043102022749
20131223,1.0312403104604169,0.9359043102022749
20131224,1.032877875917918,0.9359043102022749
20131225,1.0404809024482062,0.9359043102022749
20131226,1.0225185394966523,0.9359043102022749
20131227,1.0397277215143563,0.9359043102022749
20131230,1.0379049421108828,0.9359043102022749
20131231,1.051694155899446,0.9359043102022749
20140102,1.0480532084698237,0.9359043102022749
20140103,1.0339628315349845,0.9359043102022749
20140106,1.0104198765108694,0.9359043102022749
20140107,1.0101247875634467,0.9359043102022749
20140108,1.011881546508914,0.9359043102022749
20140109,1.0029864699605109,0.9359043102022749
20140110,0.9951386537568807,0.9359043102022749
20140113,0.9900883713762645,0.9359043102022749
20140114,0.9987312808604043,0.9359043102022749
20140115,0.9969608896385654,0.9359043102022749
20140116,0.9982631797551824,0.9359043102022749
20140117,0.9832008119162972,0.9359043102022749
20140120,0.977553725388664,0.9359043102022749
20140121,0.9872118576248877,0.9359043102022749
20140122,1.012651885932936,0.9359043102022749
20140123,1.0072700699390893,0.930930375076764
20140124,1.0134851581522006,0.9366744297985694
20140127,1.0000467284120342,0.9242544812546677
20140128,1.0018151048289827,0.9258888347118356
20140129,1.005384130302473,0.9291873683641815
20140130,0.9939444155679132,0.9186146548026052
20140207,0.9984643152621777,0.9227919971492763
20140210,1.0233001712258945,0.9457455757352592
20140211,1.031427776589862,0.9532572004084829
20140212,1.0339846564122952,0.9556202976186162
20140213,1.028700121342127,0.9507362706214917
20140214,1.0359217862598635,0.9574106149023197
20140217,1.0431663514875273,0.9641061239082261
20140218,1.0299788575772884,0.951918093092495
20140219,1.0418000514956864,0.9628433740243258
20140220,1.0322160750669938,0.95398575476435
20140221,1.021764940166781,0.9443266978510226
20140224,0.9992912916143019,0.923556298034052
20140225,0.9737427534803982,0.8999440505371159
20140226,0.9762150528068163,0.8999440505371159
20140227,0.9720121182848858,0.8999440505371159
20140228,0.9832234888900008,0.8999440505371159
20140303,0.9883592820208371,0.8999440505371159
20140304,0.9856002845881771,0.8999440505371159
20140305,0.9764339249386405,0.8999440505371159
20140306,0.9807840713554513,0.8999440505371159
20140307,0.9783956503040488,0.8999440505371159
20140310,0.9465451839015238,0.8999440505371159
20140311,0.9514441357416336,0.8999440505371159
20140312,0.9539060369535594,0.8999440505371159
20140313,0.965719556276836,0.8999440505371159
20140314,0.9578172271097655,0.8999440505371159
20140317,0.9669246995259353,0.8999440505371159
20140318,0.964703914015394,0.8999440505371159
20140319,0.9569073595662129,0.8999440505371159
20140320,0.9416031904143752,0.8999440505371159
20140321,0.97400460702781,0.8999440505371159
20140324,0.9820080057841487,0.907338893480233
20140325,0.9810464191279143,0.9064504231546207
20140326,0.9795077987220133,0.9050287950942042
20140327,0.9725790938595729,0.8986269293598024
20140328,0.9708831086388384,0.8970599020601508
20140331,0.9683218231484724,0.8946933694768855
20140401,0.975898089727923,0.9016935581662036
20140402,0.9838360618832719,0.9090279493620879
20140403,0.9767366112681921,0.9024683208993236
20140404,0.985961121476394,0.9109914254319834
20140408,1.0093423635212113,0.9325948239380859
20140409,1.0099226312184666,0.9331309697202473
20140410,1.0257679869147711,0.9477714893693772
20140411,1.02436358200788,0.9464738714408968
20140414,1.0234292759214547,0.9456106073476962
20140415,1.0057595802808146,0.9292844654055958
20140416,1.007133376474633,0.9305538020210049
20140417,1.003641388602149,0.9273273350333594
20140418,1.003487254079747,0.9271849204642525
20140421,0.9866839631575511,0.9116593042754138
20140422,0.9909828477636831,0.9116593042754138
20140423,0.9900154769269823,0.9116593042754138
20140424,0.9881156970065755,0.9116593042754138
20140425,0.9778914078583716,0.9116593042754138
20140428,0.9630620722203683,0.9116593042754138
20140429,0.9736554752951645,0.9116593042754138
20140430,0.973732995406959,0.9116593042754138
20140505,0.9727378403744006,0.9116593042754138
20140506,0.9731171381197984,0.9116593042754138
20140507,0.9640824905570516,0.9116593042754138
20140508,0.9632538812142382,0.9116593042754138
20140509,0.9625312859586455,0.9116593042754138
20140512,0.983337103835267,0.9116593042754138
20140513,0.9809828730239596,0.9116593042754138
20140514,0.979856457574299,0.9116593042754138
20140515,0.9670892657338386,0.9116593042754138
20140516,0.9679241443218372,0.9116593042754138
20140519,0.9540201630242976,0.9116593042754138
20140520,0.9542958388046413,0.9116593042754138
20140521,0.9633694824360921,0.9116593042754138
20140522,0.9610899620217018,0.9116593042754138
20140523,0.9689961367097255,0.9116593042754138
20140526,0.9723991167900682,0.9116593042754138
20140527,0.9684692780727434,0.9079749384948509
20140528,0.9784165289591878,0.9173008455899997
20140529,0.9720097143947961,0.9112942254609361
20140530,0.9725883108867035,0.9118366805764957
20140603,0.9696282682738884,0.9090615336821498
20140604,0.9598589676062936,0.8999024613464234
20140605,0.9699213476474565,0.9093363061836784
20140606,0.9627490573216899,0.9026120248720766
20140609,0.9625452254368643,0.9024209251157104
20140610,0.9747085195092673,0.9138244527622067
20140611,0.9744743794351922,0.9136049379833997
20140612,0.9711491876275395,0.9104874505262393
20140613,0.9814382938447117,0.9201338593450042
20140616,0.9884716237808397,0.9267278602707519
20140617,0.9784606963392317,0.9173422541045357
20140618,0.9741980088524589,0.9133458305769588
20140619,0.9591586141028385,0.8992458546335189
20140620,0.9635803631293508,0.9033914041014139
20140623,0.9623916425078619,0.9033914041014139
20140624,0.9672141962804791,0.9033914041014139
20140625,0.9620430965642717,0.9033914041014139
20140626,0.9691176193442993,0.9033914041014139
20140627,0.9696429386519221,0.9033914041014139
20140630,0.9763362424715286,0.9033914041014139
20140701,0.9760764111169961,0.9031509854812811
20140702,0.9789131576423403,0.9057757906612295
20140703,0.9831103206090107,0.9096593717276297
20140704,0.9824274706659748,0.909027539432571
20140707,0.9813347409280124,0.9080164506197843
20140708,0.9832135988853015,0.9097549337921857
20140709,0.9688832928653797,0.8964952854114512
20140710,0.9662318872136597,0.8940419737649571
20140711,0.968551810276504,0.8940419737649571
20140714,0.9792527006837687,0.8940419737649571
20140715,0.9806959276852459,0.8940419737649571
20140716,0.9788358408394034,0.8923462435512542
20140717,0.9726056988432158,0.8866665947530232
20140718,0.9757884871049706,0.8895681529417389
20140721,0.9767505970315249,0.8895681529417389
20140722,0.988647562204762,0.8895681529417389
20140723,0.990954985874934,0.8916443332620053
20140724,1.0086134229222732,0.907533092642556
20140725,1.019173461701356,0.917034834770714
20140728,1.0477699824046196,0.942765494588286
20140729,1.0511305415671655,0.9457892681971649
20140730,1.0469030048713668,0.9419854030446647
20140731,1.059626987917657,0.953434225182362
20140801,1.050218653327421,0.9449687667686176
20140804,1.0710478492452522,0.9637105207042321
20140805,1.0682138645660024,0.9611605498015948
20140806,1.0654407891481537,0.95866538400973
20140807,1.049308388740016,0.9441497262746521
20140808,1.0509577875964697,0.9456338271315111
20140811,1.066374772408741,0.9595057661598122
20140812,1.0626257484417285,0.9561324585695601
20140813,1.0634508880212572,0.9568749050385966
20140814,1.053093307194234,0.947555331110055
20140815,1.0642157140688446,0.947555331110055
20140818,1.0704857956662288,0.947555331110055
20140819,1.0705701589579237,0.947555331110055
20140820,1.0666720615933563,0.947555331110055
20140821,1.0613007895051212,0.947555331110055
20140822,1.066305289953028,0.947555331110055
20140825,1.0561533755942625,0.947555331110055
20140826,1.0476830924941325,0.947555331110055
20140827,1.049253895156752,0.947555331110055
20140828,1.0418900376209046,0.947555331110055
20140829,1.0540570192992627,0.947555331110055
20140901,1.0617254579959758,0.947555331110055
20140902,1.075755607363724,0.947555331110055
20140903,1.0858344956243493,0.947555331110055
20140904,1.0936629752114637,0.947555331110055
20140905,1.104037716510626,0.9565440613219451
20140909,1.1022101129384425,0.954960616012714
20140910,1.0964356804232673,0.9499576174309695
20140911,1.09237962469542,0.9464434294998493
20140912,1.0990889719336039,0.9522564430953587
20140915,1.0985533139851953,0.951792346242699
20140916,1.076717659904499,0.932873821156451
20140917,1.0823708812412922,0.932873821156451
20140918,1.0856698039923747,0.932873821156451
20140919,1.0931194953855414,0.932873821156451
20140922,1.0722459897035934,0.932873821156451
20140923,1.081496327077245,0.932873821156451
20140924,1.100599355759335,0.932873821156451
20140925,1.098382530009511,0.932873821156451
20140926,1.0984801733000713,0.932873821156451
20140929,1.1032481115748412,0.932873821156451
20140930,1.1046766619079535,0.932873821156451
20141008,1.11701499536172,0.932873821156451
20141009,1.1186160329306318,0.9342109258872985
20141010,1.1117718366045268,0.9284950029981783
20141013,1.1064254119633237,0.9240299424526401
20141014,1.1026380172860994,0.9208669040337819
20141015,1.1104315814403276,0.9208669040337819
20141016,1.1016438624142824,0.9208669040337819
20141017,1.100434945374184,0.9208669040337819
20141020,1.1062755530864654,0.9208669040337819
20141021,1.0966583848890243,0.9208669040337819
20141022,1.0900022775660119,0.9208669040337819
20141023,1.0797612183149636,0.9208669040337819
20141024,1.077395669442463,0.9208669040337819
20141027,1.0675293723681805,0.9208669040337819
20141028,1.089071732601358,0.9208669040337819
20141029,1.104714707140739,0.9208669040337819
20141030,1.112610771789909,0.9208669040337819
20141031,1.1303573786954135,0.9208669040337819
20141103,1.1322514611437213,0.9224099539337799
20141104,1.1325236646314472,0.9226317096260358
20141105,1.1281326910945706,0.9190545204265771
20141106,1.1293039328004628,0.9200086945169209
20141107,1.127531203182376,0.9185645069830805
20141110,1.156171593300653,0.9418969396062714
20141111,1.1529548885301841,0.9392763905489536
20141112,1.1690354710823188,0.9523767396499915
20141113,1.162461642050708,0.947021246155559
20141114,1.1630575764505977,0.9475067353257781
20141117,1.1567434488893713,0.9423628125199734
20141118,1.1451605208044842,0.9329265622453157
20141119,1.1432620598866585,0.9313799453427526
20141120,1.1431971034479156,0.9313270273579014
20141121,1.1640756749533894,0.9313270273579014
20141124,1.1937165164154202,0.9313270273579014
20141125,1.2100646285093932,0.9440816792622863
20141126,1.226932453808546,0.9572418067949319
20141127,1.2411033025476568,0.9682977771613012
20141128,1.2655727115726547,0.987388592824042
20141201,1.2705157856056646,0.9912451352961167
20141202,1.3174223899848116,1.0278412515591855
20141203,1.3370605735921897,1.0431627880464993
20141204,1.3986875387282354,1.0912435990732179
20141205,1.4079281674773507,1.098453055577744
20141208,1.4655860401128966,1.1434372158762818
20141209,1.3998084917903872,1.09211815669961
20141210,1.4514448574950878,1.1324043907543533
20141211,1.4340721043387803,1.1188503229907003
20141212,1.438662970752247,1.1224320762051823
20141215,1.4494648503113083,1.130859606729622
20141216,1.488277498064962,1.1611408898979618
20141217,1.5140341156318269,1.1812359742362224
20141218,1.5074124321653848,1.176069795588192
20141219,1.5241778815457816,1.1891500503379977
20141222,1.529262934322752,1.193117363365512
20141223,1.497914347645202,1.1686594743769727
20141224,1.4553116020405457,1.1354211905167355
20141225,1.5026186104472257,1.1354211905167355
20141226,1.552351291890288,1.1354211905167355
20141229,1.5566709696491996,1.1354211905167355
20141230,1.5576041953053992,1.1354211905167355
20141231,1.5918973205549622,1.1354211905167355
20150105,1.6404636693954895,1.1354211905167355
20150106,1.6402335025484103,1.1352618841447606
20150107,1.6414507396525448,1.1361043757083968
20150108,1.6033582620731281,1.1097392650083888
20150109,1.5976983659684316,1.1058218567211553
20150112,1.5827538874863032,1.1058218567211553
20150113,1.582950330615245,1.1058218567211553
20150114,1.5777047086957987,1.1058218567211553
20150115,1.6235031500191288,1.1058218567211553
20150116,1.6374656945646455,1.1058218567211553
20150119,1.5113296477905493,1.1058218567211553
20150120,1.5298162722530155,1.1058218567211553
20150121,1.5985706309370542,1.1058218567211553
20150122,1.6069938289057273,1.1058218567211553
20150123,1.6088364225817127,1.1058218567211553
20150126,1.62515329504827,1.1058218567211553
20150127,1.610251792029348,1.1058218567211553
20150128,1.5878941288232584,1.1058218567211553
20150129,1.568276759417345,1.1058218567211553
20150130,1.546910716780104,1.1058218567211553
20150202,1.5106713161158982,1.1058218567211553
20150203,1.5482621468258222,1.1058218567211553
20150204,1.5321805427977637,1.1058218567211553
20150205,1.5164842936203908,1.1058218567211553
20150206,1.4919135442853915,1.1058218567211553
20150209,1.5069905380070472,1.1058218567211553
20150210,1.5344626506695478,1.1058218567211553
20150211,1.546692587371732,1.1058218567211553
20150212,1.550621205867447,1.1058218567211553
20150213,1.5627485831504666,1.1058218567211553
20150216,1.576092250572863,1.1058218567211553
20150217,1.5863659262498837,1.1058218567211553
20150225,1.5667201241876634,1.0921271870653482
20150226,1.6061449013805973,1.1196093584829916
20150227,1.6090811506991531,1.1216561552651927
20150302,1.621868623313996,1.1305700297223582
20150303,1.5798078014541084,1.1012503277830514
20150304,1.5901183370899585,1.108437582294738
20150305,1.5745784136969125,1.0976050330982068
20150306,1.5665388667231444,1.092000836352286
20150309,1.5932004371701651,1.092000836352286
20150310,1.585469353910175,1.092000836352286
20150311,1.5872770295607574,1.092000836352286
20150312,1.6179732603798584,1.092000836352286
20150313,1.6291344988246381,1.0995337678381656
20150316,1.6687567798008278,1.126275596658023
20150317,1.6919132008231688,1.1419043043397463
20150318,1.7319482106468898,1.16892469168571
20150319,1.7290902421470784,1.1669957945472431
20150320,1.7528688734260818,1.1830444437306593
20150323,1.788648818001499,1.2071930068483345
20150324,1.7890781610952156,1.2074827786442606
20150325,1.77436872999752,1.1975551046497108
20150326,1.7786716626960681,1.2004592355279178
20150327,1.7884280707846876,1.2070440203655024
20150330,1.8408644626149488,1.2424343356050127
20150331,1.824200826482474,1.2311877315733364
20150401,1.8569180807413201,1.25326922691611
20150402,1.8573000275507943,1.2535270100609872
20150403,1.8778909401377717,1.267424207447894
20150407,1.9181783772091465,1.2946149627302792
20150408,1.9342644135367453,1.3054717337001573
20150409,1.9190907606864507,1.2952307476413698
20150410,1.956122402729646,1.3202241051169896
20150413,1.9906225430594842,1.3435089040793715
20150414,1.9983110896962866,1.348698050008613
20150415,1.9723286029559204,1.331161976980848
20150416,2.03221112190266,1.371577824618138
20150417,2.0693808874274326,1.3966644042508203
20150420,2.0359487170187993,1.374100398441028
20150421,2.0797161293683697,1.4036398550322235
20150422,2.1340206382595572,1.440290997902752
20150423,2.1344890358611464,1.4406071283266633
20150424,2.11725035318989,1.4289724144808955
20150427,2.1644851818378803,1.4608520960872853
20150428,2.1348744235094985,1.4408672337589505
20150429,2.149473812769028,1.4507206384301106
20150430,2.1384534786000753,1.443282805912067
20150504,2.1554792475688354,1.443282805912067
20150505,2.0695156175925975,1.443282805912067
20150506,2.0499107889643002,1.443282805912067
20150507,2.0124207016460516,1.443282805912067
20150508,2.052163863050304,1.443282805912067
20150511,2.111630726903756,1.443282805912067
20150512,2.1372248116510684,1.443282805912067
20150513,2.124159177127185,1.443282805912067
20150514,2.1161929723518065,1.443282805912067
20150515,2.0786726228891923,1.443282805912067
20150518,2.0596001731797773,1.443282805912067
20150519,2.1298475654458895,1.443282805912067
20150520,2.140498290255993,1.443282805912067
20150521,2.1792211378688813,1.443282805912067
20150522,2.228883200932999,1.4432828059120668
20150525,2.2955609072102954,1.4864590418706822
20150526,2.340298386716892,1.5154281843204465
20150527,2.332409353470342,1.510319748833451
20150528,2.175997442290067,1.4090373568481553
20150529,2.1790510350659713,1.411014669050013
20150601,2.2849741858402055,1.411014669050013
20150602,2.3235286923072858,1.4348228041791324
20150603,2.315281799621342,1.4297301923561816
20150604,2.3322900060147242,1.4402330806881423
20150605,2.354388867954298,1.4538795448623463
20150608,2.409824799100181,1.4881122782227563
20150609,2.3934708375975444,1.4780133984540929
20150610,2.389693809765459,1.4756810125087685
20150611,2.388539643136993,1.474968292840693
20150612,2.401360003810827,1.4828851074311562
20150615,2.3500524031408947,1.4512016960264824
20150616,2.2796622449204844,1.4512016960264824
20150617,2.3129558353134776,1.4512016960264824
20150618,2.2191910289153585,1.4512016960264824
20150619,2.087073320330441,1.4512016960264824
20150623,2.1541371435333643,1.4512016960264824
20150624,2.1964435643910343,1.4512016960264824
20150625,2.118287852250732,1.4512016960264824
20150626,1.9515985900248254,1.4512016960264824
20150629,1.8864820167544374,1.4512016960264824
20150630,2.013138214341104,1.4512016960264824
20150701,1.9141183528011687,1.4512016960264824
20150702,1.8488330678324585,1.4512016960264824
20150703,1.7488701329224978,1.4512016960264824
20150706,1.7995412523396888,1.4512016960264824
20150707,1.7677831350462472,1.4512016960264824
20150708,1.6485225786460114,1.4512016960264824
20150709,1.7540840392361023,1.4512016960264824
20150710,1.8480967701067985,1.4512016960264824
20150713,1.8954510448126305,1.4512016960264824
20150714,1.850584426819297,1.4512016960264824
20150715,1.785140074993545,1.4512016960264824
20150716,1.7988953030425545,1.4512016960264824
20150717,1.8682472934713539,1.5071492133516222
20150720,1.8723348140207132,1.5104466908333527
20150721,1.8747473164269888,1.5123929005864905
20150722,1.8707516279028984,1.5091695056767664
20150723,1.9128776832636716,1.5431533639274728
20150724,1.8793255159740823,1.5160862177774646
20150727,1.7184139887294116,1.3862759498576347
20150728,1.714963266845611,1.3834921894899148
20150729,1.768627447807507,1.4267840643956182
20150730,1.7168795078586463,1.385038056113397
20150731,1.717444999387442,1.3854942484578259
20150803,1.723072326837117,1.3854942484578259
20150804,1.7765700472468438,1.3854942484578259
20150805,1.7399932353544478,1.3569690785201853
20150806,1.724208825100359,1.344659285469115
20150807,1.7579845359545836,1.3709999598481653
20150810,1.8378031797534629,1.4332481510041684
20150811,1.8298260773228334,1.4270270455914527
20150812,1.8070693650748857,1.4092797611642485
20150813,1.8337538911359144,1.4300902310005899
20150814,1.8328740694919883,1.4294040842149804
20150817,1.8348086755428643,1.430912826051912
20150818,1.721201568866375,1.3423140155923206
20150819,1.748509983112863,1.36361103730652
20150820,1.6923972522007933,1.3198503839822033
20150821,1.6150324555008857,1.2595158753446511
20150824,1.4737413592031505,1.2595158753446511
20150825,1.3690741793248002,1.2595158753446511
20150826,1.3613089289945801,1.2595158753446511
20150827,1.4422587990536482,1.2595158753446511
20150828,1.5037270778943654,1.2595158753446511
20150831,1.514625443226501,1.2595158753446511
20150901,1.512609978059812,1.2595158753446511
20150902,1.5142846461988486,1.2595158753446511
20150907,1.4623781094367845,1.2595158753446511
20150908,1.4999498500172765,1.2595158753446511
20150909,1.5293077749929627,1.2595158753446511
20150910,1.5105154855371243,1.2440388161870795
20150911,1.5058368308678463,1.2401855435315878
20150914,1.4761075177464418,1.2157009090768436
20150915,1.4181065789568783,1.1679321705763905
20150916,1.4887326970320012,1.2260988250485372
20150917,1.456218183912705,1.1993203399571082
20150918,1.4626280129296483,1.2045993828921524
20150921,1.4882468980474581,1.22569872799596
20150922,1.5020831049528771,1.2370940288875731
20150923,1.467881206376647,1.2089258374168357
20150924,1.4777532535311306,1.2170563133854682
20150925,1.453877928106262,1.1973929389533462
20150928,1.4587251568390216,1.201385046781586
20150929,1.4299695814973472,1.177702368749249
20150930,1.4407966199245905,1.1866193617869274
20151008,1.4828599968976552,1.2212621537314234
20151009,1.5024761449623583,1.2374177309831762
20151012,1.5508553053260659,1.2772621112382982
20151013,1.549650950883141,1.2762702222508688
20151014,1.5321266780712923,1.2618374833533663
20151015,1.568416078000362,1.2917249108972462
20151016,1.5896573005508585,1.309218876109188
20151019,1.5896972993942713,1.309251818581003
20151020,1.609260689784095,1.3253639453709563
20151021,1.5622664564834947,1.2866601711146401
20151022,1.5853197420390939,1.3056465253403384
20151023,1.6063157487790725,1.3229385343396178
20151026,1.6144082399564104,1.3296033936149134
20151027,1.6160227491246806,1.3309330801316352
20151028,1.5854429782182766,1.3057480208840317
20151029,1.5892026982611944,1.308844472205564
20151030,1.5895373013468819,1.3091200464916914
20151102,1.5633851503786451,1.2875815113076563
20151103,1.55866408286966,1.2836933080477417
20151104,1.6319839462410397,1.2836933080477417
20151105,1.6667970683049524,1.311076770935736
20151106,1.7060946496292375,1.3419876400558883
20151109,1.727211106265651,1.358597517950999
20151110,1.7239964926091098,1.3560689526128622
20151111,1.7241662942063043,1.3562025159205873
20151112,1.7069174370817128,1.3426348319287749
20151113,1.684829629020275,1.325260904039828
20151116,1.6928593691267482,1.3315769733025091
20151117,1.6902648909222366,1.3295361969108794
20151118,1.6709998079270012,1.3143825808615734
20151119,1.6976954201288685,1.3353809361558806
20151120,1.697418394457664,1.3353809361558806
20151123,1.687939186872968,1.3353809361558806
20151124,1.6881749204803398,1.3353809361558806
20151125,1.7006266703526538,1.3353809361558806
20151126,1.6906394903811155,1.3353809361558806
20151127,1.5995888334882937,1.3353809361558806
20151130,1.6038123249184275,1.3353809361558806
20151201,1.6151697760117676,1.3353809361558806
20151202,1.673733839527538,1.3353809361558806
20151203,1.6860169240433704,1.3353809361558806
20151204,1.6537577109732577,1.3353809361558806
20151207,1.658248167422528,1.3353809361558806
20151208,1.6291914229589413,1.3353809361558806
20151209,1.634987416937021,1.3353809361558806
20151210,1.629194316071738,1.3353809361558806
20151211,1.6224250724632754,1.3353809361558806
20151214,1.6688461468273033,1.3353809361558806
20151215,1.6612187362745496,1.3353809361558806
20151216,1.6571815320458676,1.3353809361558806
20151217,1.6888457578791807,1.3353809361558806
20151218,1.6942394165406274,1.3396457358979676
20151221,1.738314969262586,1.374496551954343
20151222,1.743142945449457,1.378314063014831
20151223,1.7384744006205677,1.374622615329332
20151224,1.7218334011607799,1.3614644726549607
20151225,1.7257760610871942,1.3645819585940502
20151228,1.6760470458090293,1.325260914226056
20151229,1.691430335983991,1.3374245782783583
20151230,1.6929006586670527,1.3385871716482962
20151231,1.6775236698694242,1.3385871716482962
20160104,1.559738087831742,1.3385871716482962
20160105,1.5640932398598553,1.3385871716482962
20160106,1.59151959494736,1.3385871716482962
20160107,1.4811628012001394,1.3385871716482962
20160108,1.5113548707512958,1.3385871716482962
20160111,1.4353098529970618,1.3385871716482962
20160112,1.4457560321389094,1.3385871716482962
20160113,1.4188450346194241,1.3385871716482962
20160114,1.448368091505752,1.3385871716482962
20160115,1.402120874932687,1.3385871716482962
20160118,1.4075042549347505,1.3385871716482962
20160119,1.4490322044706432,1.3385871716482962
20160120,1.427105324004789,1.3385871716482962
20160121,1.385269134612431,1.3385871716482962
20160122,1.3996973026223178,1.3385871716482962
20160125,1.4066197906844706,1.3385871716482962
20160126,1.321921984202295,1.3385871716482962
20160127,1.3173453471137153,1.3385871716482962
20160128,1.2829010032427794,1.3385871716482962
20160129,1.32439939904549,1.3385871716482962
20160201,1.3041404811977746,1.3385871716482962
20160202,1.3312311588849963,1.3385871716482962
20160203,1.3255137024184402,1.3385871716482962
20160204,1.3417407922631228,1.3385871716482962
20160205,1.3323030278274122,1.3291715896852763
20160215,1.3246136240983426,1.32150025909094
20160216,1.365207646639634,1.3619988696517182
20160217,1.3770124312256218,1.3737759083331034
20160218,1.3726766948337064,1.3694503626335666
20160219,1.371715519713925,1.3684914466548128
20160222,1.401948949455837,1.3986538158999129
20160223,1.3886751460452849,1.385411211168207
20160224,1.3977359651379495,1.3944507337585648
20160225,1.311962785300362,1.308879154759004
20160226,1.325114018124006,1.321999476993075
20160229,1.2933855931908402,1.2903456263856823
20160301,1.3173001918331726,1.3142040162791202
20160302,1.3715150322673215,1.3682914304328664
20160303,1.3746905044481694,1.371459439000333
20160304,1.3906216354063248,1.3873531255107254
20160307,1.395532322786552,1.3922522708367462
20160308,1.396794584494586,1.3935115657313937
20160309,1.3807078726333,1.3774626639944203
20160310,1.3542860210503374,1.351102914194689
20160311,1.3565845831090773,1.3533960737250608
20160314,1.377880697009483,1.3746421333495593
20160315,1.3819552698002875,1.3787071292855615
20160316,1.3887997289873062,1.3855355012911261
20160317,1.404146679180522,1.400846380092026
20160318,1.425600396777364,1.4222496729820482
20160321,1.460408823244052,1.4569762859032973
20160322,1.4497694454822225,1.446361914879902
20160323,1.454387964209458,1.450969578264621
20160324,1.4299990258665376,1.4266379635561728
20160325,1.4371631630218973,1.433785262160636
20160328,1.4245279850405506,1.4211797818362313
20160329,1.4090935933917303,1.4057816671016719
20160330,1.4454241703441237,1.4420268528540017
20160331,1.446227466497744,1.4428282609444993
20160401,1.447926864999234,1.4445236651885456
20160405,1.467055853320954,1.4636076928351038
20160406,1.463917282064209,1.4604764984599992
20160407,1.44222772887114,1.438837924280515
20160408,1.4316268092964233,1.4282619210523084
20160411,1.4515547782536513,1.4481430514144236
20160412,1.4463097156739777,1.4429103168026949
20160413,1.4655914925295301,1.4429103168026949
20160414,1.4720729018831147,1.4492914212723773
20160415,1.4704313285305506,1.4476752525525964
20160418,1.4507588029710274,1.4283071747273024
20160419,1.4551735380966357,1.4283071747273024
20160420,1.4294238132588364,1.4283071747273024
20160421,1.4202351910644921,1.4283071747273024
20160422,1.426648796897567,1.4283071747273024
20160425,1.4208551986921647,1.4283071747273024
20160426,1.4285403541629185,1.4283071747273024
20160427,1.422577429647592,1.4283071747273024
20160428,1.420168891212265,1.4283071747273024
20160429,1.4184339485296533,1.4283071747273024
20160503,1.4439426240431492,1.4283071747273024
20160504,1.4420983322595764,1.4283071747273024
20160505,1.444090425892971,1.4283071747273024
20160506,1.4065307691131632,1.4283071747273024
20160509,1.3774310652856236,1.4283071747273024
20160510,1.378991381806155,1.4283071747273024
20160511,1.3851346642735047,1.4283071747273024
20160512,1.3884161985146821,1.4283071747273024
20160513,1.3815748229463236,1.4283071747273024
20160516,1.3907179285806104,1.4283071747273024
20160517,1.386535592141053,1.4283071747273024
20160518,1.378442209219787,1.4283071747273024
20160519,1.3759439810654877,1.4283071747273024
20160520,1.3829949561044264,1.4283071747273024
20160523,1.387029773943219,1.4283071747273024
20160524,1.3763856279780151,1.4283071747273024
20160525,1.3744293234420808,1.4283071747273024
20160526,1.3766580330372522,1.4283071747273024
20160527,1.3758779460668304,1.4283071747273024
20160530,1.3777588763824968,1.4283071747273024
20160531,1.4239546150606612,1.4283071747273026
20160601,1.4198941276150088,1.424234275710596
20160602,1.4228268207496992,1.4271759331210558
20160603,1.4328005978581635,1.4371801967769895
20160606,1.428055032155694,1.4324201254451596
20160607,1.4272646960242363,1.4316273735167853
20160608,1.421382668519448,1.425727366593689
20160613,1.3775055342319218,1.3817161143764425
20160614,1.381826107807144,1.386049894520246
20160615,1.3999573132791407,1.4042365211080636
20160616,1.390201105480153,1.3944504917992355
20160617,1.3972347859389143,1.3944504917992355
20160620,1.3982645286137787,1.3944504917992355
20160621,1.3953982001164686,1.3944504917992355
20160622,1.4078047074156765,1.3944504917992355
20160623,1.4003168821406486,1.3870336948654927
20160624,1.3822647540224142,1.3691528064156275
20160627,1.401744206393392,1.3691528064156275
20160628,1.4088560136129147,1.3691528064156275
20160629,1.4155778066702402,1.3756851714974088
20160630,1.416703464572201,1.376779107045571
20160701,1.4168175331317858,1.3768899610199803
20160704,1.4394882943750307,1.398921833744978
20160705,1.4406838075997537,1.4000836560113563
20160706,1.4449040620447982,1.404184978759309
20160707,1.4418157426158902,1.4011836917772889
20160708,1.4338656537624208,1.3934576457088423
20160711,1.4388175538022978,1.398269995424624
20160712,1.4701810623578604,1.4287496436945482
20160713,1.4745199423382969,1.4329662489718191
20160714,1.4717665797492414,1.4302904793548674
20160715,1.4715365993214002,1.4300669800439678
20160718,1.4651218423562153,1.4238329984188092
20160719,1.4589173874428911,1.4178033922881779
20160720,1.4541318699032704,1.4131527362195564
20160721,1.4608205603541577,1.4196529315649935
20160722,1.4485201836595083,1.407699193845366
20160725,1.4510790526250201,1.407699193845366
20160726,1.4684501032737023,1.407699193845366
20160727,1.445378170806424,1.407699193845366
20160728,1.446666442176663,1.407699193845366
20160729,1.4389269980687718,1.407699193845366
20160801,1.4267351696999864,1.407699193845366
20160802,1.4322227320921226,1.407699193845366
20160803,1.4342116718862272,1.407699193845366
20160804,1.437695192811692,1.407699193845366
20160805,1.4393997778394607,1.407699193845366
20160808,1.45244488975848,1.407699193845366
20160809,1.4626717445423003,1.407699193845366
20160810,1.456534561369424,1.407699193845366
20160811,1.4520406764471996,1.407699193845366
20160812,1.4793665001433538,1.407699193845366
20160815,1.5238987485990727,1.4500740957004252
20160816,1.517070146696544,1.4435763026299797
20160817,1.5147242750981484,1.4413440758237042
20160818,1.510866881454318,1.437673552040559
20160819,1.5110951273764677,1.4378907406821684
20160822,1.4984084104197448,1.4258186265503474
20160823,1.5006575042864425,1.4279587639826377
20160824,1.4952717697700477,1.4228339391767093
20160825,1.4858788072892668,1.4138960149295847
20160826,1.4850218993095454,1.4138960149295847
20160829,1.4853203896033447,1.4138960149295847
20160830,1.4871972447203994,1.4138960149295847
20160831,1.4942833220420262,1.4138960149295847
20160901,1.4824991999397994,1.4138960149295847
20160902,1.4881168813725045,1.4138960149295847
20160905,1.4906043269888718,1.4138960149295847
20160906,1.5008957090687738,1.4138960149295847
20160907,1.500071513667249,1.4138960149295847
20160908,1.4994969827060463,1.4138960149295847
20160909,1.4898223790487022,1.4138960149295847
20160912,1.4649176386857257,1.4138960149295847
20160913,1.4638863158829345,1.4138960149295847
20160914,1.4541749603607417,1.4138960149295847
20160919,1.4651162022333548,1.4138960149295847
20160920,1.462535880144335,1.4138960149295847
20160921,1.4666697702407097,1.4138960149295847
20160922,1.4776515101668881,1.4138960149295847
20160923,1.470701215358027,1.4138960149295847
20160926,1.445823803249808,1.4138960149295847
20160927,1.4550032638602557,1.4138960149295847
20160928,1.4505626111079326,1.4138960149295847
20160929,1.4566107932378098,1.4138960149295847
20160930,1.4605940970203908,1.4138960149295847
20161010,1.478803076893679,1.4138960149295847
20161011,1.4844876855660403,1.4138960149295847
20161012,1.4815365988547375,1.41108526090219
20161013,1.4827082587915819,1.4122012050300292
20161014,1.4841340032132029,1.4135591511926269
20161017,1.4715657539074165,1.4015885583875294
20161018,1.4910617834644457,1.4201574955135534
20161019,1.488764410363189,1.41796936912877
20161020,1.4898134076694676,1.4189684835878795
20161021,1.4939029758320095,1.4228635809901837
20161024,1.5117753494171942,1.4398860716683668
20161025,1.51170812199202,1.4398220411011402
20161026,1.5060150664833079,1.434399706800353
20161027,1.5019157444905045,1.4304953193905456
20161028,1.4994038331753001,1.428102856702605
20161031,1.497664529570075,1.4264462619998726
20161101,1.5078759438136344,1.4361720940469458
20161102,1.4963272537282384,1.4251725774809516
20161103,1.5105601723227158,1.4387286797492405
20161104,1.505650758657814,1.4340527228626068
20161107,1.5067237607605724,1.4350747006208948
20161108,1.5132322940494751,1.4412737343816278
20161109,1.5051121268845187,1.4335397045835185
20161110,1.521958675133437,1.4495851508786033
20161111,1.5338906809811428,1.4609497554369462
20161114,1.5397259348514194,1.4665075261571126
20161115,1.5395440308017418,1.4663342721695993
20161116,1.539407015912134,1.4662037727331365
20161117,1.5425112219010406,1.4691603647748965
20161118,1.53393478468766,1.4609917618850257
20161121,1.5445406640283899,1.4710933010762814
20161122,1.5567608866877072,1.482732416905641
20161123,1.5596054231368854,1.4854416874431609
20161124,1.5658817627059927,1.4914195689651095
20161125,1.5804826152795344,1.505326108890655
20161128,1.5866563553001156,1.5112062697685023
20161129,1.5996414669424324,1.5235739019038181
20161130,1.5879417226087418,1.5124305141546686
20161201,1.6000630791578538,1.523975465242488
20161202,1.5838564565052937,1.5085395142361413
20161205,1.5571176943220917,1.4830722573079953
20161206,1.5525031873477904,1.4786771834483279
20161207,1.5599384102441183,1.4786771834483279
20161208,1.557410904896965,1.4786771834483279
20161209,1.5679709865818172,1.4786771834483279
20161212,1.530025543221055,1.4786771834483279
20161213,1.5281540266539289,1.4786771834483279
20161214,1.516432445772757,1.4786771834483279
20161215,1.4991370956907135,1.4786771834483279
20161216,1.5016370362645135,1.4786771834483279
20161219,1.4939742784654098,1.4786771834483279
20161220,1.4850232010440212,1.4786771834483279
20161221,1.4982376824175152,1.4786771834483279
20161222,1.4969405000307883,1.4786771834483279
20161223,1.4843303634324938,1.4786771834483279
20161226,1.4909611715622852,1.4786771834483279
20161227,1.4882495856721376,1.4786771834483279
20161228,1.4817325870248763,1.4786771834483279
20161229,1.4798701581509457,1.4786771834483279
20161230,1.4853851993936529,1.4786771834483279
20170103,1.4997987838082538,1.4786771834483279
20170104,1.5114923128588946,1.4786771834483279
20170105,1.5112456145271262,1.4784358410403797
20170106,1.5022041579968728,1.4695906783077037
20170109,1.5094769335609322,1.4767055588766789
20170110,1.5069390511130971,1.4742227749167727
20170111,1.4962577560150845,1.4637733751965478
20170112,1.4886754980036387,1.456355731173379
20170113,1.4896903366652483,1.457348537263782
20170116,1.4894694013025023,1.4571323985000382
20170117,1.4925581560643422,1.4601540951059317
20170118,1.4983835237457253,1.465852991621896
20170119,1.4938504872265583,1.461418369218854
20170120,1.5053253280110663,1.4726440864172836
20170123,1.509437782847123,1.4766672581412184
20170124,1.5095918074447163,1.4768179388004672
20170125,1.514718648542876,1.4818334740370807
20170126,1.5201164141726216,1.487114051920543
20170203,1.5095742247374737,1.4768007378211425
20170206,1.513471565223728,1.480613465417655
20170207,1.5100855082134668,1.4773009211193262
20170208,1.5179714683939414,1.4850156738105882
20170209,1.5237938815387875,1.4907116799342377
20170210,1.531496552988593,1.498247123169727
20170213,1.541708460062116,1.508237325475521
20170214,1.5414848946812914,1.5080186137924896
20170215,1.5351506744451744,1.5018219121232848
20170216,1.5437615267105445,1.5102458191895167
20170217,1.535004699264142,1.5016791061244015
20170220,1.5574026519929904,1.5235907899446515
20170221,1.5625182243080311,1.528595301048134
20170222,1.5656166499294442,1.5316264585552
20170223,1.5582318424105974,1.5244019782919678
20170224,1.5584563389603023,1.5246216009278142
20170227,1.5460489018905121,1.512483534498969
20170228,1.5489916876579373,1.515362431158283
20170301,1.5515042022388763,1.517820397998279
20170302,1.5410203250879864,1.50756413019909
20170303,1.5377632824212935,1.50756413019909
20170306,1.5461045764299366,1.50756413019909
20170307,1.5494447070234831,1.50756413019909
20170308,1.5470880145885888,1.50756413019909
20170309,1.5373021559730438,1.50756413019909
20170310,1.5377152088993684,1.50756413019909
20170313,1.5512530769469273,1.50756413019909
20170314,1.550610490322551,1.50756413019909
20170315,1.553716265562662,1.50756413019909
20170316,1.5617168801113004,1.50756413019909
20170317,1.5456894497763634,1.50756413019909
20170320,1.5473853299198472,1.50756413019909
20170321,1.5548793704766504,1.50756413019909
20170322,1.5475567661417156,1.50756413019909
20170323,1.5528949034591515,1.50756413019909
20170324,1.5652726115507816,1.50756413019909
20170327,1.5600744482954187,1.5025576128621898
20170328,1.5563704877735536,1.4989902099821861
20170329,1.5542876329225073,1.4969841458380382
20170330,1.5415209683340594,1.4969841458380382
20170331,1.5501601475245188,1.4969841458380382
20170405,1.5716089219121818,1.4969841458380382
20170406,1.576150832593541,1.4969841458380382
20170407,1.5776704849257863,1.4984274692824155
20170410,1.5721303277669176,1.4931655823736414
20170411,1.5775848670987098,1.4983461518557555
20170412,1.5740339757128783,1.4949736141529801
20170413,1.5763210043197446,1.4971457702022355
20170414,1.563722818234379,1.4851803640709726
20170417,1.5607668421849132,1.4823728603790538
20170418,1.5530406277576716,1.4823728603790538
20170419,1.5454634383345502,1.4823728603790538
20170420,1.5524799981799915,1.4823728603790538
20170421,1.554817319374297,1.4823728603790538
20170424,1.538871034841436,1.4823728603790538
20170425,1.5432158492205048,1.4823728603790538
20170426,1.5450912511575603,1.4823728603790538
20170427,1.5457682880861379,1.4823728603790538
20170428,1.5426314814396342,1.4823728603790538
20170502,1.536710164512077,1.4823728603790538
20170503,1.5306665099841403,1.4823728603790538
20170504,1.5267338736563165,1.4823728603790538
20170505,1.5169291532948346,1.4823728603790538
20170508,1.506272071846403,1.4823728603790538
20170509,1.5034433677787742,1.4823728603790538
20170510,1.4967804601021613,1.4823728603790538
20170511,1.5052643887167958,1.4823728603790538
20170512,1.5181375428628057,1.4823728603790538
20170515,1.5243206733249721,1.4823728603790538
20170516,1.5375172433668334,1.4823728603790538
20170517,1.5291269664571958,1.4742835079925556
20170518,1.523799591841105,1.4691472042652085
20170519,1.5263596532312869,1.4716154468440037
20170522,1.5296613633255955,1.4747987382560241
20170523,1.535458467732057,1.4803879245093792
20170524,1.5354341622064527,1.4803644907224291
20170525,1.562995205111914,1.5069370330357323
20170526,1.5606407556204085,1.5046670279074006
20170531,1.5662109862419393,1.5100374773999399
20170601,1.5683746306773965,1.512123520860245
20170602,1.5633262260496423,1.5072561816218197
20170605,1.5553534808490017,1.4995693858091974
20170606,1.5661598705555249,1.5099881950217373
20170607,1.5845267761158943,1.5276963556614298
20170608,1.5966684955678814,1.5394026018655693
20170609,1.6034671375940952,1.545957404727502
20170612,1.6026558421439792,1.5451752070889457
20170613,1.6061753843572153,1.548568517882934
20170614,1.585103656406235,1.5282525456422433
20170615,1.5821740022324233,1.5254279660440042
20170616,1.5776634728208314,1.5210792106628652
20170619,1.5933004152043457,1.536155320611313
20170620,1.5900726098126008,1.5330432832459107
20170621,1.608649040625063,1.5509534543336851
20170622,1.6097069135918054,1.551973385773409
20170623,1.6242832225872381,1.5660269028656875
20170626,1.6445393198860603,1.5855564977515428
20170627,1.6474955872312707,1.5884067360168181
20170628,1.6346834915520772,1.5760541572074729
20170629,1.644830095156453,1.5858368441158903
20170630,1.6439069266402755,1.5849467858353463
20170703,1.6367422310986752,1.5780390582833028
20170704,1.6228932189547323,1.5646867529131947
20170705,1.640676639252525,1.5818323554928675
20170706,1.640850550919018,1.582000029667336
20170707,1.6389689678081516,1.582000029667336
20170710,1.6379508487343588,1.582000029667336
20170711,1.6456136426614854,1.582000029667336
20170712,1.6402277264638974,1.582000029667336
20170713,1.6528104037190694,1.582000029667336
20170714,1.6600474698453545,1.582000029667336
20170717,1.6423108221620273,1.582000029667336
20170718,1.6439219043090423,1.582000029667336
20170719,1.6719558967511723,1.582000029667336
20170720,1.6800729950136208,1.582000029667336
20170721,1.6714142660930544,1.573846747369559
20170724,1.6780671934535702,1.580111315226401
20170725,1.6673358392429465,1.5700063955413848
20170726,1.6609702766753807,1.564012417779331
20170727,1.664008374279875,1.564012417779331
20170728,1.668341431005473,1.564012417779331
20170731,1.6754921247701877,1.564012417779331
20170801,1.6900513392821266,1.564012417779331
20170802,1.6857661480300203,1.564012417779331
20170803,1.6709487208214047,1.564012417779331
20170804,1.6618604442591427,1.564012417779331
20170807,1.6704600426563956,1.564012417779331
20170808,1.672875280093261,1.564012417779331
20170809,1.6723380137518413,1.564012417779331
20170810,1.665546258537404,1.564012417779331
20170811,1.6347982041962228,1.564012417779331
20170814,1.6560005931455748,1.564012417779331
20170815,1.6610853984205378,1.564012417779331
20170816,1.6589943085125542,1.564012417779331
20170817,1.6678806813877323,1.564012417779331
20170818,1.6693904185911068,1.564012417779331
20170821,1.6766912929810023,1.564012417779331
20170822,1.6817443583006924,1.564012417779331
20170823,1.683429639848265,1.564012417779331
20170824,1.6738062413016468,1.5550716729618006
20170825,1.7011805334343104,1.5550716729618006
20170828,1.7222126488608251,1.5742974084316328
20170829,1.718535573366764,1.5709361449867631
20170830,1.7184157036424288,1.5708265704830018
20170831,1.7129308019341134,1.5658127491348572
20170901,1.7167019526188536,1.5692600079583938
20170904,1.7234457025490815,1.5754245591508909
20170905,1.7285544630291265,1.5800945448169192
20170906,1.7251365452550516,1.5769701808787506
20170907,1.7163484830746025,1.5689368967631288
20170908,1.7145955858405246,1.5673345501686584
20170911,1.7144273545857955,1.567180767748983
20170912,1.7199209359169758,1.567180767748983
20170913,1.722000969061296,1.567180767748983
20170914,1.7163179502242256,1.567180767748983
20170915,1.7169057056033052,1.567180767748983
20170918,1.722200572267024,1.567180767748983
20170919,1.7172454386243898,1.567180767748983
20170920,1.7218559399617346,1.567180767748983
20170921,1.7197733100330128,1.567180767748983
20170922,1.7197202135463707,1.567180767748983
20170925,1.7107721600362402,1.567180767748983
20170926,1.7120984032604087,1.567180767748983
20170927,1.7122721080808578,1.567180767748983
20170928,1.7128585082987904,1.567180767748983
20170929,1.7191011953271633,1.567180767748983
20171009,1.739568428937379,1.567180767748983
20171010,1.742985166085091,1.567180767748983
20171011,1.7487170980472633,1.5723345543146707
20171012,1.7533036457705522,1.576458484639589
20171013,1.7568958383332791,1.5796883544100824
20171016,1.7534962398540743,1.5766316529198194
20171017,1.7533133870927693,1.5764672434134033
20171018,1.767231623921594,1.588981631661527
20171019,1.7614317529288916,1.5837667586654454
20171020,1.759447196100583,1.5819823721116482
20171023,1.761201244867625,1.5835595005616718
20171024,1.774000191376947,1.595067494552183
20171025,1.7818511377935489,1.60212656336822
20171026,1.7892861740994543,1.6088116724172556
20171027,1.8019931933198734,1.6202370112699016
20171030,1.7964922081496768,1.6152908772865768
20171031,1.795132041602932,1.6140679025335662
20171101,1.7905944639506075,1.6099880029639888
20171102,1.7908096285209762,1.6101814651822246
20171103,1.788807969697939,1.6083817016087314
20171106,1.8014243343362406,1.6197255296600421
20171107,1.8163545033900337,1.6331497826345527
20171108,1.8135440256881663,1.6306227808629616
20171109,1.8260263874129612,1.6418461220662162
20171110,1.8421450135492472,1.6563389596272275
20171113,1.8493709896940789,1.6628360951523846
20171114,1.836488881266329,1.6512533272844443
20171115,1.8249693310113921,1.6408956845666902
20171116,1.8389957807149255,1.6535073709096955
20171117,1.8460768515925292,1.6598742168877214
20171120,1.856357762437251,1.6691181542799018
20171121,1.8894349109564712,1.698859010381237
20171122,1.8938391969166193,1.7028190625874842
20171123,1.8377512725925913,1.6523883888135882
20171124,1.8385457067532753,1.6531026931932769
20171127,1.814226674758261,1.6531026931932769
20171128,1.8168444920984084,1.6531026931932769
20171129,1.8159023343956102,1.6531026931932769
20171130,1.79454102045057,1.6531026931932769
20171201,1.7909601681223812,1.6531026931932769
20171204,1.8002274365042419,1.6531026931932769
20171205,1.8097601893713515,1.6531026931932769
20171206,1.7988388820004642,1.6531026931932769
20171207,1.778773094018611,1.6531026931932769
20171208,1.7932370988518045,1.6531026931932769
20171211,1.8228404906704307,1.6531026931932769
20171212,1.7988690610282878,1.6531026931932769
20171213,1.8141186686488504,1.6531026931932769
20171214,1.8033805978192117,1.6531026931932769
20171215,1.7830774375037317,1.6531026931932769
20171218,1.7850497664528333,1.6531026931932769
20171219,1.8074480816673966,1.6531026931932769
20171220,1.8052663053877047,1.6531026931932769
20171221,1.821985150843558,1.6531026931932769
20171222,1.8160355677078714,1.6477045855849755
20171225,1.8101725229447785,1.6423849949814548
20171226,1.8155695705890733,1.6472817824179196
20171227,1.7876006511343143,1.621905342848716
20171228,1.799987926731598,1.621905342848716
20171229,1.805329388813818,1.621905342848716
20180102,1.8306407294309777,1.621905342848716
20180103,1.8413715796052772,1.6314126278944363
20180104,1.8491584069591809,1.6383115768176708
20180105,1.8535950660040832,1.6422423541098168
20180108,1.8631686476425176,1.6507243260008289
20180109,1.8762035862495792,1.6622729801035208
20180110,1.8844807406611364,1.669606347458382
20180111,1.8834684014118435,1.6687094382993064
20180112,1.8921484309090817,1.6763997436614246
20180115,1.8922399861516475,1.6764808594886298
20180116,1.907108538371709,1.6896540528402486
20180117,1.9024551232305977,1.6855312346605136
20180118,1.9128750131740617,1.6947630161343439
20180119,1.9191196049658827,1.7002955800220771
20180122,1.9420340447317748,1.7205972436348154
20180123,1.9626257049911042,1.7388409783315262
20180124,1.9658666666577416,1.741712395403472
20180125,1.954742491801112,1.731856633786959
20180126,1.961990949693573,1.7382785998200487
20180129,1.9264720723508835,1.7068096960597774
20180130,1.9058952795964454,1.6885791336285092
20180131,1.914745294514238,1.6885791336285092
20180201,1.9012956511476837,1.6885791336285092
20180202,1.9126254551880886,1.6885791336285092
20180205,1.913914679592089,1.6885791336285092
20180206,1.8578094503985858,1.6885791336285092
20180207,1.8137375601713388,1.6885791336285092
20180208,1.7965059529878376,1.6885791336285092
20180209,1.719745236560543,1.6885791336285092
20180212,1.741874902781517,1.6885791336285092
20180213,1.762246719655223,1.6885791336285092
20180214,1.7762608166280531,1.6885791336285092
20180222,1.814652286450097,1.6885791336285092
20180223,1.8228569551728744,1.6885791336285092
20180226,1.8440347933432448,1.6885791336285092
20180227,1.8174065959612178,1.6885791336285092
20180228,1.801569139154317,1.6885791336285092
20180301,1.812947272966793,1.6885791336285092
20180302,1.798325276041813,1.6885791336285092
20180305,1.7990434899990024,1.6885791336285092
20180306,1.8207300276238927,1.6885791336285092
20180307,1.8073234603374286,1.6761456319945227
20180308,1.825641777327646,1.6931343823109224
20180309,1.8396253828793434,1.7061030400411972
20180312,1.8480283717180974,1.713896129295484
20180313,1.8317109522586998,1.698763048830084
20180314,1.823678739343373,1.6913138241125774
20180315,1.8338801061663557,1.7007747627967484
20180316,1.8160736680656027,1.6842607385509802
20180319,1.824039550432483,1.6916484470753501
20180320,1.8255723096047802,1.6930699566434635
20180321,1.8181018750973519,1.6861417357447046
20180322,1.799865896398367,1.669229347501959
20180323,1.7481824705920828,1.6212971702725756
20180326,1.736957199155877,1.6212971702725756
20180327,1.7518852253555937,1.6212971702725756
20180328,1.7202862675330128,1.6212971702725756
20180329,1.7432535276889936,1.6212971702725756
20180330,1.745230919461295,1.6212971702725756
20180402,1.7400335124291257,1.6212971702725756
20180403,1.7290792295947468,1.6212971702725756
20180404,1.7256556640115654,1.6212971702725756
20180409,1.7247761864064353,1.6212971702725756
20180410,1.7579980518995357,1.6212971702725756
20180411,1.7629843334404869,1.6212971702725756
20180412,1.7451951916802568,1.6049377026072253
20180413,1.7328751838028722,1.5936078265950209
20180416,1.7049820100592725,1.5679563657155213
20180417,1.6780109643596324,1.5679563657155213
20180418,1.6858943063300795,1.5679563657155213
20180419,1.7062753046062875,1.5679563657155213
20180420,1.6834378103908783,1.5679563657155213
20180423,1.6858738194068876,1.5679563657155213
20180424,1.7203999432765646,1.5679563657155213
20180425,1.7137674057106769,1.5619115332113567
20180426,1.680985117716141,1.5320340635307563
20180427,1.681590803634487,1.53258607999356
20180502,1.684607271572506,1.535335260568622
20180503,1.6977327334507588,1.5472976833676875
20180504,1.6894825789877894,1.5397785700016917
20180507,1.716141207101125,1.5640749935251306
20180508,1.7360403700509996,1.5822109039229435
20180509,1.7328657279796285,1.5793175649268991
20180510,1.742449017611991,1.588051685177415
20180511,1.7333855830634695,1.579791355972489
20180514,1.7496881600238383,1.5946493716463876
20180515,1.756300555923949,1.6006758472253533
20180516,1.742298313953614,1.5879143352772291
20180517,1.7293977511849787,1.5761568834164308
20180518,1.7468447015505688,1.5920578702741432
20180521,1.754966520084601,1.5994600194786872
20180522,1.7482240549696362,1.5933150000377487
20180523,1.7251053888043495,1.5722448646181464
20180524,1.7128441244845036,1.5610700633650099
20180525,1.708033303657824,1.556685526403713
20180528,1.7155213900861037,1.556685526403713
20180529,1.7024168892110674,1.556685526403713
20180530,1.6663157025801627,1.556685526403713
20180531,1.7016590193572423,1.556685526403713
20180601,1.6874200176308813,1.556685526403713
20180604,1.7039599884690215,1.556685526403713
20180605,1.720834888717568,1.556685526403713
20180606,1.7172567642248784,1.556685526403713
20180607,1.7144067969235168,1.556685526403713
20180608,1.6913926373689867,1.5357886137542929
20180611,1.691542986631515,1.5357886137542929
20180612,1.7121015834656936,1.5357886137542929
20180613,1.6952558385565242,1.5206776510219637
20180614,1.6885420554506647,1.5206776510219637
20180615,1.6796092781792196,1.5206776510219637
20180619,1.620385925667827,1.5206776510219637
20180620,1.6267841321886365,1.5206776510219637
20180621,1.6077627562224428,1.5206776510219637
20180622,1.6148827382698467,1.5206776510219637
20180625,1.5932001985145228,1.5206776510219637
20180626,1.5800467468142083,1.5206776510219637
20180627,1.5478843188428832,1.5206776510219637
20180628,1.5318815608179401,1.5206776510219637
20180629,1.5710035553359465,1.5206776510219637
20180702,1.5248939374121049,1.5206776510219637
20180703,1.525470667380971,1.5206776510219637
20180704,1.5050849633874517,1.5206776510219637
20180705,1.4955384440099677,1.5206776510219637
20180706,1.5056767255454695,1.5206776510219637
20180709,1.5477510288552974,1.5206776510219637
20180710,1.5514667396939963,1.5206776510219637
20180711,1.5246149464373053,1.5206776510219637
20180712,1.5575002228433559,1.553478001690976
20180713,1.562693154226911,1.5586575224064956
20180716,1.5534621344584965,1.5494503416092902
20180717,1.543289453862915,1.5393039318099935
20180718,1.5351996338629816,1.5312350036498465
20180719,1.5338541632467346,1.5298930076914474
20180720,1.562722349341218,1.5586866421248542
20180723,1.5774097236165232,1.5733360864746182
20180724,1.6024317345837549,1.5982934784708145
20180725,1.6006500105630297,1.5965163557258637
20180726,1.5820679302799316,1.577982263388625
20180727,1.5753360671774603,1.5712677852224564
20180730,1.572573043158052,1.5685118966714688
20180731,1.5737138934117016,1.5696498006963124
20180801,1.5422647554764175,1.5382818796918334
20180802,1.5080598635255351,1.5041653213655
20180803,1.4831410982473907,1.479310908427935
20180806,1.4643350762961844,1.479310908427935
20180807,1.507089824014611,1.479310908427935
20180808,1.4827585935550984,1.479310908427935
20180809,1.5198870422327164,1.479310908427935
20180810,1.523225176157698,1.479310908427935
20180813,1.5166482571767177,1.479310908427935
20180814,1.50883901155888,1.479310908427935
20180815,1.4726202278744345,1.4438009293089327
20180816,1.4657875454816445,1.4438009293089327
20180817,1.444702952358259,1.4438009293089327
20180820,1.4615244684115596,1.4438009293089327
20180821,1.4880835489715707,1.4438009293089327
20180822,1.479709488048553,1.4438009293089327
20180823,1.4850973142939679,1.4438009293089327
20180824,1.487460311201659,1.4460982179097812
20180827,1.5237876264012908,1.4814153725094865
20180828,1.520911407994629,1.4786191336580226
20180829,1.5148173274677073,1.472694512393566
20180830,1.4989350600208529,1.4572538861944655
20180831,1.4915024908183225,1.4500279958649365
20180903,1.4858194054047644,1.4445029410941397
20180904,1.5046264374104996,1.4627870023647862
20180905,1.4752022602718968,1.4341810289460932
20180906,1.4594193435638836,1.418836990820842
20180907,1.4660109345922752,1.4252452882171245
20180910,1.4447196931788957,1.4252452882171245
20180911,1.4420889895788884,1.4252452882171245
20180912,1.432153983193393,1.4252452882171245
20180913,1.4475915888501265,1.4252452882171245
20180914,1.4500507614792582,1.4252452882171245
20180917,1.4334155554895385,1.4252452882171245
20180918,1.4622565509714616,1.4252452882171245
20180919,1.4814990873599758,1.4252452882171245
20180920,1.4804336027403042,1.4242202609681636
20180921,1.5253072375642658,1.467390005143974
20180925,1.511572888892673,1.4541771615466141
20180926,1.5283040862079966,1.470273060857892
20180927,1.5221867624679053,1.4643880171805446
20180928,1.5379506996005379,1.4795533840131847
20181008,1.471764202101388,1.4158800449547333
20181009,1.4707650424200496,1.414918824228947
20181010,1.4675812337976024,1.411855907568084
20181011,1.3971403012216521,1.3440896780050287
20181012,1.4179746330346834,1.3440896780050287
20181015,1.3981636726733164,1.3440896780050287
20181016,1.3867586866239212,1.3440896780050287
20181017,1.394471725369215,1.3440896780050287
20181018,1.3614333250670032,1.3440896780050287
20181019,1.401917699541234,1.3440896780050287
20181022,1.4624234949491237,1.3440896780050287
20181023,1.4235750294961207,1.3440896780050287
20181024,1.425699467582312,1.3440896780050287
20181025,1.4284186209560286,1.3440896780050287
20181026,1.4191627987127677,1.3353802878051937
20181029,1.375889358304287,1.2946615631039737
20181030,1.3908013513191677,1.2946615631039737
20181031,1.4102697248206035,1.2946615631039737
20181101,1.4206375976669887,1.2946615631039737
20181102,1.4712500139128635,1.3407858878698125
20181105,1.4589813594433256,1.3296051649332952
20181106,1.450167592637191,1.3215729650754262
20181107,1.440658651276687,1.3129072357539782
20181108,1.4365620958638408,1.3091739452632525
20181109,1.4162817941385142,1.2906920135059554
20181112,1.433126270682801,1.3060427942879846
20181113,1.4475309200890303,1.3191701013132666
20181114,1.4330149671499335,1.3059413606738963
20181115,1.4497390806842922,1.321182451720254
20181116,1.4565694394179631,1.327407123606467
20181119,1.473069542348235,1.3424440683460428
20181120,1.4389898400317194,1.3113864075156692
20181121,1.442592864012707,1.3146699308201257
20181122,1.437187036154678,1.3097434685358385
20181123,1.4054526101735922,1.280823115018269
20181126,1.4044435139569116,1.280823115018269
20181127,1.4026430702017187,1.280823115018269
20181128,1.4212721892297406,1.280823115018269
20181129,1.4028054305311892,1.280823115018269
20181130,1.4184584386514478,1.280823115018269
20181203,1.4579067898224547,1.280823115018269
20181204,1.460917471013438,1.2834681058285744
20181205,1.453884075968416,1.2772890174166078
20181206,1.422429415250357,1.2496549760608822
20181207,1.4223698313471584,1.2496026294767024
20181210,1.4059056051169962,1.23513821949268
20181211,1.4126240678028978,1.23513821949268
20181212,1.417437952718938,1.23513821949268
20181213,1.4393695133969617,1.23513821949268
20181214,1.4153151787424836,1.214496940238338
20181217,1.413196549121308,1.214496940238338
20181218,1.3985356653566703,1.214496940238338
20181219,1.3818494721266352,1.214496940238338
20181220,1.371239680255375,1.214496940238338
20181221,1.3542316599340463,1.214496940238338
20181224,1.3581561099592958,1.214496940238338
20181225,1.3487953064022762,1.214496940238338
20181226,1.3419679329535177,1.214496940238338
20181227,1.3368044755491566,1.214496940238338
20181228,1.3458003367774471,1.214496940238338
20190102,1.327408933188809,1.214496940238338
20190103,1.3253005743545312,1.214496940238338
20190104,1.3570417377353403,1.214496940238338
20190107,1.3652687566061665,1.214496940238338
20190108,1.3623081674538997,1.214496940238338
20190109,1.376052271993344,1.2267498014545106
20190110,1.37345325989259,1.224432783675848
20190111,1.3833172038283532,1.2332264839669183
20190114,1.3712407667353665,1.2224603473109041
20190115,1.3981403476312304,1.2464413080598793
20190116,1.398425139147358,1.2466951995311382
20190117,1.3907104378637047,1.2398175478164304
20190118,1.41606807271788,1.2624238645645967
20190121,1.423861754258445,1.2693719271324801
20190122,1.4049354109063594,1.2524991030239907
20190123,1.4039123331847851,1.2515870298292742
20190124,1.4118252619796599,1.258641401255132
20190125,1.423295359629843,1.2688669866499678
20190128,1.4229747637308205,1.2685811755921486
20190129,1.427518725995713,1.272632115312773
20190130,1.416116179325931,1.2624667515777401
20190131,1.4309209313769349,1.2756651794345857
20190201,1.4513630838178673,1.2938893464656023
20190211,1.477754461978036,1.3174172447708017
20190212,1.4884073114903,1.3269142539252314
20190213,1.5182022027407176,1.3534763821740812
20190214,1.5204748002248185,1.3555024015115358
20190215,1.4921125298869213,1.3302174539743228
20190218,1.5399383031365543,1.3728541030555428
20190219,1.5371833818228806,1.3703980923040935
20190220,1.542676611709769,1.3752953035585194
20190221,1.5385434632577555,1.3716106041135305
20190222,1.573126621659975,1.4024414697478254
20190225,1.666678503208596,1.4858429178259704
20190226,1.6466493879617559,1.4679869732136501
20190227,1.643820011511229,1.4654645857509296
20190228,1.6397751514177044,1.4618585953262677
20190301,1.6756664062195306,1.4938556281412438
20190304,1.6954900287187553,1.5115283760883877
20190305,1.705267142269529,1.5202446671416594
20190306,1.7195878893959582,1.533011604889292
20190307,1.7020391319462562,1.5173668978128594
20190308,1.634427998997849,1.4570916120488793
20190311,1.666756998234343,1.4859128960958445
20190312,1.6780925874225738,1.4859128960958445
20190313,1.6641561912519642,1.4859128960958445
20190314,1.6526553499839027,1.4859128960958445
20190315,1.6734290707296604,1.4859128960958445
20190318,1.7211131329920688,1.4859128960958445
20190319,1.7131524193135659,1.4859128960958445
20190320,1.7137987859725607,1.4859128960958445
20190321,1.7144335246135343,1.4859128960958445
20190322,1.7130392033362365,1.4859128960958445
20190325,1.6723752176004238,1.4859128960958445
20190326,1.6534229493647106,1.4859128960958445
20190327,1.672600202432516,1.4859128960958445
20190328,1.6658878241292037,1.4859128960958445
20190329,1.7301912429515238,1.4859128960958445
20190401,1.7755673374200576,1.4859128960958445
20190402,1.7743723283156476,1.4859128960958445
20190403,1.7970878696083057,1.5049355753892029
20190404,1.8149785376371073,1.5199177603114629
20190408,1.8127292574302645,1.5180341452364614
20190409,1.8208468807389393,1.5248320877919894
20190410,1.8254865895557184,1.5287175198712453
20190411,1.7860350069295283,1.4956795748694236
20190412,1.7820172288136014,1.492314966314141
20190415,1.776153437222509,1.4874044504059643
20190416,1.8254026587248786,1.4874044504059643
20190417,1.8260364183434747,1.4874044504059643
20190418,1.81924671793821,1.4874044504059643
20190419,1.8409149455140645,1.4874044504059643
20190422,1.7984596425578827,1.4874044504059643
20190423,1.7954940949126308,1.4874044504059643
20190424,1.8004316177063886,1.4874044504059643
20190425,1.760981584684923,1.4874044504059643
20190426,1.7374952323585926,1.4874044504059643
20190429,1.742421928096017,1.4874044504059643
20190430,1.7481607126841334,1.4874044504059643
20190506,1.646026328125117,1.4874044504059643
20190507,1.6621182889483912,1.4874044504059643
20190508,1.6383343592615371,1.4874044504059643
20190509,1.6080527893850936,1.4874044504059643
20190510,1.666448912370054,1.4874044504059643
20190513,1.638862181846898,1.4874044504059643
20190514,1.6283174911466969,1.4874044504059643
20190515,1.6649086981038275,1.4874044504059643
20190516,1.6724322693702338,1.4874044504059643
20190517,1.629891712474729,1.4874044504059643
20190520,1.6160449950251965,1.4874044504059643
20190521,1.6379130020438377,1.4874044504059643
20190522,1.6301293665887484,1.4874044504059643
20190523,1.6008964082273507,1.4874044504059643
20190524,1.605327739667611,1.4874044504059643
20190527,1.62464861543732,1.4874044504059643
20190528,1.6402979558843853,1.4874044504059643
20190529,1.6365543160465787,1.4874044504059643
20190530,1.6263903164417712,1.4781667623574333
20190531,1.6212880905936236,1.4735295356188525
20190603,1.6222685862390085,1.4744206723029512
20190604,1.6072721004510127,1.4607909140463484
20190605,1.6066509879364426,1.4602264075650688
20190606,1.5921546680538405,1.4470512318336712
20190610,1.6127172849898936,1.4657398434139837
20190611,1.6611796437526742,1.5097855114337666
20190612,1.6485801146850656,1.4983342596027538
20190613,1.6460198467465066,1.4960073255751416
20190614,1.632378643139721,1.4836093337977336
20190617,1.63234111018868,1.483575221469247
20190618,1.6380422795634306,1.4887568061055623
20190619,1.6596096334991004,1.5083585864515332
20190620,1.7098768498057337,1.5540446235789913
20190621,1.7122839237679797,1.5562323251962218
20190624,1.7155430956999003,1.5591944675392193
20190625,1.6976847665580495,1.5429636843736654
20190626,1.6945544218254391,1.5401186283673136
20190627,1.7126220732926862,1.5565396569499068
20190628,1.7084863668246764,1.552780864378359
20190701,1.757698679947716,1.5975081385276255
20190702,1.7582907401916965,1.5980462404611637
20190703,1.7387899229263553,1.5803226598243225
20190704,1.729651505295585,1.5720170857774365
20190705,1.738614477168742,1.580163203582559
20190708,1.6982243087722075,1.543454054587872
20190709,1.6938969197148332,1.539521048711156
20190710,1.6910294357385236,1.539521048711156
20190711,1.6903381140770968,1.539521048711156
20190712,1.700823371934099,1.539521048711156
20190715,1.7077123234126481,1.539521048711156
20190716,1.6999541439559804,1.539521048711156
20190717,1.6989550985969297,1.539521048711156
20190718,1.6827604727260204,1.539521048711156
20190719,1.700409292268796,1.539521048711156
20190722,1.6886642496617998,1.539521048711156
20190723,1.6923262864869673,1.539521048711156
20190724,1.7056726992160585,1.539521048711156
20190725,1.7196060884796172,1.539521048711156
20190726,1.7229422741068887,1.539521048711156
20190729,1.721008981196537,1.539521048711156
20190730,1.7281610631513407,1.5459189123085162
20190731,1.7125375616343288,1.5319429774337965
20190801,1.6982846577017747,1.5191931046271077
20190802,1.6732527976680434,1.5191931046271077
20190805,1.6412027135748504,1.5191931046271077
20190806,1.6236157957710278,1.5191931046271077
20190807,1.6169509609853934,1.5191931046271077
20190808,1.6383087071009597,1.5191931046271077
20190809,1.6223273684574624,1.5191931046271077
20190812,1.6515929274583105,1.5191931046271077
20190813,1.6366882100483597,1.5191931046271077
20190814,1.6441091142979385,1.5191931046271077
20190815,1.6492747436687896,1.5191931046271077
20190816,1.656645425194319,1.5191931046271077
20190819,1.6925981248219881,1.5191931046271077
20190820,1.6910832101937119,1.5178333915188245
20190821,1.6884026039445164,1.5154274107545325
20190822,1.6936341993067734,1.5201230342956351
20190823,1.7058348925444513,1.5310737784602018
20190826,1.6812874276986771,1.5090411773466335
20190827,1.7040585986395573,1.529479464126201
20190828,1.6976332097279587,1.5237123500157121
20190829,1.6920851815250817,1.5187327118686038
20190830,1.6962678138060279,1.5224868375687446
20190902,1.7180108965817769,1.542002362808812
20190903,1.7203593165286444,1.5441101894321134
20190904,1.7348054476891304,1.5570763286034288
20190905,1.7523459637196221,1.5728198359453898
20190906,1.7626823093558674,1.5820972330943897
20190909,1.7735787448524312,1.5918773394460581
20190910,1.7674563750041397,1.5863822003926107
20190911,1.7544227794030844,1.5746838838960686
20190912,1.773282914733146,1.5916118168327642
20190916,1.7667223249396886,1.5857233530383503
20190917,1.7370253954890018,1.5590688449253711
20190918,1.7454319631158521,1.5666141679320569
20190919,1.7518006158664559,1.5723303584456787
20190920,1.7568170554830793,1.5723303584456787
20190923,1.7367206668573207,1.5723303584456787
20190924,1.741355489571284,1.5723303584456787
20190925,1.727909241117555,1.5723303584456787
20190926,1.7145734615746213,1.5723303584456787
20190927,1.7196993571849697,1.5723303584456787
20190930,1.7026679315634912,1.5723303584456787
20191008,1.7129881775415303,1.5723303584456787
20191009,1.7154563330155712,1.5723303584456787
20191010,1.7294583120749327,1.5723303584456787
20191011,1.7459980349157749,1.5723303584456787
20191014,1.764514826122801,1.5723303584456787
20191015,1.756916936656257,1.5723303584456787
20191016,1.7508483385713898,1.5668993441484393
20191017,1.7519667918052877,1.5679002895758916
20191018,1.7270277014306548,1.5455813693754383
20191021,1.732129839996902,1.5455813693754383
20191022,1.7388293075258858,1.5455813693754383
20191023,1.727748417427992,1.5455813693754383
20191024,1.7275485754023865,1.5455813693754383
20191025,1.7391944609381906,1.5455813693754383
20191028,1.7524776895528527,1.5455813693754383
20191029,1.7451625670970223,1.5455813693754383
20191030,1.7366688633156633,1.5455813693754383
20191031,1.7346583033817535,1.5455813693754383
20191101,1.7639374379796533,1.5455813693754383
20191104,1.7754088711478953,1.555632765192048
20191105,1.786414192407078,1.5652757486312263
20191106,1.7783975798574305,1.5582515046101755
20191107,1.781504330444836,1.5609736736190094
20191108,1.7730715025643158,1.5535847371507125
20191111,1.741803157096673,1.5261870692031825
20191112,1.74210662130037,1.5264529678736272
20191113,1.7404384514157327,1.5264529678736272
20191114,1.7430464510702253,1.5264529678736272
20191115,1.730194458113002,1.5264529678736272
20191118,1.7439434086681238,1.5264529678736272
20191119,1.7613826927038099,1.5264529678736272
20191120,1.7438866916319897,1.5264529678736272
20191121,1.7357216238254607,1.5264529678736272
20191122,1.7180351126919844,1.5264529678736272
20191125,1.7306104383114154,1.5264529678736272
20191126,1.736597278171023,1.5264529678736272
20191127,1.7294285272492014,1.5264529678736272
20191128,1.723472751253201,1.5264529678736272
20191129,1.7084514755498743,1.5264529678736272
20191202,1.7117346185109361,1.5264529678736272
20191203,1.718426846722226,1.5264529678736272
20191204,1.717847389561929,1.5264529678736272
20191205,1.7310171675338955,1.5264529678736272
20191206,1.741275652548007,1.5264529678736272
20191209,1.7381660275746265,1.5237269800252098
20191210,1.7403551305232556,1.5256460114479637
20191211,1.7413965697029845,1.5265589673745172
20191212,1.7361510704565428,1.5219606099111294
20191213,1.770582106190083,1.5521438589593304
20191216,1.779190669371756,1.559690376248861
20191217,1.8033839571814518,1.5808989171973844
20191218,1.7993463948608244,1.577359472435564
20191219,1.7968187691624622,1.5751436821077702
20191220,1.7923886879206095,1.571260143823839
20191223,1.7699957634338555,1.5516298538165345
20191224,1.7815205278290276,1.5617327980513043
20191225,1.7805734423923,1.5609025553647962
20191226,1.7962289544763659,1.5746266333700991
20191227,1.794447896628568,1.573065306170843
20191230,1.8210267094649137,1.5963650678583332
20191231,1.8276817613191954,1.6021990802040844
20200102,1.8524993915491734,1.6239549379080076
20200103,1.8492385272909477,1.6210963692962441
20200106,1.842232807831596,1.6149549515114325
20200107,1.8560180934572141,1.6270395345155186
20200108,1.8346290756515586,1.6082892983529853
20200109,1.8578369192991804,1.6286339702388068
20200110,1.8572934996385664,1.6281575927321603
20200113,1.8754819102775626,1.6441020834049458
20200114,1.8691758304949675,1.6385739901442926
20200115,1.858832499759509,1.6295067250758724
20200116,1.8509255545637573,1.6225752665539503
20200117,1.853502743500582,1.6248345054605706
20200120,1.867307028328572,1.6248345054605706
20200121,1.835386534325589,1.6248345054605706
20200122,1.8432330986956347,1.6248345054605706
20200123,1.7861049328949745,1.6248345054605706
20200203,1.6453297932274575,1.6248345054605706
20200204,1.688712098045057,1.6248345054605706
20200205,1.7078307738518854,1.6248345054605706
20200206,1.7395995409394067,1.6248345054605706
20200207,1.7396276520525162,1.6248345054605706
20200210,1.746811671383105,1.6248345054605706
20200211,1.7630610537800844,1.6248345054605706
20200212,1.7773073413179055,1.6248345054605706
20200213,1.7663584381508284,1.6248345054605706
20200214,1.7787515430612961,1.6248345054605706
20200217,1.8187441490394751,1.6248345054605706
20200218,1.809847461713274,1.6168863591753773
20200219,1.8070675816474664,1.614402862497545
20200220,1.8486893091183951,1.6515869925508884
20200221,1.850830787809922,1.6535001525038917
20200224,1.8433891030123342,1.6468518802638035
20200225,1.8393668376572663,1.643258458098028
20200226,1.816676453531508,1.6229872621251598
20200227,1.821952352550265,1.6277006588816685
20200228,1.7573415738306903,1.5699785088235165
20200302,1.8151394173327329,1.6216141006207059
20200303,1.8248017776476602,1.6302462858855646
20200304,1.8353533352085258,1.6396728645609118
20200305,1.8762258066740218,1.6761876222829717
20200306,1.845785244109244,1.6489925511966927
20200309,1.7827173964713603,1.5926488290292384
20200310,1.8208803038294832,1.6267429091322156
20200311,1.796646941633758,1.6267429091322156
20200312,1.7620602636273863,1.6267429091322156
20200313,1.7372502049918075,1.6267429091322156
20200316,1.6625459990516502,1.6267429091322156
20200317,1.6544346671683805,1.6267429091322156
20200318,1.621675626433325,1.6267429091322156
20200319,1.6006288312935244,1.6267429091322156
20200320,1.6292166356246172,1.6267429091322156
20200323,1.5743863446874242,1.6267429091322156
20200324,1.616655156322141,1.6267429091322156
20200325,1.6600801244718237,1.6267429091322156
20200326,1.6491539409836216,1.6267429091322156
20200327,1.6544985148082239,1.6267429091322156
20200330,1.6384534991640383,1.6267429091322156
20200331,1.6438114509587929,1.6267429091322156
20200401,1.6388578000519929,1.6267429091322156
20200402,1.6653580525146994,1.6530472643865604
20200403,1.6558406097154093,1.6436001771613444
20200407,1.69364377800784,1.681123893960015
20200408,1.685748100263689,1.6732865832533246
20200409,1.6912936016175728,1.6787910907247645
20200410,1.680741717214948,1.6683172087751479
20200413,1.6736289151877222,1.6612569865511797
20200414,1.7059185032723323,1.693307881054518
20200415,1.693269191195713,1.6807520761973862
20200416,1.6954937449191927,1.6829601854034073
20200417,1.712025958258763,1.699370188041558
20200420,1.7182406836881907,1.7055389724987602
20200421,1.6979797816434097,1.6854278446553779
20200422,1.711938781072797,1.699283655293504
20200423,1.7076312692985693,1.6950079858397502
20200424,1.6930011311076558,1.6804859976837687
20200427,1.7044900968459695,1.691890033804213
20200428,1.7162379358937463,1.7035510295708933
20200429,1.724198773504779,1.7114530184646763
20200430,1.7444922863184316,1.7315965160090916
20200506,1.7550352403651617,1.7420615336184784
20200507,1.7499567247322971,1.737020559780225
20200508,1.7672096725510407,1.7541459690285923
20200511,1.7656609923758184,1.7526087371263026
20200512,1.7656728247330333,1.7526204820154547
20200513,1.769232286672248,1.7561536314258306
20200514,1.7500312207729394,1.7370945051254951
20200515,1.744487972101601,1.7315922336841472
20200518,1.7489753088535154,1.7360463987995303
20200519,1.7638246940937268,1.7507860132698767
20200520,1.7544357164257975,1.7414664415261782
20200521,1.7448690024913351,1.7319704473916722
20200522,1.704850786564379,1.7319704473916722
20200525,1.7071827105721233,1.7319704473916722
20200526,1.7265377189155995,1.7319704473916722
20200527,1.7144174591141454,1.7319704473916722
20200528,1.7193157859034545,1.7319704473916722
20200529,1.723934513513475,1.7319704473916722
20200601,1.7704257588956194,1.7319704473916722
20200602,1.77586294363304,1.7319704473916722
20200603,1.7758844991913856,1.7319914701795882
20200604,1.7752181948803112,1.7313416343463173
20200605,1.7837035236657832,1.7396172384662918
20200608,1.7929189160623182,1.7486048618350547
20200609,1.8040822337404572,1.7594922652704952
20200610,1.8008030128870594,1.7562940941340806
20200611,1.7812548079005561,1.7372290455290829
20200612,1.7844493258030212,1.7403446072454696
20200615,1.7629959011013772,1.7194214286230387
20200616,1.7895414755184684,1.7453108986208647
20200617,1.7908752419693685,1.7466116994990877
20200618,1.8028028751570184,1.758244527506679
20200619,1.827004618710534,1.7818480971179058
20200622,1.828477129985613,1.7832842135823164
20200623,1.8372652272512402,1.7918551029110454
20200624,1.8449156462408653,1.799316432991557
20200629,1.8318523808209888,1.7865760412091969
20200630,1.8560181672676215,1.8101445424348157
20200701,1.8933648026263457,1.8465681127236888
20200702,1.9326011913001344,1.8848347288997949
20200703,1.9699158813778508,1.9212271434720416
20200706,2.0815534139424843,2.0301054259514943
20200707,2.0940308465409427,2.0422744644447697
20200708,2.1278342641526917,2.075242391690672
20200709,2.1575762602973727,2.104249280174781
20200710,2.118498055089759,2.0661369377784524
20200713,2.1629751247293534,2.1095147054595356
20200714,2.142334857212202,2.089384585906035
20200715,2.1145860269016303,2.062321599868793
20200716,2.0128545016578285,1.963104486339815
20200717,2.025517535726859,1.9754545389497347
20200720,2.085938484991643,1.9754545389497347
20200721,2.0907076714889423,1.9754545389497347
20200722,2.1011208834769137,1.9754545389497347
20200723,2.1002088256873157,1.9754545389497347
20200724,2.008006762614118,1.9754545389497347
20200727,2.018178380797845,1.9754545389497347
20200728,2.035903438852959,1.9754545389497347
20200729,2.0852444389643265,1.9754545389497347
20200730,2.0750414333504072,1.9754545389497347
20200731,2.092358736819338,1.9754545389497347
20200803,2.12632979807572,1.9754545389497347
20200804,2.128314315103015,1.9754545389497347
20200805,2.1288798654441092,1.9754545389497347
20200806,2.122470219863066,1.9754545389497347
20200807,2.098015443035653,1.9754545389497347
20200810,2.1055496107777034,1.9754545389497347
20200811,2.086332416396608,1.9754545389497347
20200812,2.0711025592380468,1.9754545389497347
20200813,2.065768918917658,1.9754545389497347
20200814,2.0964628925393,1.9754545389497347
20200817,2.1457301461401284,1.9754545389497347
20200818,2.1446124339830326,1.9754545389497347
20200819,2.1124767152067823,1.9754545389497347
20200820,2.085044441294382,1.9754545389497347
20200821,2.1027134090386093,1.9754545389497347
20200824,2.1191865540172112,1.9754545389497347
20200825,2.12188874414819,1.9754545389497347
20200826,2.0969984786529223,1.9754545389497347
20200827,2.1082173389755696,1.9754545389497347
20200828,2.1585160719252605,1.9754545389497347
20200831,2.1460003556965273,1.9754545389497347
20200901,2.157526901093438,1.9754545389497347
20200902,2.158296200074538,1.976158917265135
20200903,2.1463413119632784,1.965212894775193
20200904,2.1254378351236483,1.946073449430734
20200907,2.0804853752759507,1.946073449430734
20200908,2.091617213259384,1.946073449430734
20200909,2.0426784535536378,1.946073449430734
20200910,2.041498886158099,1.946073449430734
20200911,2.0616682964175914,1.946073449430734
20200914,2.0722416594221085,1.946073449430734
20200915,2.08890274970782,1.946073449430734
20200916,2.07501874840922,1.946073449430734
20200917,2.0640224844802155,1.946073449430734
20200918,2.110508492905258,1.946073449430734
20200921,2.090148446051249,1.946073449430734
20200922,2.0653308010137983,1.946073449430734
20200923,2.0726949009146405,1.946073449430734
20200924,2.0329110623173317,1.946073449430734
20200925,2.035993909340696,1.946073449430734
20200928,2.0412735207776667,1.946073449430734
20200929,2.0456633703987714,1.946073449430734
20200930,2.0436851205585898,1.946073449430734
20201009,2.0854327409019633,1.946073449430734
20201012,2.1486842743371537,1.946073449430734
20201013,2.1558142522950177,1.9525311039891757
20201014,2.141497351377936,1.9395642195168359
20201015,2.1377534013047796,1.93617330633318
20201016,2.1345913109138115,1.9333093861993291
20201019,2.1184533566641113,1.918693165161849
20201020,2.1353552404854894,1.934001280804057
20201021,2.13505361972329,1.9337281014616456
20201022,2.1284245698754116,1.9277241398475602
20201023,2.101903836116437,1.9037041865932909
20201026,2.089747426137464,1.8926940689212695
20201027,2.0933136409699395,1.8926940689212695
20201028,2.1102211528143053,1.8926940689212695
20201029,2.1260838150604577,1.8926940689212695
20201030,2.0915064586561627,1.8926940689212695
20201102,2.102847318195548,1.8926940689212695
20201103,2.128100427782655,1.8926940689212695
20201104,2.1441615545704824,1.8926940689212695
20201105,2.175973385663891,1.920775005221837
20201106,2.1762260291352096,1.9209980186410904
20201109,2.218805723484744,1.9585839620976635
20201110,2.2065505566399124,1.947766082469419
20201111,2.1847172944669753,1.9284934275093317
20201112,2.186287844186571,1.9298797829977457
20201113,2.1632818762676713,1.9095719573411025
20201116,2.1843418576615363,1.9281620219706985
20201117,2.1801439346636835,1.924456431809879
20201118,2.17873963510067,1.9232168286427394
20201119,2.194897835856423,1.937479993967042
20201120,2.2016944848893756,1.9434795313087074
20201123,2.229174969901837,1.9677371022381447
20201124,2.2154656124247687,1.9556355796032205
20201125,2.187127847600812,1.930621270725953
20201126,2.191070346220823,1.9341013927059965
20201127,2.2182984029980566,1.9341013927059965
20201130,2.2091448429184335,1.9341013927059965
20201201,2.2567132397595997,1.9341013927059965
20201202,2.256716243676606,1.9341039671935134
20201203,2.252206834796171,1.9302392076652453
20201204,2.256133041002822,1.9336041371381383
20201207,2.236661548146905,1.9169162209300932
20201208,2.231141011948384,1.9121848813155036
20201209,2.2012047891504856,1.8865282364278526
20201210,2.200219122475906,1.8865282364278526
20201211,2.1775355594480383,1.8865282364278526
20201214,2.197650190949601,1.8865282364278526
20201215,2.2022040861884573,1.8865282364278526
20201216,2.2060908038489866,1.8865282364278526
20201217,2.2344009744809696,1.8865282364278526
20201218,2.2265856085832993,1.8865282364278526
20201221,2.2474409573608436,1.8865282364278526
20201222,2.210877316256335,1.8865282364278526
20201223,2.2297191974912995,1.8865282364278526
20201224,2.2265357793981777,1.8865282364278526
20201225,2.2452204899876325,1.8865282364278526
20201228,2.2551778700903617,1.8865282364278524
20201229,2.2455953812981413,1.878512178838101
20201230,2.2770933117361634,1.9048612025441505
20201231,2.3205258997628757,1.9411939480806468
20210104,2.3456346367052934,1.9621982075899034
20210105,2.390494918843885,1.9997252647994448
20210106,2.4123672925975606,2.0180222032499624
20210107,2.4550898985528256,2.0537610261327703
20210108,2.4469548244328614,2.046955777093975
20210111,2.422769203975382,2.0267237339750284
20210112,2.4918532000470863,2.0845147007111993
20210113,2.4836485652047706,2.077651261908925
20210114,2.435756682062334,2.0375881737409443
20210115,2.430227280857353,2.032962653225652
20210118,2.4571190692027622,2.0554584921191155
20210119,2.421035224623041,2.0252732049267617
20210120,2.4383409569906958,2.0397500021659685
20210121,2.4777411271482794,2.0397500021659685
20210122,2.479861706705397,2.0397500021659685
20210125,2.5048406402730503,2.0397500021659685
20210126,2.4545295663994664,1.998780524350634
20210127,2.461204074601634,1.998780524350634
20210128,2.394017907211027,1.998780524350634
20210129,2.382789109456228,1.998780524350634
20210201,2.4120134083801488,1.998780524350634
20210202,2.4491446936860015,1.998780524350634
20210203,2.442050394352545,1.998780524350634
20210204,2.4370210782471324,1.998780524350634
20210205,2.4412160143172548,1.998780524350634
20210208,2.4773237113657527,1.998780524350634
20210209,2.531479106193261,1.998780524350634
20210210,2.585536152325357,1.998780524350634
20210218,2.5680027428819976,1.9852261065215375
20210219,2.5726394328326934,1.9888105567186727
20210222,2.4918143610312367,1.9263277408235253
20210223,2.4839304803238744,1.9202330098718783
20210224,2.420651334136283,1.9202330098718783
20210225,2.434873145808816,1.9202330098718783
20210226,2.3757368041825115,1.9202330098718783
20210301,2.4122316621335105,1.9202330098718783
20210302,2.381427829982035,1.9202330098718783
20210303,2.4270745010699954,1.9202330098718783
20210304,2.350708189916668,1.9202330098718783
20210305,2.3427168719037534,1.9202330098718783
20210308,2.2613383320351477,1.9202330098718783
20210309,2.212788189902638,1.9202330098718783
20210310,2.2272879462741484,1.9202330098718783
20210311,2.2827359807643526,1.9202330098718783
20210312,2.290802788658569,1.9202330098718783
20210315,2.2414487114354387,1.9202330098718783
20210316,2.260935410710853,1.9202330098718783
20210317,2.2704857898647974,1.9202330098718783
20210318,2.28867754621516,1.9202330098718783
20210319,2.2287126246809055,1.9202330098718783
20210322,2.25097763403813,1.9202330098718783
20210323,2.229636418633229,1.9202330098718783
20210324,2.1937606662391214,1.9202330098718783
20210325,2.192702592865197,1.9202330098718783
20210326,2.242377144780198,1.9202330098718783
20210329,2.2463148772783943,1.920233009871878
20210330,2.2675954820112634,1.9384244576031957
20210331,2.246939692955142,1.9207671254136094
20210401,2.2747021432629415,1.9444994943950027
20210402,2.297285209786142,1.9638043346204843
20210406,2.2878246715664288,1.9557171167667444
20210407,2.271517289066657,1.9417769632747246
20210408,2.275267196488999,1.944982522784293
20210409,2.2410360555841717,1.9157204779143124
20210412,2.202034845342877,1.8823808014122252
20210413,2.1984114900458263,1.8792834233383549
20210414,2.216634144365241,1.8948608219949583
20210415,2.2025288858578986,1.8828031255105762
20210416,2.21016932168799,1.8828031255105762
20210419,2.2639291063921294,1.8828031255105762
20210420,2.2622858325032635,1.8814364920743565
20210421,2.2691125299838144,1.8871139345865824
20210422,2.2648662395423016,1.883582494978985
20210423,2.285412637594341,1.9006699657664485
20210426,2.259486819002926,1.8791086844800715
20210427,2.2653801080865734,1.884009855225613
20210428,2.278143957883604,1.8946249474665953
20210429,2.298119087558637,1.9112373212721365
20210430,2.2799977271017005,1.896166639946255
20210506,2.2522266395913273,1.8730707354783427
20210507,2.223251811757479,1.8489737369227477
20210510,2.2216183483245806,1.847615262380332
20210511,2.2352345509049716,1.847615262380332
20210512,2.244778837114798,1.847615262380332
20210513,2.221811033942044,1.847615262380332
20210514,2.274131033113944,1.847615262380332
20210517,2.30721755481039,1.8744963706257638
20210518,2.3083632944550994,1.8754272255428528
20210519,2.3015239029211,1.8698705693961273
20210520,2.3077975437340723,1.87496758199037
20210521,2.2845232995878475,1.8560584478733049
20210524,2.2940452297618026,1.8637945295944314
20210525,2.3665070066864384,1.9226660207423418
20210526,2.367429295373825,1.9234153331743538
20210527,2.3752595097498124,1.9297769822517925
20210528,2.3676123759788,1.9235640768109656
20210531,2.3722570754513237,1.9273376578006478
20210601,2.376736626337695,1.9309770640027326
20210602,2.3537115846753367,1.9122703941702277
20210603,2.3382588690198984,1.8997158522927013
20210604,2.350249524203521,1.909457646938925
20210607,2.3481619230278232,1.9077615776545178
20210608,2.3278946130881892,1.8912954239339972
20210609,2.3298035302320224,1.8912954239339972
20210610,2.345364802587961,1.8912954239339972
20210611,2.3245405166627373,1.8912954239339972
20210615,2.2986534481437886,1.8912954239339972
20210616,2.2603422405623426,1.8912954239339972
20210617,2.2698457222778203,1.8912954239339972
20210618,2.270083063834049,1.8912954239339972
20210621,2.2646902020445907,1.8912954239339972
20210622,2.278807880240526,1.8912954239339972
20210623,2.290017074698355,1.8912954239339972
20210624,2.29381602629494,1.8912954239339972
20210625,2.331165482626897,1.8912954239339972
20210628,2.336393006991728,1.8912954239339972
20210629,2.309141232845132,1.8692352844012639
20210630,2.3240244050837027,1.881283118590202
20210701,2.326507451748698,1.8832931292266257
20210702,2.2604052392429237,1.8297838045325523
20210705,2.262467020096059,1.8297838045325523
20210706,2.261253261579049,1.8297838045325523
20210707,2.286763848218974,1.8297838045325523
20210708,2.2635096597134376,1.8297838045325523
20210709,2.255119161009463,1.8297838045325523
20210712,2.283247996757133,1.8297838045325523
20210713,2.287406930377595,1.8297838045325523
20210714,2.2611370208567156,1.8297838045325523
20210715,2.291536024133327,1.8297838045325523
20210716,2.266300288334611,1.8297838045325523
20210719,2.2746103632714836,1.8297838045325523
20210720,2.2725901355225955,1.8297838045325523
20210721,2.288162628217717,1.8297838045325523
20210722,2.291573551610761,1.8325114307537507
20210723,2.263743769902559,1.8102566822383408
20210726,2.19080838995083,1.7519321665910186
20210727,2.113400762122977,1.7519321665910186
20210728,2.1174628206798736,1.7519321665910186
20210729,2.157385479924276,1.7519321665910186
20210730,2.139974572512325,1.7519321665910186
20210802,2.194474066275065,1.7519321665910186
20210803,2.1947777704770526,1.7519321665910186
20210804,2.214504384183657,1.7519321665910186
20210805,2.201064145400954,1.7519321665910186
20210806,2.188990926329238,1.7423225144188024
20210809,2.2174382706098683,1.7649651155458341
20210810,2.2430328435388973,1.7853370595885452
20210811,2.230647349166234,1.7754788525772052
20210812,2.2119539522290226,1.7605998843901198
20210813,2.1997641528433807,1.750897440373384
20210816,2.19756069276117,1.7491436011661576
20210817,2.1514377913715657,1.7124321792251884
20210818,2.1766980986697244,1.732538065274028
20210819,2.162404869279266,1.7211614007702105
20210820,2.121083913709591,1.7211614007702105
20210823,2.1506911896194616,1.7211614007702105
20210824,2.174028103811687,1.7211614007702105
20210825,2.1783545391311367,1.7211614007702105
20210826,2.1353994969740153,1.6872217645901497
20210827,2.1466936889467765,1.6872217645901497
20210830,2.1405514743972445,1.6872217645901497
20210831,2.137127923234789,1.6872217645901497
20210901,2.165505567264615,1.6872217645901497
20210902,2.1654670174079813,1.6871917290371976
20210903,2.1537321975696635,1.6780487170154073
20210906,2.1940337899076496,1.709449109038496
20210907,2.220299533606225,1.7299136763438394
20210908,2.21107798647201,1.7227288437286572
20210909,2.210118113839764,1.721980973106276
20210910,2.229448599486176,1.737042036257419
20210913,2.2197091382454714,1.7294536784950993
20210914,2.18656346809608,1.703628717837704
20210915,2.16438191318831,1.6863462860681495
20210916,2.13785266650037,1.6656764142900717
20210917,2.159287589068541,1.6656764142900717
20210922,2.1440751944094063,1.6656764142900717
20210923,2.15803311687842,1.6656764142900717
20210924,2.156340485141889,1.6656764142900717
20210927,2.1687480084326842,1.6656764142900717
20210928,2.1716023623617846,1.6656764142900717
20210929,2.149396991019553,1.6656764142900717
20210930,2.1638109699912773,1.6656764142900717
20211008,2.192054501867893,1.6656764142900717
20211011,2.194816538917618,1.6677752033325894
20211012,2.171520101083796,1.6500729395413807
20211013,2.1965232954440634,1.6690721163831606
20211014,2.184724470112266,1.6601065431938278
20211015,2.1929309343792642,1.6663423890464766
20211018,2.1674219158550385,1.64695885160647
20211019,2.188723331340372,1.6631451578021776
20211020,2.1831313428921404,1.658895973642174
20211021,2.191041890886107,1.66490696160184
20211022,2.205122601559324,1.675606470963872
20211025,2.2139078337655507,1.6822821051999297
20211026,2.2065872081298563,1.6767193815318673
20211027,2.177700102295052,1.654768936948882
20211028,2.1625550061490593,1.6432606330170958
20211029,2.182380839197804,1.6432606330170958
20211101,2.1743231252406963,1.6432606330170958
20211102,2.151703616152844,1.6432606330170958
20211103,2.1433577414929736,1.6432606330170958
20211104,2.164515938311063,1.6432606330170958
20211105,2.1527637680844385,1.6432606330170958
20211108,2.1553402894152476,1.6432606330170958
20211109,2.154684768429738,1.6432606330170958
20211110,2.1433086124444065,1.6432606330170958
20211111,2.177727187467883,1.6432606330170958
20211112,2.173140736746634,1.6432606330170958
20211115,2.170457489324598,1.6432606330170958
20211116,2.170859456236061,1.643564963511764
20211117,2.1719237897491124,1.6443707739784514
20211118,2.1505084966842243,1.6281571838892002
20211119,2.1738025730703425,1.6457932071221235
20211122,2.1837166628212548,1.6532991976702
20211123,2.18412028589107,1.6536047820479025
20211124,2.185575211330457,1.6547063109699292
20211125,2.1765713397841657,1.647889449672467
20211126,2.1604112677272256,1.6356546050056162
20211129,2.156525024607856,1.6327123173267266
20211130,2.1478856558763098,1.6327123173267266
20211201,2.1531249272657154,1.6327123173267266
20211202,2.1585805902091977,1.6327123173267266
20211203,2.1785016380810673,1.6327123173267266
20211206,2.1747518661199448,1.6327123173267266
20211207,2.187838783994669,1.6425374253506722
20211208,2.220637415577271,1.6671612597340941
20211209,2.2574057081463508,1.6947653487797631
20211210,2.2469099100365146,1.6868855445956297
20211213,2.259641589239881,1.6964439543523602
20211214,2.244464244936085,1.6850494420058424
20211215,2.2249801776698854,1.6704216230290028
20211216,2.2377779525085413,1.6800296546113493
20211217,2.2022151687978884,1.6533306109607269
20211220,2.169155289966304,1.62851064312046
20211221,2.18383504798119,1.62851064312046
20211222,2.184248377946555,1.62851064312046
20211223,2.199469128229772,1.62851064312046
20211224,2.1872763799034,1.62851064312046
20211227,2.1863607761299195,1.62851064312046
20211228,2.202627810635003,1.62851064312046
20211229,2.170395535199204,1.62851064312046
20211230,2.1872806476587123,1.62851064312046
20211231,2.1956461614279466,1.62851064312046
20220104,2.185581062284637,1.62851064312046
20220105,2.1635001861379544,1.62851064312046
20220106,2.1413116679065873,1.62851064312046
20220107,2.143133215951705,1.62851064312046
20220110,2.1527493299690326,1.62851064312046
20220111,2.1321688628570814,1.62851064312046
20220112,2.153396845605602,1.62851064312046
20220113,2.117978480030178,1.62851064312046
20220114,2.100546917594411,1.62851064312046
20220117,2.1185478739109667,1.62851064312046
20220118,2.139004709803359,1.62851064312046
20220119,2.1243366128949894,1.62851064312046
20220120,2.1434865809062105,1.62851064312046
20220121,2.1238300346356365,1.62851064312046
20220124,2.127112236788259,1.62851064312046
20220125,2.078975177199713,1.62851064312046
20220126,2.0940051153118153,1.62851064312046
20220127,2.052913671803854,1.62851064312046
20220128,2.027966239626215,1.62851064312046
20220207,2.0591967662616617,1.62851064312046
20220208,2.0479305857995813,1.62851064312046
20220209,2.067149548455493,1.62851064312046
20220210,2.0617129284742526,1.62851064312046
20220211,2.044603378082736,1.62851064312046
20220214,2.0225001156001516,1.62851064312046
20220215,2.0439968017540417,1.62851064312046
20220216,2.0519279782066384,1.62851064312046
20220217,2.0568775498640526,1.62851064312046
20220218,2.0666680197603102,1.636262142196455
20220221,2.0591327060322366,1.6302961387237491
20220222,2.0323854261285392,1.6091192679855895
20220223,2.0540938381894858,1.626306669388669
20220224,2.012432667779471,1.5933218864967322
20220225,2.0320135235827514,1.6088248181511504
20220228,2.035650044040147,1.6117039940501656
20220301,2.0525352492685087,1.6250726733998322
20220302,2.034264799657273,1.6106072417320794
20220303,2.022264579613762,1.601106196780747
20220304,1.9977243303941816,1.5816767188122811
20220307,1.9338851385669904,1.5311327263681704
20220308,1.8950448175225971,1.5311327263681704
20220309,1.8776826951459795,1.5311327263681704
20220310,1.907208426174523,1.5311327263681704
20220311,1.9132732042354061,1.5311327263681704
20220314,1.854718763091858,1.5311327263681704
20220315,1.7698724935298316,1.5311327263681704
20220316,1.8463917042091353,1.5311327263681704
20220317,1.8826355347291994,1.5311327263681704
20220318,1.8951513539355478,1.5311327263681704
20220321,1.8919572041359571,1.5311327263681704
20220322,1.8904090593457767,1.5311327263681704
20220323,1.899821885987166,1.5387566249349964
20220324,1.888606928816584,1.529673094646246
20220325,1.8545043793874658,1.5020518085413321
20220328,1.842891480873076,1.4926459665223946
20220329,1.8365145144767712,1.4874809563908247
20220330,1.889787642171492,1.530629410872738
20220331,1.8757785750917808,1.5192827973101388
20220401,1.8995567502780777,1.5385418788412306
20220406,1.8940701963447693,1.534098056357022
20220407,1.8697382721724867,1.5143904670331623
20220408,1.8793481881171628,1.522173997654642
20220411,1.8212763687701834,1.4751388532543757
20220412,1.8567553049393,1.5038749408205565
20220413,1.8388676141321707,1.4893868443641054
20220414,1.8618762910007534,1.5080226723981232
20220415,1.8606084235257705,1.5069957658806967
20220418,1.850660173613135,1.4989382023940951
20220419,1.8366615264536128,1.4876000284233022
20220420,1.8081689010666668,1.4645224881552719
20220421,1.7748591399940525,1.4375433192639449
20220422,1.782582617741136,1.4375433192639449
20220425,1.6944722526602518,1.4375433192639449
20220426,1.680781445313219,1.4375433192639449
20220427,1.7302554093428155,1.4375433192639449
20220428,1.7415993716358744,1.4375433192639449
20220429,1.7838402648767853,1.4375433192639449
20220505,1.781147384362862,1.4375433192639449
20220506,1.7360983260174516,1.401184748697511
20220509,1.7221475657685135,1.401184748697511
20220510,1.740979886015207,1.401184748697511
20220511,1.766084532763474,1.4213896048406929
20220512,1.7582167923120777,1.4150574478664735
20220513,1.771464708988542,1.4257197070621062
20220516,1.7572108770355486,1.4142478617504728
20220517,1.7791168740100143,1.4318783634651646
20220518,1.772891208940225,1.4268677903871183
20220519,1.776292861804479,1.4296055268492354
20220520,1.8109208306624576,1.4574749940567089
20220523,1.8004173503122223,1.4490215267919728
20220524,1.7582889043234442,1.4151154854413681
20220525,1.7689441677539397,1.4236911115770248
20220526,1.7733120859189064,1.4272065228494193
20220527,1.7769636010333327,1.430145354784855
20220530,1.7892593999510504,1.4400413254706455
20220531,1.8170010088192876,1.4623684755788955
20220601,1.8132824215904955,1.4593756623054404
20220602,1.8161061707979549,1.4616482872538508
20220606,1.8500716145624945,1.488984537470127
20220607,1.8558494856464043,1.493634714596093
20220608,1.8739010722309672,1.5081630891139484
20220609,1.8542861717958175,1.4923765199768069
20220610,1.8823894205553235,1.5149947270376598
20220613,1.8603306289514343,1.4972412523316365
20220614,1.8749512305945708,1.509008283188055
20220615,1.8997622891380448,1.528976852101121
20220616,1.8872439518654929,1.5189017769056812
20220617,1.9134204205259,1.5399692624960348
20220620,1.9229029524985237,1.5476010446239077
20220621,1.920726513813697,1.5458493915943978
20220622,1.896314337247563,1.5262018530089467
20220623,1.928827197621647,1.5523690272874324
20220624,1.9514105133428414,1.5705446523005304
20220627,1.9733709421697558,1.5882189621500016
20220628,1.99389282209246,1.6047354913720075
20220629,1.9631683512036056,1.5800076582895708
20220630,1.9914163668420803,1.6027423774046738
20220701,1.9832781626302873,1.596192544339428
20220704,1.9962772979880616,1.606654578022802
20220705,1.9933789329899743,1.604321900394473
20220706,1.9642505533419299,1.58087864200593
20220707,1.9728947592149828,1.5878357180360532
20220708,1.9663554191540749,1.5878357180360532
20220711,1.9334113725247601,1.5878357180360532
20220712,1.9151928198766337,1.5878357180360532
20220713,1.9186602433568143,1.5878357180360532
20220714,1.9189167189519596,1.5878357180360532
20220715,1.886248037991317,1.5878357180360532
20220718,1.9057942330555924,1.5878357180360532
20220719,1.8954584857072094,1.5878357180360532
20220720,1.9018645641572542,1.5878357180360532
20220721,1.8806522795290903,1.5878357180360532
20220722,1.881603401939687,1.5878357180360532
20220725,1.8702275351859714,1.5878357180360532
20220726,1.8850106104341209,1.5878357180360532
20220727,1.8756992749384216,1.5878357180360532
20220728,1.8759671689162705,1.5878357180360532
20220729,1.8512817877315713,1.5878357180360532
20220801,1.8595137396767258,1.5878357180360532
20220802,1.823249645551146,1.5878357180360532
20220803,1.805456028097017,1.5878357180360532
20220804,1.8207848258818573,1.5878357180360532
20220805,1.8453523989316778,1.5878357180360532
20220808,1.8414152265464832,1.5878357180360532
20220809,1.8450478477949548,1.5878357180360532
20220810,1.8243670822372113,1.5878357180360532
20220811,1.861555190147056,1.5878357180360532
20220812,1.860479012629663,1.5878357180360532
20220815,1.8580347327089801,1.5857496343250346
20220816,1.85453888574044,1.5827660851187522
20220817,1.8718903805936897,1.5975748107761123
20220818,1.855513954283948,1.583598262558221
20220819,1.8426147971241567,1.572589408208433
20220822,1.8560601953380935,1.584064454893927
20220823,1.8470279224064832,1.576355813474968
20220824,1.8120966308893527,1.5465435167645454
20220825,1.8270941904939584,1.55934326385221
20220826,1.8232206299192226,1.55934326385221
20220829,1.8152053703592086,1.55934326385221
20220830,1.8090979807357068,1.55934326385221
20220831,1.8104356180544194,1.55934326385221
20220901,1.7948417345954129,1.55934326385221
20220902,1.785893968613568,1.55934326385221
20220905,1.7822459536250936,1.55934326385221
20220906,1.7985894345641047,1.55934326385221
20220907,1.799774862323509,1.55934326385221
20220908,1.792082528176965,1.55934326385221
20220909,1.816969003027089,1.55934326385221
20220913,1.8246453540452752,1.5659311947586982
20220914,1.8043228705980427,1.5484902105617226
20220915,1.7873365280222797,1.533912340037309
20220916,1.745409260696465,1.4979298869699655
20220919,1.7433169783504407,1.4979298869699655
20220920,1.7454494323954006,1.4979298869699655
20220921,1.732520121599228,1.4979298869699655
20220922,1.7172432572585894,1.4979298869699655
20220923,1.7113167695977287,1.4979298869699655
20220926,1.7027182334808548,1.4979298869699655
20220927,1.727387988985372,1.4979298869699655
20220928,1.699155447608165,1.4979298869699655
20220929,1.698446524859528,1.4979298869699655
20220930,1.6885551612303622,1.4979298869699655
20221010,1.651286789209937,1.4979298869699655
20221011,1.6542692026813155,1.4979298869699655
20221012,1.6793823835686101,1.4979298869699655
20221013,1.6653310906475773,1.4979298869699655
20221014,1.7051672521583146,1.4979298869699655
20221017,1.7069030411212065,1.499454716960512
20221018,1.7032750147933728,1.496267622521361
20221019,1.675866756289179,1.4721904245155557
20221020,1.6662651657822627,1.463755762540578
20221021,1.6609117884964462,1.4590530075337007
20221024,1.6122990051496648,1.4163483749108483
20221025,1.6096596568336528,1.4163483749108483
20221026,1.6227146755913293,1.4163483749108483
20221027,1.6112719253466434,1.4163483749108483
20221028,1.571404922264692,1.4163483749108483
20221031,1.5569147623445023,1.4163483749108483
20221101,1.6125771244253264,1.4163483749108483
20221102,1.6319249671721325,1.4163483749108483
20221103,1.618641148816393,1.4163483749108483
20221104,1.671554202561632,1.4626485185457985
20221107,1.6751447808870246,1.4657903574764835
20221108,1.6636073833984428,1.455694868309164
20221109,1.6480399654205835,1.4420730181723243
20221110,1.6353453416650923,1.4309649293044846
20221111,1.6809226678697313,1.4708461419808865
20221114,1.6833842611467387,1.473000092929267
20221115,1.715297365000118,1.5009247955813323
20221116,1.7012706455995867,1.4886510922698848
20221117,1.694279701457318,1.4825338547449183
20221118,1.68668146526739,1.47588522265765
20221121,1.6722741876340332,1.463278522106502
20221122,1.6724587822303116,1.4634400466399957
20221123,1.6742006669685596,1.4649642360009938
20221124,1.666768764524494,1.4584611497815154
20221125,1.6751709836660664,1.4658132855130908
20221128,1.6562869260161814,1.4492892990917055
20221129,1.7073744272353855,1.493992042119699
20221130,1.7094083342704463,1.4957717577323502
20221201,1.7279092475363202,1.511960483972041
20221202,1.7173273643424003,1.502701091872585
20221205,1.750998811258127,1.5321643852992097
20221206,1.760444229087338,1.5404293439668797
20221207,1.756101665428109,1.5366295005079427
20221208,1.7564155602336788,1.5369041657097307
20221209,1.7737316136081818,1.5520561121895176
20221212,1.7538425597191916,1.5346527308564875
20221213,1.7503852162518734,1.5316274755026213
20221214,1.7544548377086373,1.535188488232963
20221215,1.753155740999197,1.534051748619854
20221216,1.7541346202394865,1.53490829055457
20221219,1.7270578132879024,1.5112154593475455
20221220,1.6985627864964727,1.5112154593475455
20221221,1.6992240123024567,1.5112154593475455
20221222,1.701645873157162,1.5112154593475455
20221223,1.698168315033471,1.5112154593475455
20221226,1.7049284778636542,1.5112154593475455
20221227,1.724594748045644,1.5112154593475455
20221228,1.717221967583264,1.5112154593475455
20221229,1.7107484445665087,1.5112154593475455
20221230,1.7173588067506806,1.5112154593475455
20230103,1.7245599054705565,1.5112154593475455
20230104,1.7267857956700339,1.5112154593475455
20230105,1.7603190987168118,1.5112154593475455
20230106,1.7657658327788937,1.5158914233381497
20230109,1.7800482090719871,1.528152693392014
20230110,1.7819653155973836,1.529798509210582
20230111,1.7786497889838062,1.5269521644325421
20230112,1.7821122045900497,1.529924611868155
20230113,1.8071619789988407,1.5514295801249491
20230116,1.8353511999516752,1.575629730269284
20230117,1.8350163835005047,1.5753422938622024
20230118,1.8319289869140858,1.5726917963166527
20230119,1.8433105604144806,1.582462757637265
20230120,1.854614335923345,1.592166930199184
20230130,1.8633893927273555,1.5997002243096328
20230131,1.8436436211342706,1.5827486867673952
20230201,1.8609594616809695,1.5976141540254871
20230202,1.8543877508352131,1.5919724092806233
20230203,1.8368467740341583,1.5769136649125517
20230206,1.812548346310076,1.5560537198939244
20230207,1.8157963649727122,1.5560537198939244
20230208,1.8077576781705045,1.5560537198939244
20230209,1.8320097168616445,1.5560537198939244
20230210,1.8211087188143102,1.5560537198939244
20230213,1.8376204742846916,1.5560537198939244
20230214,1.8383668988398432,1.5560537198939244
20230215,1.828772611258315,1.5560537198939244
20230216,1.8153645504588631,1.5560537198939244
20230217,1.789193457997876,1.5560537198939244
20230220,1.8330754959084763,1.5560537198939244
20230221,1.837878782549283,1.5560537198939244
20230222,1.821277234672427,1.5560537198939244
20230223,1.8197971233380323,1.5560537198939244
20230224,1.8008913296011422,1.5560537198939244
20230227,1.7932487089036515,1.5560537198939244
20230228,1.8045934728841528,1.5560537198939244
20230301,1.8300698580712056,1.5560537198939244
20230302,1.825973855761452,1.5560537198939244
20230303,1.8316411589827013,1.5560537198939244
20230306,1.8220745207233295,1.5560537198939244
20230307,1.795383946035015,1.5560537198939244
20230308,1.7888317453489575,1.5560537198939244
20230309,1.782495597715323,1.5560537198939244
20230310,1.7591059341091995,1.5560537198939244
20230313,1.7775164922649647,1.5560537198939244
20230314,1.7668648152110638,1.5560537198939244
20230315,1.7678289469066866,1.5560537198939244
20230316,1.7466416707665546,1.5560537198939244
20230317,1.7553486963364404,1.5560537198939244
20230320,1.7465811066542527,1.5560537198939244
20230321,1.7657668325289548,1.5560537198939244
20230322,1.7733193416580575,1.5560537198939244
20230323,1.7908843995389756,1.5560537198939244
20230324,1.7855300058416135,1.5560537198939244
20230327,1.7790561512273775,1.5504118849644766
20230328,1.7732949128505073,1.5453910808457025
20230329,1.7762199744109377,1.5479402135441926
20230330,1.7905631993021058,1.560440047416577
20230331,1.7960467682255103,1.5652188681553167
20230403,1.8136084529171097,1.580523525429383
20230404,1.8191524927593676,1.585355045365515
20230406,1.8162717184622341,1.5828445081319968
20230407,1.8280683047407695,1.593124997342881
20230410,1.8198659397216177,1.5859768001363248
20230411,1.8177837003315693,1.5841621701172302
20230412,1.8165012898871935,1.5830445750413293
20230413,1.803936280250093,1.5720944202288385
20230414,1.8141276082668214,1.5809759589423897
20230417,1.8395539923154698,1.603134544546053
20230418,1.8451466390755682,1.6080084244397723
20230419,1.828519138451405,1.593517889912702
20230420,1.8233886441635614,1.5890467666633727
20230421,1.7877080787555404,1.5579518669140404
20230424,1.765561686670646,1.5579518669140404
20230425,1.7566915750794656,1.5579518669140404
20230426,1.7551552908086219,1.5579518669140404
20230427,1.7680801487461755,1.5579518669140404
20230428,1.7860939262781568,1.5579518669140404
20230504,1.7865944081211516,1.5579518669140404
20230505,1.7806533403909253,1.5579518669140404
20230508,1.8009353628144225,1.5579518669140404
20230509,1.7855003439600692,1.5579518669140404
20230510,1.77174207870893,1.5579518669140404
20230511,1.7689769927387164,1.5579518669140404
20230512,1.7455126009292756,1.5579518669140404
20230515,1.7725939360700558,1.5579518669140404
20230516,1.7634121059608645,1.5579518669140404
20230517,1.7554015368149312,1.5579518669140404
20230518,1.753572422022759,1.5579518669140404
20230519,1.7484476890126084,1.5579518669140404
20230522,1.7594212702265872,1.5579518669140404
20230523,1.7345230023735425,1.5579518669140404
20230524,1.710532023616381,1.5579518669140404
20230525,1.7067091692947278,1.5579518669140404
20230526,1.706895513301318,1.5579518669140404
20230529,1.6993428838755789,1.5579518669140404
20230530,1.7010185577290493,1.5579518669140404
20230531,1.6836258804116968,1.5579518669140404
20230601,1.6873023896105916,1.5579518669140404
20230602,1.7116513382566327,1.5579518669140404
20230605,1.7038436742496208,1.5579518669140404
20230606,1.687836142271967,1.5579518669140404
20230607,1.6794809780487538,1.5579518669140404
20230608,1.6931385026114587,1.5579518669140404
20230609,1.7004450795246642,1.5579518669140404
20230612,1.7038571001539997,1.561077968411484
20230613,1.7129181097569557,1.5693796871773715
20230614,1.7125136011892568,1.5690090754558772
20230615,1.7397449186153142,1.5939584739006152
20230616,1.7565067543147583,1.6093157080361364
20230619,1.7421144749157742,1.5961294670755852
20230620,1.7391445993327208,1.59340845993173
20230621,1.7124486754396089,1.568949590328076
20230626,1.688354625718191,1.546874564091124
20230627,1.7041788882816788,1.5613727914671092
20230628,1.7021117017764702,1.5594788302249445
20230629,1.6936979671007395,1.5517701463023574
20230630,1.7028172045840675,1.5601252135921253
20230703,1.7251521852987137,1.5805885765791847
20230704,1.727855466512601,1.5830653293215589
20230705,1.7144550036352828,1.5707877930408423
20230706,1.7028973657216646,1.5601986574189666
20230707,1.6953255573898507,1.5532613484352724
20230710,1.7035669267446265,1.56081211083672
20230711,1.7147022988754825,1.5710143655340014
20230712,1.7031454689594083,1.5604259702014165
20230713,1.7274979308568743,1.5827377542948586
20230714,1.7277855334932926,1.5830012565212652
20230717,1.7136237489457182,1.5700261954973036
20230718,1.7081881151933243,1.5650460547950997
20230719,1.70636973002254,1.563380045933241
20230720,1.6943163439139315,1.5523367046241576
20230721,1.6935119327330772,1.5523367046241576
20230724,1.6861034797525818,1.5523367046241576
20230725,1.7347844064087972,1.5523367046241576
20230726,1.7311806346587233,1.5491119424335014
20230727,1.7290989538251749,1.5472491924841174
20230728,1.769137204482591,1.5830766104934324
20230731,1.7788232481563024,1.5917439705767646
20230801,1.7714410521777226,1.585138161961041
20230802,1.7589737250329782,1.573982026671926
20230803,1.7745069201419763,1.5878815918390479
20230804,1.7814025720147921,1.5940520263120217
20230807,1.7679075369065893,1.5819762673581923
20230808,1.7632762843792922,1.5778320847958245
20230809,1.7578715155436848,1.5729957368251333
20230810,1.7614693798396501,1.5762152128500795
20230811,1.720932060530896,1.5399412133619725
20230814,1.7083587100634532,1.5399412133619725
20230815,1.7041937607154773,1.5399412133619725
20230816,1.6916854285268874,1.5399412133619725
20230817,1.697328316628908,1.5399412133619725
20230818,1.6764490102822196,1.5399412133619725
20230821,1.6523128388831472,1.5399412133619725
20230822,1.6650023305430977,1.5399412133619725
20230823,1.6377016378411362,1.5399412133619725
20230824,1.6495594847301733,1.5399412133619725
20230825,1.6432213605031394,1.5399412133619725
20230828,1.662464972506944,1.5399412133619725
20230829,1.6790594961790015,1.5399412133619725
20230830,1.6783386682820767,1.5399412133619725
20230831,1.6680289525434435,1.5399412133619725
20230901,1.6796325960734044,1.5399412133619725
20230904,1.705074506930263,1.563267175936615
20230905,1.6923757396370755,1.5516245374456805
20230906,1.6886903212607298,1.548245627284325
20230907,1.6649534615922938,1.5264829105064608
20230908,1.6567529591053902,1.5189644259406205
20230911,1.6689413182588735,1.530139105824534
20230912,1.6658573262105933,1.5273116026741844
20230913,1.655233047596702,1.5175709221598748
20230914,1.6538276356510682,1.5162823952630449
20230915,1.6428594350404393,1.5162823952630449
20230918,1.6512334880440098,1.5162823952630449
20230919,1.6480270584967882,1.5162823952630449
20230920,1.6414528682591645,1.5162823952630449
20230921,1.6267137982686946,1.5162823952630449
20230922,1.6561518121528211,1.5162823952630449
20230925,1.6453621801321299,1.5162823952630449
20230926,1.6357323478356156,1.507408029875986
20230927,1.6390865875459413,1.507408029875986
20230928,1.6342110022752414,1.5029241322934905
20231009,1.6320763675251324,1.5029241322934905
20231010,1.619838088910915,1.5029241322934905
20231011,1.6244414004127086,1.5029241322934905
20231012,1.6398572753015006,1.5029241322934905
20231013,1.6225827878684134,1.4870921178692997
20231016,1.6062648318381725,1.472136761524008
20231017,1.6119235644512584,1.472136761524008
20231018,1.5991439093837796,1.472136761524008
20231019,1.5650133193434808,1.472136761524008
20231020,1.5548336332836914,1.472136761524008
20231023,1.5387241450756857,1.472136761524008
20231024,1.5444190614992526,1.472136761524008
20231025,1.5520812100539805,1.472136761524008
20231026,1.5563591324449624,1.472136761524008
20231027,1.5777114996178863,1.472136761524008
20231030,1.587170854763162,1.472136761524008
20231031,1.582168791240414,1.4674972348005826
20231101,1.5815012116851408,1.466878039707874
20231102,1.5740316002267103,1.459949806626189
20231103,1.5872816215404815,1.472239500207974
20231106,1.6087354722510387,1.4921384305672842
20231107,1.6030323882568853,1.4868486915472812
20231108,1.5991725620650517,1.48326861570791
20231109,1.599936620991315,1.4839772975930061
20231110,1.5882605945567423,1.4731475197582653
20231113,1.5851148446714483,1.470229765796993
20231114,1.5862731260885243,1.471304097932787
20231115,1.597414296901676,1.481637785116645
20231116,1.5819550791436585,1.4672990120112264
20231117,1.5800405504060264,1.4655232434307965
20231120,1.5836830994925957,1.4689017898550216
20231121,1.5857712770139811,1.4708386215984939
20231122,1.5695288505265554,1.455773404733698
20231123,1.5770903292383394,1.4627868467646503
20231124,1.5666668040927845,1.4531187921217674
20231127,1.5551116219046417,1.4531187921217674
20231128,1.558013378658657,1.4531187921217674
20231129,1.5446212584901706,1.4531187921217674
20231130,1.5481053337176094,1.4531187921217674
20231201,1.5421941042001803,1.4531187921217674
20231204,1.5321114191405316,1.4531187921217674
20231205,1.502927858163712,1.4531187921217674
20231206,1.5052808357423109,1.4531187921217674
20231207,1.5015867019584577,1.4531187921217674
20231208,1.505196700714944,1.4531187921217674
20231211,1.5140371428621688,1.4531187921217674
20231212,1.5172785995271783,1.4531187921217674
20231213,1.4919411034151306,1.4531187921217674
20231214,1.4841184441937072,1.4531187921217674
20231215,1.479496627713403,1.4531187921217674
20231218,1.4740894331928223,1.4531187921217674
20231219,1.4761475963961908,1.4531187921217674
20231220,1.4599582166627871,1.4531187921217674
20231221,1.474720190911715,1.4531187921217674
20231222,1.4775234366587255,1.4531187921217674
20231225,1.482037826886419,1.4531187921217674
20231226,1.4719932073029491,1.4432701734079532
20231227,1.4771026021452596,1.448279868523043
20231228,1.5117047629750526,1.48220683667299
20231229,1.519028718935442,1.4893878801292642
20240102,1.499201288926826,1.4699473431724388
20240103,1.495623279665997,1.4664391516803097
20240104,1.48177876278632,1.4528647831448112
20240105,1.4738243020038273,1.4450655379200659
20240108,1.4547517974124216,1.4263651955051726
20240109,1.4575925853787528,1.4291505511171692
20240110,1.450776691343302,1.4224676557629852
20240111,1.458974104798994,1.4224676557629852
20240112,1.453869320024296,1.4224676557629852
20240115,1.4524203540261236,1.4224676557629852
20240116,1.4612430754647499,1.4224676557629852
20240117,1.4294494533018063,1.3915177064043185
20240118,1.4496451031024233,1.3915177064043185
20240119,1.4474410105127793,1.3915177064043185
20240122,1.4249089736396479,1.3915177064043185
20240123,1.4306660767158932,1.3915177064043185
20240124,1.450652579258521,1.3915177064043185
20240125,1.4797726600601668,1.4194507267751413
20240126,1.4757335939569598,1.4155763104742907
20240129,1.462503739662077,1.4028857622564064
20240130,1.436410636014708,1.3778563263601038
20240131,1.423258327778685,1.365240163088352
20240201,1.4242912195170212,1.3662309496924252
20240202,1.4074228023508266,1.3662309496924252
20240205,1.4166158267593056,1.3662309496924252
20240206,1.4658564659209217,1.3662309496924252
20240207,1.4799815590400236,1.3793960445262365
20240208,1.4893977606360764,1.3881722830926697
20240219,1.506594252366437,1.4042000319032522
20240220,1.509700985427393,1.407095618858039
20240221,1.5300568849977851,1.4260680494120963
20240222,1.5432363746814033,1.4383518078328765
20240223,1.5445815986829943,1.4396056049869437
20240226,1.5284659849020734,1.4245852733019098
20240227,1.546789986385916,1.4416639017566457
20240228,1.527070082739129,1.4232842422786853
20240229,1.5561909248108765,1.45042591449864
20240301,1.5657921070366634,1.459374561665309
20240304,1.5671362021158768,1.4606273066231157
20240305,1.5780312642897625,1.470781896439271
20240306,1.5716163408007813,1.4648029570176346
20240307,1.5621645479128878,1.4559935460870699
20240308,1.568874846153062,1.462247785400762
20240311,1.5884921825184795,1.480531848483379
20240312,1.5921218947352946,1.4839148708217729
20240313,1.580986281319588,1.4735360785961709
20240314,1.5764870417797279,1.4693426255178197
20240315,1.5799131860817368,1.4725359152377488
20240318,1.594741668919149,1.4863565945883208
20240319,1.5832678371824807,1.4756625707226545
20240320,1.5866867650319374,1.4756625707226545
20240321,1.5847738798705229,1.4756625707226545
20240322,1.5687909232536592,1.4756625707226545
20240325,1.5602645104542394,1.4756625707226545
20240326,1.5682106184899174,1.4756625707226545
20240327,1.5500721744054322,1.4756625707226545
20240328,1.5581040864691047,1.4756625707226545
20240329,1.5654017273315297,1.4756625707226545
20240401,1.5911274882841915,1.4756625707226545
20240402,1.5844899566442054,1.4756625707226545
20240403,1.5787809195078393,1.4756625707226545
20240408,1.5648758423070759,1.4756625707226545
20240409,1.5635708551312932,1.4756625707226545
20240410,1.5508241451886846,1.4756625707226545
20240411,1.5506065060542198,1.4756625707226545
20240412,1.5380247099568147,1.4756625707226545
20240415,1.5704191463449497,1.4756625707226545
20240416,1.5536094303084762,1.4756625707226545
20240417,1.5776186161955785,1.4756625707226545
20240418,1.5795525513307687,1.4756625707226545
20240419,1.5670887214223947,1.4756625707226545
20240422,1.562316593051645,1.4756625707226545
20240423,1.5513840423128222,1.4756625707226545
20240424,1.5581843607167796,1.4756625707226545
20240425,1.5620032613983055,1.4756625707226545
20240426,1.5858783081889267,1.4756625707226545
20240429,1.603405959145007,1.4756625707226545
20240430,1.594757449083408,1.4677030876499926
20240506,1.618408233941319,1.489469613952317
20240507,1.6188957815587155,1.4899183186401932
20240508,1.6061472512787365,1.4781854640511276
20240509,1.62132691461659,1.4921557632732823
20240510,1.6220732511026261,1.4928426391148784
20240513,1.6213586696830513,1.4921849884128922
20240514,1.6179629911952196,1.4890598437057008
20240515,1.6042398726670968,1.4764300463358944
20240516,1.6105550618649342,1.4822421042699
20240517,1.6271819957162152,1.4975443699314923
20240520,1.632916899286954,1.5028223736072148
20240521,1.6263558227062183,1.4967840181435745
20240522,1.630010448301047,1.50014747963599
20240523,1.6111250492313984,1.4827666807302025
20240524,1.593276050282605,1.4827666807302025
20240527,1.6084079150836814,1.4827666807302025
20240528,1.5966558246924882,1.4827666807302025
20240529,1.5985675297203927,1.4827666807302025
20240530,1.5900566163007508,1.4827666807302025
20240531,1.5836794436494392,1.4827666807302025
20240603,1.587569961800164,1.4827666807302025
20240604,1.5994673933318126,1.4827666807302025
20240605,1.5902193105979738,1.4827666807302025
20240606,1.5890790829783503,1.4827666807302025
20240607,1.5810459609352343,1.4827666807302025
20240611,1.5672153933215953,1.4827666807302025
20240612,1.5677541191523274,1.4827666807302025
20240613,1.559782845633121,1.4827666807302025
20240614,1.5665835235064147,1.4827666807302025
20240617,1.5642116034853715,1.4827666807302025
20240618,1.5683532164642147,1.4827666807302025
20240619,1.5608913234162562,1.4827666807302025
20240620,1.5496139621848617,1.4827666807302025
20240621,1.546212503111424,1.4827666807302025
20240624,1.5378800194419013,1.4827666807302025
20240625,1.5295043205749341,1.4827666807302025
20240626,1.5393838047390083,1.4827666807302025
20240627,1.5278062868482805,1.4827666807302025
20240628,1.531128757910547,1.4827666807302025
20240701,1.5384262245519786,1.4827666807302025
20240702,1.5355845619378892,1.4827666807302025
20240703,1.5318693941741692,1.4827666807302025
20240704,1.5240722950318129,1.4827666807302025
20240705,1.5175354237703962,1.4827666807302025
20240708,1.5045637307193604,1.4827666807302025
20240709,1.521381346791519,1.4827666807302025
20240710,1.5165726651593887,1.4827666807302025
20240711,1.5338994292616348,1.4827666807302025
20240712,1.535758969400027,1.484564232842218
20240715,1.537447761450625,1.4861967287774396
20240716,1.547181459751505,1.495605952906151
20240717,1.5486290976288712,1.4970053335756874
20240718,1.5571733014192481,1.5052647151570717
20240719,1.565159235329204,1.5129844368613141
20240722,1.5544923560944837,1.502673139513593
20240723,1.5212901126399787,1.470577697413109
20240724,1.5116758691958954,1.4612839460971068
20240725,1.5033080327677146,1.4531950526476323
20240726,1.507727818115174,1.4531950526476323
20240729,1.4995118345192058,1.4531950526476323
20240730,1.490053737774911,1.4531950526476323
20240731,1.5221931631612302,1.4531950526476323
20240801,1.5120907059453035,1.4531950526476323
20240802,1.496656041743697,1.4531950526476323
20240805,1.4784816101334586,1.4531950526476323
20240806,1.4783186253938152,1.4531950526476323
20240807,1.4776479792430852,1.4531950526476323
20240808,1.4782765637842008,1.4531950526476323
20240809,1.4732634368324937,1.4531950526476323
20240812,1.4707037451121405,1.4531950526476323
20240813,1.4744618322188177,1.4531950526476323
20240814,1.463328387195783,1.4531950526476323
20240815,1.4777827236644494,1.4531950526476323
20240816,1.4793986899084988,1.4531950526476323
20240819,1.4843986939784017,1.4531950526476323
20240820,1.473657298171666,1.4426794524196078
20240821,1.4687515336549593,1.4378768122973469
20240822,1.4649818005573092,1.434186323003918
20240823,1.4711849143099975,1.4402590406996318
20240826,1.469860865258078,1.4389628245688055
20240827,1.4614971004049695,1.4307748749597484
20240828,1.4531560190527038,1.42260913202019
20240829,1.4492468369883842,1.4187821251258745
20240830,1.4685800976114682,1.4187821251258745
20240902,1.4436217335961055,1.3946700724057173
20240903,1.4473318339790975,1.3946700724057173
20240904,1.4379189935648842,1.3946700724057173
20240905,1.4403804707739567,1.3946700724057173
20240906,1.4286912638119154,1.3946700724057173
20240909,1.4117045813041016,1.3946700724057173
20240910,1.4129326606529553,1.3946700724057173
20240911,1.4086659540367557,1.3946700724057173
20240912,1.4026175537181542,1.3946700724057173
20240913,1.3967580352504234,1.3946700724057173
20240918,1.4019475656613973,1.3946700724057173
20240919,1.413000770202104,1.3946700724057173
20240920,1.4152062862960313,1.3946700724057173
20240923,1.420373883502804,1.3946700724057173
20240924,1.481879076858158,1.4550622363750358
20240925,1.5038060761815055,1.4765924335218021
20240926,1.5673618689947766,1.538998088254127
20240927,1.6373615070573067,1.6077309771215884
20240930,1.776239864026981,1.7440961204265486
20241008,1.881548906957445,1.847499437141022
20241009,1.748859459884972,1.717211206059452
20241010,1.7673262579520512,1.735343819518804
20241011,1.7184093247688772,1.6873121121375072
20241014,1.7511863947917155,1.7194960315638945
20241015,1.7046018423898062,1.6737544970102352
20241016,1.6937992529793084,1.6631473967739554
20241017,1.6746149012504956,1.6443102148703448
20241018,1.7351688864480546,1.7037683842304179
20241021,1.7395592944066463,1.7080793411246684
20241022,1.7495265528919974,1.7178662270107772
20241023,1.7563347790882162,1.7245512480691894
20241024,1.73670466383144,1.7052763694020427
20241025,1.7488858895786163,1.7052763694020427
20241028,1.752291596697015,1.7052763694020427
20241029,1.7348138022454138,1.7052763694020427
20241030,1.7192405533443242,1.7052763694020427
20241031,1.7199301595500551,1.7052763694020427
20241101,1.719465631978129,1.7052763694020427
20241104,1.743649016464043,1.7052763694020427
20241105,1.7877532508918972,1.7052763694020427
20241106,1.7787706074356395,1.7052763694020427
20241107,1.832421712144601,1.7052763694020427
20241108,1.813998492258993,1.7052763694020427
20241111,1.8259552732208606,1.7052763694020427
20241112,1.8058793219144762,1.686527254427471
20241113,1.816979831785328,1.686527254427471
20241114,1.7854641965575588,1.686527254427471
20241115,1.7541625467099478,1.686527254427471
20241118,1.7459939933343909,1.686527254427471
20241119,1.757697043081116,1.686527254427471
20241120,1.7616087249123498,1.686527254427471
20241121,1.763152688905981,1.686527254427471
20241122,1.7085115494831509,1.686527254427471
20241125,1.7007158206811321,1.686527254427471
20241126,1.6972081459324746,1.686527254427471
20241127,1.7267441079020287,1.686527254427471
20241128,1.7114855408652223,1.686527254427471
20241129,1.7309320186949257,1.686527254427471
20241202,1.7446403584158352,1.686527254427471
20241203,1.7465087464692561,1.686527254427471
20241204,1.7370664693151125,1.686527254427471
20241205,1.733088918342799,1.686527254427471
20241206,1.7558582503188467,1.686527254427471
20241209,1.7529408076288124,1.686527254427471
20241210,1.7657719755654993,1.686527254427471
20241211,1.7627502058144513,1.686527254427471
20241212,1.7802689956403437,1.703288515557095
20241213,1.738129458085861,1.6629711306320036
20241216,1.7286856375278634,1.6539356696208807
20241217,1.7331754181475727,1.6539356696208807
20241218,1.741936604372674,1.6539356696208807
20241219,1.7435021302654727,1.6539356696208807
20241220,1.7356578040111352,1.6539356696208807
20241223,1.7382193902048564,1.6539356696208807
20241224,1.7603515092228894,1.6539356696208807
20241225,1.7611952325493325,1.6539356696208807
20241226,1.761999172586607,1.654690648443961
20241227,1.7591354717834342,1.652001351529028
20241230,1.7670859302381894,1.6594676145446987
20241231,1.7387282055860669,1.6328369199773836
20250102,1.6881129431629203,1.6328369199773836
20250103,1.6681138111208293,1.6328369199773836
20250106,1.665363204376201,1.6328369199773836
20250107,1.677340331049969,1.6328369199773836
20250108,1.6742821611150271,1.6328369199773836
20250109,1.6701428214492224,1.6328369199773836
20250110,1.649187578252152,1.6328369199773836
20250113,1.6447701400479693,1.6328369199773836
20250114,1.688069717878798,1.6328369199773836
20250115,1.6772250264646529,1.6328369199773836
20250116,1.6791372278539096,1.6328369199773836
20250117,1.6844077757332718,1.6328369199773836
20250120,1.6920526346932512,1.6328369199773836
20250121,1.693337720617751,1.6340770325482592
20250122,1.6775962504246138,1.6188864568066617
20250123,1.680555042839673,1.6217417022019878
20250124,1.6934073743597706,1.6341442486615483
20250127,1.6864203521034995,1.6274017468818613
20250205,1.6766893651976766,1.618011309278527
20250206,1.6977704895057606,1.6383546705777532
20250207,1.7197905519250785,1.6596041105545345
20250210,1.7234698832835795,1.663154678639599
20250211,1.7155361314386952,1.6554985793784702
20250212,1.7317481798129954,1.671143264769014
20250213,1.7252304184354246,1.6648536014366262
20250214,1.740179512538386,1.679279531381741
20250217,1.7438717890024442,1.6828425915405467
20250218,1.728565805301472,1.668072261840933
20250219,1.7406465196984826,1.679730194982426
20250220,1.735656588163517,1.674914892980944
20250221,1.7575314705489689,1.6960242336992983
20250224,1.7536622376369582,1.6922904099273988
20250225,1.7341817090230036,1.6734916292693094
20250226,1.7493157611377939,1.6880960443656348
20250227,1.752913194493136,1.6915675805810704
20250228,1.7184132116598252,1.6582749722107473
20250303,1.7177038100589312,1.6575903970969
20250304,1.7162531758878616,1.6575903970969
20250305,1.7239037108263078,1.6575903970969
20250306,1.74759618668181,1.6575903970969
20250307,1.7421830137155179,1.6575903970969
20250310,1.7354496005782452,1.6575903970969
20250311,1.7410077310955625,1.6575903970969
20250312,1.7347285236798395,1.6575903970969
20250313,1.7278005325636971,1.6575903970969
20250314,1.7697399506773253,1.6575903970969
20250317,1.765410817204063,1.65353560358315
20250318,1.7702268624009427,1.6580464529128933
20250319,1.771292764994322,1.6590448085765883
20250320,1.7557414402159377,1.644478981204652
20250321,1.729094938670032,1.6195210855195736
20250324,1.737982646793859,1.6195210855195736
20250325,1.7368407637881635,1.6195210855195736
20250326,1.7311124284549615,1.6195210855195736
20250327,1.7368648442340673,1.6195210855195736
20250328,1.7292338452295062,1.6195210855195736
20250331,1.7169150213118631,1.6195210855195736
20250401,1.7170683335061896,1.6195210855195736
20250402,1.7155980690196537,1.6195210855195736
20250403,1.7054778151082397,1.6195210855195736
20250407,1.5853049122295177,1.6195210855195736
20250408,1.6123738959489284,1.6195210855195736
20250409,1.628276104058908,1.6195210855195736
20250410,1.6496041843118516,1.6195210855195736
20250411,1.6563933338798444,1.6195210855195736
20250414,1.6601893542987842,1.6195210855195736
20250415,1.6611005186190166,1.6195210855195736
20250416,1.6662036867069685,1.6195210855195736
20250417,1.6659263528486086,1.6195210855195736
20250418,1.6660460486502553,1.6195210855195736
20250421,1.6714904328998055,1.624813433289289
20250422,1.6710668861218818,1.6244017142145928
20250423,1.6723475555132266,1.6256466204310462
20250424,1.6712191893599104,1.6245497643273614
20250425,1.6723704445335512,1.6256688702668614
20250428,1.6699835104075031,1.6233485921749005
20250429,1.667081260583562,1.620527388769913
20250430,1.6650781583215,1.618580223892634
20250506,1.681832863460873,1.634867047583288
20250507,1.6920137213824062,1.6447636012145397
20250508,1.7013924878511018,1.6538804620987402
20250509,1.6984031100007684,1.6509745637502986
20250512,1.7180193705675206,1.670043032855723
20250513,1.7204997712603707,1.67245416742542
20250514,1.7412194900854034,1.6925952803018396
20250515,1.7253036938838786,1.6771239387011172
20250516,1.7172913798699678,1.6693353715724684
20250519,1.7120054276641448,1.6641970315720136
20250520,1.7212761393542297,1.673208855147976
20250521,1.729303271251907,1.6810118263654086
20250522,1.7281785769190057,1.6799185395451712
20250523,1.714215748775219,1.666345628633934
20250526,1.704414304807024,1.6568178936785343
20250527,1.6952563492438595,1.6479156774721984
20250528,1.6938476076038502,1.6479156774721984
20250529,1.70375243776396,1.6479156774721984
20250530,1.6955846276719886,1.6479156774721984
20250603,1.700772843611777,1.6479156774721984
20250604,1.7081461008112528,1.6479156774721984
20250605,1.7120236889143958,1.6479156774721984
20250606,1.7104329736763129,1.6479156774721984
20250609,1.7153917589708063,1.6479156774721984
20250610,1.7066445363408598,1.6479156774721984
20250611,1.719505432900208,1.6479156774721984
20250612,1.7184206756708003,1.6468760829408933
20250613,1.7060374116516088,1.6350083827725466
20250616,1.7102680003015571,1.6350083827725466
20250617,1.7087462602241923,1.6350083827725466
20250618,1.7107600222916415,1.6350083827725466
20250619,1.696671737695537,1.6350083827725466
20250620,1.698226859173953,1.6350083827725466
20250623,1.7031835802116833,1.6350083827725466
20250624,1.7235363689494634,1.6350083827725466
20250625,1.7482594461123344,1.6350083827725466
20250626,1.7420446372697964,1.6291961650393751
20250627,1.7313198821767233,1.6191661523205247
20250630,1.737628351706527,1.6250659634650495
20250701,1.7405648361742192,1.6278122244569375
20250702,1.7409584743603055,1.628180363027824
20250703,1.7517086346095498,1.6382341351740284
20250704,1.7579346319122973,1.6440568165865315
20250707,1.7504036935166487,1.6370137272816745
20250708,1.7650801692320075,1.650739470836231
20250709,1.7619531063809626,1.6478149769996415
20250710,1.7701599947040891,1.6554902286532958
20250711,1.7722573095046026,1.6574516808209232
20250714,1.7735061619241694,1.658619633426229
20250715,1.7741083041950154,1.6591827693284227
20250716,1.7688580473023188,1.6542726205227878
20250717,1.780889897909466,1.6655250559932202
20250718,1.7914953419682504,1.675443486565809
20250721,1.8034248562058885,1.6866002149474668
20250722,1.8181319700301224,1.7003546118949477
20250723,1.8184755061273168,1.7006758939563413
20250724,1.8313800218619893,1.712744463898136
20250725,1.8217103148890534,1.7037011539964726
20250728,1.8255187670693425,1.7072628972228614
20250729,1.8326552527985935,1.713937086238004
20250730,1.832293320817728,1.7135985999658294
20250731,1.7988893289496788,1.6823584960763422
20250801,1.7897552190375836,1.6738160876205197
20250804,1.7967028508615392,1.6738160876205197
20250805,1.811142699492745,1.6738160876205197
20250806,1.8155574662286111,1.6738160876205197
20250807,1.8160642973658863,1.6738160876205197
20250808,1.8117690830498514,1.6738160876205197
20250811,1.8194979130529207,1.6738160876205197
20250812,1.8288905352172784,1.6738160876205197
20250813,1.8433316479751045,1.6738160876205197
20250814,1.841875996840514,1.6738160876205197
20250815,1.8546780589789875,1.6854500399597934
20250818,1.871019487206111,1.7003004128992174
20250819,1.8639259822997172,1.6938541468909172
20250820,1.8851050004428438,1.713100709280992
20250821,1.8924492403930802,1.7197748322953197
20250822,1.932121581216771,1.755827314882728
20250825,1.9723656970527197,1.7923994015127855
20250826,1.9650104026580006,1.7857152327043617
20250827,1.9356630046502206,1.7590456051075598
20250828,1.9699179320529436,1.7901749800846505
20250829,1.984455408585567,1.8033860008783689
20250901,1.9963337745762775,1.8141805386887322
20250902,1.9816410116060401,1.8008284003942086
20250903,1.9681113107319188,1.7885332018994975
20250904,1.9263396754794377,1.7505729726485848
20250905,1.9682984730780348,1.7887032868272903
20250908,1.9714813086888798,1.7887032868272903
20250909,1.9576467480512352,1.7887032868272903
20250910,1.9616499630552708,1.7887032868272903
20250911,2.006940580214332,1.7887032868272903
20250912,1.9954351222104116,1.7887032868272903
20250915,2.000298865237033,1.7887032868272903
20250916,1.9959942767944419,1.7887032868272903
20250917,2.0081953068934206,1.7887032868272903
20250918,1.9848303945912047,1.7887032868272903
20250919,1.9864962637269457,1.7887032868272903
20250922,1.995609172741167,1.7887032868272903
20250923,1.9943445760250706,1.7887032868272903
20250924,2.014755441883178,1.7887032868272903
20250925,2.0268370466361505,1.7887032868272903
20250926,2.00765385968743,1.7887032868272903
20250929,2.0385263248176453,1.7887032868272903
20250930,2.047617649202542,1.7887032868272903
20251009,2.0779527740839216,1.78870328682729
20251010,2.0370574243646673,1.753500539502568
20251013,2.026957069273254,1.7448061463597315
20251014,2.002711350185829,1.7448061463597315
20251015,2.0323557988077585,1.7448061463597315
20251016,2.037693335804947,1.7448061463597315
20251017,1.9917088155569498,1.7448061463597315
20251020,2.002275325120305,1.7448061463597315
20251021,2.032990074918387,1.7448061463597315
20251022,2.0262226917177686,1.7448061463597315
20251023,2.0322840669811084,1.7448061463597315
20251024,2.0562418714828024,1.7448061463597315
20251027,2.0806387215217557,1.7448061463597315
20251028,2.0700134479559678,1.7358958812413448
20251029,2.0946436283675696,1.7565505435446016
20251030,2.0778944140068463,1.7425047931406523
20251031,2.047329634209397,1.7168734256662852
20251103,2.0529316861350897,1.7215712593320098
20251104,2.037605088534508,1.7215712593320098
20251105,2.0413643849741074,1.7215712593320098
20251106,2.070529189574016,1.7215712593320098
20251107,2.06406787281286,1.7215712593320098
20251110,2.071223312728157,1.7215712593320098
20251111,2.0522881260166033,1.7215712593320098
20251112,2.049511125120365,1.7215712593320098
20251113,2.0742720967804025,1.7215712593320098
20251114,2.0416403861370553,1.7215712593320098
20251117,2.0283516997240145,1.7215712593320098
20251118,2.0151633621450253,1.7215712593320098
20251119,2.024013608794557,1.7215712593320098
20251120,2.013699890382294,1.7215712593320098
20251121,1.9645693472974772,1.7215712593320098
20251124,1.9621011204839143,1.7215712593320098
20251125,1.9807698448425006,1.7215712593320098
20251126,1.9927616083023574,1.7215712593320098
20251127,1.991765193561952,1.7215712593320098
20251128,1.9967157672246498,1.7215712593320098
20251201,2.018677327653295,1.7215712593320098
20251202,2.0088905358588254,1.7215712593320098
20251203,1.9986032579525266,1.7215712593320098
20251204,2.005431783507513,1.7215712593320098
20251205,2.0221643712154598,1.7215712593320098
20251208,2.0385645580394187,1.7355335715385258
20251209,2.028168863867076,1.7266831889669283
20251210,2.0253316248880235,1.7242677032864753
20251211,2.007830512761354,1.7093681174404882
20251212,2.0205019293541038,1.7201559381199658
20251215,2.007743476876032,1.7092940193697115
20251216,1.983687408805085,1.6888138665230938
20251217,2.0199796318877232,1.6888138665230938
20251218,2.008018915869917,1.6788140513043934
20251219,2.01478854988374,1.6844738369840868
20251222,2.0339343413913857,1.7004807697636295
20251223,2.0379361041586823,1.7038264631286812
20251224,2.043796793792294,1.708726321406649
20251225,2.0475192373759645,1.711838488599928
20251226,2.0539879445017415,1.7172466828807187
20251229,2.046091282042717,1.7106446395484352
20251230,2.051327666213837,1.715022544186199
20251231,2.041899032300102,1.7071396886145291
