date,strat_nav,bench_nav
20160104,1.0,0.9223335684789193
20160105,0.9926942146596945,0.91420258309959
20160106,1.0131907169395438,0.9387394449248401
20160107,0.9258254097770056,0.8642703865219367
20160108,0.9267391292549616,0.8785722858812919
20160111,0.8570098968395675,0.82372400929911
20160112,0.8588070876668432,0.8234530267933629
20160113,0.819736168831257,0.797757900583824
20160114,0.859808525681115,0.8216320621255566
20160115,0.837359713955856,0.7912740899487255
20160118,0.856566015330356,0.8010695870518486
20160119,0.8866082403741039,0.8298850827840302
20160120,0.8760302495503495,0.8211264852073255
20160121,0.8371045934217028,0.789527157944487
20160122,0.8539933847376764,0.8012830289327565
20160125,0.8645538646083943,0.8107392297125992
20160126,0.798475540203603,0.7544769709055885
20160127,0.7945800350365916,0.7484782114621517
20160128,0.7578391934180191,0.7182909371699828
20160129,0.7855356380634915,0.7428811594602537
20160201,0.7750749719566912,0.7322008935332305
20160202,0.8047245801291815,0.7542628674973545
20160203,0.8112675356982446,0.7555231096188394
20160204,0.8249880910439347,0.7698897562766209
20160205,0.8131840553489292,0.7636232711042514
20160215,0.8148180527234946,0.7622963529982016
20160216,0.8507850057193768,0.7915063746828783
20160217,0.8633708505415303,0.8022675343261269
20160218,0.8603913197154744,0.8005326264985859
20160219,0.8661256779688085,0.8027952298711175
20160222,0.8829760835075318,0.8204315070943131
20160223,0.8816533922470133,0.8155097652107407
20160224,0.8852766953593139,0.8206673558697907
20160225,0.8191295904380389,0.7611782056860666
20160226,0.8307975333346272,0.7649376992248373
20160229,0.8015562071321664,0.7295710297529276
20160301,0.82075305009679,0.7449632049865199
20160302,0.8663269785097272,0.7802134670850204
20160303,0.8640377482278595,0.7813507997229391
20160304,0.8471553335658464,0.7672725659283394
20160307,0.8615707656421708,0.7813978117053433
20160308,0.8634586339781389,0.7839709986104897
20160309,0.8404060591006997,0.767138217466386
20160310,0.8238125105422407,0.7543549141166428
20160311,0.8252109972366766,0.7530559321941168
20160314,0.8485799485349276,0.7753360664037374
20160315,0.8420727178239494,0.771442119370764
20160316,0.83768720753597,0.7657778925917237
20160317,0.8601042383443872,0.7863898649130038
20160318,0.886373531016452,0.8097232329935209
20160321,0.9214384498383573,0.8292112905361572
20160322,0.9168532147313192,0.8264201460908398
20160323,0.927239987259166,0.8323574141823599
20160324,0.9122454530532859,0.8194507456921885
20160325,0.9169110283221595,0.8248671218239307
20160328,0.9101545889266007,0.8201511938519209
20160329,0.8925918396381487,0.8059588324007496
20160330,0.9285558645017221,0.831931036299983
20160331,0.9293113433373138,0.8340033028948726
20160401,0.9217738166170275,0.8325318564530002
20160405,0.9493395816997979,0.8512078156038906
20160406,0.9542884939325271,0.8534587847206738
20160407,0.9419134702099009,0.8412943563251678
20160408,0.9339469099944546,0.8342969270418438
20160411,0.9512156844299123,0.8504552358937464
20160412,0.9429653141763694,0.8465123039938737
20160413,0.9543053948891109,0.8586873874750947
20160414,0.9643386591347574,0.8661662347367487
20160415,0.9654332973829046,0.8651763719883361
20160418,0.9537926756712902,0.8533640540580514
20160419,0.9584002109975581,0.8561485524557649
20160420,0.9152238093525228,0.8235240654281892
20160421,0.9026281901844488,0.8166762868067502
20160422,0.9106012504030323,0.8217816629715263
20160425,0.9056642840725337,0.8188544128789962
20160426,0.9172560946508228,0.8266377001136913
20160427,0.9148167671050137,0.8239977788272183
20160428,0.912505914185745,0.8214697399072998
20160429,0.9121057769369009,0.8215872738060704
20160503,0.9369981524713383,0.8424276027889922
20160504,0.9398523530117441,0.8416285097838533
20160505,0.9436725186895323,0.8456169873099898
20160506,0.9078725808824303,0.8150330800510373
20160509,0.8761894076605677,0.7860341144143395
20160510,0.8740280805801977,0.7855300848483413
20160511,0.8694506805016462,0.7833794563763757
20160512,0.8702857875536094,0.7819059717871228
20160513,0.8659443226023456,0.7794800003381919
20160516,0.8815008535613417,0.7904852918899985
20160517,0.8856497133979173,0.788789269738294
20160518,0.8604863884241133,0.7701955688051365
20160519,0.8674235161132564,0.7726105379024819
20160520,0.8739376080567266,0.7791512696452154
20160523,0.8812612601912746,0.7888158775167906
20160524,0.8742341032542441,0.7815842541660143
20160525,0.8703471502916117,0.7796580851353684
20160526,0.8787271462828306,0.782470875855276
20160527,0.8798307279591147,0.7822935642653692
20160530,0.8801638655448052,0.7792992763692517
20160531,0.9118828649568486,0.8081727033675378
20160601,0.918497855238323,0.8115074796679532
20160602,0.9301235568481964,0.8171121568098776
20160603,0.9272899875595545,0.8204456694454825
20160606,0.9343982320891765,0.8215575987785487
20160607,0.9368715678214607,0.8217654220834676
20160608,0.934088761797932,0.8193221597116926
20160613,0.8945853072231259,0.7852561666288971
20160614,0.8969580729552972,0.7871375599163033
20160615,0.9323443451705402,0.8074707307347152
20160616,0.9417876135420603,0.8043390013264089
20160617,0.9438303124200949,0.8096274722135716
20160620,0.9434597413892459,0.8104002923849011
20160621,0.932017256848397,0.8047650101888868
20160622,0.9461354390883407,0.8154933913006006
20160623,0.9374296904528404,0.8124795039951367
20160624,0.9322979805466025,0.8035548632330377
20160627,0.9490332298785211,0.8200364250821511
20160628,0.9584953479731567,0.8264608859591035
20160629,0.9639322859952856,0.829719887299466
20160630,0.9607118989667836,0.8308862442446813
20160701,0.9611064642340402,0.8307794786217196
20160704,0.9724870562392662,0.8464274113778226
20160705,0.9706525127440433,0.8508090178119325
20160706,0.9708953402513038,0.8543878384390424
20160707,0.9694409532015008,0.8542632695623069
20160708,0.9653239775714277,0.8510386129584336
20160711,0.9605614897749705,0.8509795529140106
20160712,0.9763124690572813,0.8638220208179892
20160713,0.9819218212900538,0.8688511272976102
20160714,0.982692466966654,0.8691682137898921
20160715,0.9811775591723678,0.8681832966294492
20160718,0.9811775591723678,0.8643722312628785
20160719,0.9811775591723678,0.8654798967300296
20160720,0.9811775591723678,0.8644794485326129
20160721,0.9811775591723678,0.8670842343168381
20160722,0.9811775591723678,0.8595725885257532
20160725,0.9811775591723678,0.8606724780708267
20160726,0.9811775591723678,0.8712745102819289
20160727,0.9811775591723678,0.8414580849556197
20160728,0.9811775591723678,0.8432067027539064
20160729,0.9811775591723678,0.8376191574363575
20160801,0.9648518330009579,0.8261187280843973
20160802,0.9717549311360247,0.8330949912639064
20160803,0.9752075126890668,0.8366344029455959
20160804,0.9789405477415886,0.840559398129507
20160805,0.975135432054887,0.8375978596255734
20160808,0.9839435574492776,0.8480259996289519
20160809,0.9946318840698821,0.8559106401246387
20160810,0.9913261225356301,0.8536263399977767
20160811,0.9791618239718309,0.8436006955885849
20160812,0.9892518842726041,0.8534522042876307
20160815,1.0084670667092188,0.8725884070164143
20160816,1.0035287077955055,0.8765364811965058
20160817,1.0045369226920349,0.8795668355784271
20160818,1.0008354541452857,0.8791413377386459
20160819,1.0022384450464619,0.880539882179815
20160822,0.9951552899439603,0.8710294582625858
20160823,0.9977419476741031,0.8728977197668094
20160824,0.9980787957647773,0.8736866108761606
20160825,0.9921634470656773,0.8683187351166515
20160826,0.9944306810380736,0.8707695743525549
20160829,1.000813783093394,0.8728813013875016
20160830,0.9998665204461343,0.8732267764200133
20160831,0.9990601147257148,0.8747153652982708
20160901,0.9953825039404052,0.8682711590962113
20160902,0.9927635198764774,0.8674211768618034
20160905,1.001842251476085,0.8721297828821831
20160906,1.0281702934499977,0.8837579482610571
20160907,1.0311263421524262,0.8839142769845073
20160908,1.036488136991496,0.8865926424787791
20160909,1.0286339832256313,0.8814251207182093
20160912,1.0058735598990285,0.8595889933337683
20160913,1.016170536666507,0.8636355895938513
20160914,1.0095168922232305,0.8583769839138095
20160919,1.0238898122481057,0.8671782216876088
20160920,1.0231655811830707,0.8666409782258445
20160921,1.0259030731456154,0.8681337205587133
20160922,1.0321408104582395,0.87345971847075
20160923,1.0292127986051764,0.8704899982777904
20160926,1.0047548468434189,0.8527278981762401
20160927,1.00893760719797,0.8580767636805541
20160928,1.0043049167437892,0.8560095241303342
20160929,1.010040936682778,0.8596608455727088
20160930,1.0136330105330058,0.8635956915415487
20161010,1.0385480752399059,0.8788226973484079
20161011,1.0423493160530037,0.8849735238807249
20161012,1.0422660133765473,0.8846562384684397
20161013,1.0415373089731477,0.8854372767214487
20161014,1.040146996261372,0.8851054994984767
20161017,1.0279753877438769,0.87769539163777
20161018,1.0447842956380733,0.8901699581404704
20161019,1.041238305321169,0.8901781527956355
20161020,1.042992276629812,0.8917246518474823
20161021,1.050976377439089,0.8899668805736672
20161024,1.0635657152982603,0.8996069522137127
20161025,1.061748437381203,0.9031244134361094
20161026,1.0553196028771084,0.8997252895569264
20161027,1.0529263531902324,0.8984247626240297
20161028,1.0461044676536002,0.8916268897420737
20161031,1.0429110476690264,0.8906244567787671
20161101,1.0536312012530886,0.8991353220429132
20161102,1.0514402544655677,0.8935806028687271
20161103,1.0556319043169107,0.8997011964213417
20161104,1.0540208642607858,0.8980019182935044
20161107,1.0564888048320322,0.9004494189200843
20161108,1.0612428015252429,0.9051968090866482
20161109,1.0606772490590393,0.8996747480932032
20161110,1.0734769412167176,0.9114537453318109
20161111,1.0846763599678646,0.9173525867040233
20161114,1.0825035589963923,0.9210702468455302
20161115,1.0823765308327302,0.9232585778739606
20161116,1.079715320326428,0.9229693697050949
20161117,1.0760419835681323,0.92252149084664
20161118,1.070515435277431,0.9185581942685611
20161121,1.0741396207126919,0.9221177056153386
20161122,1.0862240987508829,0.9305600958918449
20161123,1.0776957025019813,0.9273307466682496
20161124,1.0724009706186945,0.925837605354094
20161125,1.073502000291004,0.9300825215318435
20161128,1.079615589065415,0.9322850656983834
20161129,1.0709750372238136,0.9281088235933798
20161130,1.0560514885913241,0.9230223201733262
20161201,1.0593088996180087,0.9299910760637019
20161202,1.046310904936021,0.9169225302602781
20161205,1.0193697479694905,0.9085234518422559
20161206,1.0240138019892364,0.9093081697478125
20161207,1.0333479438073554,0.9187077425446509
20161208,1.0298454900876757,0.9147746351487795
20161209,1.034675670754558,0.9145623087807727
20161212,0.9910674755802972,0.8786296203577358
20161213,0.9945109164899125,0.8829750659553454
20161214,0.9895560592780513,0.8772735309851912
20161215,0.9975122770927193,0.8804640422296444
20161216,1.0081902542365693,0.8864062001669563
20161219,1.0114362247599107,0.8850421447212311
20161220,1.0067102895513345,0.8820156709099439
20161221,1.0166296081084907,0.8899324395587672
20161222,1.0152788242701785,0.8897253046519982
20161223,1.0037040594462137,0.8799735699249085
20161226,1.007365356808117,0.8832347289728051
20161227,1.0072941795946586,0.8838255415694103
20161228,1.0022068306744287,0.8809674735564179
20161229,0.9996692845977275,0.8792039761930712
20161230,1.0009668839513797,0.8807426286236806
20170103,1.0092712386750835,0.890089694405784
20170104,1.022298946824713,0.89947174635436
20170105,1.0227529540168745,0.9005236097655334
20170106,1.0169789473792188,0.8961148706365262
20170109,1.0244702405842758,0.9006846824991661
20170110,1.0200172318432004,0.8974676361786191
20170111,1.0095666452331507,0.8885385032514269
20170112,0.9982808951541855,0.8809530510956418
20170113,0.9856012363058997,0.8710628403117909
20170116,0.9615129193849028,0.850307665701713
20170117,0.9695890281957774,0.85733178165845
20170118,0.9686592655869058,0.8572363027080254
20170119,0.9648661760979256,0.8537859582794551
20170120,0.9761141112289734,0.8644711370412536
20170123,0.9879463813060557,0.8709158920876361
20170124,0.9868553984370384,0.869392504827149
20170125,0.9893068237035488,0.8716991653359093
20170126,1.0004542571222588,0.8765659754475915
20170203,0.9942219451133556,0.8729765947895683
20170206,1.0019085837668447,0.8798027596009459
20170207,1.0055278000283325,0.8797815604369447
20170208,1.011852137481381,0.8854191372071116
20170209,1.0182396156422244,0.8914870257797926
20170210,1.018926262404302,0.893350187241174
20170213,1.0259353452097668,0.8989498251010389
20170214,1.02889698320484,0.8992039312936119
20170215,1.0180195120253266,0.8920512562126978
20170216,1.0249686826542632,0.8987379732092088
20170217,1.0180905622220986,0.8918721868132903
20170220,1.031125207943628,0.9016600777723462
20170221,1.0339041494934402,0.9076178190713319
20170222,1.0346271144877581,0.9115988846342549
20170223,1.0276802914000334,0.9088825843903376
20170224,1.0323723052632132,0.9103639009895509
20170227,1.0228368998820998,0.9040385416714865
20170228,1.0259406567497935,0.9077607047044216
20170301,1.0262708775509166,0.9105788407608862
20170302,1.0186777756223584,0.9050159804628481
20170303,1.0209072678178042,0.9051746364535378
20170306,1.0265986869180699,0.9139307992174338
20170307,1.028297523475672,0.9158609632753612
20170308,1.024474460882161,0.9138932581827949
20170309,1.0172854120620591,0.9072561922350867
20170310,1.0180622830505972,0.9075353917119736
20170313,1.024891382639011,0.9143282350009134
20170314,1.0253516619914012,0.9131789795350137
20170315,1.0247959279196577,0.9139590820448872
20170316,1.0311340022084605,0.9218295886807046
20170317,1.022396346096042,0.9141277022519279
20170320,1.0281640304407413,0.9178306644292962
20170321,1.040306830056855,0.9218159642009741
20170322,1.040592087037802,0.9188645138607386
20170323,1.0415752333909856,0.9198587969797992
20170324,1.0544689708891177,0.9246379265030142
20170327,1.0450512313820668,0.921674673188458
20170328,1.0430198490385687,0.9184353581317356
20170329,1.0383612799550392,0.9141415128350858
20170330,1.0160362087468553,0.8996515502528663
20170331,1.006981431725684,0.9027602472010925
20170405,1.040148523207153,0.9197760664344772
20170406,1.0573156496033342,0.923550172834414
20170407,1.0571240089961254,0.9259372521469839
20170410,1.0628061886886144,0.9218003018004115
20170411,1.0818265628416168,0.9288923992624456
20170412,1.066393293160604,0.9225912271341924
20170413,1.0669274256054495,0.9263782418279363
20170414,1.0531642673593842,0.9152886691525968
20170417,1.033961577881136,0.9052285569020272
20170418,1.0197818055962526,0.8977667214012758
20170419,1.0113698798308097,0.8889457212996088
20170420,1.002894982581157,0.8871826970667939
20170421,0.9966339768435551,0.8832378697018147
20170424,0.973093771536341,0.8632840263329314
20170425,0.9763165163269695,0.8666745434841585
20170426,0.9867419422220755,0.8693071720935465
20170427,0.9847987057549963,0.8717729549826262
20170428,0.9983859950111467,0.8748866729294192
20170502,0.9983859950111467,0.8751698447085617
20170503,0.9983859950111467,0.8718714076446048
20170504,0.9983859950111467,0.8691957735514793
20170505,0.9983859950111467,0.858896499683857
20170508,0.9983859950111467,0.8435406653307912
20170509,0.9983859950111467,0.846400469323995
20170510,0.9983859950111467,0.8328101072141505
20170511,0.9983859950111467,0.8319307023471887
20170512,0.9983859950111467,0.8333638818128413
20170515,0.9983859950111467,0.8364553556245927
20170516,1.018497925832513,0.8509621350445753
20170517,1.0179258000457094,0.8519151020382888
20170518,1.0121544795050557,0.8464587973444999
20170519,1.0102668769873564,0.846921700846485
20170522,0.9975093072642516,0.8372245839636137
20170523,0.9769439377661007,0.8221696297199573
20170524,0.9830661885856941,0.8251120740977538
20170525,0.9862734668091797,0.8332850459878626
20170526,0.982896668768457,0.8325335871393248
20170531,0.9811231708510526,0.8322328742902465
20170601,0.9749139823263971,0.8182776027540428
20170602,0.9781247025049635,0.8235185318791133
20170605,0.9742764629598842,0.8269713774393118
20170606,0.9774369422006809,0.8314109929909901
20170607,0.992056962402042,0.8463184805215177
20170608,0.9932667613149352,0.8484034609068071
20170609,0.9980513614969128,0.8503339000484271
20170612,0.9907453149113923,0.8423799392968195
20170613,0.9932420187741239,0.8507618043685364
20170614,0.9802929203193367,0.8466667221504902
20170615,0.9860359392286034,0.85217467220112
20170616,0.9809949125384057,0.8506577649728413
20170619,0.9868621116774806,0.8575962815495387
20170620,0.9880870952397022,0.8571433065712087
20170621,0.9934406764058337,0.8611558576313548
20170622,0.980707134860296,0.8509192746596899
20170623,0.9848769038837414,0.8535313827545857
20170626,1.0003688352395272,0.8644371751940301
20170627,1.0016366431491959,0.8664020546434904
20170628,0.9951027240515483,0.8610733455195005
20170629,1.0019654680757568,0.8652390152268322
20170630,1.0009446836754643,0.8667138222119259
20170703,1.0057451787739173,0.870975288143568
20170704,1.0026854627746002,0.8670189716607434
20170705,1.010877105778611,0.8738161640897123
20170706,1.01049894628743,0.8745566137576571
20170707,1.0089685219333036,0.8766775931848816
20170710,1.0040708667979614,0.8743903783851034
20170711,1.0004630287866643,0.8680057052023459
20170712,1.001956183256888,0.8661864531886295
20170713,1.0017438251205126,0.8686803090171302
20170714,1.0002018545222258,0.8660591667848402
20170717,0.9669980969170981,0.834080234374535
20170718,0.9790345687685977,0.8408649249828958
20170719,1.0078685830059537,0.8541891600678261
20170720,1.0143808328841408,0.8588055051141757
20170721,1.0157884929643135,0.8587879494391831
20170724,1.0185979414591968,0.86290013922786
20170725,1.0165780384892402,0.8599299993030568
20170726,1.0224577012882363,0.8586598512856707
20170727,1.0181506869036614,0.8643012721185076
20170728,1.027497332801392,0.8657773048116535
20170731,1.0463034756631284,0.8729868844595222
20170801,1.0465499750585938,0.8748866987869204
20170802,1.0430353732295068,0.8699349238764128
20170803,1.0468740105957508,0.8704761231148034
20170804,1.0387875229806625,0.8674384322256995
20170807,1.051180412193282,0.8747443927855277
20170808,1.0542000560331144,0.8767081459077738
20170809,1.0628354735031773,0.8804967008308292
20170810,1.0503732652170203,0.8739227435760446
20170811,1.0238830782447617,0.8584025509276307
20170814,1.0432635890318478,0.8727399083064021
20170815,1.0434153106092257,0.8747196758497893
20170816,1.0393931115136084,0.8765616820396874
20170817,1.0496803041535891,0.8833648996759711
20170818,1.0410928215022497,0.8822238873133164
20170821,1.05246506254502,0.8892366976991533
20170822,1.0528752804407404,0.8863338773180891
20170823,1.0418686212549266,0.8823148415145748
20170824,1.0337212235779936,0.8775459253293434
20170825,1.051925963771335,0.887550885488143
20170828,1.0626696281768762,0.8968051058984149
20170829,1.0606171563932445,0.8954311118724473
20170830,1.0616996319093868,0.8987411049502562
20170831,1.0623116322606474,0.9000076415056578
20170901,1.0714305472479597,0.9058021864037556
20170904,1.0869134557474012,0.9110612960436784
20170905,1.0911437038192016,0.9108795807846949
20170906,1.0943586027296395,0.9129575182141041
20170907,1.0848114667515862,0.9082679378267541
20170908,1.0834827020642348,0.9093103188367406
20170911,1.097703856423923,0.9148899952440754
20170912,1.0990228079473972,0.9138423254066049
20170913,1.1000687330145837,0.9179184193529052
20170914,1.0953013299166976,0.9166811930532126
20170915,1.0870854876493476,0.9130136221357291
20170918,1.0978470646023433,0.9175088224949378
20170919,1.0907715749022306,0.9139894292527309
20170920,1.1018051707769134,0.919894068384556
20170921,1.0945585702903164,0.9127180934772653
20170922,1.0929365033836795,0.9098026331053023
20170925,1.0780823903027437,0.9006564673724151
20170926,1.0812493896923898,0.9026465046740536
20170927,1.092809079974821,0.9079692202433689
20170928,1.0955783640445238,0.9054341409042498
20170929,1.1029262791930425,0.9109749344367476
20171009,1.1224052271287077,0.9204289576436168
20171010,1.1237553585988833,0.9243230608182607
20171011,1.1176709654202845,0.9234683188036903
20171012,1.1147879128858669,0.9228466473315603
20171013,1.1168037880633677,0.9294211122203955
20171016,1.101779603701037,0.9191157957853127
20171017,1.1029808494630196,0.9184981273934905
20171018,1.1123136653063614,0.9149498972804793
20171019,1.1200319702821964,0.906878183191665
20171020,1.1188943607195925,0.9142991667113488
20171023,1.125415892803259,0.9179938405399661
20171024,1.1256639108493278,0.9177667804950265
20171025,1.1325151839310357,0.9230012222840261
20171026,1.1323508456656817,0.9270715596640177
20171027,1.1291660471159364,0.9245063109141375
20171030,1.11621287118485,0.9099429683600506
20171031,1.1235072684916338,0.9150842907042469
20171101,1.122340999600067,0.9145811340756974
20171102,1.1121511069973744,0.9082605146524424
20171103,1.1106550532788917,0.9023896779552817
20171106,1.1332675358128892,0.9112434653675603
20171107,1.1374308470935255,0.9177806406561193
20171108,1.134303851266813,0.9187447889081561
20171109,1.1529037823621207,0.9244445478798845
20171110,1.165207280027871,0.9270711748486924
20171113,1.1745222612237416,0.9295524109540125
20171114,1.159850339722234,0.9241013138099553
20171115,1.147905675204926,0.9160814489069995
20171116,1.1547065733097264,0.9166467788235654
20171117,1.1161670190702062,0.8971375772088397
20171120,1.1379654018117822,0.9018122974883147
20171121,1.146255332517092,0.9066098438642255
20171122,1.1421883739091458,0.9075166683472572
20171123,1.1152326538935549,0.8857924060194793
20171124,1.1125223338556276,0.8863252102354132
20171127,1.100126240969113,0.8759984468481081
20171128,1.1089072395128674,0.8864999139792076
20171129,1.107990560852555,0.8887935573269379
20171130,1.1019572215539857,0.8823672859609158
20171201,1.1094430797782835,0.885921862207802
20171204,1.098424931753578,0.8808725328087676
20171205,1.083119822626925,0.8676138021336652
20171206,1.0878307403629053,0.8701906518382367
20171207,1.0794823468855634,0.8648965521919748
20171208,1.0930933605392803,0.8735621395308614
20171211,1.106590720354331,0.8842245472381203
20171212,1.0974603506114282,0.874722269785152
20171213,1.1033016789081362,0.8810807762057369
20171214,1.1008004718050564,0.8807868425492722
20171215,1.0922854313029926,0.8750796548691872
20171218,1.084421732453074,0.8734077320206427
20171219,1.093978885269266,0.880386149766158
20171220,1.0819456250300397,0.8749256030966673
20171221,1.0892556915877574,0.8793151595026698
20171222,1.0834714705042723,0.8787697436368226
20171225,1.0655721650181693,0.8705012359133392
20171226,1.076677024651665,0.8751148373562962
20171227,1.0649760700326152,0.8694152550628649
20171228,1.0656165701731446,0.8742651906909226
20171229,1.0755513580384268,0.8793082300134133
20180102,1.0863843900264303,0.8905441736407592
20180103,1.09899404085064,0.8983195951750758
20180104,1.099805852851307,0.902325219849607
20180105,1.1104915487673996,0.9024925678534182
20180108,1.1235795149443173,0.9073266216823611
20180109,1.1210104475688853,0.9076308929897127
20180110,1.1205634983195174,0.904770601008956
20180111,1.1178155011056623,0.9053182987464752
20180112,1.1188985750165439,0.9041885175027978
20180115,1.1138539880315266,0.8889726055902154
20180116,1.1327099706946258,0.8959385981242723
20180117,1.120691514978261,0.8930549363790211
20180118,1.125693841772366,0.8961237514642973
20180119,1.1198119429791427,0.8958685306509111
20180122,1.1257335641941484,0.9059535897067474
20180123,1.1355071973593278,0.9093323358058926
20180124,1.1377596713728533,0.9130771358939895
20180125,1.1326571378916404,0.9124064573684056
20180126,1.1376632338117936,0.9127669051799546
20180129,1.1265686329100906,0.9023552394377394
20180130,1.1135622313880016,0.8974349829785527
20180131,1.1051269255324936,0.8862859709879041
20180201,1.0795427824732973,0.8623869963600369
20180202,1.0781161095921827,0.8655768446508895
20180205,1.0885969770832458,0.8636668765931449
20180206,1.0494990348394397,0.8258827696025838
20180207,1.0259970247824743,0.8201919430288205
20180208,1.0145411847142705,0.8236082000973942
20180209,0.9736223370136426,0.7930115189121065
20180212,0.9846653272854407,0.8091322285698527
20180213,0.9936523975489702,0.8141668741677921
20180214,0.9950858942064257,0.8189425064713987
20180222,1.0139413606590257,0.8351838186353742
20180223,1.0139413606590257,0.8391694734605855
20180226,1.0139413606590257,0.8538608199894968
20180227,1.0139413606590257,0.848999722031363
20180228,1.0139413606590257,0.8480689358932747
20180301,1.0139413606590257,0.8555921002150615
20180302,1.0139413606590257,0.8505196856081239
20180305,1.0139413606590257,0.851727922106187
20180306,1.0139413606590257,0.8617329549639283
20180307,1.0139413606590257,0.8550237450037015
20180308,1.0139413606590257,0.8621812078675491
20180309,1.0186402067047795,0.8712864943373463
20180312,1.0265264604264772,0.8807223754004544
20180313,1.0153661338999727,0.8751908919655983
20180314,1.007478097475338,0.8697480925449181
20180315,1.0052713150099721,0.8688569074723665
20180316,1.0023456641313415,0.8639449832480744
20180319,1.0128350538807096,0.8643039089482937
20180320,1.0181806339530903,0.8654536816862981
20180321,1.0119327936259528,0.8616214007408861
20180322,1.007247354643787,0.8584500385561487
20180323,0.9587043543084796,0.822763329593083
20180326,0.9725741178465934,0.828286264350269
20180327,0.9967323095371856,0.8433923716748755
20180328,0.9844873625858036,0.8337479128958287
20180329,0.9947866406449845,0.8425814290658595
20180330,1.0064896020945342,0.8493614555020068
20180402,1.0131297439976552,0.8502080762462515
20180403,1.0018365786878736,0.8425884538877597
20180404,0.9893781629821453,0.8394246020155371
20180409,0.9909467007485587,0.8399495829403693
20180410,0.9906180082339995,0.8473617051180512
20180411,0.9950680472716601,0.8509641829683661
20180412,0.9910944577308467,0.8448635560039784
20180413,0.9877870198889153,0.842459778218623
20180416,0.9998886280306402,0.835162775233907
20180417,0.9684583988851186,0.818949404894325
20180418,0.9876842263515545,0.8257040188379793
20180419,0.9854431784772761,0.832632958799196
20180420,0.9664466385527962,0.8182617769964937
20180423,0.9588031600726146,0.8135474066591991
20180424,0.9794338456170807,0.8300382257700754
20180425,0.9796180110863948,0.8297943080574974
20180426,0.9497598499697324,0.8143810210835968
20180427,0.9442332986223878,0.815572328550121
20180502,0.9455243368785382,0.8151971151448162
20180503,0.9629789343189653,0.8219965503269189
20180504,0.9536807737724419,0.8199598758489804
20180507,0.9676599761881013,0.8333666568835483
20180508,0.9816828593410271,0.8393678932274975
20180509,0.9782589800267126,0.8390053519157656
20180510,0.9856291643375349,0.84287298790468
20180511,0.973522545829061,0.836866430216021
20180514,0.9722142700179577,0.8365250211954637
20180515,0.9853098406383384,0.842689601649755
20180516,0.9836632828080094,0.8390595401634093
20180517,0.977049688827524,0.8353620880509235
20180518,0.9816119757423343,0.8417593431081286
20180521,0.9903899321934164,0.8490505588837507
20180522,0.9979722764377396,0.8502427440346196
20180523,0.991230569030858,0.8390841691872785
20180524,0.9879731870698149,0.8359793254718054
20180525,0.9818325145348781,0.8299296148961159
20180528,0.9784362372769589,0.8267101342146227
20180529,0.9636624128172703,0.8212960833337962
20180530,0.9374847795305976,0.7991319581292587
20180531,0.9548237171688796,0.8139302525335675
20180601,0.9388575843240401,0.8075170135863339
20180604,0.9393098288668948,0.8093659046999292
20180605,0.9554537882054158,0.8184100969439199
20180606,0.9579627584717595,0.8186229940902899
20180607,0.949458815900372,0.8144889438833947
20180608,0.9427492964499015,0.8042251927959371
20180611,0.9430870203214146,0.7998062449539483
20180612,0.955685898228677,0.8080396456981834
20180613,0.9446784175083562,0.7971503660393865
20180614,0.9357319168808413,0.793683411942633
20180615,0.9257423213461844,0.7817999255403721
20180619,0.8835222404839737,0.7404066485134442
20180620,0.8877814189878908,0.7458757944993435
20180621,0.8751278920034041,0.7329780391534345
20180622,0.8833752967931123,0.7405144676137329
20180625,0.8746666080325556,0.73487748438418
20180626,0.8701257440992867,0.7353803865137841
20180627,0.854669876247652,0.727125885301375
20180628,0.8445683404836859,0.7194226554800635
20180629,0.8673607561219346,0.7385271533911537
20180702,0.8538686326282112,0.7238848456156737
20180703,0.8556421223509229,0.7285795785042555
20180704,0.847375756724666,0.7181680139957416
20180705,0.8253164551172543,0.7043150863314687
20180706,0.8253164551172543,0.7067384494089763
20180709,0.8253164551172543,0.7226931953543411
20180710,0.8253164551172543,0.727144570741478
20180711,0.8253164551172543,0.7127760077737322
20180712,0.8253164551172543,0.7296496626990442
20180713,0.8253164551172543,0.7321832198272896
20180716,0.8253164551172543,0.7315804097880791
20180717,0.8253164551172543,0.7306874197384227
20180718,0.8253164551172543,0.7271010296726627
20180719,0.8253164551172543,0.7235589751491509
20180720,0.8311400649350786,0.7318547012500273
20180723,0.8341044996188685,0.7400115426003041
20180724,0.8539249262498311,0.7534936778055864
20180725,0.8545358797099195,0.7539487980203589
20180726,0.845853933041699,0.7491241501439752
20180727,0.8411837217886745,0.7460561801683757
20180730,0.8298302932674754,0.7399670229477263
20180731,0.8277858746326376,0.7401582057929698
20180801,0.8156063794952741,0.7277847927770932
20180802,0.8050583243635473,0.7112550569047728
20180803,0.7824673911312867,0.7018376898625025
20180806,0.771983992608021,0.6891375167519503
20180807,0.7987133480531593,0.7075574918470332
20180808,0.7894436037088245,0.6968679387960465
20180809,0.8028576147020847,0.7116927482682155
20180810,0.8086018702852866,0.7146292214588337
20180813,0.8093001957283557,0.715885283692262
20180814,0.80829600986703,0.7141650193907534
20180815,0.7888721919062653,0.6991201416617152
20180816,0.77921758214287,0.6923190101781954
20180817,0.7635985445123715,0.6811342659072308
20180820,0.7728126672998518,0.6851785979145544
20180821,0.7793904382734449,0.6945521226369076
20180822,0.7674808227101535,0.687864092385188
20180823,0.776525829961773,0.6899645774896982
20180824,0.7741668590809593,0.6881268901383042
20180827,0.794934346760741,0.7036833376309721
20180828,0.7950411882672218,0.7045487929839565
20180829,0.7912141083587506,0.7007408045721673
20180830,0.7757315053031519,0.6917415132560869
20180831,0.767949740993703,0.685840676260435
20180903,0.7627910438700685,0.6848004093211101
20180904,0.7695498888392572,0.6920727376861123
20180905,0.758858770529534,0.6809128240707631
20180906,0.7566139667164598,0.6762127943910444
20180907,0.7538268835558128,0.6786291889202791
20180910,0.7380065145138608,0.6672208046379969
20180911,0.738844884007343,0.6662963636872222
20180912,0.7373046880449708,0.6646407941410541
20180913,0.7484681234565599,0.670773696078093
20180914,0.7394656601703224,0.6675572325910206
20180917,0.7320122057337904,0.6578573717310943
20180918,0.7425259550184358,0.6699061563611557
20180919,0.7524738745525484,0.6780408670936408
20180920,0.7516023462634865,0.6772351867042847
20180921,0.7591670039202588,0.6901221491618812
20180925,0.7590527045887641,0.6867960384715194
20180926,0.7655074572060407,0.6915121005381447
20180927,0.7529439883226542,0.6837581579776534
20180928,0.7575086291009541,0.69033981557103
20181008,0.726473215817556,0.6657424281437886
20181009,0.7268790638800258,0.6664784515793205
20181010,0.7252553821865773,0.6670390716283169
20181011,0.6816286877587416,0.6254140651391658
20181012,0.6825396565542136,0.6267510130772305
20181015,0.6702992930364043,0.6168403019086922
20181016,0.6550550773231903,0.6061816713146528
20181017,0.6559886703006459,0.6094050515242498
20181018,0.6361401493321774,0.5915235487467478
20181019,0.6476956073451642,0.6052818491683581
20181022,0.6798079814599626,0.6335993608772217
20181023,0.665316540401559,0.6219923978963317
20181024,0.6615421650250946,0.6214797256997788
20181025,0.6563121896351183,0.6187824962336493
20181026,0.6549135374468562,0.6192648861145369
20181029,0.6457215904991459,0.6057783811696277
20181030,0.650992528762198,0.6111934717879135
20181031,0.6641491024260113,0.6213030746615152
20181101,0.6699463186433444,0.6250919343329913
20181102,0.6986287906053262,0.6452012528431026
20181105,0.6965075869021965,0.6460228200978926
20181106,0.6949719957163397,0.6443394514012942
20181107,0.6902442629295744,0.6410953301718203
20181108,0.685807781535509,0.6388722757726509
20181109,0.6814977830602411,0.6351847750759734
20181112,0.6974171447111195,0.6492348086801735
20181113,0.7074000564646159,0.6594292828901751
20181114,0.7027923851264888,0.6567026639956651
20181115,0.71741844796604,0.6659804546919925
20181116,0.7221440907217381,0.6708926141412642
20181119,0.734223409993851,0.6748665660328385
20181120,0.7128830689530634,0.6577893808264748
20181121,0.7157918139971994,0.6607637879648067
20181122,0.7115467047237851,0.6596496322458374
20181123,0.6880554743438536,0.6368568205126341
20181126,0.686824581082512,0.6354092825701791
20181127,0.6876935985545465,0.6375523402085304
20181128,0.6979529468906432,0.6452788147871042
20181129,0.6821965599800098,0.6328422106125362
20181130,0.6890748022306821,0.6376040755993337
20181203,0.7129794538496581,0.6570339296664542
20181204,0.7159899438787635,0.6609783885068923
20181205,0.7088212393845863,0.6569928018714434
20181206,0.6922431037577216,0.6450922874570142
20181207,0.6944361795165649,0.6468799666100037
20181210,0.6866769423945043,0.6395868663099668
20181211,0.6907954219065469,0.6438561448950758
20181212,0.6923000206797972,0.6453421710857983
20181213,0.7000205388981003,0.6534725497539962
20181214,0.6834239276242665,0.6403655789447059
20181217,0.6843352856705145,0.6400926814996435
20181218,0.6770838085893404,0.6349115027180352
20181219,0.668053502492344,0.6272773649084945
20181220,0.6657549617791246,0.627643317342258
20181221,0.6591594692892574,0.6219024940440976
20181224,0.6636234633570146,0.6263349628780904
20181225,0.6549587452767971,0.6195974455180047
20181226,0.6511185740923277,0.617876447385062
20181227,0.6423557847188736,0.611046900117419
20181228,0.6433356873514448,0.6128086150536106
20190102,0.6427566547720777,0.6085925926324659
20190103,0.6406932039036015,0.605483542956618
20190104,0.6605425643882358,0.6188067829487299
20190107,0.6739787095950923,0.6285799769782053
20190108,0.6718219336851413,0.6277048115964552
20190109,0.675767835798494,0.6315968143729379
20190110,0.6812746538969084,0.6307260054169048
20190111,0.6864751597466103,0.6355961635040943
20190114,0.6817799039080489,0.6324108239108654
20190115,0.6941520046507831,0.6401852710337794
20190116,0.6928490388961513,0.6392480703172244
20190117,0.6875610677566892,0.6349722798379479
20190118,0.6975735397598595,0.6415761860885201
20190121,0.7026947621463536,0.645157074182152
20190122,0.6915438051536704,0.6368864001079052
20190123,0.6896061222292333,0.6374826554876254
20190124,0.6985945772620914,0.6391010070369851
20190125,0.6987064153226931,0.6382702091136296
20190128,0.6986178283802178,0.6357054789899073
20190129,0.6959530058008396,0.6307534372063811
20190130,0.6898735943409494,0.6234666354062423
20190131,0.6839021361266536,0.6194979141304665
20190201,0.6980757704960343,0.6330405191388848
20190211,0.7115589608437884,0.648336815771273
20190212,0.7188207137114558,0.6556868353734804
20190213,0.7316560986393371,0.6670583837047467
20190214,0.7349855380664062,0.6693492314185788
20190215,0.727325883238616,0.6637844510859533
20190218,0.7499849325868925,0.6849874848360507
20190219,0.7502263746047583,0.6856584966587216
20190220,0.7541511583212724,0.6881796298687022
20190221,0.7518570808090994,0.6862804947312402
20190222,0.7801712682457491,0.6999755103357405
20190225,0.8343301046085201,0.7361315243936151
20190226,0.8220198863809846,0.7336309143265768
20190227,0.8182656256395,0.7321698384216937
20190228,0.810976979370213,0.7334586523424873
20190301,0.8247719332832588,0.7418912546392533
20190304,0.8408542345862984,0.7547066029049202
20190305,0.8588726207899904,0.7687750854327093
20190306,0.8730163617822156,0.7808472031934879
20190307,0.8813440992235652,0.7856614288040014
20190308,0.8448305863240185,0.7516198433771799
20190311,0.8791929866153972,0.7760726414950587
20190312,0.9039988258500726,0.7879797209877932
20190313,0.8743702618571497,0.7757653293499593
20190314,0.8502697342597307,0.7603741813077034
20190315,0.8556886052593676,0.7715330462997086
20190318,0.8759182691695566,0.7919848215085437
20190319,0.8786146119254231,0.7930642932223414
20190320,0.8786146119254231,0.7930694282725272
20190321,0.8786146119254231,0.7991382160669508
20190322,0.8786146119254231,0.8029875745883194
20190325,0.8786146119254231,0.7920104652688896
20190326,0.8786146119254231,0.7746336398252277
20190327,0.8786146119254231,0.780998858784868
20190328,0.8786146119254231,0.7731266189205179
20190329,0.8786146119254231,0.7970489146698377
20190401,0.8786146119254231,0.8238257461673485
20190402,0.8786146119254231,0.8265205034534249
20190403,0.8837661868019002,0.8357577886244737
20190404,0.8866592319886731,0.8417235956219195
20190408,0.8803420884566922,0.8408027227510876
20190409,0.8744728751580897,0.8430820676596993
20190410,0.8665524978874488,0.8430850065340526
20190411,0.8515176875686775,0.8262242091603509
20190412,0.8476349245474678,0.824965645656497
20190415,0.8409511812890659,0.8193077041307533
20190416,0.8616203126359836,0.8364062925499944
20190417,0.8622110512759522,0.8417439041498296
20190418,0.8581644927690252,0.8386063790554885
20190419,0.870117546941577,0.8459108877976109
20190422,0.8633350656273101,0.8332942787105314
20190423,0.8398587402699162,0.8223633772425077
20190424,0.8534405791502023,0.827805999847092
20190425,0.8212709561510622,0.7997888143140894
20190426,0.8139744707842287,0.7882905970762517
20190429,0.7828466151144092,0.7722751052729949
20190430,0.7818159799032033,0.7786090429736975
20190506,0.7179682727178675,0.7260583810051073
20190507,0.7179682727178675,0.7349769779903036
20190508,0.7179682727178675,0.7286425532207242
20190509,0.7179682727178675,0.7200584056513767
20190510,0.7179682727178675,0.745147015955243
20190513,0.7179682727178675,0.7377607618485033
20190514,0.7179682727178675,0.7325207211491434
20190515,0.7179682727178675,0.74835055369606
20190516,0.7179682727178675,0.7537326969001947
20190517,0.7179682727178675,0.729866363134339
20190520,0.7179682727178675,0.7244510579653894
20190521,0.7356856572075315,0.7367852155002016
20190522,0.7332445404977369,0.7326846425905859
20190523,0.7130202939457718,0.7185788517449055
20190524,0.7021635774571727,0.7148064256621751
20190527,0.7262564852636386,0.7296599320115783
20190528,0.7274782176993848,0.7333417314200666
20190529,0.734651774407595,0.7334079082789496
20190530,0.7309384146413553,0.7297230170284859
20190531,0.7327558534918386,0.7285149177827328
20190603,0.7314925913703385,0.7223617793456022
20190604,0.7212549311354197,0.7128110509141662
20190605,0.7223901021351302,0.7132363127244686
20190606,0.7041910498269771,0.7002226653186057
20190610,0.714511780315356,0.7081748049666836
20190611,0.7374424158219361,0.7317655929767354
20190612,0.7349600408544592,0.7273779986949837
20190613,0.7349427279470995,0.7290935251792845
20190614,0.7234006929628212,0.7181137704228718
20190617,0.7192453812416822,0.7176545930687019
20190618,0.7241371400164047,0.7177826817819035
20190619,0.7327451982266787,0.7271205156865366
20190620,0.7463140796362701,0.7424724235789737
20190621,0.7588250448279856,0.7507587932941305
20190624,0.7595622582620106,0.7513853446907919
20190625,0.7510145042198965,0.7444561266111811
20190626,0.7536785310816635,0.7442726981035187
20190627,0.7601342527089255,0.7493490432411108
20190628,0.7509868509052112,0.743712511772898
20190701,0.7768894713903831,0.7637885406051935
20190702,0.7784609148956656,0.7640449385732838
20190703,0.7782546939742488,0.75734532562457
20190704,0.7813313252051836,0.7543622922246931
20190705,0.7786211779381018,0.7568168115817332
20190708,0.7532761676362634,0.7346948972891175
20190709,0.758234493297556,0.7350663962761059
20190710,0.7523481495050777,0.7312509991874883
20190711,0.7514374008273987,0.730707062917973
20190712,0.7535751563330653,0.73280622061472
20190715,0.7645402800631963,0.7391112260930928
20190716,0.764801536291449,0.7385595478912911
20190717,0.7639415747198549,0.7377536509118097
20190718,0.7475504939359393,0.7269755091496469
20190719,0.7480820353277501,0.7320858715673951
20190722,0.734768029465438,0.7187806227667118
20190723,0.7456206089550879,0.7242056245708124
20190724,0.7590135573288694,0.7312988163899536
20190725,0.7678154904359779,0.7343429673970456
20190726,0.7698660158838817,0.7357181188266916
20190729,0.7725531855729945,0.7354790541889329
20190730,0.771649580890064,0.7387433779601509
20190731,0.7632946090705262,0.7337941889334464
20190801,0.7599878564823535,0.7292295372890586
20190802,0.7447883353459472,0.7189070506741982
20190805,0.7309667951178406,0.7085225944060897
20190806,0.7179708465837904,0.6937410575621799
20190807,0.7113163831436294,0.6921358573103243
20190808,0.7175485259089636,0.6982318139990973
20190809,0.7110312130681022,0.6906053160394636
20190812,0.7254605805456963,0.700770771478037
20190813,0.7165726838670935,0.6961226644518328
20190814,0.7168829625085877,0.7002100237736818
20190815,0.7230120226919354,0.7018223019963359
20190816,0.7257520865642737,0.7048349508443167
20190819,0.7502557115277361,0.7230221544186495
20190820,0.7534992325049118,0.7234646774558651
20190821,0.7534738417658025,0.7237935734901831
20190822,0.752291080814374,0.7261366756113685
20190823,0.7477456989149869,0.726330205963228
20190826,0.7416111128082854,0.7196624226782184
20190827,0.7521571256414189,0.7311005457698485
20190828,0.7473576255253065,0.7310915974032394
20190829,0.74843439802,0.7298731196231903
20190830,0.7469959933993665,0.7247765009458201
20190902,0.7685097098505934,0.7385497101149308
20190903,0.7699697462951983,0.7419958081032302
20190904,0.7760118768482336,0.7479451358459452
20190905,0.7804522994248062,0.7532419534208158
20190906,0.7849078787339105,0.7558133069907331
20190909,0.7999712202323834,0.7669560706099493
20190910,0.8001481709396754,0.7668850249355583
20190911,0.7853328741379523,0.7617338875347157
20190912,0.7907242493035248,0.7669419512929677
20190916,0.7952820826538722,0.7676755960065672
20190917,0.7758522428305927,0.7529376709547799
20190918,0.7750499677141071,0.7540001326054179
20190919,0.7862173310437758,0.7595377343974458
20190920,0.7866777328437187,0.7594601757537975
20190923,0.7792006038400834,0.7512725606857984
20190924,0.788136458905719,0.752753015485551
20190925,0.7721331176506188,0.7432439490560088
20190926,0.7512275628102627,0.7291654393115845
20190927,0.7541700045957394,0.7324425742964168
20190930,0.7483273939563295,0.7267962642427701
20191008,0.7508986185020533,0.7294442361056811
20191009,0.7556980642332946,0.7331143307644651
20191010,0.765976823904631,0.7416950232791514
20191011,0.7667311474337187,0.7448959364479345
20191014,0.7730046621084626,0.7532620921955054
20191015,0.7656721267640442,0.746839982712101
20191016,0.7618916625215585,0.7438924174217658
20191017,0.7591303907124534,0.7431448359895759
20191018,0.7451494476621973,0.735097428542321
20191021,0.7511140486028045,0.7342944612209483
20191022,0.7516344776387511,0.7400249838885107
20191023,0.7462382890378306,0.7354306237875592
20191024,0.7510114477180224,0.7339611824594835
20191025,0.7516045413030676,0.7386284380271239
20191028,0.7520160086022338,0.7478352284497957
20191029,0.7452919813118234,0.7407446576758454
20191030,0.7413471254011434,0.7338529264470238
20191031,0.7250525171706341,0.7290390911718585
20191101,0.7279935032162119,0.7373346924588079
20191104,0.7347541298936847,0.7410989249170802
20191105,0.7420162134325436,0.7435926124257792
20191106,0.7291021420473811,0.7381466746153693
20191107,0.7376481725903332,0.7408574313058931
20191108,0.7339063957003147,0.7382664259775917
20191111,0.7188390674773004,0.7216942140187258
20191112,0.7193003572613617,0.7225871287254755
20191113,0.719908432369852,0.7199851451094241
20191114,0.7255794438263452,0.7221541040741676
20191115,0.7190899687243272,0.714733664128817
20191118,0.7218347660227087,0.7204206866907552
20191119,0.7354770886179404,0.7312523595580837
20191120,0.7335296509156294,0.7262784622307384
20191121,0.729339110649532,0.7251035085871371
20191122,0.7175368094089751,0.7204731430702562
20191125,0.7128535663187678,0.7242555441143582
20191126,0.7172723195304493,0.7237675966452319
20191127,0.7215863952189265,0.7218933423612501
20191128,0.7181620860074626,0.7192969058740493
20191129,0.7184274542406702,0.7171843081846653
20191202,0.7203199873086396,0.7183685280870514
20191203,0.7273561135571396,0.7216387127881783
20191204,0.7318510035225528,0.7219349775817534
20191205,0.7420650732704945,0.7279528606899516
20191206,0.7482812108139157,0.7319801597200867
20191209,0.7491616049507072,0.7341221269786399
20191210,0.7584802154556495,0.7355570984353521
20191211,0.7516079182972153,0.7344616764658862
20191212,0.7465121550889275,0.7326510822891033
20191213,0.7553944604664432,0.7424649928519792
20191216,0.7679746099365348,0.7504519976764792
20191217,0.7754889458471198,0.7594687332640072
20191218,0.7810969464919579,0.7587115530610645
20191219,0.7853767385324709,0.7613129052949967
20191220,0.7797340106766769,0.7567122460866101
20191223,0.7656196926114005,0.7442914760349095
20191224,0.7799324807435951,0.7532545214447303
20191225,0.7852375043259262,0.7544286296231149
20191226,0.789740096329151,0.7605183312647097
20191227,0.788872926319058,0.7594763267967831
20191230,0.7948427634596755,0.7672640237731388
20191231,0.7974806483976754,0.7713794593458364
20200102,0.8145324835684906,0.7847481137654068
20200103,0.8217153472916142,0.7867453264338935
20200106,0.8354029375367958,0.7899573111240568
20200107,0.8344047478868184,0.7989503199540152
20200108,0.8272019764762211,0.7891427637659795
20200109,0.834570720429926,0.7992914316288572
20200110,0.8306638768382513,0.7971748368597801
20200113,0.8443950039172625,0.8039504093377793
20200114,0.8393156879786929,0.8032934887034625
20200115,0.8423893431879084,0.7988814811479287
20200116,0.8436164163452113,0.7965415065800694
20200117,0.8486950724524008,0.795395490426379
20200120,0.8579474072592396,0.8003500287497962
20200121,0.8520642930264574,0.7874450243121595
20200122,0.8554042440780646,0.7893060445784755
20200123,0.8275048518483282,0.7628043701109324
20200203,0.7716779872025448,0.6977708510061342
20200204,0.7942073630094356,0.7055935266865105
20200205,0.8086428668470607,0.7196677732482034
20200206,0.8262897359282761,0.7378616991664848
20200207,0.8232511695813409,0.7441513814955599
20200210,0.8182254577261778,0.7546625099047772
20200211,0.8243197397155607,0.7536363942383466
20200212,0.8329680933723508,0.7627694876797634
20200213,0.8281266956248684,0.7567714274845997
20200214,0.8330352527704902,0.7588552016086161
20200217,0.8601602771645502,0.7796384268632768
20200218,0.873264990801896,0.7859575043452446
20200219,0.8657746916326632,0.7829153986665208
20200220,0.8834842392277918,0.7969960773144633
20200221,0.8972597268775119,0.8020421971480803
20200224,0.9126055628442963,0.8054920733563143
20200225,0.9170555779155243,0.8040734154392404
20200226,0.8819079193366773,0.7954796608999939
20200227,0.8738347981507555,0.7985597502749603
20200228,0.8233439103774494,0.7643956412273923
20200302,0.8466227762135964,0.7946968056451306
20200303,0.8556994284164042,0.8013641170544905
20200304,0.8545415490128624,0.8086850460635086
20200305,0.8714319931363842,0.8236729450737922
20200306,0.8636131163632174,0.8176748961770559
20200309,0.8317346186782462,0.7901670762008124
20200310,0.8521864563267951,0.8059326811817386
20200311,0.8345306230002694,0.7981230852981333
20200312,0.8173505911229179,0.7819643148474733
20200313,0.8070682718392089,0.772759657123245
20200316,0.8070682718392089,0.7420908480636719
20200317,0.8070682718392089,0.738823645374024
20200318,0.8070682718392089,0.7265428531287905
20200319,0.8070682718392089,0.7246618279780124
20200320,0.8070682718392089,0.7360329037559156
20200323,0.8070682718392089,0.7084590118961834
20200324,0.8070682718392089,0.7242916876932558
20200325,0.8070682718392089,0.7416137291323264
20200326,0.8070682718392089,0.7339160092610787
20200327,0.8070682718392089,0.7342911357113009
20200330,0.7998061356899446,0.7228100760608396
20200331,0.80112719338018,0.724872088217433
20200401,0.7922397354095572,0.720730121435599
20200402,0.8028085700263738,0.7341919162783794
20200403,0.800267618842446,0.7308256896173728
20200407,0.821735770133281,0.7513498313054164
20200408,0.8202942512598475,0.7514871660822876
20200409,0.8307688398700923,0.7564469843670476
20200410,0.8166911160486593,0.7444503163597793
20200413,0.8163976742101682,0.7411850910729345
20200414,0.8267281822644627,0.7547192636641751
20200415,0.8224722561475281,0.7487840650532298
20200416,0.8248630817789976,0.751287630839443
20200417,0.8263002135320643,0.7551716696046639
20200420,0.833999596135799,0.7616238392561752
20200421,0.826724220028824,0.755797227408493
20200422,0.8314648203796525,0.763266839672121
20200423,0.8362838496310344,0.7615207807862046
20200424,0.821224133343341,0.751925466884467
20200427,0.8206038102171719,0.7514444413322331
20200428,0.8183585512905883,0.7456612281021695
20200429,0.8199907642167994,0.7458042095730402
20200430,0.8285051809828101,0.7583025687000635
20200506,0.8374823997840601,0.7664433922420673
20200507,0.8347023697006516,0.7662596225825303
20200508,0.8405619974950534,0.7745953559701816
20200511,0.8360497015247536,0.7735032054199624
20200512,0.8384979273228569,0.7736860321148793
20200513,0.8442099746605767,0.7767877513486457
20200514,0.8339575529574313,0.7693363808102412
20200515,0.8337951287022459,0.7692606479217672
20200518,0.8474112818787342,0.7699633851598607
20200519,0.8499944316890392,0.7773531811873755
20200520,0.839038381316497,0.7697928284164167
20200521,0.8258360580957744,0.7629140270620531
20200522,0.8134222672503492,0.7491582522703876
20200525,0.8083360932619323,0.7498304131715697
20200526,0.8215373411479905,0.762715091929475
20200527,0.8173795808683306,0.7600755984105269
20200528,0.8198863688148814,0.7585354649226665
20200529,0.8182298442456629,0.7645899738310493
20200601,0.8417463486788185,0.7842103024331623
20200602,0.8448845031075822,0.784448908625173
20200603,0.8472790901432825,0.7850323768183186
20200604,0.8500602943549914,0.7857301095733206
20200605,0.8502023815856596,0.7869669811260742
20200608,0.8546533262373045,0.7870372342564707
20200609,0.8568865325990818,0.7916881489737487
20200610,0.8501248795251766,0.7904899432959034
20200611,0.8507947613746586,0.7861008967303184
20200612,0.8541654592681717,0.7882275552013143
20200615,0.8517152645453793,0.7834625270626595
20200616,0.8644151862286683,0.7971049074415084
20200617,0.8666130021641304,0.7991534130739274
20200618,0.8681782391747198,0.8017100962077169
20200619,0.8755374823639553,0.8079418151747043
20200622,0.8792736942588782,0.8054068415597236
20200623,0.8893624168121929,0.8057908170791663
20200624,0.8882442562146134,0.805546802922131
20200629,0.8767183581149309,0.8016122494166376
20200630,0.8892457896636522,0.8137548608849582
20200701,0.890858798931991,0.8239210706288365
20200702,0.8917361695120914,0.8360382630161136
20200703,0.899275684372816,0.8492251903387059
20200706,0.9314704810936076,0.8877523202117226
20200707,0.9448658207081255,0.8945827964003162
20200708,0.9754868728410703,0.9123913103216453
20200709,1.0098415330214754,0.9330474868807835
20200710,1.003782991610702,0.9237104483509112
20200713,1.0451097129309477,0.9487725007144746
20200714,1.0358667242786401,0.9412255369977844
20200715,1.015109675686538,0.9230299190373492
20200716,0.9646686850639248,0.8812191537695231
20200717,0.9753862959503657,0.8883087765361212
20200720,1.014144484880492,0.9197747519952095
20200721,1.015381527866548,0.9213823654961399
20200722,1.0242042254190054,0.9263022852556152
20200723,1.0218175353951853,0.9260314542263575
20200724,0.9856681873941882,0.8857414465515228
20200727,0.9977264080812417,0.8851132426760712
20200728,1.0112704062652367,0.8949320264810883
20200729,1.03528047720705,0.9155391044881865
20200730,1.0348649114642752,0.913550309397371
20200731,1.03923897047101,0.922582259314253
20200803,1.0844333071407215,0.9430784520396742
20200804,1.070164221898108,0.9400982035638912
20200805,1.0999884101215283,0.9480834177342421
20200806,1.1007198550196469,0.946611294657121
20200807,1.1018898048267967,0.9374817409004765
20200810,1.094195129664833,0.9416387800899169
20200811,1.0686045532166353,0.928443469331811
20200812,1.0649666782185847,0.9196693688575824
20200813,1.0668633650127746,0.923668329990076
20200814,1.0783127630919522,0.9326276640507378
20200817,1.11017831270735,0.9504366992327747
20200818,1.1128044990602761,0.9558422991156273
20200819,1.097919638837429,0.9427045720234317
20200820,1.0830111830403224,0.930231644574835
20200821,1.090854155725313,0.9375383766118676
20200824,1.0921541211845438,0.9438828123955801
20200825,1.0935231913860355,0.9404487018227543
20200826,1.0788607086415558,0.9245021089432423
20200827,1.0922985223633892,0.9306298610834483
20200828,1.1149836438942546,0.9454991167049602
20200831,1.115790846470518,0.9431767848642838
20200901,1.12051878864817,0.9490236892338954
20200902,1.126080536463429,0.9509288118365741
20200903,1.1135806800702877,0.9438078295576731
20200904,1.0990499203141573,0.9388093805570745
20200907,1.0660028967203077,0.9221728375727232
20200908,1.070388070868932,0.9283706970983006
20200909,1.032910066559055,0.9060627849796338
20200910,1.001907273115738,0.8896904193766884
20200911,1.0226062691640687,0.8985906464813199
20200914,1.0387891817304484,0.9072187158009158
20200915,1.0442438635623588,0.9139304952885093
20200916,1.0341032459769295,0.9081066442546121
20200917,1.0414291195140353,0.9073105120908571
20200918,1.0555124524220763,0.922108059102419
20200921,1.0494041248109136,0.9188736616953784
20200922,1.0380602126428826,0.9053032116057321
20200923,1.0460221545016877,0.9098193772385565
20200924,1.0247201206182601,0.8883187937142929
20200925,1.0277181762268373,0.8868114503284374
20200928,1.0201514479397458,0.8814888805456818
20200929,1.022633321755794,0.8869803700911513
20200930,1.0243487470732877,0.8842861589916573
20201009,1.051467792594954,0.9044910919448873
20201012,1.0867212609138626,0.9301209328308799
20201013,1.0943206655008682,0.9346636234018657
20201014,1.0820999936110762,0.9300116391329496
20201015,1.07545330881116,0.924649576465189
20201016,1.0690090204710831,0.9233713307371559
20201019,1.0565685723355114,0.917937251955259
20201020,1.077290165974182,0.9252165646951157
20201021,1.0660005758666982,0.9175913165436137
20201022,1.0611754562677447,0.9129554628895662
20201023,1.04196253951311,0.8999207725930316
20201026,1.0509221527419237,0.8992694632356651
20201027,1.0590245203278652,0.9009895911555501
20201028,1.0655420524267258,0.9057407821238285
20201029,1.070522055159742,0.9072182679492056
20201030,1.049236512666067,0.8888247225846175
20201102,1.05811011756418,0.8937947942849244
20201103,1.0704957120191787,0.9072524022559715
20201104,1.0719114460477874,0.9103954904505002
20201105,1.0870886333538683,0.9262426176089845
20201106,1.0800606711551382,0.922699510163857
20201109,1.1074333021098122,0.939597796995901
20201110,1.0926938756125337,0.9316899755833692
20201111,1.0836899882291509,0.9236593090079768
20201112,1.0902930602156218,0.9264462658312852
20201113,1.0786666027798408,0.9229890795432892
20201116,1.0896745534977026,0.9351349818440589
20201117,1.0833223975468018,0.9297023693609479
20201118,1.0793140227267177,0.9293155846006195
20201119,1.081415541663651,0.9331825849600925
20201120,1.0852684174147313,0.9396460249968712
20201123,1.0944851617561906,0.9477794354448595
20201124,1.0896679701728715,0.9464780492467716
20201125,1.0663753250261911,0.9320321800767085
20201126,1.0531917419934556,0.93004880762594
20201127,1.0549502938467474,0.9336020773868238
20201130,1.0537153668933923,0.9300851103280802
20201201,1.0671428299967696,0.9438679421790277
20201202,1.0608476536378433,0.94484502146794
20201203,1.0452112576692534,0.9415783816199546
20201204,1.0537271193029394,0.9435428621397424
20201207,1.0460569607636956,0.9400340356191109
20201208,1.0517455622581668,0.9378078616509861
20201209,1.0298388364601252,0.9222945295772843
20201210,1.0312409143012489,0.9233581270050826
20201211,1.0179846994907114,0.9122280178042289
20201214,1.0329167194872255,0.9185488163664396
20201215,1.0441785370488128,0.9189337571064178
20201216,1.0356668445505341,0.9154798745996298
20201217,1.0376011000420589,0.924736653109743
20201218,1.0471934926005744,0.9243613244834381
20201221,1.0861818375733843,0.9350415566795134
20201222,1.057253540531681,0.9170397285822476
20201223,1.0708091763317011,0.9250743594384456
20201224,1.064627921843629,0.9168263955123777
20201225,1.0770589988988097,0.9260097675846755
20201228,1.0816826650165057,0.9230781689710585
20201229,1.0582281750256437,0.9190719132690992
20201230,1.074996682672029,0.9281819129347936
20201231,1.0908912192135811,0.9434220406221534
20210104,1.1422898655158331,0.9595986022914607
20210105,1.1644702503899478,0.9665624405463427
20210106,1.1703855603467035,0.9666601339938634
20210107,1.1685090981602313,0.9670415259496233
20210108,1.1583721718586735,0.9665250741508536
20210111,1.135033981699955,0.9529635641038977
20210112,1.1561154303759518,0.9703302174854959
20210113,1.147611427598384,0.9632575674937496
20210114,1.1216155213499013,0.9521553966788373
20210115,1.1201404417266172,0.9552294523431715
20210118,1.131150654976381,0.9668196451275263
20210119,1.1202862695881484,0.9611488177237717
20210120,1.132467620077766,0.967481023010924
20210121,1.1475598380433674,0.9781694934709668
20210122,1.161481923129346,0.9761706503541334
20210125,1.1594445029432814,0.9755220966128302
20210126,1.130462049135243,0.9609003300060108
20210127,1.134212249070538,0.9638232536513086
20210128,1.0964007243211027,0.9432517543967117
20210129,1.087845861323806,0.9347816930882841
20210201,1.0969738570150565,0.9450602691389565
20210202,1.123606542460631,0.956230756124157
20210203,1.1075923651157746,0.9507096646866386
20210204,1.0827953464665598,0.9405336029024697
20210205,1.0514501530350424,0.9331883927493161
20210208,1.089258295245055,0.9445737207253997
20210209,1.1257138549019192,0.9651545875567082
20210210,1.1478382960739129,0.9782020118615811
20210218,1.1783615332608803,0.9903535577913087
20210219,1.200888432254684,1.0018738230736326
20210222,1.2239704046566109,0.9940212446158623
20210223,1.198350392667222,0.9880449713170837
20210224,1.1667355702808346,0.9722382458282286
20210225,1.1568109907596866,0.9734065083023757
20210226,1.1402197709166977,0.9556268106192626
20210301,1.1754097099462504,0.9760251082321008
20210302,1.1608519524245768,0.9688821753619239
20210303,1.1724155905688651,0.9845901743869901
20210304,1.139115601752916,0.9657245813396393
20210305,1.1427010688473545,0.9634001944586488
20210308,1.1157148322402208,0.9409276435547123
20210309,1.0812998917753973,0.9214270090401735
20210310,1.0756587366763872,0.9199386439927194
20210311,1.1064116676066655,0.9411013872039583
20210312,1.1127607913665205,0.9463124492213392
20210315,1.0712490320853054,0.9371253448469667
20210316,1.0903555101133195,0.9452391014131863
20210317,1.1013023113116642,0.950066537105123
20210318,1.121445455363897,0.9567419036917304
20210319,1.0951752732296993,0.9426468341248888
20210322,1.1037679102621607,0.9549495088881975
20210323,1.0933564305964465,0.9406241342758317
20210324,1.080868072788281,0.926685025534413
20210325,1.0721521068443245,0.9270840367212541
20210326,1.0925653743290937,0.9431045994665495
20210329,1.097258381860398,0.9462586505552573
20210330,1.0937739891817433,0.9485763135006733
20210331,1.0968786291514248,0.9450714216678385
20210401,1.094263444294625,0.953215139404026
20210402,1.0911734357303096,0.9574480728689728
20210406,1.0986988526667347,0.9603160937083429
20210407,1.1049580124708807,0.9628038876322232
20210408,1.0971860296773317,0.961045272351994
20210409,1.091437425806388,0.9565339955192652
20210412,1.081138118315095,0.9425441199805661
20210413,1.0697883168805735,0.935503462082675
20210414,1.0851651222431542,0.9476630911569103
20210415,1.0759881479110407,0.9435552678206927
20210416,1.0841550642644306,0.9518255112956614
20210419,1.0962712378673622,0.967179735505402
20210420,1.0941269717004245,0.9659518347641414
20210421,1.0833242026341667,0.9640485379381781
20210422,1.0894245358447028,0.9670219246154136
20210423,1.0933217727085438,0.9665690123518954
20210426,1.0903300680657577,0.9602279153922766
20210427,1.0871664263304472,0.957943596542332
20210428,1.0908267579485467,0.9641227545998537
20210429,1.0944062588275227,0.9663955997764447
20210430,1.0901442588747834,0.9596879838171072
20210506,1.0956548123877818,0.9595612491540425
20210507,1.0841699225120012,0.9527519929186893
20210510,1.0962406293987574,0.9578246918464326
20210511,1.0809796719985978,0.9574939367290065
20210512,1.0828368709574294,0.964630532528931
20210513,1.0837062617288598,0.9531343018352624
20210514,1.1070814157403344,0.9670815739863029
20210517,1.111783757888362,0.9726090693218793
20210518,1.1172739119052526,0.9768014211113115
20210519,1.1161695922364936,0.974388282394897
20210520,1.1143422101410045,0.9700197662678944
20210521,1.1076690866810526,0.9673365323057601
20210524,1.110240907489619,0.9710414510573208
20210525,1.1311750189123828,0.9880455786110903
20210526,1.1270709212623087,0.9910478858624959
20210527,1.131797082789527,0.996473085718916
20210528,1.129663834957922,0.9931096917923031
20210531,1.1437239599798852,0.9990854541371385
20210601,1.1448667169514621,1.0038676530483805
20210602,1.1231373090484593,0.9959014866099883
20210603,1.1182617553150125,0.9941130918044504
20210604,1.125524564360971,0.9939719191733395
20210607,1.1428474882591246,0.995503719216219
20210608,1.134672637525381,0.9925638893005635
20210609,1.134325974861534,0.9942930650916846
20210610,1.1513790998505824,0.9996853420312266
20210611,1.1321758749073016,0.9953550816636058
20210615,1.1201852791197358,0.9836235737235827
20210616,1.1106005234667924,0.9690697528113174
20210617,1.1190581042892633,0.9723865675996336
20210618,1.126537917840825,0.9766761650195244
20210621,1.1447731358974447,0.9798777909501218
20210622,1.141821758146744,0.9855382677018788
20210623,1.1439742907749009,0.9938030799352056
20210624,1.1396941066847677,0.9904183822880306
20210625,1.1495804645085097,1.0003464515143383
20210628,1.1602617679925107,1.0024936537412175
20210629,1.148461664633235,0.993806294934637
20210630,1.1616125347853152,0.9979753212225206
20210701,1.1382677427424372,0.9903433872837384
20210702,1.1250310315992653,0.9756356344854726
20210705,1.1482112633781467,0.9812476383739817
20210706,1.1529351122471003,0.982483882800259
20210707,1.1721986812153287,0.9916518901962074
20210708,1.17568280734439,0.9837183271400785
20210709,1.200692772500507,0.9872964150873886
20210712,1.2257460599909271,1.0017083415044379
20210713,1.2285260965259188,1.0099709374871644
20210714,1.2009972542529361,1.0005577631046518
20210715,1.226869102610247,1.0043947609209818
20210716,1.2087988544323929,0.9990421003742873
20210719,1.2050150996436215,0.9971158848688555
20210720,1.21525056578363,0.9962717951425916
20210721,1.2572042024849597,1.0050995269549958
20210722,1.281369355927158,1.0107481934332339
20210723,1.2758551248423002,0.9995301773748352
20210726,1.2699505700772926,0.9769718517675693
20210727,1.2242228755553346,0.9491526115119319
20210728,1.1980250361109608,0.9369146834931811
20210729,1.251836542772445,0.9569221062395861
20210730,1.2632933435633018,0.9582343801169086
20210802,1.2962453366818856,0.9774854752439456
20210803,1.2669235803336074,0.9755462668434062
20210804,1.3102815406258226,0.986838256225772
20210805,1.3018559221783959,0.9825978333996086
20210806,1.3069267016105401,0.9836047029578029
20210809,1.305600396621253,0.995681538956675
20210810,1.3044801274384217,1.0042707013725385
20210811,1.3144283477624858,1.0067496186437808
20210812,1.3138657268082083,1.0046907385478965
20210813,1.3183966979344994,1.004486903349075
20210816,1.296010918178564,1.0044227504239676
20210817,1.2671177350673144,0.983446301887384
20210818,1.2735797036251635,0.9903056016273596
20210819,1.2588747830322982,0.9885145463880323
20210820,1.2543767057116728,0.97948216172798
20210823,1.2838327776037515,0.9962748330452326
20210824,1.2946573459321438,1.0044627786244855
20210825,1.3228037915589521,1.011159864482083
20210826,1.3373647332170866,1.0021533053236826
20210827,1.3480130421045906,1.0045895534366143
20210830,1.3677226637463331,1.0064043989594829
20210831,1.4007674597003463,1.011377356747688
20210901,1.3871988764708865,1.0131781573661311
20210902,1.4081661181874023,1.0219638635791035
20210903,1.3905272425549537,1.0176895623149445
20210906,1.4084871067636087,1.0316233612254535
20210907,1.4222703650921522,1.047271954135918
20210908,1.4159221193679699,1.0510479145521683
20210909,1.4292874677045782,1.0574854197638766
20210910,1.4246872394868364,1.0558468745127343
20210913,1.430820542476933,1.0602235458921159
20210914,1.4041573485635173,1.045036825604529
20210915,1.398943269898202,1.0433449817123814
20210916,1.3569258248313991,1.0277644656241918
20210917,1.369130127179765,1.0266329011598359
20210922,1.3966422751648355,1.0290859665477552
20210923,1.40624518397943,1.0377738208173972
20210924,1.394013985167706,1.024922208691673
20210927,1.3637746623575104,1.0061465814114987
20210928,1.3786836512698923,1.0104026848382066
20210929,1.3449524825010704,0.9865226314482061
20210930,1.3779185013923028,1.0021902051545357
20211008,1.3645297662471332,1.012694786187717
20211011,1.3634823528446989,1.0111360082587604
20211012,1.3496730039359255,0.9964781678752572
20211013,1.3659257833518312,1.0011614052193327
20211014,1.3567800083177501,1.0018368783759835
20211015,1.3516732112940675,1.0015896468038952
20211018,1.3295383253298292,1.0052096913479593
20211019,1.3582247327129466,1.010948690948227
20211020,1.3517690951595398,1.0076626861281905
20211021,1.3436393416787074,1.007520667924792
20211022,1.3499677255701292,1.0028147589779397
20211025,1.3545571647548795,1.0090464807180115
20211026,1.3456911512317908,1.0052685263709311
20211027,1.3328891738297437,0.991946811081998
20211028,1.2915325347672901,0.9776273045250095
20211029,1.295455405444257,0.9899602437927822
20211101,1.2873975808608957,0.9905762608187728
20211102,1.2636999486873948,0.9770574492352145
20211103,1.2676856764247368,0.9804125093903057
20211104,1.269481319120045,0.9890551932416394
20211105,1.2460363927880715,0.977804611543278
20211108,1.2435041085909557,0.9848163742392997
20211109,1.2545978292628523,0.9892474598994886
20211110,1.260808609387876,0.9865323112133341
20211111,1.2754640920543079,0.9985506386956594
20211112,1.2803802381332154,1.0000590948224213
20211115,1.2930038736974128,1.0006761466224325
20211116,1.2868324644453797,0.9953974303825928
20211117,1.294995632254437,1.0025724627777932
20211118,1.2697840664160935,0.9975113489771722
20211119,1.2842422578532664,1.0077606080056762
20211122,1.3102579982286613,1.0148401838011916
20211123,1.3118071874582848,1.0159698186867583
20211124,1.3006772237634894,1.0180382795270397
20211125,1.2930718254019624,1.0128589740541487
20211126,1.2958103075832372,1.0094211024266777
20211129,1.3020940860739598,1.0069490117528361
20211130,1.3082482130247535,1.0094395411691783
20211201,1.315571002905942,1.0158765497079825
20211202,1.314919434164267,1.0129043428463693
20211203,1.3139133676539503,1.0217685688545373
20211206,1.3139133676539503,1.0144524522003628
20211207,1.3139133676539503,1.014684124715223
20211208,1.3139133676539503,1.0255321272123394
20211209,1.3139133676539503,1.0357912284897095
20211210,1.3139133676539503,1.035571991444563
20211213,1.3139133676539503,1.0423363866128472
20211214,1.3139133676539503,1.0375497163010448
20211215,1.3139133676539503,1.036164844470651
20211216,1.3139133676539503,1.046760076189287
20211217,1.3139133676539503,1.03642329423095
20211220,1.2886232377406157,1.0226551429977762
20211221,1.3067091793718009,1.0371199710604275
20211222,1.30997961624354,1.0395128329135852
20211223,1.3199759237607993,1.0409102202915046
20211224,1.3090016701169584,1.0299373219684493
20211227,1.3010805546001427,1.0321432306245408
20211228,1.2901166328613676,1.0365639516921545
20211229,1.275929794178941,1.030700500015858
20211230,1.3047971650766246,1.0384906306113408
20211231,1.3206067477410428,1.0453414079917098
20220104,1.3416073554972385,1.051332666846643
20220105,1.3282060367522923,1.0397613465748368
20220106,1.316646723992232,1.0404730421133126
20220107,1.2919314393005277,1.033575105890541
20220110,1.3039057868807042,1.039645509970326
20220111,1.2793118935669736,1.0302137216527671
20220112,1.3064436589320183,1.0393481855243252
20220113,1.2826649030045207,1.0254368045733762
20220114,1.2858791700613503,1.016370128364796
20220117,1.3086244105652336,1.0266377705164402
20220118,1.2876144716107416,1.02850094815004
20220119,1.2837625297327064,1.0263624752977292
20220120,1.2607253413753408,1.0182877438225133
20220121,1.2320899280511353,1.0073535421991238
20220124,1.2261870689608168,1.0079906722031429
20220125,1.17156855008002,0.9747934028767946
20220126,1.1679528901126939,0.9808562869677047
20220127,1.1344371744981407,0.9575517826287102
20220128,1.1426975363648244,0.9572658044242728
20220207,1.1426562207899762,0.9746199276126635
20220208,1.1502005543443605,0.9851190504505994
20220209,1.1647711284607678,0.9975407350227585
20220210,1.1691448866587975,0.999307350036589
20220211,1.161492632992837,0.9882160149596121
20220214,1.1600556667104738,0.9809097274415597
20220215,1.1637177529298472,0.9854146969406801
20220216,1.1714232361034667,0.9935613159028045
20220217,1.184252884800468,0.9933215596058458
20220218,1.190169567759397,1.0020127063771826
20220221,1.1935779447618755,1.0079865922380882
20220222,1.1935779447618755,0.9958883043914083
20220223,1.1935779447618755,1.0057763393581185
20220224,1.1935779447618755,0.983351389774156
20220225,1.1935779447618755,0.9907803041406239
20220228,1.1935779447618755,0.9930882899954785
20220301,1.1935779447618755,1.0006902161190758
20220302,1.1935779447618755,0.9989334912424243
20220303,1.1935779447618755,0.9982267113332781
20220304,1.1935779447618755,0.9870591138732685
20220307,1.1935779447618755,0.9666026699403412
20220308,1.1341471191069503,0.937926914449752
20220309,1.1245263334898858,0.9264822269475664
20220310,1.144602187848162,0.9402965165519174
20220311,1.154755161069787,0.943502822402671
20220314,1.1217176419691024,0.9154633344863382
20220315,1.0563551251837233,0.8671859142021312
20220316,1.0863706447122876,0.897866188309966
20220317,1.1090540713868549,0.9154317354099059
20220318,1.1336942748971686,0.9270535299710969
20220321,1.1579967385074457,0.9320342899700331
20220322,1.1527006904696855,0.9340339522850842
20220323,1.1586477602063423,0.937295578107311
20220324,1.1596346217270894,0.9290219419570768
20220325,1.1502644348068045,0.9206763563978729
20220328,1.1527733786294758,0.9193079966011877
20220329,1.1603727329833613,0.9144572223702001
20220330,1.176970706313612,0.9335296041188469
20220331,1.1719441973133882,0.9293700412325656
20220401,1.164248305538956,0.9372182984065721
20220406,1.1798570242460549,0.9417543249119674
20220407,1.1471572576618485,0.9249663300246556
20220408,1.1657377362248365,0.925985387067204
20220411,1.1566724846769303,0.8998755589016454
20220412,1.1512302030129107,0.9161944359712416
20220413,1.1265104652856275,0.9037943773089296
20220414,1.1497617984381854,0.9157081874504664
20220415,1.1378034405175157,0.9058033756020252
20220418,1.1330759754097517,0.9049287960740983
20220419,1.147190679819982,0.9069046419648933
20220420,1.111186066575523,0.8934341251092136
20220421,1.0735151428760983,0.8661233736915844
20220422,1.0616134283306962,0.8661548894452057
20220425,1.0060238518639462,0.8134834681811257
20220426,0.9915696817706672,0.7971408314952655
20220427,1.0226581379858324,0.8227539133573811
20220428,1.0158868940595773,0.820888113161756
20220429,1.0331113852420397,0.8484074044675548
20220505,1.047442895095093,0.8557746200360559
20220506,1.0267039183139712,0.8378400122369147
20220509,1.0229625045096922,0.8418273965918118
20220510,1.038345107254225,0.8514156209167694
20220511,1.0598848583608809,0.8570210188236508
20220512,1.0620420825482102,0.8570169489625992
20220513,1.0630072158430872,0.8634150359986246
20220516,1.0526199812036854,0.8655660633400446
20220517,1.0595962252652265,0.8692312683502886
20220518,1.06184733644854,0.8686197360973503
20220519,1.0697461218345918,0.87192754798564
20220520,1.0861448759899122,0.8864061712891823
20220523,1.090959694990869,0.8899068100841301
20220524,1.0505169545283757,0.8609140480788682
20220525,1.0666067784108109,0.8732976424771127
20220526,1.0687260956445865,0.8806172320998031
20220527,1.0676931961433875,0.8816677050234248
20220530,1.077350344530934,0.889042410722662
20220531,1.0905747362886333,0.899062666387795
20220601,1.0821288066877706,0.8995381459273878
20220602,1.0859583791545,0.900684199736013
20220606,1.1131059089079618,0.9142764991697153
20220607,1.1129073280122135,0.9145075733695843
20220608,1.1216317375411378,0.9198361010089016
20220609,1.1086604622469816,0.9088481927805157
20220610,1.1289888112095914,0.9217742516102609
20220613,1.1211038858657905,0.9179913731089987
20220614,1.1306964909438677,0.9238583311347792
20220615,1.1251767594329347,0.9266606832468294
20220616,1.123100047090287,0.9262824762802029
20220617,1.140033009736641,0.9317687072561927
20220620,1.1462928283083802,0.9377836921059289
20220621,1.1371072465487493,0.9344174837170979
20220622,1.113544840322687,0.9208583454326167
20220623,1.1387646073034388,0.9365281994675345
20220624,1.1418149726452773,0.9456744549553427
20220627,1.1491442509412602,0.9567049960273812
20220628,1.1610568159555648,0.9674999502694043
20220629,1.157505432555094,0.9525978553997332
20220630,1.1634485401268337,0.9637137898869014
20220701,1.1630522419483655,0.9612252830777809
20220704,1.1657959570424608,0.9690685728463124
20220705,1.1493031048272668,0.9657019447252123
20220706,1.1317285179641277,0.9505433570565385
20220707,1.1539054707045087,0.9554172061853046
20220708,1.1403600570807795,0.9530864732021388
20220711,1.1211271983369235,0.9409125209711274
20220712,1.1108742611402689,0.9323905448404618
20220713,1.1297414783903814,0.9380587467260935
20220714,1.1367357807359717,0.9385953438500915
20220715,1.1204308931320015,0.9218406373395415
20220718,1.1430281945984726,0.9392552899639274
20220719,1.131251078913321,0.9425062589120421
20220720,1.1372172463238515,0.9501638006127779
20220721,1.1326668736559866,0.9410643574938763
20220722,1.1322156392491323,0.9387563295537102
20220725,1.1158709728173337,0.9323764271168805
20220726,1.1305237879590022,0.9435217277763239
20220727,1.1447697792419413,0.9446422301139251
20220728,1.1544122172743427,0.9472912615183793
20220729,1.1545104600374645,0.9383019349315221
20220801,1.1701191602295382,0.9411025558631186
20220802,1.131286535598664,0.9133130010628955
20220803,1.124138268305083,0.9048576042932986
20220804,1.1347213984727076,0.9114904144473528
20220805,1.1565925300014965,0.9219508879751144
20220808,1.1626657268509355,0.9279394097455689
20220809,1.1654677319700775,0.9307096083920341
20220810,1.1654416207489253,0.9273726432689046
20220811,1.1985783375031103,0.9416492540140698
20220812,1.189254311804006,0.9425709762162212
20220815,1.1905658429826647,0.9439233915565828
20220816,1.1943388570023257,0.947035939770471
20220817,1.2028074407354934,0.9518940050410757
20220818,1.196931417784029,0.9455074741585355
20220819,1.1973307366901675,0.9416239565716938
20220822,1.203514402892194,0.9506627339694104
20220823,1.2121554515346518,0.9502325636276243
20220824,1.1773388316482212,0.9290490063106925
20220825,1.1774691045531742,0.9351119294948352
20220826,1.1689130126982217,0.9318664978056224
20220829,1.1769144092509565,0.9346710874901235
20220830,1.1633909661229342,0.9317052028409896
20220831,1.1522347531078327,0.9183905475094282
20220901,1.1394090257984644,0.9138222540071709
20220902,1.1490954745566857,0.9170803131550443
20220905,1.1512049516677108,0.9206926944104998
20220906,1.1627312877531315,0.9322230470545919
20220907,1.157715860744468,0.9327405081335394
20220908,1.1569997206990776,0.9286028332319919
20220909,1.1663761660362433,0.9361900427336928
20220913,1.1674601508021767,0.9380951122719035
20220914,1.1581369705434048,0.9300585631643485
20220915,1.1271477743761977,0.9163183380038813
20220916,1.105520149114823,0.8936504925033002
20220919,1.0963606120054203,0.8865088649474806
20220920,1.116103252982791,0.8928042494499918
20220921,1.1113770688115754,0.8920805866041125
20220922,1.1172185437638955,0.887120332732227
20220923,1.1026871659789619,0.8766233085162847
20220926,1.0817373537484334,0.8651460233433845
20220927,1.0991798320516633,0.8815150279627639
20220928,1.0606088213372022,0.862412835687867
20220929,1.0646814883907567,0.8590444968561247
20220930,1.0535936997075859,0.8528072024707183
20221010,1.0240133011813657,0.8402758361350142
20221011,1.0215939298112993,0.8433577875643075
20221012,1.0291752608582934,0.8590979717508963
20221013,1.0358499193519652,0.8580830120438269
20221014,1.0757251176604485,0.8743484838613241
20221017,1.0862411268918963,0.8804909909477752
20221018,1.0912657275956272,0.8809666431239844
20221019,1.072113754344734,0.8702861741301344
20221020,1.072113754344734,0.8662567661438377
20221021,1.072113754344734,0.8651594111450629
20221024,1.072113754344734,0.8474052905821646
20221025,1.072113754344734,0.8455244113719868
20221026,1.072113754344734,0.8559611101209835
20221027,1.072113754344734,0.8535182153141743
20221028,1.072113754344734,0.8277206323511344
20221031,1.072113754344734,0.8239606199999625
20221101,1.072113754344734,0.8479870417976464
20221102,1.072113754344734,0.8589181095671311
20221103,1.0586841763476618,0.8572643184055171
20221104,1.0852815457492777,0.8792870198463134
20221107,1.0922188098999717,0.8846195268001239
20221108,1.092813269184224,0.8821064350015613
20221109,1.0822512820690369,0.8798522767003767
20221110,1.0882141527011573,0.8776229167618005
20221111,1.0926939673243514,0.8916387852583757
20221114,1.0931225508639841,0.8881001865281543
20221115,1.111727789912599,0.9022842179177201
20221116,1.1105446286487703,0.8994867707681367
20221117,1.1193022343721049,0.8984214554100269
20221118,1.1235062319131557,0.893229420579456
20221121,1.1168915815635523,0.8889111265242842
20221122,1.0976598336442798,0.8858112555049544
20221123,1.0861614573874914,0.8846418060706448
20221124,1.087204000024796,0.8842652208931352
20221125,1.080400951276932,0.8857020915370976
20221128,1.0742401323721178,0.8813496458118433
20221129,1.1001677315139946,0.9027417696852617
20221130,1.0975514898151648,0.9033484186748071
20221201,1.0958892023706184,0.9107657428881096
20221202,1.0839085695816488,0.9105635024383415
20221205,1.0923129660709667,0.9246319797982916
20221206,1.086973682745202,0.925024341739842
20221207,1.0775504339496427,0.9243457920715678
20221208,1.0813773091120724,0.9224246378257276
20221209,1.086465188634908,0.9254834014636533
20221212,1.0632148044031924,0.9160637676071965
20221213,1.0635071303128498,0.9171117668438998
20221214,1.0567028289657212,0.9181532125482286
20221215,1.0542364363205128,0.9154132730331852
20221216,1.0511457892441074,0.9123331028710413
20221219,1.0356746555330043,0.8949509986099732
20221220,1.0153042511208163,0.8849445033814417
20221221,1.0208204029395356,0.8834320471947184
20221222,1.023466129967963,0.8794803791483968
20221223,1.0242797990575268,0.8770759500469586
20221226,1.035317085590566,0.8848261878656332
20221227,1.0406039700941359,0.8937163246487912
20221228,1.033232372285612,0.887408422321952
20221229,1.0311953836700791,0.8820806705212098
20221230,1.037210884396977,0.8876829121326782
20230103,1.045504237883981,0.8977387126884366
20230104,1.0503399453722078,0.9013519623402989
20230105,1.0597473809501106,0.9104714791953639
20230106,1.0519554923351324,0.9090096748869786
20230109,1.0552455566738832,0.9142728413655206
20230110,1.0545805898535765,0.9132425726801695
20230111,1.0481389363822717,0.9103471126526421
20230112,1.0422798934891162,0.9090978570270658
20230113,1.0406056646824184,0.9171311828907649
20230116,1.0527275147720851,0.9268712029160434
20230117,1.0626872855337839,0.9250969039800199
20230118,1.0641374509469226,0.9257437034363065
20230119,1.0713159295353518,0.9299173937742529
20230120,1.082605393706504,0.9382298841005369
20230130,1.1006450405306758,0.9426711229225693
20230131,1.1001717265974973,0.9422421699173091
20230201,1.113989258776558,0.9530066478429418
20230202,1.1119356833975214,0.9529988354259538
20230203,1.1179352474894442,0.9478425904696317
20230206,1.1159312968945994,0.9409845713359998
20230207,1.1197487212308168,0.9457250869328112
20230208,1.1097348466602406,0.9400928004261665
20230209,1.1354612091647311,0.9514087106646115
20230210,1.1281933669738513,0.9503628463266879
20230213,1.1426818751230416,0.9607524669304466
20230214,1.1407669194401349,0.9611145029472036
20230215,1.157203900762467,0.9577446737363213
20230216,1.1326891655858509,0.944548761981474
20230217,1.111165846350888,0.938424574792742
20230220,1.1385790517400385,0.9569716035885154
20230221,1.1321882613879108,0.961644975532189
20230222,1.128681395909251,0.958722579252511
20230223,1.1107003768690855,0.9567651853588277
20230224,1.1112794618878017,0.9523646925497666
20230227,1.0959903054565416,0.9466356286662871
20230228,1.11501562709011,0.9536895295281792
20230301,1.1427713613922512,0.96325973405111
20230302,1.1477898326374751,0.9628523100892362
20230303,1.1479943449281556,0.9649369056837727
20230306,1.1455817031943256,0.9613649693298044
20230307,1.1204096326095798,0.9455079408130105
20230308,1.1373094116935265,0.9478074999998147
20230309,1.142142699299146,0.9450393437040518
20230310,1.125394079139021,0.930000855573933
20230313,1.1624249350623481,0.9379467227071085
20230314,1.151804328753797,0.9287786978618249
20230315,1.1562898799445596,0.9332869798666867
20230316,1.1415649085491537,0.9198648466581251
20230317,1.1456434477966362,0.9265720021590549
20230320,1.1423005032446945,0.921406986534324
20230321,1.1506032345865718,0.9326200706066846
20230322,1.1579982925375965,0.9369978887879876
20230323,1.1734482334364644,0.9399085735016653
20230324,1.1630256278955011,0.9390678274266162
20230327,1.1577221903299306,0.9366776092485718
20230328,1.1484662309564144,0.9331816855231654
20230329,1.1431426603583603,0.9301805672301401
20230330,1.1476413349346912,0.9345095625168605
20230331,1.1508958839169325,0.9408090469134216
20230403,1.163525291019427,0.9510462745431891
20230404,1.155588927721662,0.9487381148944635
20230406,1.1633103693483633,0.9465248488562076
20230407,1.1689278238660399,0.9539043589838628
20230410,1.1565213253286166,0.946344803669418
20230411,1.15788395512214,0.9490085679870229
20230412,1.1573768955321728,0.9526371807820138
20230413,1.1510325374311683,0.9483459326885544
20230414,1.1555259805652855,0.9501001542620711
20230417,1.1540679788830008,0.956269168849697
20230418,1.1446391364641775,0.956131785846436
20230419,1.1383732944234422,0.9496518558125538
20230420,1.1425527434179858,0.9468627890481074
20230421,1.1101918293545676,0.9265999475660511
20230424,1.098729205849276,0.9199328875166803
20230425,1.0791769086669556,0.9106528378993879
20230426,1.0820551158825618,0.9131232413981257
20230427,1.0816760975072015,0.9153580823312967
20230428,1.0935358771841996,0.9286712090368234
20230504,1.0935358771841996,0.9311805747235822
20230505,1.0935358771841996,0.9255355011223771
20230508,1.0935358771841996,0.9323164828464776
20230509,1.0935358771841996,0.9222878041993894
20230510,1.0935358771841996,0.9200742027207074
20230511,1.0935358771841996,0.9212831176046293
20230512,1.0935358771841996,0.9105947394331277
20230515,1.0935358771841996,0.918426496149124
20230516,1.0935358771841996,0.9092031726430276
20230517,1.0935358771841996,0.9102512546231422
20230518,1.091897652266508,0.9114492879612455
20230519,1.0969786663800574,0.9088833020010093
20230522,1.098834967747548,0.9124122026326702
20230523,1.0858233008208644,0.9016035365797637
20230524,1.0895450038912264,0.8934846676400984
20230525,1.0956488233073343,0.8906598723253216
20230526,1.0949684927332053,0.8933522035460897
20230529,1.086437456779249,0.8903231109288465
20230530,1.0928330620066595,0.893453248165681
20230531,1.0863238561282555,0.8889182149600481
20230601,1.0874713127745843,0.8902893011688444
20230602,1.0887498851266761,0.9010134889665812
20230605,1.0938628307808167,0.9015002460700914
20230606,1.0720578666592302,0.8899169222510392
20230607,1.0727616299982639,0.8906972169777906
20230608,1.0653633170283952,0.8932051138560614
20230609,1.082163478505472,0.8962213969793912
20230612,1.087588862927053,0.9005707970772281
20230613,1.0896438993733986,0.9024335878747141
20230614,1.0992235592330144,0.9047872008069965
20230615,1.1078132266815797,0.9122406941215606
20230616,1.1303515795447534,0.9184449111746898
20230619,1.146923146554993,0.9131882086504656
20230620,1.1563434883274717,0.9092358471406545
20230621,1.1086924449364213,0.895307459902743
20230626,1.0699023906097278,0.8808970552815056
20230627,1.0849646728681699,0.8960838930386257
20230628,1.070181670064162,0.8940571381470945
20230629,1.0912429736863796,0.8935568951480506
20230630,1.0979756842471333,0.9012756606253252
20230703,1.0979756842471333,0.9097615752320171
20230704,1.0979756842471333,0.9107126715049026
20230705,1.0979756842471333,0.9047528827005157
20230706,1.0979756842471333,0.9014323314306751
20230707,1.0979756842471333,0.8987176634990499
20230710,1.0979756842471333,0.9011337671779698
20230711,1.0979756842471333,0.9057274355285067
20230712,1.0979756842471333,0.8965319926267402
20230713,1.0979756842471333,0.9067172385709316
20230714,1.0979756842471333,0.9061954286987218
20230717,1.0967705858091186,0.9013307767108129
20230718,1.0830014342836476,0.9001816947402471
20230719,1.0769635988835182,0.9017930376803928
20230720,1.043435241860726,0.8948342716522755
20230721,1.0372971742630868,0.8947722485038736
20230724,1.0433424529833744,0.8918590655527769
20230725,1.0587328983840765,0.9115599510328819
20230726,1.0390715790985392,0.910149791851578
20230727,1.0266634752163961,0.906837444499785
20230728,1.038049024759501,0.9200869036595413
20230731,1.0561121577208006,0.9294251515709457
20230801,1.047398267698267,0.927814911310764
20230802,1.0528173949432285,0.9232554424669762
20230803,1.0567252535995153,0.9252085791660798
20230804,1.0537955513136632,0.9269637568853545
20230807,1.0360162337466765,0.920956660620447
20230808,1.0265562003874555,0.9178326752279976
20230809,1.0236717328681397,0.9110524960268943
20230810,1.0216176555801304,0.913549472709928
20230811,1.0065535157914702,0.8961965755087542
20230814,1.0040785429682428,0.8969972208797696
20230815,1.0042447522669373,0.8932403895282803
20230816,1.0066438368537485,0.886884244569622
20230817,1.0071825759825028,0.8936580471454497
20230818,0.9902724619775436,0.8805845978368436
20230821,0.9782848450067213,0.8725746694715415
20230822,0.976965906174499,0.8768331115039528
20230823,0.9614778762692578,0.8636364702567173
20230824,0.9596645013000864,0.865066337206077
20230825,0.9614893620468632,0.8562057812049513
20230828,0.9702241109216347,0.8671034344791354
20230829,0.9775297808605089,0.8825221553754777
20230830,0.9677849439891066,0.8828290215020658
20230831,0.9610448852496639,0.8757090144149735
20230901,0.9695512669344037,0.8817245155572107
20230904,0.9833917619968484,0.8965861759964306
20230905,0.974999181013399,0.890269825519046
20230906,0.9754101057929253,0.8898407896413635
20230907,0.9642621948737193,0.8782969930794157
20230908,0.9630787206410844,0.875830141012112
20230911,0.9736270058303098,0.8833294770798427
20230912,0.9752331388720816,0.8821391251115562
20230913,0.9602515360031141,0.8762340065643559
20230914,0.9620895865251408,0.8738723017678673
20230915,0.9492256005267053,0.8727441479419658
20230918,0.9448943029954332,0.8763774678479087
20230919,0.9364645205031912,0.8716634795092442
20230920,0.9326275611583081,0.8671241975879129
20230921,0.9320029287323204,0.8601357112554237
20230922,0.9583205543151978,0.8725501984723815
20230925,0.9438752566027301,0.8670026150980908
20230926,0.9444315156957283,0.8630662649034042
20230927,0.9448206111005883,0.8651707004019819
20230928,0.9477599300023529,0.8680294973382349
20231009,0.9430267934312465,0.8624272379179948
20231010,0.9449018761907365,0.8575601530332476
20231011,0.9530597063679616,0.8567900606898183
20231012,0.9553654766665409,0.8627378247228924
20231013,0.9489283270670434,0.8546665434415346
20231016,0.9366798392737219,0.8500166872581743
20231017,0.9391706283466013,0.8513621614350323
20231018,0.9252897911842534,0.8400323298720792
20231019,0.9125084141130233,0.8279104471400507
20231020,0.8961179942661175,0.8217573763009622
20231023,0.8807594870500423,0.8058998282962956
20231024,0.8872197994100245,0.8169759617875895
20231025,0.8977109993931854,0.8245314410675397
20231026,0.9063928204177935,0.8261740555666639
20231027,0.9081033356046379,0.8373861836145067
20231030,0.9146372021473536,0.8428682445520981
20231031,0.9086234657375722,0.8405454810519014
20231101,0.9058210688471123,0.8400694921322452
20231102,0.8973558630428432,0.8341646467210677
20231103,0.9083046774992957,0.8402834234119072
20231106,0.9247756205884903,0.8517360145039604
20231107,0.9249110374717421,0.8530066119095844
20231108,0.9257594377008785,0.8529811771892618
20231109,0.9210442554730784,0.8513514625695479
20231110,0.9197869553041986,0.8478017684580323
20231113,0.9219763757426759,0.8525493840046003
20231114,0.9302639408305494,0.8550420274346555
20231115,0.9334655434397408,0.8601318558174877
20231116,0.9246361251456068,0.8541694059421301
20231117,0.9322208345446006,0.856268022973664
20231120,0.941223481664842,0.8614567109069752
20231121,0.9306226580150821,0.8610517026191384
20231122,0.9158451450174436,0.8535345653690676
20231123,0.9230183057853135,0.8597562146378471
20231124,0.9040938649995608,0.8529509844257379
20231127,0.9074242234186894,0.8495068946126748
20231128,0.9148039842196893,0.8525918407217733
20231129,0.9128853655135787,0.8467998973014709
20231130,0.9070503206007351,0.8455664817549313
20231201,0.9051802187129494,0.8484805450927999
20231204,0.9065790003138562,0.8475402458486323
20231205,0.8894161801880367,0.8321087526066475
20231206,0.8903985214038512,0.8355796480451156
20231207,0.8847254758207823,0.8343969658724012
20231208,0.8778613051565699,0.8305206458976035
20231211,0.8945958106337347,0.8379842623474797
20231212,0.894024210373985,0.8419303204111207
20231213,0.8817283897429602,0.8319956716552728
20231214,0.8766146961479389,0.8303976598770888
20231215,0.8758242571139963,0.8283821667724882
20231218,0.8633902763277527,0.8196931357601285
20231219,0.8685966351326821,0.8188557775583272
20231220,0.8442391706058572,0.8092170797433056
20231221,0.8507128969941535,0.815965201531617
20231222,0.8193630689977618,0.8100075176286821
20231225,0.8122567748950599,0.8088334096426311
20231226,0.7969525236048749,0.8010928249835325
20231227,0.8036770259530583,0.8047120446232385
20231228,0.818500279145085,0.8194117416369444
20231229,0.8326031850970841,0.8266334850237178
20240102,0.8291829386906424,0.8245675168574539
20240103,0.8172831024614192,0.823762463228702
20240104,0.8092772884342829,0.8201171721827814
20240105,0.7915950721724904,0.810819845508369
20240108,0.7712016510099775,0.7977080157005817
20240109,0.772648900103635,0.8018468057418784
20240110,0.7681150406710007,0.7978541254414111
20240111,0.7792618135559976,0.8058260483280961
20240112,0.7781301237600141,0.8026178433628666
20240115,0.7744584817775021,0.8025536080532698
20240116,0.7763568475570376,0.8019853513114443
20240117,0.7559679765230483,0.7838921692374097
20240118,0.7585336596086631,0.7844012485513349
20240119,0.7481810421512107,0.7793441920468845
20240122,0.7174204802695768,0.7473440409093249
20240123,0.7217867330460763,0.7532101803242088
20240124,0.7217867330460763,0.766567294019727
20240125,0.7217867330460763,0.7897171863985727
20240126,0.7217867330460763,0.7891761559476476
20240129,0.7217867330460763,0.7748618764193265
20240130,0.7217867330460763,0.7563278556069545
20240131,0.7217867330460763,0.736003668043924
20240201,0.7217867330460763,0.7294524058769684
20240202,0.7217867330460763,0.7124083933921689
20240205,0.7217867330460763,0.6875912622215014
20240206,0.7217867330460763,0.7135318963776828
20240207,0.7342511466699978,0.7239802787379291
20240208,0.7538614128948102,0.7442284277894247
20240219,0.7578827609623895,0.7571634085175613
20240220,0.7583011992581461,0.7612842611503513
20240221,0.7660373631421159,0.7689819667144634
20240222,0.775805507336906,0.7790816841189813
20240223,0.783261043117067,0.7866073864365939
20240226,0.7811445566604703,0.7864007544432137
20240227,0.7996329458495985,0.8009042123950836
20240228,0.7741514511484298,0.7759778234283456
20240229,0.7943472939362627,0.7964929800411591
20240301,0.7993836504578519,0.8011367214460602
20240304,0.8007212539582085,0.802225295836141
20240305,0.7993184664933229,0.7987433422727522
20240306,0.7969214729178111,0.8005417657694375
20240307,0.781295863263337,0.7963301826234509
20240308,0.787457672451299,0.8017628784868259
20240311,0.8011271115901993,0.8122780822322656
20240312,0.810678370162631,0.8157731889891361
20240313,0.8057941261496224,0.81379336012866
20240314,0.7960599246352953,0.8116866520855484
20240315,0.8007428434280595,0.8183026533546083
20240318,0.819155531298271,0.8274734926284363
20240319,0.8122585233130766,0.8239309336848641
20240320,0.8156956770985742,0.8289343626391606
20240321,0.8134178026882379,0.8289317329099034
20240322,0.8003020706192276,0.8202175512145548
20240325,0.7844117892055303,0.8099655590930668
20240326,0.7872557574596797,0.8103317445179085
20240327,0.7609378431320938,0.7928204052017371
20240328,0.7732627723196465,0.8035711919204251
20240329,0.776758812171075,0.8120855544870365
20240401,0.7996738162993919,0.826651632787647
20240402,0.7986443861215433,0.8250818521059221
20240403,0.789464064904462,0.8227022900369367
20240408,0.7740875210058578,0.8109159821518364
20240409,0.7860509749842584,0.8149684836838462
20240410,0.7703925078755859,0.8045363795044669
20240411,0.7766366386981768,0.806796326648081
20240412,0.764637107353374,0.8012051106314955
20240415,0.7617286633931454,0.7983735084679155
20240416,0.7302307239316768,0.7725580181216596
20240417,0.7595231850298805,0.797507416115441
20240418,0.7578226370908023,0.797202330097364
20240419,0.7544968534602835,0.7939261789975572
20240422,0.7462080488327661,0.788439163055206
20240423,0.7407842204723144,0.7836240056590544
20240424,0.7466267795023782,0.7915151916865637
20240425,0.7489792519733918,0.7926590062932352
20240426,0.7607041013894376,0.8042598723758533
20240429,0.7743295550745838,0.8189671133726555
20240430,0.7664537889996065,0.8136980858423843
20240506,0.7795724902938506,0.8272745687103377
20240507,0.7794557648451943,0.8291669942734146
20240508,0.7642849951305235,0.8204790439244707
20240509,0.7752928978367086,0.8305408918895977
20240510,0.7663370794594017,0.829186325185942
20240513,0.7571806015560328,0.8241608521817841
20240514,0.761058312180042,0.8265393348037151
20240515,0.7519361671983555,0.8210642418306308
20240516,0.7591881111719998,0.823420930468357
20240517,0.7815865728597656,0.8334791118948622
20240520,0.7798064673339248,0.8375153288810707
20240521,0.7754652019986779,0.8316815174230049
20240522,0.77937304163249,0.8320826089579906
20240523,0.7616055227177481,0.8171632254357438
20240524,0.7479669594100543,0.8093926845974275
20240527,0.7511969511927238,0.8158140637707217
20240528,0.7353804901649336,0.807643928637533
20240529,0.7371452748174391,0.8090203613775483
20240530,0.7306984838276854,0.8028582427177369
20240531,0.7254690202417028,0.8028936276046575
20240603,0.7216937545198445,0.7957365447969132
20240604,0.7297707807955248,0.7992201894923429
20240605,0.721619970221844,0.788674538628167
20240606,0.7124179603130798,0.7763465311245837
20240607,0.7133538081344941,0.7807921140559918
20240611,0.7121632775167965,0.7778087353209442
20240612,0.7138984246893229,0.7823408414615526
20240613,0.7116209660521475,0.7751601360099235
20240614,0.7131711776506328,0.777646134410466
20240617,0.7160446891169153,0.7723809147825949
20240618,0.7269981321025065,0.7776012013279945
20240619,0.7177098928968233,0.7718176288066196
20240620,0.7031802032240628,0.7607435138718565
20240621,0.7024558026589418,0.7597037551114322
20240624,0.6843100998076117,0.7438581445742115
20240625,0.6773830567654723,0.7426421753610217
20240626,0.693697428989593,0.7535545992385384
20240627,0.6803938865286405,0.7419937259226993
20240628,0.679327284196135,0.7445332975308667
20240701,0.6814492785814136,0.7532993341309893
20240702,0.6805155885134915,0.7511065647420573
20240703,0.671775945528444,0.7479236863700631
20240704,0.657599689052203,0.7356343339815736
20240705,0.6638058869611932,0.738646818812658
20240708,0.6441167886762038,0.7256218268398105
20240709,0.6551105519833379,0.7337508684233811
20240710,0.6510787157183392,0.7281743887587983
20240711,0.6656720853140046,0.7430119204086549
20240712,0.6655577059638567,0.7417535991729953
20240715,0.65920791623803,0.7375661877522438
20240716,0.6684389781217948,0.7380163834113276
20240717,0.6590975714613765,0.7353312465801445
20240718,0.6619067951483588,0.7383704661128536
20240719,0.6649791375231682,0.7383599851166408
20240722,0.6667555729416205,0.7356731005267465
20240723,0.6470039357582924,0.7197335867198089
20240724,0.6360376400629708,0.7118668486511321
20240725,0.637462711455395,0.7119004795902302
20240726,0.6455681655885478,0.7202236629960892
20240729,0.6436905261018041,0.7185602550431435
20240730,0.6395710923804113,0.7183913421157723
20240731,0.6537958797856737,0.7399599069776293
20240801,0.6529484809285886,0.7359224071590912
20240802,0.643228142140885,0.728964748852914
20240805,0.628189510831523,0.7175938780399124
20240806,0.6320390320669098,0.7248077442282244
20240807,0.6356232547053194,0.724561161321967
20240808,0.6302255815265807,0.7250990299538412
20240809,0.6268878181159996,0.7207041097481104
20240812,0.6220805441604266,0.7168582078813742
20240813,0.6205986349550535,0.7195138171744023
20240814,0.6121424749624232,0.713473199151236
20240815,0.6172639740049217,0.7195560760232368
20240816,0.6140614788972194,0.7158771618909976
20240819,0.6110815577904531,0.7167978983492169
20240820,0.6013636852680022,0.7063980125222876
20240821,0.5983567593916825,0.7034323032513585
20240822,0.5935614936327189,0.696344942966704
20240823,0.5921312989745471,0.6970145350577951
20240826,0.5932844539505318,0.69934667379697
20240827,0.583971470069093,0.6929618310739046
20240828,0.5855370235240586,0.6926043000356521
20240829,0.5923908621132821,0.6965795455435685
20240830,0.6064075623475351,0.7081766918182589
20240902,0.5917933945734142,0.6964866462277737
20240903,0.6000846119480552,0.7004696358823841
20240904,0.5973642293843616,0.6954040835557264
20240905,0.5982407056987366,0.6994205081406083
20240906,0.587451578337955,0.6904517280792001
20240909,0.5824847940009238,0.6846974603124533
20240910,0.5910210379776552,0.6854418187433087
20240911,0.5885047126161916,0.6828310800252568
20240912,0.5847707143365902,0.6809076293623745
20240913,0.5776360539253274,0.6764700007684409
20240918,0.5732897356108996,0.6768211982054388
20240919,0.5846919423389897,0.687910358469189
20240920,0.5875979005290022,0.6870154010252588
20240923,0.5886321512850604,0.689186073947023
20240924,0.6104248816539742,0.7168609724540969
20240925,0.6165737593622473,0.7264809098344841
20240926,0.6372936364938843,0.7574172893297338
20240927,0.6704357646398471,0.7920176482304123
20240930,0.7424064769550615,0.8665967167201815
20241008,0.8096480893851263,0.9169480745572233
20241009,0.7531207699206425,0.8433376621254359
20241010,0.7439218368059645,0.850304566525836
20241011,0.719379770142935,0.8241558028361828
20241014,0.7473322857822164,0.8445247602076685
20241015,0.7320473750252212,0.8266497438175127
20241016,0.7311524038343113,0.8279259019772233
20241017,0.7267004756412004,0.819407160380879
20241018,0.7616318352382302,0.8435551720387832
20241021,0.7758658308735568,0.8521204068594179
20241022,0.7778861646244403,0.8613566591500436
20241023,0.7771039011512636,0.8644803338304832
20241024,0.7729504887566921,0.8584285616627709
20241025,0.7847969815558011,0.8708987593932533
20241028,0.7944971150518202,0.8877425228515368
20241029,0.7792479983017663,0.8750197130712315
20241030,0.7820801466510084,0.8754322942096404
20241031,0.7916232913994228,0.881662017468655
20241101,0.7821860300141237,0.8709854306867281
20241104,0.7951157005449868,0.8815086891276532
20241105,0.8159801939148849,0.9044807401360333
20241106,0.8220658695913898,0.9078506858681215
20241107,0.8395535363173803,0.9315470042856075
20241108,0.8343867307659194,0.926192018505969
20241111,0.8444213944367726,0.9337826375865436
20241112,0.8291556941405964,0.9242431043030528
20241113,0.8324359583466571,0.9259967376136016
20241114,0.8055970698302034,0.9048813980574691
20241115,0.7818221145296661,0.8887848593122605
20241118,0.7699046998864899,0.8793305682102615
20241119,0.7856102500356432,0.8906261710769325
20241120,0.7926053192363217,0.9022514726257038
20241121,0.7935158748944682,0.9030619361811578
20241122,0.7646162453319528,0.8752576662241265
20241125,0.7670090905712145,0.8782642636038521
20241126,0.7537436377707176,0.8732915230295131
20241127,0.7741218962918455,0.8878839331801869
20241128,0.7668142068614984,0.8862603289758156
20241129,0.7803857728512698,0.8975124475538109
20241202,0.7954051884447044,0.9138780015460256
20241203,0.7939993505695352,0.9153166178699287
20241204,0.7805385086622085,0.9059856338198998
20241205,0.7956513821648102,0.9108371610678281
20241206,0.8087898815180172,0.9220238911548506
20241209,0.8074665510896707,0.9180755151722343
20241210,0.813129721500737,0.9244442492843754
20241211,0.820404175256899,0.9348372438730371
20241212,0.8236222494926725,0.9454954770121486
20241213,0.8158893853887916,0.9273465603831208
20241216,0.8070826943373569,0.9231407739684176
20241217,0.7828150262218019,0.9056649815627869
20241218,0.7880142329095663,0.9093455261104877
20241219,0.7911196528368304,0.9071035360008401
20241220,0.7926893617168201,0.9075526328288377
20241223,0.7660283233614897,0.8887356139921149
20241224,0.7759028868832376,0.8980536087725237
20241225,0.7697593554965775,0.8898690164287704
20241226,0.7726130187393749,0.8943271700852501
20241227,0.7734198368684817,0.8980008559728108
20241230,0.7716155537303312,0.894426358602283
20241231,0.7548935853064374,0.8774226921016555
20250102,0.7322691392069184,0.8599854496115281
20250103,0.7176221874319058,0.838292369729398
20250106,0.7153687619523261,0.835048713942695
20250107,0.7261377408854911,0.8452367243114044
20250108,0.725514395160465,0.844235768086155
20250109,0.7288722541653364,0.8423598875097745
20250110,0.7169494571466913,0.8245818311614538
20250113,0.7140459908888164,0.8252452400575543
20250114,0.7482611012455037,0.8532595710998391
20250115,0.7421828971932356,0.8487005245624811
20250116,0.7427454865170434,0.8540768474557181
20250117,0.748340926888739,0.8547432576438394
20250120,0.7578071949639139,0.8586289635311347
20250121,0.7634679513196185,0.8571752980764399
20250122,0.7653250627431377,0.8484470932439502
20250123,0.7567580220294889,0.8482536449325883
20250124,0.7681765904133073,0.8562830318050672
20250127,0.7511865725556544,0.8522814209472304
20250205,0.74793777156383,0.8502367776689519
20250206,0.7676161612540278,0.8629042145037356
20250207,0.7781722092602192,0.8748906311764911
20250210,0.7883337165656578,0.8836551885806733
20250211,0.7879220968834018,0.8810681191391324
20250212,0.801373505394659,0.8887959061317372
20250213,0.7942194367026386,0.8865517982864901
20250214,0.8076301065245788,0.8882121193792414
20250217,0.8108192440716866,0.8926124492771995
20250218,0.7834922810435662,0.875956668393571
20250219,0.803873272164762,0.8860078897940706
20250220,0.8032218795125472,0.8884166334694503
20250221,0.829703415838646,0.8950239613217704
20250224,0.8262948427391761,0.8975778706885434
20250225,0.8159931837505904,0.8894156863010639
20250226,0.821523861496778,0.8994409791373356
20250227,0.8187250725363535,0.9015819645624978
20250228,0.7965070359668222,0.8812304889580719
20250303,0.8039771686449323,0.8831328737829461
20250304,0.8061956091773144,0.886743408609083
20250305,0.8092318893686156,0.8885541116350721
20250306,0.819997591069612,0.9015506920232544
20250307,0.8187250887672343,0.8990292503503485
20250310,0.8228720953287463,0.9001980980083313
20250311,0.8256388873583382,0.9064805617840109
20250312,0.8246406807541197,0.9061308711311918
20250313,0.8112629364300658,0.902146396898945
20250314,0.8284965113013422,0.9180547770356469
20250317,0.8309837800111163,0.9209097387904238
20250318,0.837011353404587,0.9224425794222125
20250319,0.8324328449039625,0.919065709292856
20250320,0.8307159445928521,0.9152902989364871
20250321,0.811103352287313,0.9044804997943927
20250324,0.8067986708081263,0.9002417964039686
20250325,0.7974310600466631,0.898716252128193
20250326,0.802552528072403,0.9013379951866922
20250327,0.796871047744011,0.8992249088200659
20250328,0.7865903205694024,0.891154469569437
20250331,0.7774723631428868,0.8826471969021114
20250401,0.7810147648817602,0.8873113165691497
20250402,0.7802513766246034,0.888145993096028
20250403,0.7693735770078208,0.8850845239419529
20250407,0.6899111182004417,0.8049763095984062
20250408,0.6908938200037689,0.8169113610817211
20250409,0.7015796613758116,0.8328143881729564
20250410,0.7206893309096043,0.8492564739350644
20250411,0.721653033235314,0.8504294293475229
20250414,0.7361438464007835,0.8602566736608543
20250415,0.731200433344982,0.8598269237627872
20250416,0.7280428782308349,0.8553465290836991
20250417,0.7285685946563393,0.8575410968339192
20250418,0.7252064988587584,0.8557236891898017
20250421,0.7422480919540777,0.8649662783778753
20250422,0.7450308530670745,0.8655117476502869
20250423,0.7389732086139169,0.8656450055604324
20250424,0.7349426316970961,0.8628228968647328
20250425,0.7368349843083409,0.864895899135778
20250428,0.7275017027282882,0.8574019553935612
20250429,0.7343784545150356,0.8592204556755166
20250430,0.7407411337146023,0.861348279910925
20250506,0.7590530679944797,0.8768189178011818
20250507,0.7637129470499315,0.8820860063720922
20250508,0.7676130456312028,0.8864224548864168
20250509,0.7593469233503457,0.8812511361061394
20250512,0.7728095556891781,0.8899582394693906
20250513,0.7705353872006819,0.8898231169738033
20250514,0.7708874005749142,0.8950129192106026
20250515,0.7640299054551865,0.88773708700489
20250516,0.7682926007955443,0.8871165029421227
20250519,0.7712843148500519,0.8916554351225855
20250520,0.7765552673439488,0.8986562141180581
20250521,0.7740588964830151,0.8988242235164782
20250522,0.764709036666793,0.8917714901983521
20250523,0.7585254685608895,0.8825499679562225
20250526,0.7612706783575254,0.8847995630107219
20250527,0.7636479915949855,0.8838289488410762
20250528,0.7589827687677224,0.8830363867066319
20250529,0.7684424361373935,0.8910213423889527
20250530,0.7617020026161171,0.88403349318575
20250603,0.770090369130308,0.8887539303411117
20250604,0.7780148626053829,0.8970482698700328
20250605,0.7757337095474516,0.8964519646824282
20250606,0.7767370388342669,0.8957807408721886
20250609,0.7893515400803536,0.9023601852500578
20250610,0.7866263248535736,0.8972846488631948
20250611,0.7881971750097676,0.903186477453161
20250612,0.7937948163221199,0.903099341060849
20250613,0.7810336110333865,0.8926547477094133
20250616,0.7921158428534133,0.8965230006640257
20250617,0.7885849292802588,0.8960443381692347
20250618,0.7844296963147191,0.8924265725453115
20250619,0.7736516772403531,0.8805404603867326
20250620,0.762331306663347,0.8768505831161112
20250623,0.7720425701060231,0.8835220777222634
20250624,0.7854111667367906,0.8955002838975897
20250625,0.797678800688088,0.9044956243092546
20250626,0.7920454200898677,0.9022295372418971
20250627,0.7904000384123245,0.9032532654223583
20250630,0.7948868874467104,0.9108074045633656
20250701,0.7898441996006689,0.9138042858388523
20250702,0.7856695293156839,0.9131298717486453
20250703,0.7916903151982955,0.9167626325565326
20250704,0.7903686888382766,0.9146557664575398
20250707,0.7911287627672909,0.9168749828360958
20250708,0.8041434267910013,0.9258912376966155
20250709,0.8021636248596717,0.9253044190938673
20250710,0.8008443704720951,0.9292609663459264
20250711,0.8020755449307393,0.931932234094069
20250714,0.8087750597492904,0.9334754218002408
20250715,0.8020286261762299,0.9282579345024863
20250716,0.8029887737642055,0.9293745675779267
20250717,0.8071280415570666,0.9360322913673188
20250718,0.8076541393766099,0.9395872301818945
20250721,0.8211239451217824,0.9512663505902724
20250722,0.8308866944932489,0.9611614951322424
20250723,0.8214950432432624,0.9575761049012275
20250724,0.8300592669613842,0.9692415367100968
20250725,0.8236997805607336,0.9655325418126458
20250728,0.8234907876463278,0.9652548486032302
20250729,0.824717301494481,0.9676220062143536
20250730,0.8216561177846232,0.9664598999567086
20250731,0.8113371569035522,0.9511950741907664
20250801,0.8109939300472225,0.9499882242396005
20250804,0.8181575250849464,0.9556357991193257
20250805,0.8246132015654604,0.9635660862059813
20250806,0.831846664584753,0.9689626968959835
20250807,0.8272619010214092,0.9699181498902559
20250808,0.8213227042152825,0.9705271335586432
20250811,0.8354245989805354,0.9781987105971842
20250812,0.8378004791428382,0.9801898155532139
20250813,0.848721280038666,0.9866541348374319
20250814,0.8413255176914404,0.9758202361407301
20250815,0.8604387971004875,0.9882623979853146
20250818,0.8776842445267118,0.9999957060232184
20250819,0.8792494643953291,1.0017993996473924
20250820,0.8879570112685367,1.0107930557399378
20250821,0.8812997758710156,1.012144738514198
20250822,0.9022301113876053,1.0226138809875922
20250825,0.9245264178175134,1.0402564010471644
20250826,0.9244311359377966,1.0426105712905338
20250827,0.9128892439995538,1.0208246332977688
20250828,0.9346155182222933,1.030084276866491
20250829,0.9437691742173225,1.0330559147296847
20250901,0.9577095916498967,1.0407905995982982
20250902,0.9432010779098099,1.0292649475299886
20250903,0.93227426781345,1.015820291265478
20250904,0.8850714523959529,1.003008784172087
20250905,0.9233064078529577,1.0228317168232433
20250908,0.9201090797581684,1.0317716991364376
20250909,0.9129800082409734,1.0270417048899396
20250910,0.9217476072200447,1.0282050097933726
20250911,0.9574166173858487,1.0444809965692938
20250912,0.9558536458939797,1.041414672439154
20250915,0.9484865496476286,1.041990051079912
20250916,0.9542196565425173,1.0476134303457265
20250917,0.9605395375395961,1.0517310218076996
20250918,0.9514690459772186,1.036987061022731
20250919,0.9417358127155179,1.0370155780728925
20250922,0.9477858859665708,1.0348466851374398
20250923,0.945323835944038,1.0258135868839278
20250924,0.9612507848534625,1.036295438541104
20250925,0.9647431454525497,1.0347113855941747
20250926,0.9512490912361299,1.0275723032031014
20250929,0.9702781232856419,1.0374532869871114
20250930,0.9773489298104026,1.0410832718021048
20251009,0.9868421443063348,1.051082696699069
20251010,0.9757073123088026,1.04656048028958
20251013,0.9709627682748261,1.0425020276506094
20251014,0.9644618177136236,1.0348181223856936
20251015,0.978167884518652,1.0464527049538677
20251016,0.9748187781659413,1.0398458269566047
20251017,0.9508760048994657,1.0193312378000805
20251020,0.9584163444542766,1.0265232653257421
20251021,0.9734962776715553,1.0405259954113657
20251022,0.9687617245179961,1.0379777428155137
20251023,0.9740415190496526,1.0404675807455395
20251024,0.980581145113613,1.0443410374397346
20251027,0.9933720865827417,1.053989777176138
20251028,0.9798685736383225,1.0511795126080339
20251029,0.9978351431812363,1.0586914994313625
20251030,0.994242873670953,1.0491245178963449
20251031,0.9843770228281032,1.0494822736329825
20251103,0.9836908711751479,1.0555788834337414
20251104,0.9688144150273822,1.0477674643936636
20251105,0.9747196266082,1.0520917653607762
20251106,0.9902621882715724,1.0592210409963496
20251107,0.9906781954217011,1.0592445756058082
20251110,0.9915907155471414,1.0681443406882438
20251111,0.9915872525126203,1.066439298784439
20251112,0.9828028649909795,1.0640659471265506
20251113,0.9966197158730424,1.0761145883638854
20251114,0.9848307354612768,1.067888533778754
20251117,0.9880134359054267,1.0680305656589155
20251118,0.9735418509257626,1.0567083351768176
20251119,0.9686989813571171,1.0522146135864334
20251120,0.9582589158225073,1.04621039482991
20251121,0.9105337223236919,1.0153233935470813
20251124,0.9109995976388794,1.0217924811948498
20251125,0.9284532763727729,1.032816384583212
20251126,0.9307734324222936,1.0331779715280809
20251127,0.9355311182472701,1.032238245388096
20251128,0.948165336771366,1.039966533881503
20251201,0.9637206649964335,1.048421792138459
20251202,0.9545890441692896,1.0443245448984015
20251203,0.9529998043806829,1.0373296631807187
20251204,0.9535599118967226,1.0325850136588302
20251205,0.9703092822728662,1.0433826233410204
20251208,0.9844021814266568,1.0503041830183255
20251209,0.9774751161839705,1.0433588898843533
20251210,0.9818113224033748,1.0479126603717694
20251211,0.97315325535574,1.0338080047815872
20251212,0.9864548504457462,1.0374404469613225
20251215,0.9795304475038301,1.0354346977113973
20251216,0.9608442756738235,1.0226793131834102
20251217,0.9778622613739222,1.033512136000787
20251218,0.9756471485170983,1.0328929245762655
20251219,0.9873070809205409,1.0448893295578228
20251222,1.013246227529787,1.0523791145195047
20251223,1.0136239130242979,1.048713379051208
20251224,1.0242953141481155,1.0565790430233766
20251225,1.0234427072763679,1.062582616330011
20251226,1.036012672371135,1.065932277607714
20251229,1.0263154192399297,1.06292769970266
20251230,1.033583469965753,1.0627551881572168
20251231,1.0316753281667,1.0636056098544946
20260105,1.0496545617337665,1.0785464374714255
20260106,1.0615173237535107,1.0942521991791134
20260107,1.0614556014448933,1.095887099352088
20260108,1.07555114543393,1.1001508176634769
20260109,1.1106832573245524,1.1140089404308204
20260112,1.1694313750985135,1.1317176034580898
20260113,1.1692847072647259,1.1212257919081778
20260114,1.1881481041505233,1.1241143590693443
20260115,1.1632916716534234,1.1182758670984991
20260116,1.1305894356231503,1.11020700405391
20260119,1.1217930308765947,1.1189086951759155
20260120,1.1201373133964951,1.1183886645419465
20260121,1.1210656745208412,1.1209481686092744
20260122,1.1267735495039994,1.1298747336648969
20260123,1.1455675574686541,1.1390294784801562
20260126,1.1377146473736037,1.1327893606650465
20260127,1.1302826922569593,1.128942253225606
20260128,1.1305917727850658,1.1304406593618537
20260129,1.1203613659111669,1.1347201330072902
20260130,1.1163907285583534,1.125282924940852
20260202,1.087731644768709,1.0950966378991789
20260203,1.120396415509984,1.1177216778967127
20260204,1.1188386010950588,1.1292768398296955
20260205,1.0903662354084092,1.1219296758299773
20260206,1.0903811844943767,1.1187049040331434
20260209,1.1268362548502386,1.1373157986622198
20260210,1.1257363040914012,1.1384473975104352
20260211,1.115076389197077,1.1392528412096004
20260212,1.1323774201387475,1.1405283665646695
20260213,1.1145698880813937,1.128362815643814
20260224,1.1362752509170582,1.1411278783944478
20260225,1.14921091322538,1.1530529909271754
20260226,1.158666649017946,1.1518283377806715
20260227,1.1677318226346984,1.160197975823398
20260302,1.1622275966081204,1.1565067096379906
20260303,1.1211542370231522,1.1305106366566278
20260304,1.1152340220802468,1.1216609382300664
20260305,1.1302168004559325,1.1293976854884507
20260306,1.1519223135853374,1.1399250052581908
20260309,1.1387450943271806,1.132566232916016
20260310,1.1560197660822573,1.1433060455552146
20260311,1.1671240857017176,1.14603714714995
20260312,1.1638363368716969,1.1436543439997215
20260313,1.1602359206272106,1.1331513182874637
20260316,1.1587499542261823,1.130638761833091
20260317,1.1336139756686305,1.116214135392261
20260318,1.1443280275616832,1.121552562029214
20260319,1.1189769708950004,1.0993422322859385
20260320,1.1134360318013683,1.0814239832928227
20260323,1.0698461684591922,1.0366155047189691
20260324,1.092242348490747,1.0601870467730499
20260325,1.1187922764598663,1.078809080004868
20260326,1.095198880560204,1.0645199377668932
20260327,1.110204594723203,1.0745480549279651
20260330,1.1181436346142954,1.0762935045978173
20260331,1.0997595423111977,1.0630936935370086
20260401,1.117595519095551,1.078930992990255
20260402,1.1003453810993058,1.0663806938046094
20260403,1.0805301796497742,1.0498635270521817
20260407,1.0915829531372054,1.0578162140656673
20260408,1.1412296391411882,1.093123118950116
20260409,1.1312774205980871,1.0825698246644744
20260410,1.1469903941533375,1.0903257192079332
20260413,1.1425041248523866,1.0921571359963365
20260414,1.1635112154690133,1.10233679186841
20260415,1.1528346085172891,1.0981157325643396
20260416,1.174577788118063,1.1117323631517808
20260417,1.1836369020565265,1.110482508854568
20260420,1.1965722302245663,1.116326355126656
20260421,1.1924120814417583,1.1163216323747636
20260422,1.2069856187096886,1.1210217600878811
20260423,1.1936446870880122,1.115548025256551
20260424,1.171322150661485,1.109018307921738
20260427,1.1838196607262808,1.1110001250100152
20260428,1.165153491489892,1.1073678924550046
20260429,1.1697801174135678,1.122943492218433
20260430,1.1852598258261846,1.12409825168813
20260506,1.2161045900656295,1.1395967311888753
20260507,1.2488612717617422,1.1472072064418009
20260508,1.2612596777017246,1.1493255554325592
20260511,1.299369629562651,1.157125905104519
20260512,1.2903787468643515,1.1481389270384998
20260513,1.3174303717281175,1.1556304040749388
20260514,1.2787094691308625,1.13464910137726
20260515,1.2699268539741357,1.1227906774350964
20260518,1.274373954568193,1.1176498784931892
20260519,1.2883186546704566,1.1233779217695923
20260520,1.2969016501478632,1.1166448414603778
20260521,1.2590746119832381,1.091085409492837
20260522,1.2956558132758151,1.1027574644973168
20260525,1.326020360089128,1.1066053144794035
20260526,1.3170709895947246,1.1012142501008715
20260527,1.3034041969941441,1.0866047243376857
20260528,1.322661106439659,1.088113375904487
20260529,1.2967143176347884,1.0795582793107774
20260601,1.278574845376457,1.0852422201455945
20260602,1.2914345599980799,1.0812740818745428
20260603,1.3063367710875082,1.078826541260559
20260604,1.3162307976006853,1.0672503598117982
20260605,1.287503743227634,1.0630456789773979
20260608,1.2511675066066112,1.0384204132487016
20260609,1.2705162131325554,1.0496953138111031
20260610,1.2669533058070634,1.040267985005447
20260611,1.261695409979294,1.0335996224408348
20260612,1.2726574098306107,1.0457325583451542
20260615,1.297201046973992,1.0623416273105972
20260616,1.300593559546876,1.061202994845218
20260617,1.3002061806417307,1.0596598029928157
20260618,1.2912822110406712,1.0524560151202778
20260622,1.3114890538441188,1.0665228340894632
20260623,1.2994924225489126,1.0523168577141686
20260624,1.2986303659976821,1.0485065976808094
20260625,1.306408121379493,1.0455336570060525
20260626,1.2629493963725344,1.0212295424690205
20260629,1.2915469129479193,1.023510176034139
20260630,1.2856030223504775,1.02873981005296
20260701,1.3319771044948585,1.0458461980166964
20260702,1.319362374687231,1.0355547006787174
20260703,1.322552526878072,1.0432318946983166
20260706,1.3246858839181102,1.0394838931250137
20260707,1.2847622411282955,1.0178044351580806
20260708,1.2706278201932777,1.0067529622965985
20260709,1.3080063704427354,1.0128157895288892
20260710,1.3069770680852524,1.0150250167643216
20260713,1.2590262631935072,0.9879316564453475
20260714,1.2761040506049153,1.004345255845924
20260715,1.2866606050380907,1.0097572960733463
20260716,1.2771856181782621,0.9994963890095343
20260717,1.1952505416320682,0.9633197226003217
20260720,1.1856459841172031,0.9626165770848439
20260721,1.2291362305567777,0.9750012056099456
20260722,1.2012660957855523,0.972864797132411
20260723,1.1863673615624681,0.9831980173345294
20260724,1.1566987262256017,0.9580417409067171
20260727,1.1880162685178823,0.9795359745153747
20260728,1.1145503115996718,0.9692901710203724
20260729,1.1150804245340795,0.9816772859199608
20260730,1.0559233174801999,0.9739544426920065
20260731,1.1029275764347592,0.9892668915545798
20260803,1.0912547978965563,0.9917285857069771
20260804,1.1568150546632838,1.000984745530481
20260805,1.1611376052422724,1.0129591055602931
20260806,1.1574917645826683,1.01425219431029
20260807,1.1558292063715583,1.0204308732627854
20260810,1.1481577933954434,1.0321705523585514
20260811,1.147466603228021,1.02519697330253
20260812,1.166011916685094,1.0330357368052883
20260813,1.1580339569184472,1.0233710910952183
