date,nav
20100104,80000000.0
20100105,80000000.0
20100106,80000000.0
20100107,80000000.0
20100108,80000000.0
20100111,80000000.0
20100112,80000000.0
20100113,80000000.0
20100114,80000000.0
20100115,80000000.0
20100118,80000000.0
20100119,80000000.0
20100120,80000000.0
20100121,80000000.0
20100122,80000000.0
20100125,80000000.0
20100126,80000000.0
20100127,80000000.0
20100128,80000000.0
20100129,80000000.0
20100201,80000000.0
20100202,80000000.0
20100203,80000000.0
20100204,80000000.0
20100205,80000000.0
20100208,80000000.0
20100209,80000000.0
20100210,80000000.0
20100211,80000000.0
20100212,80000000.0
20100222,80000000.0
20100223,80000000.0
20100224,80000000.0
20100225,80000000.0
20100226,80000000.0
20100301,80135352.91076836
20100302,80116691.73265769
20100303,80387172.94023882
20100304,79664621.1627719
20100305,79750462.69839105
20100308,79999313.29133008
20100309,79968328.91152827
20100310,79790976.85630795
20100311,79748083.10798858
20100312,79626965.04631823
20100315,79615545.35574417
20100316,79627672.79303578
20100317,79730015.31023769
20100318,79754229.80530278
20100319,79833894.99419196
20100322,79911699.44176179
20100323,79909380.31114678
20100324,79972901.48787382
20100325,79951135.11043972
20100326,80057892.87952544
20100329,80110545.57359566
20100330,80201289.86206636
20100331,80276786.64798485
20100401,80442661.59779844
20100402,80468953.78127818
20100406,80528572.42872818
20100407,80569152.93276879
20100408,80588172.55797769
20100409,80820034.38880505
20100412,81095649.8306031
20100413,80897080.93153484
20100414,81029323.47273599
20100415,80893497.6462341
20100416,80889175.9244641
20100419,80630424.44072147
20100420,80875472.25584456
20100421,81123241.16082399
20100422,81246474.79541975
20100423,81204762.66687873
20100426,81244429.9326297
20100427,81143429.37887664
20100428,81125104.04916151
20100429,80906323.91528083
20100430,80879212.91207053
20100504,80883685.1509939
20100505,80939887.38091846
20100506,80909400.35551079
20100507,80874107.58302559
20100510,80834669.48396143
20100511,80834061.92187092
20100512,80809540.84883857
20100513,80824151.96724212
20100514,80831474.690124
20100517,80821894.86721459
20100518,80822574.89002165
20100519,80831275.77865383
20100520,80818386.02436915
20100521,80822424.85230535
20100524,80842468.72850737
20100525,80854047.59353939
20100526,80845939.57629134
20100527,80885634.2836676
20100528,80921407.74858274
20100531,80861811.46735787
20100601,80833146.48374145
20100602,80836973.49964571
20100603,80836344.47368966
20100604,80854789.07963304
20100607,80884975.62272123
20100608,80918455.65101056
20100609,80952735.18326198
20100610,80955793.58478865
20100611,80939280.57397792
20100617,80872850.45293793
20100618,80816686.81833896
20100621,80839034.55345097
20100622,80849275.33686933
20100623,80848078.79327455
20100624,80851829.19755855
20100625,80838623.01051192
20100628,80821717.39666761
20100629,80810570.45663135
20100630,80815743.78834857
20100701,80820223.78834857
20100702,80817723.5837831
20100705,80833391.67792137
20100706,80841688.14078066
20100707,80848305.09091444
20100708,80853354.72589181
20100709,80867440.81999546
20100712,80861108.8032654
20100713,80853712.4994179
20100714,80851145.52540797
20100715,80832946.41868834
20100716,80844146.38845122
20100719,80862778.49921891
20100720,80880888.65388691
20100721,80881981.61813936
20100722,80909743.02874728
20100723,80900749.59390987
20100726,80932054.39816466
20100727,80935128.79584274
20100728,80973024.79960775
20100729,80986981.34234072
20100730,81005619.6131078
20100802,81051866.002991
20100803,81005478.02306661
20100804,81055172.97814389
20100805,81054576.71226433
20100806,81091093.28873038
20100809,81125966.36344254
20100810,81062907.10418889
20100811,81110486.17622815
20100812,81091803.47727191
20100813,81120354.0986573
20100816,81169775.02996221
20100817,81241606.7347379
20100818,81267888.38552125
20100819,81293872.21855986
20100820,81220531.50508834
20100823,81273847.35108697
20100824,81311997.01588462
20100825,81267957.36103104
20100826,81328837.83034052
20100827,81376515.49207276
20100830,81521703.29267135
20100831,81636148.46680799
20100901,81553114.97172739
20100902,81750436.97005789
20100903,81828150.1489403
20100906,81787310.76919092
20100907,81870742.86989945
20100908,82039217.035947
20100909,81937136.31567006
20100910,82058950.3577147
20100913,82241348.89376232
20100914,82342059.32491171
20100915,82078779.63160264
20100916,81927867.19573538
20100917,81992966.63137054
20100920,81944483.54148108
20100921,81902108.45303118
20100927,82105123.0500539
20100928,82158848.20397286
20100929,82091004.50937437
20100930,82213908.31893788
20101008,82420542.14518589
20101011,82447297.46554732
20101012,82704895.91909435
20101013,82745512.99374609
20101014,82775217.33719337
20101015,83008231.21301167
20101018,82800467.63180755
20101019,83115147.8481614
20101020,83277481.40928239
20101021,83355234.21053097
20101022,83426867.57310712
20101025,83908871.34980145
20101026,83968790.85762788
20101027,83677388.13217439
20101028,83691507.44484444
20101029,83868845.98637612
20101101,84425952.38894588
20101102,84289848.08212733
20101103,84002883.76458839
20101104,84415505.76076841
20101105,84625306.37645242
20101108,84875356.01962133
20101109,84921075.00545098
20101110,85041997.97747023
20101111,84884218.10815367
20101112,84354688.31249951
20101115,84709216.01654543
20101116,84578769.3816173
20101117,84279281.83429697
20101118,84312868.72169705
20101119,84471792.15945485
20101122,84543717.8839895
20101123,84537819.32004829
20101124,84688265.29991412
20101125,84663508.5868583
20101126,84651740.1256041
20101129,84729998.57481438
20101130,84660691.02468884
20101201,84613494.46806015
20101202,84611599.19197461
20101203,84567388.64605315
20101206,84539137.05820085
20101207,84569791.7087383
20101208,84559015.00913396
20101209,84508548.47720481
20101210,84523837.35784224
20101213,84607306.68105146
20101214,84660175.84354043
20101215,84646420.81226754
20101216,84640363.60360874
20101217,84682508.75119168
20101220,84663970.90144403
20101221,84745717.53605142
20101222,84673435.6101715
20101223,84550670.23744847
20101224,84499612.71351127
20101227,84478876.9752966
20101228,84466277.4042748
20101229,84483273.18019807
20101230,84493095.93601663
20101231,84504118.48309538
20110104,84532414.17504054
20110105,84601926.77577315
20110106,84605037.30222692
20110107,84543672.80852388
20110110,84510254.00471854
20110111,84490713.97135568
20110112,84543071.19107194
20110113,84535266.97561513
20110114,84528129.72601144
20110117,84472740.51380946
20110118,84477744.70246112
20110119,84508328.57283199
20110120,84497846.6657314
20110121,84511896.97577941
20110124,84499899.9457527
20110125,84459617.08928996
20110126,84474969.03560217
20110127,84485239.97026679
20110128,84497872.6588107
20110131,84558577.43749774
20110201,84560900.97747873
20110209,84597096.74975029
20110210,84640402.94289403
20110211,84644410.7069637
20110214,84711454.52373563
20110215,84723924.11103997
20110216,84787990.5380364
20110217,84831206.22081432
20110218,84766832.21243171
20110221,84861201.61632468
20110222,84753071.07468906
20110223,84763068.74625526
20110224,84767508.4740877
20110225,84781297.69434056
20110228,84835906.47148718
20110301,84866834.3088182
20110302,84876573.33157
20110303,84844951.43092638
20110304,84890316.51557966
20110307,84927331.95394567
20110308,84961601.36933371
20110309,84975031.80021065
20110310,84936497.6703032
20110311,84927288.95491393
20110314,84970781.05188099
20110315,84931981.58648051
20110316,84958474.6124777
20110317,84909226.73875752
20110318,84971952.25339098
20110321,84943357.81649768
20110322,84940962.60986075
20110323,84984892.38835794
20110324,85010865.53133732
20110325,85036044.04606645
20110328,85070360.62312493
20110329,85023135.30902696
20110330,85006780.98505163
20110331,84960472.28164327
20110401,85018496.42967816
20110406,85054783.8406891
20110407,85079121.84445688
20110408,85117813.963291
20110411,85119949.36019404
20110412,85079985.15523358
20110413,85184898.17640227
20110414,85176067.44033246
20110415,85251419.31790605
20110418,85314758.11667903
20110419,85226167.40549403
20110420,85220598.64865477
20110421,85294342.97800167
20110422,85252329.87760888
20110425,85179220.16583076
20110426,85072654.40900481
20110427,85067653.68225303
20110428,85012534.76967062
20110429,85039548.69650479
20110503,85076997.97332832
20110504,85067872.9747126
20110505,85081547.38207741
20110506,85101276.08751765
20110509,85131915.88594277
20110510,85125466.33962001
20110511,85136233.03262107
20110512,85113204.39809331
20110513,85129003.24916199
20110516,85154714.07817845
20110517,85096789.2755516
20110518,85112550.5492761
20110519,85108926.07524316
20110520,85091824.55606043
20110523,85037935.16237111
20110524,85044128.14185636
20110525,85051241.24503191
20110526,85040620.0193263
20110527,85015667.39108452
20110530,85012209.0866389
20110531,85018220.42137389
20110601,85021418.45647591
20110602,85025745.82244284
20110603,85032538.01667193
20110607,85051005.23579541
20110608,85057991.018406
20110609,85041543.05237482
20110610,85029677.12153214
20110613,85037556.03506942
20110614,85035632.47173093
20110615,85029809.75850374
20110616,85020852.44295266
20110617,85015047.83886296
20110620,85014829.61927351
20110621,85016903.15089852
20110622,85017236.55155917
20110623,85022763.4679049
20110624,85035460.18398719
20110627,85070306.00089946
20110628,85075080.63889442
20110629,85057225.9081797
20110630,85087240.51470248
20110701,85089357.24347246
20110704,85124929.33574784
20110705,85148217.09174114
20110706,85156951.9686317
20110707,85172201.44439468
20110708,85172333.08015628
20110711,85185184.84101251
20110712,85142577.62925781
20110713,85195850.55047064
20110714,85222606.1190428
20110715,85220521.35290127
20110718,85229379.40415227
20110719,85221861.0886442
20110720,85227974.16484524
20110721,85234073.65656972
20110722,85257252.0523407
20110725,85228819.08540507
20110726,85236547.97207834
20110727,85271261.25960796
20110728,85270567.26733409
20110729,85246240.98422933
20110801,85254466.36071295
20110802,85278120.40103537
20110803,85267084.73058374
20110804,85261978.71524431
20110805,85269778.12495752
20110808,85256895.88511889
20110809,85272572.28363046
20110810,85298341.41322856
20110811,85380300.02175544
20110812,85371336.58567068
20110815,85408132.6297492
20110816,85371443.32968351
20110817,85360880.15902211
20110818,85291113.01975746
20110819,85275397.3170747
20110822,85257069.60909636
20110823,85286181.92667079
20110824,85289430.88152945
20110825,85312882.46237609
20110826,85321720.50544462
20110829,85308658.32295199
20110830,85300821.47246648
20110831,85292698.5908509
20110901,85281752.92861247
20110902,85275735.4060674
20110905,85261878.85341308
20110906,85263233.39751565
20110907,85274012.98003829
20110908,85281817.76320589
20110909,85272061.96804821
20110913,85271224.232276
20110914,85289073.79998556
20110915,85284145.25203848
20110916,85302424.6594943
20110919,85299322.41924198
20110920,85305982.23894094
20110921,85331200.4932277
20110922,85322302.4934708
20110923,85317954.2673801
20110926,85311266.94714494
20110927,85304754.67150094
20110928,85293775.58939582
20110929,85279695.21955332
20110930,85272546.51574455
20111010,85271181.81351261
20111011,85266461.01147227
20111012,85279167.29762767
20111013,85290921.23196425
20111014,85289518.75371028
20111017,85300158.40766087
20111018,85271799.70264739
20111019,85270786.38693167
20111020,85254120.96553554
20111021,85246925.98938888
20111024,85258895.47784898
20111025,85278143.62998831
20111026,85296643.36019671
20111027,85285317.43182234
20111028,85314143.37036628
20111031,85330932.24526381
20111101,85331640.21982345
20111102,85379346.98782381
20111103,85352123.54733543
20111104,85343263.67666401
20111107,85342021.92942333
20111108,85321650.83735883
20111109,85346905.11110282
20111110,85312171.84289348
20111111,85324689.7732512
20111114,85344335.27541092
20111115,85352212.10973331
20111116,85332980.48646188
20111117,85335150.79842877
20111118,85330365.18262649
20111121,85330829.7160686
20111122,85339187.83090743
20111123,85339607.46027902
20111124,85343321.15472238
20111125,85344034.75997816
20111128,85357883.00114295
20111129,85369089.53214678
20111130,85349335.2169373
20111201,85398872.17996275
20111202,85376789.68331236
20111205,85332345.23204288
20111206,85339962.50080457
20111207,85339568.41941959
20111208,85336969.47990397
20111209,85329468.43315393
20111212,85325206.8866742
20111213,85316234.5850825
20111214,85309844.50595453
20111215,85307236.48954019
20111216,85307236.48954019
20111219,85316489.43298262
20111220,85308203.3783291
20111221,85307104.03358248
20111222,85313538.96921432
20111223,85307718.07104936
20111226,85300931.98028818
20111227,85294767.35523868
20111228,85294592.01496688
20111229,85296076.86575383
20111230,85296670.8060686
20120104,85295779.89559644
20120105,85293107.16417992
20120106,85294295.04480949
20120109,85298618.74093813
20120110,85303875.7556892
20120111,85303092.556012
20120112,85302534.28246006
20120113,85296334.85969013
20120116,85290203.07708928
20120117,85307208.70964995
20120118,85297499.61660817
20120119,85303592.99128786
20120120,85310095.8591223
20120130,85302127.2555823
20120131,85305878.38358787
20120201,85298608.39281747
20120202,85311751.27726597
20120203,85317485.7874018
20120206,85309600.6175859
20120207,85301204.79827762
20120208,85321270.48846802
20120209,85321447.84875685
20120210,85324053.31237128
20120213,85326340.24241294
20120214,85325309.92699741
20120215,85334425.27128777
20120216,85334844.68219249
20120217,85333047.6231205
20120220,85335242.2670301
20120221,85356201.81673595
20120222,85387111.94403356
20120223,85392894.36919147
20120224,85464727.67528035
20120227,85489542.84566657
20120228,85513868.1052742
20120229,85461714.48661901
20120301,85483168.04064338
20120302,85582592.72007675
20120305,85603621.43186797
20120306,85614799.46598808
20120307,85608826.17658125
20120308,85680867.89155486
20120309,85745000.2682355
20120312,85760966.662044
20120313,85850670.97454454
20120314,85629492.66493905
20120315,85703853.8275639
20120316,85809136.31794676
20120319,85857148.67940813
20120320,85716497.49071564
20120321,85779907.30365315
20120322,85694946.16431145
20120323,85604701.4217136
20120326,85605225.79067087
20120327,85598630.54630758
20120328,85564609.5511465
20120329,85555483.88673095
20120330,85556150.32041487
20120405,85588861.32790928
20120406,85588690.67059912
20120409,85577675.44855201
20120410,85616754.2233462
20120411,85629448.07957138
20120412,85698575.94303362
20120413,85699338.34905048
20120416,85777492.9606614
20120417,85622054.35896628
20120418,85763825.13292883
20120419,85747206.38612303
20120420,85851318.85986368
20120423,85834652.89998621
20120424,85874246.16693956
20120425,85993871.7700839
20120426,85979810.60165434
20120427,85898985.05780046
20120502,85991400.10551289
20120503,86026176.60072394
20120504,86107315.80122057
20120507,86212591.93447277
20120508,86212050.16437665
20120509,86065882.90245089
20120510,86144934.07999563
20120511,86062230.14113346
20120514,86017554.34479827
20120515,86068349.19320336
20120516,86027251.68045314
20120517,86064626.69320098
20120518,86043687.8320474
20120521,86053372.96947739
20120522,86075619.88786799
20120523,86127278.66837846
20120524,86101791.98269856
20120525,86070889.05476473
20120528,86147700.01210542
20120529,86202867.12815177
20120530,86239081.12188879
20120531,86224526.83483581
20120601,86225156.51066293
20120604,86053451.62124982
20120605,86068061.79402916
20120606,86074736.6842269
20120607,86050612.57011847
20120608,86046610.11461914
20120611,86113155.86505863
20120612,86149561.4947789
20120613,86286228.68452658
20120614,86257348.84185392
20120615,86245519.28037661
20120618,86301780.71406454
20120619,86254356.38479243
20120620,86207148.11627322
20120621,86193139.45827788
20120625,86157940.90529256
20120626,86135390.94359156
20120627,86165708.62412256
20120628,86168396.5441898
20120629,86200803.6220392
20120702,86267858.14899334
20120703,86282001.40541342
20120704,86258894.10550368
20120705,86248582.84802495
20120706,86311573.30437395
20120709,86263106.30584589
20120710,86239045.94217849
20120711,86282581.57599148
20120712,86313807.752191
20120713,86329383.0744528
20120716,86257443.91368566
20120717,86257543.83861095
20120718,86260429.87682444
20120719,86267963.07246394
20120720,86257192.84965211
20120723,86250398.99581735
20120724,86243624.38963456
20120725,86247969.9752469
20120726,86232660.76401389
20120727,86240337.28471458
20120730,86219850.26536337
20120731,86216532.58236898
20120801,86220800.55653925
20120802,86218411.86174439
20120803,86223445.31082045
20120806,86254121.45739712
20120807,86273729.89358824
20120808,86250592.51520243
20120809,86314350.30950044
20120810,86316267.84047368
20120813,86275592.31700112
20120814,86285035.08631682
20120815,86279231.57690266
20120816,86256800.3285789
20120817,86247558.49860753
20120820,86262319.13595377
20120821,86305124.08700387
20120822,86290310.41745704
20120823,86286409.93656157
20120824,86254601.01234765
20120827,86250056.16289298
20120828,86247516.01137637
20120829,86252112.11083458
20120830,86241436.56347416
20120831,86243658.69196625
20120903,86260100.70938681
20120904,86252790.93193969
20120905,86267393.53376842
20120906,86275929.96630505
20120907,86310952.10790753
20120910,86346147.0069717
20120911,86337149.74133092
20120912,86350603.22933511
20120913,86328523.85664147
20120914,86332671.09035715
20120917,86255745.77361476
20120918,86249753.25156185
20120919,86270278.59327345
20120920,86240046.25706245
20120921,86239667.29244955
20120924,86241365.97906421
20120925,86231698.43882935
20120926,86225233.45127621
20120927,86244024.31371522
20120928,86265763.77684407
20121008,86257347.68127486
20121009,86297443.47816989
20121010,86301818.62960403
20121011,86274423.26589933
20121012,86278998.94240268
20121015,86290685.9351341
20121016,86292439.9431146
20121017,86293444.35864347
20121018,86309198.87295216
20121019,86290606.65030728
20121022,86322264.0912459
20121023,86275626.5899353
20121024,86277675.80886732
20121025,86267285.88718513
20121026,86257961.05805911
20121029,86258248.46653023
20121030,86248827.3953949
20121031,86267573.5917712
20121101,86280631.35365964
20121102,86305631.89905687
20121105,86295069.91075249
20121106,86277061.06450006
20121107,86253636.19536711
20121108,86212900.26755595
20121109,86231780.06907223
20121112,86249137.98358183
20121113,86196474.01543199
20121114,86193272.73364732
20121115,86176310.94308685
20121116,86179889.0834248
20121119,86189806.33383183
20121120,86180374.62333119
20121121,86211037.6665242
20121122,86203510.03720443
20121123,86204574.99316952
20121126,86193940.76635149
20121127,86175932.35095572
20121128,86174500.37035806
20121129,86176002.6230364
20121130,86187144.02713293
20121203,86193690.01721762
20121204,86215568.64837168
20121205,86279084.41914694
20121206,86301848.27943575
20121207,86355236.68858756
20121210,86396731.39413099
20121211,86357289.62395577
20121212,86373351.7648798
20121213,86361972.44498856
20121214,86560907.15832464
20121217,86536940.34668791
20121218,86502089.57268764
20121219,86499194.52212363
20121220,86530645.35452802
20121221,86524592.13355578
20121224,86560251.73431617
20121225,86691766.76063007
20121226,86730410.6234239
20121227,86716941.80238917
20121228,86792707.40075861
20121231,86905428.26764263
20130104,86919731.30274162
20130107,86956557.80191705
20130108,86940944.03131466
20130109,86929911.6899769
20130110,86958919.37827346
20130111,86879610.84367955
20130114,87001120.28862984
20130115,87056400.91429463
20130116,87105989.43445192
20130117,87050368.27012597
20130118,87141930.71523458
20130121,87214260.2486739
20130122,87170844.42846559
20130123,87195225.2601287
20130124,87139862.60706452
20130125,87135330.01882106
20130128,87247580.87972195
20130129,87298031.10771774
20130130,87357000.35069603
20130131,87338873.0369556
20130201,87481718.36706075
20130204,87517734.13940158
20130205,87606264.88004155
20130206,87646601.74443565
20130207,87631738.63005185
20130208,87774798.59306397
20130218,87702035.8428148
20130219,87506962.33478047
20130220,87777112.57205403
20130221,87585098.22450034
20130222,87503109.55197047
20130225,87604419.07297552
20130226,87521585.4637128
20130227,87504723.23689942
20130228,87660493.36674395
20130301,87824436.08648211
20130304,87681594.46588358
20130305,87870789.12633522
20130306,87989410.04396088
20130307,87866863.9329859
20130308,87738175.63555676
20130311,87772585.63952859
20130312,87661830.80227554
20130313,87613950.4487603
20130314,87649313.12428346
20130315,87665374.3734927
20130318,87649707.59582828
20130319,87678482.51778853
20130320,87741226.558895
20130321,87808176.56176639
20130322,87831450.1138381
20130325,87832790.16588339
20130326,87841423.90920508
20130327,87843155.0638794
20130328,87723830.63531058
20130329,87723181.92973459
20130401,87721336.92997886
20130402,87648412.7068077
20130403,87663774.84806217
20130408,87687598.02119875
20130409,87674858.32840633
20130410,87667746.70220554
20130411,87661196.82560453
20130412,87634247.07558972
20130415,87621392.82116224
20130416,87638777.01941225
20130417,87671642.87985548
20130418,87675150.25706096
20130419,87708875.2879042
20130422,87764212.3102801
20130423,87683782.44273046
20130424,87786518.53441922
20130425,87733098.89050414
20130426,87685707.51161453
20130502,87746668.77953097
20130503,87822570.38573776
20130506,87871665.61889435
20130507,87865069.52613294
20130508,87931402.0714451
20130509,87998316.30003418
20130510,88016949.36845705
20130513,88056547.37705721
20130514,87998907.28664607
20130515,88093209.43434337
20130516,88154912.98032504
20130517,88266191.84954317
20130520,88372339.09763044
20130521,88486512.89669967
20130522,88404975.30449894
20130523,88342108.39998627
20130524,88454719.77027376
20130527,88556947.67894964
20130528,88615135.14433694
20130529,88706704.88540857
20130530,88751497.47976582
20130531,88637294.62219441
20130603,88631675.09586109
20130604,88538181.53121884
20130605,88562547.85149193
20130606,88514701.6428551
20130607,88488957.59183301
20130613,88458374.8639673
20130614,88489592.7607334
20130617,88504768.28566392
20130618,88512585.55644698
20130619,88509264.38869
20130620,88473192.91349933
20130621,88488926.70755947
20130624,88477770.79559846
20130625,88469900.77246322
20130626,88483883.87802994
20130627,88466840.4629027
20130628,88459965.66004989
20130701,88522150.41890112
20130702,88556704.04809186
20130703,88631988.10666472
20130704,88606769.20644563
20130705,88537817.92122121
20130708,88496980.12343632
20130709,88531044.2905329
20130710,88582117.08657055
20130711,88640777.03791578
20130712,88670558.57297084
20130715,88806699.90801889
20130716,88872762.91086298
20130717,88766088.2671659
20130718,88838115.57258365
20130719,88790968.77544428
20130722,88906171.10630876
20130723,89016044.88671751
20130724,89149172.5226196
20130725,88989048.69335504
20130726,89007078.65035972
20130729,88910497.06438273
20130730,88856188.40722944
20130731,88889314.67458422
20130801,88969958.5620333
20130802,88957868.59514704
20130805,89040041.15492257
20130806,89124794.99712843
20130807,89109736.28468089
20130808,89147573.1592488
20130809,89155142.61003956
20130812,89179896.8557489
20130813,89190076.5094447
20130814,89165928.05494039
20130815,89104547.86233816
20130816,89037912.8085556
20130819,89125174.10021079
20130820,89132827.61970031
20130821,89144993.09987561
20130822,89166935.95461985
20130823,89181622.02265063
20130826,89273510.09787813
20130827,89335196.38595448
20130828,89321492.72666726
20130829,89315812.75338042
20130830,89311942.71689168
20130902,89298987.12313277
20130903,89387750.10068105
20130904,89455898.80366352
20130905,89452949.25515442
20130906,89578942.96215571
20130909,89688742.39090689
20130910,89858657.93028769
20130911,89822928.75320661
20130912,89922592.07161708
20130913,89920833.98922557
20130916,89902179.51244916
20130917,89751038.54573593
20130918,89839823.54078554
20130923,90056081.04033646
20130924,90175681.38333565
20130925,90243050.23555617
20130926,90043972.08078746
20130927,90126031.99169986
20130930,90294249.40984681
20131008,90393377.28891018
20131009,90511931.98616382
20131010,90487233.17950042
20131011,90741450.14720707
20131014,90935139.3694107
20131015,91009172.31269419
20131016,90698547.5554211
20131017,90713667.95991805
20131018,90733721.38176727
20131021,91145409.29741448
20131022,91078905.17396262
20131023,90802773.16088341
20131024,90733653.16611584
20131025,90672025.24377342
20131028,90713307.60333744
20131029,90716011.15670738
20131030,90786167.4152179
20131031,90695769.847242
20131101,90685987.99828036
20131104,90700356.74129114
20131105,90733713.52865852
20131106,90691152.57695842
20131107,90661144.7645638
20131108,90657217.17008597
20131111,90670451.49678607
20131112,90673758.2192449
20131113,90638950.77387857
20131114,90664983.09620668
20131115,90698256.79594897
20131118,90775153.3614905
20131119,90764823.44672008
20131120,90843403.4531225
20131121,90860736.76837268
20131122,90821105.9448033
20131125,90822014.58755893
20131126,90818757.47700039
20131127,90911562.38420925
20131128,90912037.58570415
20131129,90960671.06620768
20131202,90782935.20001292
20131203,90915099.51201414
20131204,91022332.4018416
20131205,91021913.06192453
20131206,90982166.13781507
20131209,91050099.61201584
20131210,91078334.54092659
20131211,91027148.60165404
20131212,91025214.55220594
20131213,91044461.85054442
20131216,90986645.90257797
20131217,90968571.34620556
20131218,90963371.97573371
20131219,90946892.67735472
20131220,90938971.62397306
20131223,90965591.63326299
20131224,90962140.9950136
20131225,90968704.39620475
20131226,90952026.98915642
20131227,90975367.385082
20131230,90972137.36812495
20131231,90970939.13704912
20140102,91008090.37771042
20140103,91040020.86375667
20140106,91005038.68546888
20140107,91050207.6600351
20140108,91088614.88263617
20140109,91038620.74083291
20140110,91001899.20252392
20140113,91046420.41088825
20140114,91110318.8902608
20140115,91142717.48128548
20140116,91130320.38010366
20140117,91120810.7754485
20140120,91086007.38782035
20140121,91180554.32025494
20140122,91244083.51767476
20140123,91304278.60391346
20140124,91380290.87612608
20140127,91397941.27519742
20140128,91392352.31198312
20140129,91464161.96407895
20140130,91448996.62489206
20140207,91546905.53959332
20140210,91675645.75547525
20140211,91625030.42784011
20140212,91669808.08382428
20140213,91553833.37356922
20140214,91653424.329533
20140217,91767956.3877641
20140218,91769067.93950532
20140219,91744354.21062498
20140220,91679873.34861892
20140221,91658804.45886539
20140224,91733283.29924203
20140225,91670961.8392598
20140226,91696066.67052935
20140227,91672059.64473748
20140228,91700476.74856006
20140303,91736536.59530635
20140304,91731906.98068382
20140305,91729862.4999379
20140306,91727832.55485302
20140307,91717182.22898778
20140310,91648656.75479165
20140311,91662659.473083
20140312,91652721.66579525
20140313,91662000.6655115
20140314,91676640.39706048
20140317,91705135.95835283
20140318,91724139.16614638
20140319,91736763.37659349
20140320,91682839.37341872
20140321,91732022.28332658
20140324,91769172.3366005
20140325,91759361.74967533
20140326,91755102.91351658
20140327,91732071.6323355
20140328,91695679.2955884
20140331,91667994.70987679
20140401,91716044.7938064
20140402,91749490.5464265
20140403,91728284.12215282
20140404,91762694.55474181
20140408,91792449.19667713
20140409,91825036.07832001
20140410,91836169.32796761
20140411,91829419.59172443
20140414,91873836.92840038
20140415,91819125.18787643
20140416,91821760.07453096
20140417,91815353.71404618
20140418,91838320.624946
20140421,91790022.65393563
20140422,91796873.54140626
20140423,91785085.15789096
20140424,91773092.07505527
20140425,91757977.97170354
20140428,91764330.04295562
20140429,91761134.22787213
20140430,91767848.97665998
20140505,91790714.50173044
20140506,91785871.666026
20140507,91779051.44381802
20140508,91785096.67102784
20140509,91779591.14890142
20140512,91885391.00716668
20140513,91874892.52976209
20140514,91852644.33390541
20140515,91774231.72463663
20140516,91792935.5350403
20140519,91775832.11973043
20140520,91762765.8036866
20140521,91804341.2872679
20140522,91782279.46359952
20140523,91805239.09354578
20140526,91824055.5478702
20140527,91815627.29596071
20140528,91847912.7191485
20140529,91828043.59504433
20140530,91839082.41166188
20140603,91835262.77485932
20140604,91809768.81637785
20140605,91823523.36419722
20140606,91809711.09432466
20140609,91815107.71340983
20140610,91835122.01218018
20140611,91851645.20350097
20140612,91863232.41619675
20140613,91889388.92365047
20140616,91926608.25873578
20140617,91879805.95326683
20140618,91889093.07487991
20140619,91833733.19921403
20140620,91863481.21656193
20140623,91896432.4541362
20140624,91935612.2192449
20140625,91911806.42606434
20140626,91971958.2209667
20140627,92020357.27807184
20140630,92104165.00466882
20140701,92133768.49178518
20140702,92159731.6774408
20140703,92208529.88123149
20140704,92177048.84987573
20140707,92239118.30314957
20140708,92322701.81115215
20140709,92226688.41517279
20140710,92284413.9558483
20140711,92367692.14221974
20140714,92449993.74022637
20140715,92483761.07616639
20140716,92423535.16287495
20140717,92371757.33155023
20140718,92422372.0355524
20140721,92422580.79829186
20140722,92554636.72448272
20140723,92562597.511287
20140724,92639675.2472358
20140725,92770325.00146984
20140728,93024952.74837366
20140729,93133872.00102751
20140730,93097734.76998141
20140731,93298000.40300104
20140801,93131056.86635913
20140804,93414575.0143091
20140805,93444206.73812518
20140806,93505980.28454532
20140807,93320612.96491806
20140808,93399148.28159189
20140811,93595934.51867272
20140812,93637469.66007374
20140813,93643145.23901625
20140814,93562842.23469104
20140815,93685360.05975981
20140818,93824767.58378817
20140819,93852245.70788735
20140820,93828093.84235366
20140821,93852476.20169887
20140822,93928413.23374517
20140825,93882226.3749894
20140826,93772935.83272636
20140827,93804928.9414025
20140828,93764736.2831542
20140829,93802452.54079165
20140901,93887564.64896154
20140902,93997014.24638182
20140903,94065264.41891664
20140904,94178609.83383372
20140905,94260134.66411884
20140909,94403941.67325093
20140910,94469423.15939353
20140911,94406215.30553782
20140912,94587343.6729687
20140915,94736310.79824904
20140916,94288000.86262621
20140917,94461097.32038859
20140918,94537409.85116751
20140919,94624405.17551878
20140922,94498291.90340689
20140923,94605791.14996439
20140924,94725860.716323
20140925,94696588.60060348
20140926,94751348.58646744
20140929,94883786.08228393
20140930,94935382.15611373
20141008,95113443.8142155
20141009,95175642.55637677
20141010,95138646.744902
20141013,95226075.02729027
20141014,95178679.31752576
20141015,95268353.33206931
20141016,95065419.79745358
20141017,95036094.24491403
20141020,95177022.51285663
20141021,95067937.44695808
20141022,94981912.73964468
20141023,94940275.15449595
20141024,94958749.71221726
20141027,94980272.50824921
20141028,95060688.51667531
20141029,95123043.4028894
20141030,95167685.40096234
20141031,95184070.62641229
20141103,95298077.6272275
20141104,95307343.54052693
20141105,95285355.64730807
20141106,95344147.27049258
20141107,95286414.50788818
20141110,95576559.26196721
20141111,95404083.22470392
20141112,95595138.37268852
20141113,95580450.08287464
20141114,95468521.47838365
20141117,95484082.76904526
20141118,95489893.78357631
20141119,95502952.40960082
20141120,95492310.36493921
20141121,95611911.30386856
20141124,95802515.8152033
20141125,95966613.04421765
20141126,96089598.60641786
20141127,96320121.11105496
20141128,96481533.04634437
20141201,96493026.38967724
20141202,96921144.64473665
20141203,97195949.2076973
20141204,97931952.28292133
20141205,97668205.40069555
20141208,98327657.92817755
20141209,97434551.80292824
20141210,98038642.12541951
20141211,98180806.08476233
20141212,98229421.86291292
20141215,98460103.07560197
20141216,98744472.80590971
20141217,98804290.32240508
20141218,98776130.50635996
20141219,98983079.51408234
20141222,98787152.48179434
20141223,98560411.13430557
20141224,98489945.90954822
20141225,98703026.30525553
20141226,98790291.45458633
20141229,98848361.2605565
20141230,98749020.82771799
20141231,98855152.39561674
20150105,99056391.50433172
20150106,99009486.44826844
20150107,99079486.76501952
20150108,98969820.38187458
20150109,98849779.94337468
20150112,98840480.99095663
20150113,98892332.45709746
20150114,98808628.09731644
20150115,98874193.86845882
20150116,98971167.35049073
20150119,98777126.83712661
20150120,98993217.45057717
20150121,99137630.2019302
20150122,99232603.07906203
20150123,99136350.4271994
20150126,99348223.17293201
20150127,99355866.18996263
20150128,99255804.18444206
20150129,99154525.37307256
20150130,99072766.22767296
20150202,99044630.64317015
20150203,99163047.55170569
20150204,99144528.37112589
20150205,99147214.60774213
20150206,99071926.09445153
20150209,99035079.15431508
20150210,99065533.44977796
20150211,99138114.6690909
20150212,99155718.47707225
20150213,99211840.00963259
20150216,99398134.0849548
20150217,99476510.70236501
20150225,99454484.01124483
20150226,99547101.55001728
20150227,99667608.46680143
20150302,99896031.74615814
20150303,99792050.91923466
20150304,100016281.17274834
20150305,100020672.65627816
20150306,99839984.33487403
20150309,99967132.6464302
20150310,100066611.80066375
20150311,100015003.26910558
20150312,100047539.02203588
20150313,100161799.10548261
20150316,100512094.32988665
20150317,100686445.2393451
20150318,101016416.55024865
20150319,101099150.57748844
20150320,101298022.60628669
20150323,101798016.84635456
20150324,101972894.04931365
20150325,102174125.38491286
20150326,101970592.10982297
20150327,102217628.09583047
20150330,102488288.32157142
20150331,102516078.65546162
20150401,103024476.04990946
20150402,103368431.58855912
20150403,103769622.49746147
20150407,104261340.05777934
20150408,104187257.95002598
20150409,104107771.8713883
20150410,104634111.63829508
20150413,105030842.84127496
20150414,104944658.50331213
20150415,104301530.53699274
20150416,104492295.5450071
20150417,104629613.96648754
20150420,104552312.02364512
20150421,104782528.81957251
20150422,105047542.19369176
20150423,105239291.20240054
20150424,105331931.2744401
20150427,105536183.93943577
20150428,105141140.52898678
20150429,105435556.15901206
20150430,105461723.9767269
20150504,105580242.60030872
20150505,105161605.82764105
20150506,105132696.66512713
20150507,105031971.51506507
20150508,105173300.60966338
20150511,105426015.49317296
20150512,105618781.32427251
20150513,105740674.69253755
20150514,105767906.50104704
20150515,105767480.79520273
20150518,106021412.50571875
20150519,106285054.53903079
20150520,106552225.26773344
20150521,107272194.57292266
20150522,107625377.74819654
20150525,108706135.8932314
20150526,109894210.70589119
20150527,110405167.45087877
20150528,107920254.92793812
20150529,108370463.04352462
20150601,110150506.73356411
20150602,111377398.5271701
20150603,111374162.26886047
20150604,111503473.5959191
20150605,112158077.83178645
20150608,112100125.44561347
20150609,112077983.05611233
20150610,112488702.13139747
20150611,113064576.45262189
20150612,113690896.97548099
20150615,113518428.66439036
20150616,112589590.49915472
20150617,113050844.55538163
20150618,112744427.74872091
20150619,112160850.55417639
20150623,112221154.36120263
20150624,112390863.19077908
20150625,112371126.64930011
20150626,112119901.19119292
20150629,112159755.14558204
20150630,112144314.01389968
20150701,112074682.86193049
20150702,111978463.44393834
20150703,111946965.4860791
20150706,111926863.39558151
20150707,111956005.46893331
20150708,111949555.94688162
20150709,111977890.38593158
20150710,111999512.75927854
20150713,111998316.56360936
20150714,112000793.74655512
20150715,111991539.89426011
20150716,111997075.32458147
20150717,112006844.05756801
20150720,111990956.14707658
20150721,111996748.99122146
20150722,112003499.55545457
20150723,112022913.84722416
20150724,111969187.31463128
20150727,111901802.2309128
20150728,111904216.82703745
20150729,111908938.52351567
20150730,111898044.98322228
20150731,111869725.36477166
20150803,111841636.64844635
20150804,111846409.246958
20150805,111852744.35679601
20150806,111839512.24915431
20150807,111841495.5645621
20150810,111852337.9051195
20150811,111857091.13488327
20150812,111857368.57836159
20150813,111878091.55008675
20150814,111894028.55472805
20150817,111917796.21775828
20150818,111858768.15514968
20150819,111866786.29807563
20150820,111856372.64747183
20150821,111836570.55477603
20150824,111809870.01969518
20150825,111795782.96444102
20150826,111801254.00320695
20150827,111806115.65596075
20150828,111800568.29271185
20150831,111779741.81823751
20150901,111767359.95873204
20150902,111764671.50490594
20150907,111764145.92352378
20150908,111753321.5440141
20150909,111741141.42258725
20150910,111727941.26301515
20150911,111733786.36505309
20150914,111693623.60302168
20150915,111660827.8764768
20150916,111646934.22155422
20150917,111624742.23438825
20150918,111601300.52915277
20150921,111593259.45971672
20150922,111590890.13259001
20150923,111585506.72023414
20150924,111586664.44332142
20150925,111580528.5109588
20150928,111582115.93454717
20150929,111582115.93454717
20150930,111582115.93454717
20151008,111582115.93454717
20151009,111583998.41361444
20151012,111579217.16170765
20151013,111578892.36363354
20151014,111565301.63680297
20151015,111582217.11382782
20151016,111605309.22635606
20151019,111603358.38318326
20151020,111607806.63916524
20151021,111573347.55926426
20151022,111577278.7504059
20151023,111598923.6140838
20151026,111573682.56671704
20151027,111566206.14139856
20151028,111546789.62965935
20151029,111544459.42364109
20151030,111544701.48707382
20151102,111542020.6767415
20151103,111541132.54848097
20151104,111546399.45726983
20151105,111633323.84231326
20151106,111865498.01534909
20151109,111976130.99190585
20151110,112064568.67780389
20151111,112093793.74158424
20151112,112056416.09765
20151113,111918224.41926907
20151116,112024583.94482523
20151117,111998772.2203633
20151118,111900779.33326972
20151119,112049484.06600946
20151120,112119443.86116704
20151123,112067676.32342042
20151124,112143436.47270946
20151125,112242114.21368647
20151126,112232746.737594
20151127,112021554.75005408
20151130,112179961.12323391
20151201,112147382.50957133
20151202,112091672.34948301
20151203,112217193.98598263
20151204,112172674.56003553
20151207,112232382.99567696
20151208,112076886.33961953
20151209,112133212.61395074
20151210,112060320.18370415
20151211,112069499.1391547
20151214,112124402.73671067
20151215,112136138.86077657
20151216,112143497.79358062
20151217,112339990.1622895
20151218,112379353.014109
20151221,112670583.96312629
20151222,112804202.75779256
20151223,112692596.08201903
20151224,112611243.80532435
20151225,112706044.86816315
20151228,112377525.18255089
20151229,112483211.76792267
20151230,112588344.63274339
20151231,112494437.31411345
20160104,112285361.5213393
20160105,112264150.89999612
20160106,112289926.39830405
20160107,112222024.56457949
20160108,112257969.01797614
20160111,112231146.98829754
20160112,112237281.902928
20160113,112225556.29077375
20160114,112243711.73297581
20160115,112224204.43298307
20160118,112216108.23733717
20160119,112211227.42023003
20160120,112201611.83324441
20160121,112189895.49394292
20160122,112194462.53445864
20160125,112196726.22075191
20160126,112178034.64969167
20160127,112181770.91588065
20160128,112178973.04791701
20160129,112179424.36092278
20160201,112176854.46213904
20160202,112178307.0136255
20160203,112176228.28885138
20160204,112176380.1480619
20160205,112172925.35102242
20160215,112169611.3274711
20160216,112172704.9949227
20160217,112173884.42126101
20160218,112178173.24430946
20160219,112175526.0189656
20160222,112171267.77151793
20160223,112178220.00269982
20160224,112180195.31787437
20160225,112164528.11668855
20160226,112167192.38091314
20160229,112166241.33440217
20160301,112168603.01619151
20160302,112174715.60435224
20160303,112172821.07804888
20160304,112168238.452743
20160307,112176471.49648486
20160308,112180062.02039264
20160309,112159097.29767738
20160310,112155052.00284995
20160311,112153911.90194683
20160314,112161451.12609316
20160315,112154051.37150095
20160316,112137165.49483755
20160317,112141318.63273323
20160318,112164577.40750691
20160321,112220811.29500201
20160322,112205971.03946272
20160323,112252587.3583811
20160324,112223583.78613478
20160325,112207429.49740623
20160328,112184419.94855677
20160329,112173601.23224327
20160330,112232354.68054
20160331,112233326.18808416
20160401,112241514.37751088
20160405,112306179.89451933
20160406,112295637.7424938
20160407,112260739.10191903
20160408,112228717.91366526
20160411,112278729.74142264
20160412,112282536.74486044
20160413,112349000.06534052
20160414,112332833.2604418
20160415,112309570.52297863
20160418,112218246.6578841
20160419,112266948.71518642
20160420,112256573.59963012
20160421,112325907.1726374
20160422,112287163.05892117
20160425,112296268.7101125
20160426,112310056.41512409
20160427,112286093.01595308
20160428,112269274.39847629
20160429,112273765.43501867
20160503,112389435.5617101
20160504,112382476.27065983
20160505,112397944.19198999
20160506,112276226.0407689
20160509,112247190.11576718
20160510,112242609.03531773
20160511,112290234.97594358
20160512,112314097.74867553
20160513,112303028.97487512
20160516,112385873.41211653
20160517,112314194.27990425
20160518,112261908.13787097
20160519,112284840.1087791
20160520,112299323.37532195
20160523,112323589.23856753
20160524,112295283.22672547
20160525,112274887.92624654
20160526,112315549.83258934
20160527,112291716.34360936
20160530,112278050.27406067
20160531,112391051.2613566
20160601,112430087.1858984
20160602,112464315.23523708
20160603,112468229.58648022
20160606,112482440.28019835
20160607,112474592.40524834
20160608,112438474.11126156
20160613,112306787.54054837
20160614,112319071.04014567
20160615,112404372.48678681
20160616,112427298.38926232
20160617,112451118.45351721
20160620,112464055.225865
20160621,112402096.91321482
20160622,112433133.38547523
20160623,112416968.63597204
20160624,112410566.11156
20160627,112475611.73469749
20160628,112496792.31920476
20160629,112483515.77530451
20160630,112492531.02588177
20160701,112481793.41310278
20160704,112566383.05752854
20160705,112576137.85461216
20160706,112673464.53307773
20160707,112695709.05639821
20160708,112643885.06856307
20160711,112694166.84460852
20160712,112876404.71278735
20160713,112875230.30211824
20160714,112857936.55183905
20160715,112857456.33674076
20160718,112852683.1437743
20160719,112827004.993655
20160720,112800139.2925847
20160721,112812080.07240316
20160722,112783046.17483732
20160725,112849453.02134037
20160726,112910237.61151588
20160727,112837281.9273541
20160728,112895390.0818973
20160729,112863193.06665769
20160801,112831430.52628452
20160802,112864631.87249292
20160803,112888948.64133328
20160804,112922477.73582059
20160805,112915682.02188715
20160808,112978784.63011688
20160809,113029887.27153434
20160810,112996816.35571302
20160811,112952197.73919387
20160812,113070774.0475156
20160815,113325858.83288631
20160816,113373279.14671557
20160817,113377507.8188843
20160818,113386589.05574392
20160819,113443057.32282658
20160822,113274128.68628898
20160823,113289148.40438999
20160824,113211904.96583907
20160825,113147964.45693909
20160826,113174408.01989934
20160829,113231483.12253961
20160830,113211393.02710174
20160831,113234645.75445312
20160901,113211277.01664606
20160902,113212377.9077313
20160905,113262448.64224252
20160906,113340835.55372514
20160907,113370979.9331481
20160908,113409053.51461431
20160909,113369165.64419128
20160912,113216386.03873667
20160913,113295698.27143419
20160914,113235096.05880308
20160919,113298235.10413161
20160920,113308250.89969459
20160921,113304306.81193444
20160922,113349727.19417751
20160923,113324737.90677004
20160926,113240833.05243474
20160927,113297452.84962662
20160928,113292535.30752999
20160929,113317567.52145404
20160930,113349401.84407784
20161010,113422947.34292968
20161011,113484358.72706597
20161012,113500360.37897666
20161013,113495132.56209375
20161014,113497677.61832696
20161017,113406436.74741583
20161018,113567018.97348566
20161019,113570284.84560399
20161020,113581746.78013411
20161021,113592362.10805932
20161024,113714263.937923
20161025,113770979.89712879
20161026,113721260.1271017
20161027,113714486.62651992
20161028,113651078.20135249
20161031,113660687.1279094
20161101,113702288.86605865
20161102,113689156.35301621
20161103,113745915.61484723
20161104,113760737.11101389
20161107,113772077.51599254
20161108,113798882.64709243
20161109,113798928.80894648
20161110,113893715.93046536
20161111,113991708.93593039
20161114,114091081.03749305
20161115,114091087.31120342
20161116,114038133.01481996
20161117,114066830.44823167
20161118,113986734.01913682
20161121,114044538.08163765
20161122,114161689.11399344
20161123,114118531.15116331
20161124,114176073.23538435
20161125,114257830.75397629
20161128,114306870.83139366
20161129,114309829.40965849
20161130,114240289.24707118
20161201,114317234.09030761
20161202,114247348.31402884
20161205,114122090.69440812
20161206,114113146.76209223
20161207,114168578.27794348
20161208,114179216.34058768
20161209,114202665.20342116
20161212,114153212.06021006
20161213,114224181.5238441
20161214,114230691.95620516
20161215,114264041.15093802
20161216,114234270.6607681
20161219,114268143.20756046
20161220,114210584.50381567
20161221,114211340.02028264
20161222,114211319.7597461
20161223,114162787.18024959
20161226,114165764.5815707
20161227,114167723.0216605
20161228,114160265.6685122
20161229,114153632.10787867
20161230,114173314.43830079
20170103,114219523.52375944
20170104,114275965.52324997
20170105,114286614.9887674
20170106,114289327.456826
20170109,114333888.32210441
20170110,114297615.21592171
20170111,114229053.81738783
20170112,114204390.97294942
20170113,114172224.59326409
20170116,114164512.1576927
20170117,114180703.80728436
20170118,114214257.5946204
20170119,114206040.9728172
20170120,114231289.24780844
20170123,114265337.38369152
20170124,114289919.19195095
20170125,114272419.88813393
20170126,114285590.18643506
20170203,114276620.05421558
20170206,114294654.40706141
20170207,114319504.64898798
20170208,114348566.7803554
20170209,114376375.03263047
20170210,114414493.44837986
20170213,114451965.5384655
20170214,114485992.290926
20170215,114398861.51398632
20170216,114431716.821815
20170217,114400479.36730044
20170220,114504274.82906972
20170221,114525435.1915195
20170222,114564246.16961212
20170223,114501378.63039657
20170224,114481524.38275228
20170227,114453447.08317098
20170228,114466416.1231168
20170301,114472824.88493994
20170302,114462744.37708798
20170303,114474056.8167956
20170306,114507396.48611192
20170307,114507153.09721602
20170308,114493852.71378729
20170309,114476628.11407982
20170310,114510056.80738948
20170313,114572059.51955786
20170314,114558494.65911676
20170315,114592244.05763558
20170316,114624771.1781044
20170317,114566737.52738808
20170320,114589590.09640412
20170321,114647746.19624269
20170322,114699400.9167562
20170323,114708869.2601258
20170324,114771535.78156286
20170327,114707620.99063581
20170328,114691460.08928564
20170329,114740830.21077792
20170330,114671781.85014774
20170331,114650074.74726194
20170405,114766190.38040172
20170406,114793278.07108131
20170407,114879852.56484994
20170410,115075112.2102639
20170411,115323140.06449871
20170412,115201171.57221933
20170413,115313877.24543212
20170414,115192399.18197559
20170417,115030030.81720342
20170418,115015380.42745721
20170419,115005263.34011662
20170420,114974851.79627037
20170421,114899235.45849188
20170424,114876101.78198184
20170425,114916486.63025405
20170426,114950150.55232972
20170427,114961337.39940755
20170428,114964947.53887227
20170502,114992558.93693246
20170503,114978802.79990718
20170504,114991696.04937217
20170505,114981238.45141424
20170508,114961150.90957867
20170509,114976829.86522728
20170510,114960478.13414308
20170511,114985418.63982065
20170512,115014405.17526521
20170515,115044956.27068526
20170516,115070963.0057841
20170517,115048204.30092141
20170518,115049486.91610385
20170519,115059315.55679826
20170522,115070796.91750276
20170523,115087254.59714651
20170524,115086938.71196744
20170525,115111094.8295844
20170526,115110313.19553378
20170531,115092154.66540511
20170601,115108109.54986614
20170602,115118256.3788087
20170605,115096933.11513457
20170606,115110064.48199622
20170607,115168553.68585567
20170608,115226695.6206651
20170609,115238751.62882744
20170612,115237993.65900174
20170613,115251788.41306561
20170614,115194137.38868941
20170615,115186250.09800574
20170616,115164994.91091771
20170619,115183905.43718721
20170620,115180768.20872669
20170621,115213476.30937028
20170622,115188917.76933499
20170623,115241872.96022032
20170626,115287639.93923928
20170627,115289495.79762584
20170628,115278074.01524974
20170629,115290882.64789243
20170630,115293060.33915472
20170703,115292413.89320673
20170704,115273231.46461682
20170705,115283905.91015883
20170706,115304686.36076057
20170707,115316951.4649118
20170710,115338162.82895209
20170711,115332568.09565634
20170712,115338686.96450813
20170713,115362276.51065066
20170714,115385233.64632542
20170717,115381466.3572912
20170718,115401729.24587278
20170719,115449163.34595689
20170720,115493703.25233608
20170721,115481581.9280464
20170724,115569588.43305436
20170725,115533319.49596207
20170726,115626331.23091199
20170727,115614090.30258164
20170728,115696067.50453976
20170731,115857748.41022861
20170801,115818192.48478782
20170802,115840732.65062697
20170803,115856303.49294573
20170804,115791031.42599402
20170807,115905631.79625528
20170808,115902422.62686208
20170809,115956623.7766268
20170810,115920863.14888704
20170811,115771021.55965245
20170814,115868252.65546924
20170815,115849480.6361183
20170816,115868674.55656953
20170817,115885671.13391441
20170818,115867397.53788503
20170821,115917726.10153821
20170822,115858163.7590448
20170823,115839744.31245245
20170824,115805802.74087635
20170825,115843899.32630122
20170828,115905624.79498933
20170829,115910862.64488241
20170830,115933057.86535245
20170831,115939601.12325816
20170901,116060375.78061654
20170904,116100099.2219848
20170905,116081052.11415906
20170906,116163939.34902716
20170907,115998699.14255294
20170908,116095412.40860532
20170911,116224348.40995973
20170912,116239089.46648237
20170913,116318087.13523029
20170914,116261122.38071677
20170915,116168232.83576313
20170918,116278771.88312733
20170919,116252643.09293044
20170920,116383831.49172725
20170921,116247637.99216066
20170922,116226745.13183941
20170925,116146906.01800893
20170926,116182176.49040669
20170927,116213702.27737942
20170928,116256651.63684468
20170929,116290346.46873218
20171009,116383293.66305275
20171010,116398759.95422386
20171011,116365046.96086057
20171012,116407180.72291806
20171013,116438124.72382055
20171016,116379955.48780331
20171017,116411922.39759211
20171018,116429058.14867687
20171019,116382665.48673742
20171020,116405126.28227119
20171023,116458797.8742105
20171024,116461170.6185875
20171025,116514850.04941463
20171026,116524448.30830273
20171027,116536179.44723655
20171030,116531111.77616358
20171031,116599258.76868053
20171101,116586932.74447054
20171102,116584422.51204468
20171103,116598333.95508198
20171106,116677166.73702015
20171107,116707549.31907527
20171108,116693509.34376335
20171109,116783367.17162152
20171110,116860402.84488721
20171113,116949387.04746261
20171114,116856713.15676413
20171115,116801013.45075819
20171116,116843449.99439506
20171117,116768154.3351395
20171120,116887811.05931346
20171121,116942434.71571389
20171122,116941895.05771632
20171123,116823603.20170884
20171124,116818661.75800559
20171127,116780015.32448778
20171128,116806644.3706226
20171129,116822932.48380122
20171130,116808817.8058002
20171201,116812397.1767982
20171204,116803943.51832642
20171205,116796244.37445216
20171206,116812526.50822192
20171207,116802281.8841204
20171208,116798960.36914428
20171211,116809243.60607545
20171212,116803323.82942666
20171213,116825654.62114209
20171214,116837154.48743674
20171215,116816734.76196228
20171218,116799516.38180463
20171219,116819809.49107838
20171220,116827721.26401244
20171221,116865384.35701431
20171222,116847414.46412718
20171225,116842687.21398474
20171226,116844174.06002973
20171227,116800088.59042484
20171228,116839210.05732936
20171229,116862408.62039945
20180102,116889501.92313795
20180103,116901113.12061796
20180104,116914904.14531246
20180105,116922731.38319515
20180108,116976272.22295587
20180109,116979405.7837423
20180110,116986576.34999749
20180111,116963591.75283657
20180112,116977603.92914127
20180115,116965120.21315329
20180116,116998131.99844426
20180117,116960954.42509095
20180118,116982114.58236143
20180119,116972789.8952697
20180122,117008758.26390384
20180123,117029666.9744907
20180124,117031201.34529735
20180125,117013817.64648312
20180126,117027080.35710272
20180129,117020923.84649175
20180130,117022227.94320588
20180131,117001311.14744546
20180201,116985501.5573833
20180202,117027569.5520113
20180205,117091272.40375645
20180206,117008971.33108085
20180207,116995606.94091547
20180208,116974259.12049225
20180209,116919141.08115456
20180212,116944922.57736434
20180213,116960369.59369722
20180214,116967807.73327704
20180222,116988710.37005007
20180223,116986417.22817151
20180226,117013332.92875125
20180227,117002136.3371824
20180228,117010671.94993207
20180301,117033901.39934863
20180302,117028717.55015445
20180305,117054730.87072298
20180306,117067140.86130369
20180307,117054348.78585652
20180308,117060070.73287044
20180309,117069133.8628426
20180312,117085435.2379085
20180313,117052466.8336045
20180314,117032733.00111645
20180315,117025695.07867576
20180316,117019577.88565828
20180319,117022111.13642433
20180320,117018668.96395533
20180321,117012368.42681281
20180322,117020524.14455366
20180323,117017069.61276494
20180326,117020717.51790223
20180327,117038879.90611559
20180328,117021525.20336412
20180329,117026111.5803181
20180330,117078657.65382966
20180402,117126575.19938058
20180403,117128084.85186729
20180404,117114668.90449893
20180409,117147928.6797801
20180410,117110944.11797102
20180411,117127873.13461624
20180412,117126026.66125509
20180413,117122268.04175451
20180416,117168161.14254653
20180417,117087055.61836645
20180418,117148489.87319435
20180419,117184832.11617872
20180420,117145967.31202596
20180423,117129816.05581087
20180424,117191750.51081458
20180425,117193023.81773321
20180426,117186710.9294554
20180427,117174497.67235366
20180502,117184760.62833433
20180503,117217246.82607692
20180504,117227640.28728642
20180507,117292799.27377254
20180508,117295977.0035173
20180509,117299539.56087056
20180510,117316378.9699719
20180511,117281458.25411326
20180514,117293812.5292043
20180515,117346723.81183659
20180516,117359796.25909932
20180517,117344536.0529572
20180518,117373377.29877043
20180521,117433543.7928734
20180522,117457769.04214051
20180523,117422644.86131737
20180524,117442674.44929951
20180525,117416915.83841267
20180528,117440274.6086675
20180529,117398170.29332745
20180530,117407916.0587349
20180531,117456633.72128652
20180601,117423966.90349035
20180604,117418929.51633388
20180605,117431447.95878653
20180606,117442782.71528703
20180607,117430795.22282793
20180608,117418503.00303294
20180611,117415257.47844875
20180612,117438877.61225851
20180613,117423946.1090935
20180614,117403832.34032132
20180615,117397260.64630929
20180619,117364802.77291732
20180620,117374355.98217061
20180621,117368703.27095373
20180622,117380828.00249386
20180625,117377472.79528788
20180626,117374161.64257154
20180627,117363435.84624542
20180628,117358577.41107038
20180629,117379146.81032558
20180702,117380535.08495846
20180703,117390132.78665154
20180704,117372559.93679179
20180705,117353803.74528748
20180706,117355478.44919387
20180709,117366120.72606745
20180710,117373073.72730449
20180711,117373741.79415306
20180712,117392367.37333255
20180713,117416925.35464093
20180716,117435165.69927098
20180717,117445784.84532046
20180718,117445727.83456822
20180719,117434921.76822294
20180720,117438062.50342037
20180723,117450249.28959654
20180724,117431963.43341321
20180725,117440107.40832284
20180726,117422286.98571765
20180727,117416629.95946576
20180730,117409010.73668344
20180731,117415710.8922077
20180801,117397552.14792845
20180802,117395351.99177277
20180803,117394142.27548751
20180806,117393548.16289423
20180807,117400788.97741997
20180808,117396522.206786
20180809,117415824.88421793
20180810,117416064.8251397
20180813,117423533.13906857
20180814,117413093.29008688
20180815,117386835.14366235
20180816,117360481.62171605
20180817,117361879.96484405
20180820,117363061.69609584
20180821,117370266.48926537
20180822,117356006.93599673
20180823,117360744.26940031
20180824,117352230.03958312
20180827,117392272.57981198
20180828,117390159.40499757
20180829,117373401.11310805
20180830,117362208.5346517
20180831,117355477.35385951
20180903,117367501.42507023
20180904,117385750.25663206
20180905,117363810.40958038
20180906,117370510.57766838
20180907,117375128.91862516
20180910,117361102.67218482
20180911,117365865.19141228
20180912,117362846.55794764
20180913,117371628.2804582
20180914,117367989.46294935
20180917,117370453.44547215
20180918,117371053.57683271
20180919,117390823.53392142
20180920,117388021.77629226
20180921,117421129.06149338
20180925,117407388.43286003
20180926,117411265.80685785
20180927,117413900.68927625
20180928,117431832.38459794
20181008,117389577.98360813
20181009,117403585.50860134
20181010,117404416.06671928
20181011,117367239.97858809
20181012,117372592.58506586
20181015,117367432.43114145
20181016,117366519.36790343
20181017,117361260.26681544
20181018,117354336.25921007
20181019,117348555.49247086
20181022,117356035.49247086
20181023,117342066.11127906
20181024,117345812.33610795
20181025,117366502.09111743
20181026,117359927.22486015
20181029,117350417.66322869
20181030,117347487.16562028
20181031,117353165.45029311
20181101,117363296.92997539
20181102,117391129.24659479
20181105,117394612.84218532
20181106,117390190.52182814
20181107,117394563.10750347
20181108,117385903.71070549
20181109,117363308.0839251
20181112,117396824.5008923
20181113,117406282.98938759
20181114,117396387.08187485
20181115,117427501.49159177
20181116,117425580.8566361
20181119,117427893.6369464
20181120,117390134.66633601
20181121,117402229.6844642
20181122,117404339.17404144
20181123,117385479.1857649
20181126,117387689.83955449
20181127,117390247.37625334
20181128,117397207.41092612
20181129,117375293.93535042
20181130,117377961.5395599
20181203,117405807.46345612
20181204,117411795.80289076
20181205,117436285.69579017
20181206,117381636.53003392
20181207,117392200.6796042
20181210,117402770.88100962
20181211,117429662.89570272
20181212,117429277.61589332
20181213,117439978.1737637
20181214,117392698.96596707
20181217,117416095.65142895
20181218,117388657.94807138
20181219,117366499.37390675
20181220,117364966.73313399
20181221,117357151.7283686
20181224,117378155.625933
20181225,117383976.9068283
20181226,117381068.92394991
20181227,117368648.4408578
20181228,117376603.09559938
20190102,117375861.36382608
20190103,117390755.07890595
20190104,117457747.94619997
20190107,117519461.0688259
20190108,117498903.41182978
20190109,117520212.24777009
20190110,117499378.2153097
20190111,117511296.36859635
20190114,117487494.48798294
20190115,117547761.31676371
20190116,117517617.8293378
20190117,117495118.49111873
20190118,117488586.6799714
20190121,117489687.6545223
20190122,117449791.17299081
20190123,117462839.20720589
20190124,117456522.36807556
20190125,117461072.03149736
20190128,117477407.60696402
20190129,117483889.33155195
20190130,117469931.79410134
20190131,117465258.92568287
20190201,117489794.4980993
20190211,117548629.18478791
20190212,117600460.96136247
20190213,117757093.79423042
20190214,117788639.5334998
20190215,117736975.725562
20190218,118108820.51225074
20190219,118141262.45829986
20190220,118158615.47417626
20190221,118139397.54558578
20190222,118412607.03634593
20190225,119041808.027292
20190226,119014355.74217139
20190227,118952105.36997403
20190228,118951034.08699231
20190301,119134903.53146504
20190304,119371809.86533152
20190305,119720630.63611245
20190306,120012850.86099193
20190307,120233923.0623787
20190308,119635892.13718137
20190311,119974108.60345446
20190312,120171642.17394672
20190313,119923470.9645191
20190314,119676890.23341714
20190315,119788013.07154807
20190318,119965975.01135917
20190319,119995104.17502674
20190320,120023108.97254443
20190321,120074627.21444108
20190322,120148279.02233402
20190325,120078336.00586687
20190326,119955142.20361696
20190327,120050331.93982366
20190328,119934225.42320785
20190329,120010764.48682663
20190401,120237199.48506843
20190402,120264881.4628891
20190403,120486009.1994328
20190404,120657733.11786778
20190408,120746863.83187601
20190409,120689400.8060671
20190410,120699653.24288763
20190411,120474991.0729191
20190412,120443466.3488752
20190415,120384577.79705122
20190416,120525782.81932262
20190417,120664199.7182725
20190418,120586155.91794011
20190419,120725532.3190017
20190422,120584887.44634525
20190423,120402953.4808507
20190424,120484487.67239603
20190425,120319656.77295443
20190426,120287513.9771586
20190429,120252748.29500036
20190430,120238834.73744145
20190506,120178532.60947293
20190507,120226702.57896477
20190508,120202295.29231143
20190509,120165668.57738554
20190510,120196087.97731769
20190513,120208106.73993486
20190514,120188458.10185295
20190515,120231492.0377926
20190516,120249579.42168258
20190517,120185750.5041792
20190520,120167826.09215763
20190521,120193026.75694811
20190522,120183327.5765138
20190523,120164290.40506391
20190524,120136623.24409972
20190527,120164630.14980987
20190528,120170502.41987312
20190529,120175349.4234591
20190530,120162271.68055248
20190531,120162520.22473508
20190603,120147635.81737621
20190604,120142606.51754735
20190605,120127919.35402505
20190606,120084656.77651168
20190610,120096121.74990745
20190611,120125370.23472933
20190612,120123095.36429413
20190613,120112215.73849605
20190614,120094437.56203161
20190617,120101911.18493895
20190618,120102966.97778784
20190619,120108096.33442764
20190620,120161053.32458054
20190621,120172460.20838316
20190624,120199307.02329923
20190625,120197067.60205695
20190626,120185978.61620384
20190627,120237569.51639844
20190628,120234350.77662893
20190701,120304266.11413324
20190702,120298070.74919204
20190703,120294969.74913435
20190704,120266437.50551023
20190705,120299767.57410777
20190708,120255087.7681045
20190709,120247147.72666153
20190710,120241929.23180784
20190711,120256354.90613832
20190712,120275319.21537824
20190715,120283160.52695516
20190716,120299649.5577086
20190717,120293587.48953228
20190718,120259824.5470482
20190719,120264864.89608878
20190722,120240113.51076144
20190723,120263510.86462623
20190724,120266111.28522915
20190725,120276085.4964193
20190726,120284802.16688941
20190729,120316167.51154047
20190730,120320795.30377921
20190731,120318304.87833217
20190801,120310989.04944886
20190802,120251461.48770033
20190805,120210669.32717979
20190806,120188058.96749464
20190807,120191474.77442162
20190808,120225757.16049846
20190809,120227373.56543882
20190812,120269707.45258363
20190813,120317221.6891985
20190814,120303237.94428442
20190815,120319649.18151323
20190816,120323632.63973273
20190819,120386720.26195559
20190820,120379975.99374807
20190821,120392433.92984964
20190822,120414047.5570427
20190823,120432960.34199838
20190826,120413333.72892134
20190827,120462193.82820733
20190828,120439846.54945531
20190829,120434807.66575398
20190830,120411053.8452742
20190902,120469565.4464984
20190903,120488180.94239296
20190904,120506595.14180325
20190905,120548281.89832139
20190906,120542512.55848706
20190909,120607162.80890809
20190910,120613738.64944413
20190911,120582216.57824175
20190912,120618550.829882
20190916,120618078.20454161
20190917,120571207.39061174
20190918,120566444.20920442
20190919,120596737.86077975
20190920,120591875.2781666
20190923,120582739.19849809
20190924,120608168.36092845
20190925,120589204.34658033
20190926,120560974.84070992
20190927,120555747.72507854
20190930,120550711.6086369
20191008,120568062.0900072
20191009,120557430.23936698
20191010,120586075.56341855
20191011,120619450.21713068
20191014,120658267.80847323
20191015,120654633.61600022
20191016,120621496.24117361
20191017,120601685.0242464
20191018,120561692.73953182
20191021,120563864.71357028
20191022,120568127.67371961
20191023,120542024.95336752
20191024,120546816.67024757
20191025,120562631.27593708
20191028,120589049.02266194
20191029,120538953.1077804
20191030,120522509.36667714
20191031,120517076.13135813
20191101,120581875.31406367
20191104,120626193.96645817
20191105,120651697.57730147
20191106,120613055.03634445
20191107,120650744.68492894
20191108,120624826.04725355
20191111,120553658.16463591
20191112,120580976.88227488
20191113,120583202.21355931
20191114,120624210.64495279
20191115,120582750.0411173
20191118,120615463.53699039
20191119,120672020.78440882
20191120,120647195.87154879
20191121,120649051.16227423
20191122,120619614.0641366
20191125,120631147.57777834
20191126,120625198.18834044
20191127,120629894.97474669
20191128,120621523.45919839
20191129,120620405.72132492
20191202,120642909.31006753
20191203,120651035.35562927
20191204,120635878.25536351
20191205,120653990.48250178
20191206,120672987.0657989
20191209,120698975.10077439
20191210,120715575.18789683
20191211,120694940.04930647
20191212,120695381.05308552
20191213,120713660.77365948
20191216,120764784.06468181
20191217,120793998.95580436
20191218,120802003.90863404
20191219,120820624.68366756
20191220,120817281.09911464
20191223,120785145.16194375
20191224,120849253.32831962
20191225,120852115.28782777
20191226,120880362.51402436
20191227,120857241.36745116
20191230,120925308.4651485
20191231,120983874.69405366
20200102,121100110.86500506
20200103,121100818.22196482
20200106,121141725.02853973
20200107,121244365.52919866
20200108,121144824.83916077
20200109,121219520.92360747
20200110,121194607.32336988
20200113,121284811.2327738
20200114,121266844.68071204
20200115,121263365.52687676
20200116,121267612.36623034
20200117,121240438.94901818
20200120,121299432.6804906
20200121,121312980.60930979
20200122,121362025.97317746
20200123,121322864.90664689
20200203,121200301.8011495
20200204,121291623.91927843
20200205,121428985.7402439
20200206,121624626.9654004
20200207,121562668.12762398
20200210,121475810.22087401
20200211,121359029.12925158
20200212,121456624.86415806
20200213,121387741.77519694
20200214,121345965.52251393
20200217,121398373.10079028
20200218,121489699.01524352
20200219,121425456.95404375
20200220,121530623.33446977
20200221,121645747.73286465
20200224,121803396.16687639
20200225,121865551.60658586
20200226,121608273.2354963
20200227,121612364.812603
20200228,121307359.31530009
20200302,121440856.58357926
20200303,121475631.55208197
20200304,121482212.06578995
20200305,121540950.55286062
20200306,121530519.34144904
20200309,121432025.78908803
20200310,121440900.88186716
20200311,121439020.63394183
20200312,121368522.78497204
20200313,121335622.04151921
20200316,121325186.03489412
20200317,121322261.55362505
20200318,121322744.34731129
20200319,121327425.0759901
20200320,121339432.46632078
20200323,121329576.2722372
20200324,121352103.15598875
20200325,121368123.9291733
20200326,121378366.03481716
20200327,121359235.63308434
20200330,121347365.95195656
20200331,121371363.50656861
20200401,121318122.91317925
20200402,121324871.57057326
20200403,121346076.94485416
20200407,121409174.27143349
20200408,121425484.12207302
20200409,121464951.18237662
20200410,121379979.22176418
20200413,121378308.9749409
20200414,121445013.81307055
20200415,121441580.04083796
20200416,121464639.29830086
20200417,121448903.13430016
20200420,121492712.99108134
20200421,121523105.58501267
20200422,121558297.9318265
20200423,121537743.18125238
20200424,121526532.20256618
20200427,121524036.34687899
20200428,121438632.19853136
20200429,121420070.46661387
20200430,121445520.80546892
20200506,121491182.60207652
20200507,121491665.96442011
20200508,121497600.70076774
20200511,121508212.68563457
20200512,121503290.79924224
20200513,121537091.95268264
20200514,121500398.61064327
20200515,121499113.57275802
20200518,121534020.7522443
20200519,121563560.55588976
20200520,121528758.08061431
20200521,121531731.2877109
20200522,121493764.25819577
20200525,121499771.63328548
20200526,121533350.58533637
20200527,121539524.61554965
20200528,121530614.26597619
20200529,121582580.77292362
20200601,121652335.45646358
20200602,121678981.24769236
20200603,121672237.07629149
20200604,121711900.9338076
20200605,121685251.68732175
20200608,121678547.87569712
20200609,121688083.68501735
20200610,121714324.82630002
20200611,121666789.07491846
20200612,121664496.40643045
20200615,121656830.8254629
20200616,121733665.08365308
20200617,121783108.46876591
20200618,121817042.75091933
20200619,121883082.14707047
20200622,121887467.59201138
20200623,121975401.8702829
20200624,121955649.8559914
20200629,121972626.65837641
20200630,122083525.86390343
20200701,122197775.35421771
20200702,122368959.88571604
20200703,122620563.87380011
20200706,123675969.02102634
20200707,123674805.33171298
20200708,124305152.3678973
20200709,124868005.71930552
20200710,124572568.24215946
20200713,125427916.84425062
20200714,125210655.76559076
20200715,124692984.73506975
20200716,123798229.86020404
20200717,123853420.31385337
20200720,124492565.35188001
20200721,124527915.22829087
20200722,124641250.86572671
20200723,124734665.59966217
20200724,124420485.47064707
20200727,124519497.26087937
20200728,124545938.78862914
20200729,124691563.51521984
20200730,124702945.98748946
20200731,124835052.32952301
20200803,125034232.32590294
20200804,124953428.27281733
20200805,125183801.98540077
20200806,125231835.92545854
20200807,125180711.69087793
20200810,125155211.26221426
20200811,124967356.96893504
20200812,124908657.18907787
20200813,124926148.03781985
20200814,124966646.76349346
20200817,125153695.35860008
20200818,125174479.47302282
20200819,125123038.55040973
20200820,124931595.65546519
20200821,124994781.42074184
20200824,124980086.97251739
20200825,124924582.12488367
20200826,124884846.10773799
20200827,124880225.61192666
20200828,124934310.14584069
20200831,124952975.93667471
20200901,125012805.6649995
20200902,125038113.11605343
20200903,125022895.50995661
20200904,124945374.54797038
20200907,124854041.85398926
20200908,124897837.59354474
20200909,124880522.62201661
20200910,124783032.3149121
20200911,124779303.49259277
20200914,124790856.80790274
20200915,124792991.18968484
20200916,124807412.393693
20200917,124828304.01763847
20200918,124877086.00919163
20200921,124858316.89410225
20200922,124783316.76470517
20200923,124794870.01881717
20200924,124746765.26373357
20200925,124728778.94766775
20200928,124711309.15714282
20200929,124697351.62074912
20200930,124689223.00716463
20201009,124722407.49206367
20201012,124765911.48594975
20201013,124792269.86567459
20201014,124787487.91707626
20201015,124804042.10337341
20201016,124812750.67638749
20201019,124758078.28581974
20201020,124789365.34628408
20201021,124784613.97839367
20201022,124755729.34216128
20201023,124741056.21124628
20201026,124741196.46880814
20201027,124752132.11454041
20201028,124767245.36976206
20201029,124779761.7511515
20201030,124763400.14854532
20201102,124808925.49512577
20201103,124815695.5373248
20201104,124848732.01594989
20201105,124924294.76472312
20201106,124960573.06314611
20201109,125057697.842093
20201110,125031414.97651577
20201111,124978181.03021279
20201112,125006006.77809598
20201113,124989852.55315405
20201116,125124910.09811826
20201117,125109043.69496214
20201118,125163184.14520773
20201119,125134772.6396019
20201120,125193078.47790967
20201123,125268253.91694196
20201124,125284692.97610661
20201125,125201583.93404727
20201126,125182228.34160326
20201127,125190527.57460073
20201130,125184750.11276628
20201201,125229735.00631776
20201202,125235184.35584983
20201203,125178766.80265203
20201204,125173213.18406568
20201207,125169023.92084096
20201208,125161074.88980722
20201209,125171070.05468965
20201210,125186026.26495525
20201211,125199426.55283129
20201214,125195559.47176798
20201215,125176542.94140357
20201216,125192462.31929614
20201217,125206004.43726079
20201218,125231146.59080712
20201221,125345151.04820773
20201222,125312836.95547241
20201223,125394962.33037911
20201224,125368561.39798959
20201225,125452332.78347594
20201228,125540146.16280392
20201229,125373117.04273668
20201230,125483994.79554221
20201231,125544257.60045774
20210104,125738274.06802659
20210105,125762735.50148396
20210106,125762754.70024055
20210107,125905040.59279737
20210108,125892566.12654762
20210111,125792394.12498702
20210112,125994115.11355524
20210113,126019308.24349588
20210114,125886645.53413562
20210115,125814749.85987611
20210118,125969970.09909667
20210119,125879946.96752587
20210120,125966515.56372516
20210121,126063976.62118727
20210122,126067810.73381355
20210125,126106866.06273629
20210126,126044582.06982446
20210127,126074400.30371946
20210128,125965482.62735248
20210129,125975501.58933072
20210201,126045398.91186513
20210202,126073607.2915151
20210203,126085423.93075965
20210204,126064936.14819445
20210205,125987285.4240927
20210208,126041418.39939918
20210209,126103023.14062966
20210210,126173053.66279243
20210218,126241875.0835591
20210219,126355941.99095428
20210222,126426697.24115562
20210223,126485200.49321282
20210224,126319784.54379964
20210225,126313208.03687184
20210226,126173952.81695661
20210301,126329507.06016834
20210302,126262217.05073833
20210303,126390707.50162642
20210304,126350722.03682435
20210305,126267955.16284497
20210308,126252082.67794997
20210309,126165588.89879046
20210310,126155165.63012476
20210311,126206953.84717757
20210312,126209930.57952486
20210315,126256301.9701617
20210316,126258669.40578176
20210317,126247885.23289998
20210318,126279290.74102746
20210319,126250823.40023467
20210322,126310809.03903475
20210323,126229312.14185816
20210324,126197238.44034967
20210325,126171084.00352705
20210326,126176171.34316625
20210329,126177782.95294711
20210330,126150871.16897115
20210331,126144626.93457818
20210401,126159122.68088815
20210402,126157631.78113696
20210406,126196752.03954682
20210407,126224886.11866897
20210408,126250109.6209539
20210409,126245683.66160354
20210412,126253595.60925248
20210413,126200941.9853422
20210414,126266985.14395018
20210415,126255272.54377218
20210416,126323800.29464564
20210419,126340242.0220285
20210420,126329750.64695744
20210421,126322445.59072621
20210422,126326038.62903625
20210423,126296542.85673724
20210426,126290896.45122172
20210427,126295030.94036874
20210428,126333807.22727376
20210429,126276239.835358
20210430,126279435.92932661
20210506,126349203.2046071
20210507,126379723.09193195
20210510,126565902.1748266
20210511,126556657.1853579
20210512,126738908.01057853
20210513,126618244.29986732
20210514,126611559.10442695
20210517,126536909.42209859
20210518,126640592.0308188
20210519,126639745.4829788
20210520,126577310.62283957
20210521,126616521.10290346
20210524,126667506.8311899
20210525,126731177.21490127
20210526,126816892.0535886
20210527,126877939.49912891
20210528,126906267.15209103
20210531,126971376.8938844
20210601,127002146.0612816
20210602,126941470.00230664
20210603,126955904.40928341
20210604,126983898.8990534
20210607,127106189.48879248
20210608,127081894.6332407
20210609,127129194.53765126
20210610,127174952.5683214
20210611,127149817.10685502
20210615,127095777.59674044
20210616,127025618.13366306
20210617,127078341.25462604
20210618,127110227.0743208
20210621,127146213.77493092
20210622,127185506.21547496
20210623,127252127.98703668
20210624,127231726.56437561
20210625,127252638.7834886
20210628,127292318.30441752
20210629,127250016.72812052
20210630,127300724.17297493
20210701,127239128.97458366
20210702,127249617.75718273
20210705,127348941.81216443
20210706,127320158.89046599
20210707,127390685.20351969
20210708,127403078.08281338
20210709,127551283.34492865
20210712,127690863.6191466
20210713,127728619.61748266
20210714,127667213.58913155
20210715,127806527.17261912
20210716,127893016.21452707
20210719,127876721.09973493
20210720,127902168.31839906
20210721,128007164.44058174
20210722,128105529.21916847
20210723,128093677.67249598
20210726,128028830.1411152
20210727,127834459.83584364
20210728,127738749.45716143
20210729,127896395.83186933
20210730,127989496.83072254
20210802,128028601.84974661
20210803,127936977.26737086
20210804,128089218.85499817
20210805,128130344.57071441
20210806,128179835.19135207
20210809,128167177.41727312
20210810,128207476.7636546
20210811,128257979.52892298
20210812,128309955.022871
20210813,128379249.75389075
20210816,128383342.8935308
20210817,128237279.52237938
20210818,128303561.64445534
20210819,128277910.67292893
20210820,128306626.95672186
20210823,128410829.28207634
20210824,128480776.46402298
20210825,128614457.4024394
20210826,128661986.79232109
20210827,128788319.11709371
20210830,129022594.3703683
20210831,129265888.03298235
20210901,129093138.99418831
20210902,129458762.08839238
20210903,129357975.39619885
20210906,129442792.12901337
20210907,129758517.46399847
20210908,129885660.01936288
20210909,130133499.28569603
20210910,130048264.7386069
20210913,130323569.56275938
20210914,130068019.26788655
20210915,130140145.99421291
20210916,130016689.9529674
20210917,129973427.36589672
20210922,130193412.74689408
20210923,130185927.29648365
20210924,130025146.74519552
20210927,129937118.18115246
20210928,129966970.02528936
20210929,129935105.37328486
20210930,129956074.99656735
20211008,129950252.47048542
20211011,129961267.8516223
20211012,129954727.37734467
20211013,129929567.48635685
20211014,129942901.38976468
20211015,129934724.07881016
20211018,129929228.29812841
20211019,129925863.88184226
20211020,129917454.94910583
20211021,129926862.2215538
20211022,129902136.31570525
20211025,129909090.11311169
20211026,129902303.37702323
20211027,129920838.89677303
20211028,129873430.91558352
20211029,129932141.63411376
20211101,129953979.00439946
20211102,129936329.77277605
20211103,129950884.94463803
20211104,130017375.99129441
20211105,129954740.51850604
20211108,129936104.41582191
20211109,129963157.51396053
20211110,129957832.8290952
20211111,129972019.9520719
20211112,130026562.73760135
20211115,129998935.30351779
20211116,129994061.45646691
20211117,130013523.31555448
20211118,130007489.17069271
20211119,130043865.18341091
20211122,130068524.83261898
20211123,130122526.78109905
20211124,130100852.30274585
20211125,130117759.7367711
20211126,130135992.5743516
20211129,130148969.77371058
20211130,130140559.83926643
20211201,130164787.37330534
20211202,130157815.42974992
20211203,130202619.87773964
20211206,130197294.2354848
20211207,130200481.28874448
20211208,130259743.13741858
20211209,130268853.453988
20211210,130233051.21713313
20211213,130241606.43370786
20211214,130238115.2310857
20211215,130226821.34286752
20211216,130281075.56135987
20211217,130238388.68668291
20211220,130230278.31241843
20211221,130356351.3532121
20211222,130367650.36858076
20211223,130370630.71497326
20211224,130360777.62956797
20211227,130375433.62639603
20211228,130367904.87092577
20211229,130369548.05949351
20211230,130436734.8965702
20211231,130479388.77182963
20220104,130618884.26838124
20220105,130513732.70139319
20220106,130561660.14793083
20220107,130546997.57581145
20220110,130623045.96709123
20220111,130627426.239931
20220112,130627192.59213679
20220113,130563929.35003373
20220114,130480947.2388731
20220117,130539941.22657636
20220118,130513846.96869995
20220119,130500645.80927323
20220120,130507908.21795194
20220121,130476435.5497466
20220124,130487042.65126234
20220125,130436470.25086808
20220126,130424368.09584749
20220127,130392043.57503411
20220128,130365980.50290424
20220207,130395700.0883703
20220208,130438807.6460464
20220209,130441891.92643085
20220210,130508344.72316891
20220211,130495872.147534
20220214,130425083.9950743
20220215,130373100.11412236
20220216,130392439.42210872
20220217,130374105.49008925
20220218,130441825.69637455
20220221,130470350.1309566
20220222,130444356.04242544
20220223,130433682.197352
20220224,130379637.6769752
20220225,130359542.5044304
20220228,130371855.97016686
20220301,130371364.31280765
20220302,130410085.19165792
20220303,130462042.38003117
20220304,130433714.13603136
20220307,130426193.89798494
20220308,130332318.68191686
20220309,130362147.9921578
20220310,130385241.51012838
20220311,130377944.43927427
20220314,130332702.51911335
20220315,130307107.29682766
20220316,130332149.70685416
20220317,130331358.63096623
20220318,130338152.47075254
20220321,130373574.81831789
20220322,130379028.56811169
20220323,130409315.0204387
20220324,130417892.34481606
20220325,130411413.95392784
20220328,130420380.4010239
20220329,130421352.54784411
20220330,130468271.66333184
20220331,130482454.57625474
20220401,130482130.55530594
20220406,130550041.02596192
20220407,130475495.73493204
20220408,130505854.59044567
20220411,130486160.38718997
20220412,130475108.93720782
20220413,130447158.70606343
20220414,130497776.24986033
20220415,130439753.71596035
20220418,130369639.327456
20220419,130385849.21008724
20220420,130360451.73684037
20220421,130348908.06570299
20220422,130353147.84740864
20220425,130324561.54184678
20220426,130321756.5160294
20220427,130327067.45955168
20220428,130339411.68273276
20220429,130337174.51483276
20220505,130353482.02963117
20220506,130351531.37622857
20220509,130362437.63060229
20220510,130358438.97482471
20220511,130342118.59478597
20220512,130359654.0408457
20220513,130393101.45622668
20220516,130401880.65800294
20220517,130386517.9794701
20220518,130360484.24667664
20220519,130367488.13367866
20220520,130371641.16882852
20220523,130379372.58528109
20220524,130318307.0352427
20220525,130323389.71777183
20220526,130330548.40039225
20220527,130353669.44237389
20220530,130361750.07301968
20220531,130386589.90866509
20220601,130359590.97878192
20220602,130347776.81309412
20220606,130378323.1412399
20220607,130386568.62212993
20220608,130398572.42278482
20220609,130363036.06993185
20220610,130416775.26691908
20220613,130386894.45238887
20220614,130401372.94281821
20220615,130393650.17421184
20220616,130379885.30563207
20220617,130384921.0848705
20220620,130408497.27876484
20220621,130386860.72162622
20220622,130348995.53282136
20220623,130381794.50928764
20220624,130425891.32496722
20220627,130456058.65777068
20220628,130581426.42693795
20220629,130466362.02505831
20220630,130542760.9767627
20220701,130497787.5276878
20220704,130534565.76840577
20220705,130509154.73352264
20220706,130432928.37746947
20220707,130517635.22965237
20220708,130510758.24410532
20220711,130497128.10056578
20220712,130486381.14555097
20220713,130524758.40909998
20220714,130510531.04259528
20220715,130480567.88920681
20220718,130563868.99686462
20220719,130583106.70942916
20220720,130662486.26133128
20220721,130606890.89574918
20220722,130635533.79234007
20220725,130596169.61025144
20220726,130639861.78713413
20220727,130696616.48279724
20220728,130726248.48806193
20220729,130702766.98096268
20220801,130779528.730108
20220802,130637909.18155247
20220803,130624804.27591781
20220804,130652787.54441695
20220805,130675506.93288776
20220808,130725821.1411231
20220809,130753766.77368447
20220810,130815829.13356932
20220811,130878330.12041247
20220812,130876446.48894127
20220815,130924798.2729309
20220816,130960939.47098301
20220817,131022810.58701171
20220818,131062976.54538544
20220819,130985517.33741075
20220822,131033240.95519316
20220823,131120108.79471812
20220824,130956417.89946501
20220825,131012606.56633855
20220826,130958352.63390079
20220829,130989629.57348005
20220830,130958830.45322213
20220831,130923356.47915165
20220901,130913701.24693175
20220902,130943148.81595242
20220905,130989417.09046568
20220906,131031753.587231
20220907,131042062.94397235
20220908,131036657.53074606
20220909,131056119.54505429
20220913,131039476.0356744
20220914,131027838.85225293
20220915,130982425.62703028
20220916,130918529.27005778
20220919,130886452.55310215
20220920,130897613.0040568
20220921,130892110.27913342
20220922,130886948.69785811
20220923,130883720.92262182
20220926,130859492.25448059
20220927,130871841.1337317
20220928,130868610.07013106
20220929,130854171.73999536
20220930,130837489.43627766
20221010,130831852.60181418
20221011,130835590.39343373
20221012,130834004.77567999
20221013,130837159.63143645
20221014,130856035.00035135
20221017,130875644.90622583
20221018,130882022.26306793
20221019,130868313.62981382
20221020,130863918.56935507
20221021,130881610.71509369
20221024,130854221.10032098
20221025,130837058.68630594
20221026,130866230.3327682
20221027,130888122.9706038
20221028,130875023.81574938
20221031,130891387.25225183
20221101,130922808.13112773
20221102,130962952.12600671
20221103,130948312.76749706
20221104,130988083.0928231
20221107,131001658.67198864
20221108,131014436.29219817
20221109,131019859.06083442
20221110,131024690.03662615
20221111,131024603.99385737
20221114,131011273.31185898
20221115,131049649.11617675
20221116,131046576.44387272
20221117,131050636.68891932
20221118,131033509.13190174
20221121,131017526.07943349
20221122,130993913.90943435
20221123,130982122.1875872
20221124,130981525.14771661
20221125,130997595.77305369
20221128,131007377.66221274
20221129,131025146.32845257
20221130,131050608.87857725
20221201,131072751.87877162
20221202,131070799.23225366
20221205,131130279.79678035
20221206,131135727.89766444
20221207,131138741.70446607
20221208,131119948.0324678
20221209,131115320.42329262
20221212,131143951.27689049
20221213,131170526.10087657
20221214,131112579.38297336
20221215,131086611.97620223
20221216,131114410.70091754
20221219,131043517.56769304
20221220,131003349.92166187
20221221,131009538.66043071
20221222,131008219.08045231
20221223,131007723.60029902
20221226,130993807.89504519
20221227,131000853.09785819
20221228,131001336.24077705
20221229,131010275.80965102
20221230,131029425.63584396
20230103,131038050.62304807
20230104,131050087.15528446
20230105,131038883.57653174
20230106,131021447.40662783
20230109,131056141.60091068
20230110,131070634.7411662
20230111,131050153.26407748
20230112,131064296.08497941
20230113,131144573.08700089
20230116,131171327.26963338
20230117,131156141.48248893
20230118,131160596.1072982
20230119,131180254.50821461
20230120,131225551.64695391
20230130,131263394.04420914
20230131,131277090.35330842
20230201,131377527.02367117
20230202,131396882.89614755
20230203,131353639.97036366
20230206,131286681.9634314
20230207,131318682.13602698
20230208,131278501.53014132
20230209,131324214.97633013
20230210,131352739.63208242
20230213,131400731.91533297
20230214,131421531.12258054
20230215,131402688.04486811
20230216,131382259.59086967
20230217,131360585.0568473
20230220,131442472.5759283
20230221,131475931.28152303
20230222,131508851.07314456
20230223,131479388.02436338
20230224,131449743.77725272
20230227,131466237.88638295
20230228,131496524.88663171
20230301,131559145.78450821
20230302,131594720.87939364
20230303,131639784.63614321
20230306,131604023.76223058
20230307,131535071.76599453
20230308,131539227.32879607
20230309,131524492.27635945
20230310,131447005.41994853
20230313,131538295.87529898
20230314,131534927.3084689
20230315,131592282.02484973
20230316,131567326.09953141
20230317,131656066.33773378
20230320,131643371.15308508
20230321,131629235.85941704
20230322,131681325.91472013
20230323,131751613.03634492
20230324,131779929.38812469
20230327,131810128.60008825
20230328,131750360.79458489
20230329,131747343.86894439
20230330,131686696.423712
20230331,131819107.95452054
20230403,131955965.33431633
20230404,131959892.9309948
20230406,131984569.40269879
20230407,132033125.0451618
20230410,131934267.46307091
20230411,131981125.11599706
20230412,132022455.52099995
20230413,132015788.62858711
20230414,132005749.65745647
20230417,132047682.23039646
20230418,132042810.53851123
20230419,132020680.59449127
20230420,132069062.40355524
20230421,131977071.62317237
20230424,132036515.98960826
20230425,132028952.75322042
20230426,132060906.27171321
20230427,132070264.8454797
20230428,132144461.23872718
20230504,132372125.5692398
20230505,132408860.91726232
20230508,132547990.24465147
20230509,132427831.55048974
20230510,132349166.06384735
20230511,132354888.75079171
20230512,132322435.51519124
20230515,132345620.68962207
20230516,132276862.91707198
20230517,132279306.63845906
20230518,132252348.19722943
20230519,132242948.00851738
20230522,132254923.8191493
20230523,132229865.04130025
20230524,132215162.98260248
20230525,132213236.99055918
20230526,132230572.17849629
20230529,132240450.54944812
20230530,132239651.06151669
20230531,132244232.44673386
20230601,132231845.82282136
20230602,132208160.72272374
20230605,132239734.46969758
20230606,132219167.14824559
20230607,132248197.88870408
20230608,132226905.2195173
20230609,132232671.70453502
20230612,132247535.60666533
20230613,132258370.92981243
20230614,132294822.84268032
20230615,132288783.92220926
20230616,132296273.17461143
20230619,132297526.01354322
20230620,132319534.5029544
20230621,132261865.48143406
20230626,132210370.20001383
20230627,132249895.19381507
20230628,132276846.35179985
20230629,132293746.97003448
20230630,132301091.41146764
20230703,132293295.47984086
20230704,132299446.9623848
20230705,132275567.19009565
20230706,132277864.35074022
20230707,132274971.68733312
20230710,132262449.60150148
20230711,132289504.1837259
20230712,132276317.70464413
20230713,132304431.80572456
20230714,132303847.27878065
20230717,132298220.8026957
20230718,132307508.35550056
20230719,132311798.5010247
20230720,132290813.2857299
20230721,132308125.01500781
20230724,132305037.1746298
20230725,132384903.86027746
20230726,132422685.59024732
20230727,132394069.18679406
20230728,132483957.05503747
20230731,132582216.66822812
20230801,132584747.57195175
20230802,132585584.56418478
20230803,132597877.55834761
20230804,132599813.03353201
20230807,132549966.89419858
20230808,132500105.84072025
20230809,132475161.0061909
20230810,132472087.1475925
20230811,132452688.31819068
20230814,132454995.95342976
20230815,132472806.6012801
20230816,132483218.32390821
20230817,132493845.72174637
20230818,132492297.20916076
20230821,132476174.54951225
20230822,132481133.90292343
20230823,132468227.08113024
20230824,132447289.1755079
20230825,132440165.74889994
20230828,132446379.3401387
20230829,132464394.22935764
20230830,132469564.01457895
20230831,132450912.05649215
20230901,132455625.23742425
20230904,132525632.08282574
20230905,132488888.57411599
20230906,132500727.12152152
20230907,132475682.87536742
20230908,132486981.53989139
20230911,132523276.57942936
20230912,132523379.16590995
20230913,132526705.22260603
20230914,132565164.47649671
20230915,132589502.33351155
20230918,132600776.15588711
20230919,132609850.50780684
20230920,132569851.0570792
20230921,132535977.21651176
20230922,132548676.15007177
20230925,132546468.61556977
20230926,132556952.43843544
20230927,132585856.7131394
20230928,132613493.96109746
20231009,132608280.67731276
20231010,132613784.13960376
20231011,132612096.34491335
20231012,132652725.70914659
20231013,132666043.45470339
20231016,132666499.6098122
20231017,132660860.16477568
20231018,132682596.85179526
20231019,132658620.45528027
20231020,132618743.22509322
20231023,132631472.35333095
20231024,132635592.74631849
20231025,132665157.1818227
20231026,132689348.1829993
20231027,132729192.0862913
20231030,132722145.04528892
20231031,132715517.45534438
20231101,132711113.40612093
20231102,132677709.80663103
20231103,132673187.854195
20231106,132706001.05773595
20231107,132738468.79284681
20231108,132731949.9031427
20231109,132706717.16203035
20231110,132702120.50951187
20231113,132718586.37790638
20231114,132715931.39967881
20231115,132724712.73274127
20231116,132725327.62658581
20231117,132737589.80612347
20231120,132751509.85791384
20231121,132743763.89855926
20231122,132736275.8094278
20231123,132755934.48748265
20231124,132759000.12677602
20231127,132760761.28543417
20231128,132788431.12598307
20231129,132785825.19922754
20231130,132775558.63852806
20231201,132772053.63842389
20231204,132789196.40445873
20231205,132754456.41340987
20231206,132769645.07928409
20231207,132777116.77546221
20231208,132755961.21522354
20231211,132798928.29979828
20231212,132817710.16493933
20231213,132815474.6722694
20231214,132816701.74226926
20231215,132782770.00424454
20231218,132745406.99260305
20231219,132722594.89188814
20231220,132700689.91796906
20231221,132713465.27840662
20231222,132681004.60396911
20231225,132695472.27408884
20231226,132684492.60743293
20231227,132699108.17437384
20231228,132706285.63113554
20231229,132734867.52586249
20240102,132753056.11237155
20240103,132774661.71413197
20240104,132780846.2207252
20240105,132724459.39870681
20240108,132680579.87987344
20240109,132705677.28839037
20240110,132704401.34344634
20240111,132695642.28505224
20240112,132705029.23822108
20240115,132727057.63744853
20240116,132717374.6293684
20240117,132684492.72477104
20240118,132695484.5397661
20240119,132688021.50377625
20240122,132675012.2684839
20240123,132667126.95321508
20240124,132685300.313647
20240125,132740174.48482573
20240126,132792009.89058603
20240129,132789723.58628012
20240130,132749980.85692768
20240131,132706308.904215
20240201,132641137.47955841
20240202,132622585.95189853
20240205,132622446.3213236
20240206,132651601.25445971
20240207,132713867.9957424
20240208,132680696.62189254
20240219,132750309.1587261
20240220,132798046.05046315
20240221,132779812.19103941
20240222,132853867.52158386
20240223,132857578.14500387
20240226,132776897.33612134
20240227,132818171.52536409
20240228,132761980.15886687
20240229,132842326.6011121
20240301,132856051.36270182
20240304,132885156.1554879
20240305,132888859.22167227
20240306,132895309.33020808
20240307,132908455.58241145
20240308,132941163.80566457
20240311,132928519.32989927
20240312,132870571.90432109
20240313,132868891.09756501
20240314,132894765.26890878
20240315,132917886.37159999
20240318,132933669.23661338
20240319,132931977.080249
20240320,132932749.96994713
20240321,132943817.27912782
20240322,132921478.91966154
20240325,132920720.2091339
20240326,132927278.87646581
20240327,132919295.82614037
20240328,132919337.3588763
20240329,132960516.21417835
20240401,133001592.69756351
20240402,133037962.31711242
20240403,133108862.59788741
20240408,133093284.76358196
20240409,133072465.71987943
20240410,133087649.53098997
20240411,133174284.86852923
20240412,133189908.50235514
20240415,133258321.16039327
20240416,133127953.96238577
20240417,133355171.74238993
20240418,133347640.40660568
20240419,133434234.88820817
20240422,133339234.98145409
20240423,133230280.78569214
20240424,133271253.8695252
20240425,133264638.49473916
20240426,133308095.81188352
20240429,133336336.1611906
20240430,133310274.50403349
20240506,133447717.45871525
20240507,133462245.06264752
20240508,133372883.75518464
20240509,133449146.24850193
20240510,133458302.62096585
20240513,133460651.39971404
20240514,133476981.40288669
20240515,133428453.68769684
20240516,133406693.93872969
20240517,133484774.66562536
20240520,133540246.28530529
20240521,133490420.48678176
20240522,133481785.10548046
20240523,133395464.19262053
20240524,133391037.16475478
20240527,133399267.90054093
20240528,133404534.28600545
20240529,133434021.78710207
20240530,133374520.36127041
20240531,133377930.07848597
20240603,133374351.66405363
20240604,133385622.30320796
20240605,133367915.89466769
20240606,133388016.3492847
20240607,133393953.80539484
20240611,133373428.6843827
20240612,133380710.20826189
20240613,133382949.1134839
20240614,133380617.65655819
20240617,133421665.966817
20240618,133430314.3419414
20240619,133410448.40233551
20240620,133379081.12007852
20240621,133395632.99602735
20240624,133371878.8115321
20240625,133367335.24214423
20240626,133387912.10431713
20240627,133374712.52355531
20240628,133417145.08388866
20240701,133440086.5259765
20240702,133431391.34010218
20240703,133422823.67998512
20240704,133419253.81639989
20240705,133415773.65917808
20240708,133437073.06557524
20240709,133503429.5525337
20240710,133512860.92661914
20240711,133567891.0627382
20240712,133539256.3005016
20240715,133552394.76017034
20240716,133635927.63805827
20240717,133580691.89798093
20240718,133591606.49804486
20240719,133570538.77561304
20240722,133575639.03652558
20240723,133562923.93613318
20240724,133569109.94553503
20240725,133576538.9340697
20240726,133599374.29023102
20240729,133620321.50290895
20240730,133641641.81587312
20240731,133645878.84331256
20240801,133647873.35040314
20240802,133648183.54273346
20240805,133665449.56696597
20240806,133635639.5447596
20240807,133633207.87099485
20240808,133618327.20860334
20240809,133613723.46006137
20240812,133617057.7442301
20240813,133615377.80052999
20240814,133620113.80849154
20240815,133622982.59547994
20240816,133619976.33187999
20240819,133625774.43424016
20240820,133623347.57990378
20240821,133617924.22533639
20240822,133613625.69336481
20240823,133619361.62539017
20240826,133623946.33890048
20240827,133630565.96877123
20240828,133632210.3383237
20240829,133619973.67303294
20240830,133628677.86896311
20240902,133631922.41444995
20240903,133662695.40986952
20240904,133666790.1592151
20240905,133691720.1746577
20240906,133685891.96182698
20240909,133678765.98184983
20240910,133663498.90987712
20240911,133668270.70153747
20240912,133689791.26471359
20240913,133736934.9432334
20240918,133715444.19876274
20240919,133718630.91834964
20240920,133709398.34819959
20240923,133704424.28870454
20240924,133829067.6398465
20240925,133885611.372318
20240926,134114244.71455197
20240927,134433344.8763059
20240930,135214871.34750387
20241008,135731920.46952328
20241009,134946768.1370263
20241010,134924474.98834085
20241011,134616461.79375607
20241014,134839579.89158288
20241015,134670952.68232918
20241016,134717602.6061635
20241017,134653801.65303636
20241018,134820086.5493621
20241021,134914278.90376204
20241022,134996161.140358
20241023,135035580.97071767
20241024,135079383.18872303
20241025,135185710.23366296
20241028,135351816.60079607
20241029,135351059.67242694
20241030,135505014.2805892
20241031,135713581.12058115
20241101,135521789.87268254
20241104,135515206.37387133
20241105,135749290.09988654
20241106,135837206.26069602
20241107,136198418.4413424
20241108,136001522.36656636
20241111,136068444.9298536
20241112,135931953.36313164
20241113,135809616.2966978
20241114,135588657.66351634
20241115,135523544.8932611
20241118,135564029.79357037
20241119,135569583.50393313
20241120,135645547.65677357
20241121,135653687.72775197
20241122,135637193.36674315
20241125,135592566.81148422
20241126,135552210.57001573
20241127,135556984.4304854
20241128,135587630.8157827
20241129,135632405.5193754
20241202,135669136.39495224
20241203,135632202.85781953
20241204,135558586.1257014
20241205,135583856.86119586
20241206,135677819.04005894
20241209,135550845.96040595
20241210,135618367.14691865
20241211,135963800.23214298
20241212,136251526.2414553
20241213,135905053.94115552
20241216,136004572.7189368
20241217,135635698.49963284
20241218,135624267.65236416
20241219,135567650.6956172
20241220,135549585.4632204
20241223,135491817.12057748
20241224,135535413.15155765
20241225,135531190.65239048
20241226,135599949.61957562
20241227,135606629.11844215
20241230,135637956.63853508
20241231,135567131.452295
20250102,135524853.58229807
20250103,135461990.07899994
20250106,135452204.33462268
20250107,135439629.7580944
20250108,135428410.45745024
20250109,135436935.0548985
20250110,135391934.4807553
20250113,135380740.2944729
20250114,135413770.37286872
20250115,135392908.8706064
20250116,135418578.85642096
20250117,135426160.6610057
20250120,135415278.06984392
20250121,135413156.79475936
20250122,135401548.6522159
20250123,135389313.97902173
20250124,135426074.67589775
20250127,135412215.88286182
20250205,135402415.03136405
20250206,135446508.59889707
20250207,135461005.43148085
20250210,135467914.42317238
20250211,135497161.3029207
20250212,135536837.00272992
20250213,135527953.90673092
20250214,135569401.20544416
20250217,135585267.85093853
20250218,135575493.03948024
20250219,135597391.7688935
20250220,135612220.84486637
20250221,135639346.81565005
20250224,135631225.59740272
20250225,135628785.62277704
20250226,135680186.9004963
20250227,135668809.7896148
20250228,135600740.80416846
20250303,135588950.8565273
20250304,135639310.90206453
20250305,135671232.5938581
20250306,135740964.81049824
20250307,135819414.15437523
20250310,135861828.05263156
20250311,135952703.71586123
20250312,135957374.18950742
20250313,135979613.35433632
20250314,136061565.9188454
20250317,136052783.94399887
20250318,136101203.31842205
20250319,136106557.65583977
20250320,136148380.70570818
20250321,136088519.95338538
20250324,136090405.28905353
20250325,136079260.91427535
20250326,136074579.36478096
20250327,136009514.10642505
20250328,135947224.22707358
20250331,135944134.25466895
20250401,135962914.63321766
20250402,135946301.98795637
20250403,135953769.1516256
20250407,135792913.1454136
20250408,135826566.88614658
20250409,135833174.40558732
20250410,135882744.5766654
20250411,135827473.4128023
20250414,135841854.69195083
20250415,135811089.83361292
20250416,135844413.20969582
20250417,135856272.1073663
20250418,135802551.45906964
20250421,135849307.7380107
20250422,135880021.30779764
20250423,135802453.5426214
20250424,135828117.9567883
20250425,135811298.40535393
20250428,135766548.23806682
20250429,135752733.76762378
20250430,135726539.43965816
20250506,135766274.6537646
20250507,135768262.83400303
20250508,135773217.12605068
20250509,135777833.40958548
20250512,135800111.98803663
20250513,135803597.0532479
20250514,135819861.61968198
20250515,135812785.9476182
20250516,135804255.80693203
20250519,135820046.7288932
20250520,135863478.2150947
20250521,135882049.7664636
20250522,135859959.97641602
20250523,135848521.797025
20250526,135837545.79992783
20250527,135877141.13432366
20250528,135886442.93550625
20250529,135884904.15596488
20250530,135877160.29964906
20250603,135925108.331201
20250604,135985429.3096732
20250605,135938817.72714067
20250606,135933444.4457513
20250609,135994502.21030414
20250610,135997240.64567295
20250611,136035639.11351576
20250612,136057691.34950122
20250613,136004553.9529107
20250616,136027106.78042212
20250617,136044428.6393287
20250618,136031976.39903995
20250619,135974319.61911687
20250620,135967318.59061375
20250623,136005570.57699525
20250624,135999866.86516625
20250625,136072439.97012812
20250626,136092450.78293076
20250627,136084440.42156327
20250630,136148621.5563843
20250701,136188955.19843477
20250702,136176986.94498575
20250703,136183318.33760044
20250704,136164321.11639056
20250707,136203565.17440557
20250708,136278161.38880113
20250709,136301356.89786702
20250710,136445207.6531243
20250711,136525745.69397625
20250714,136505091.67556822
20250715,136438796.6978892
20250716,136492179.3774021
20250717,136566021.102747
20250718,136641767.46239686
20250721,136793978.30362085
20250722,136994106.75945762
20250723,136886628.42032486
20250724,137166956.58402687
20250725,137111001.06665245
20250728,137075728.31467545
20250729,137122563.0749912
20250730,137104986.1496381
20250731,136957384.04080006
20250801,136955222.0759247
20250804,136979182.79593447
20250805,137013960.79256123
20250806,137016591.42496908
20250807,137022509.46500275
20250808,137083769.33939657
20250811,137099386.94238946
20250812,137098323.5129452
20250813,137161160.7785491
20250814,137079159.8623396
20250815,137218084.6164974
20250818,137330378.37511912
20250819,137367684.37784773
20250820,137529861.57385984
20250821,137473450.38966936
20250822,137644259.5164661
20250825,137875081.18530625
20250826,137982673.06606364
20250827,137576340.21167472
20250828,137726058.18931788
20250829,137834949.42758992
20250901,137993512.6772584
20250902,137827383.7925097
20250903,137747749.20292354
20250904,137626199.7709793
20250905,137788126.74701536
20250908,137867455.40615237
20250909,137891748.94688332
20250910,137879212.8384655
20250911,137962164.5356363
20250912,138078624.56620258
20250915,138146855.65134665
20250916,138252404.12543014
20250917,138307558.57943022
20250918,138248765.05792487
20250919,138116781.609671
20250922,138117091.47323176
20250923,138101219.45607042
20250924,138168195.87776032
20250925,138126156.6758277
20250926,138081439.3176206
20250929,138190382.8625238
20250930,138237316.15737116
20251009,138466712.08921227
20251010,138454114.95089093
20251013,138487313.16670182
20251014,138436526.56811538
20251015,138509231.65291587
20251016,138486710.86361036
20251017,138336245.2963905
20251020,138391088.37736323
20251021,138496115.74183285
20251022,138459765.80022994
20251023,138483575.49284652
20251024,138418486.97784397
20251027,138496301.77768257
20251028,138514355.28451812
20251029,138623540.82791337
20251030,138559458.9321879
20251031,138511703.29216048
20251103,138567895.911953
20251104,138565493.248778
20251105,138628545.20435697
20251106,138653990.72935423
20251107,138681872.00403517
20251110,138769687.04068518
20251111,138833084.14283368
20251112,138803436.62729615
20251113,138921358.06548324
20251114,138905431.14965868
20251117,138971215.7149338
20251118,138825297.18477452
20251119,138794210.41888425
20251120,138765008.4378321
20251121,138650152.4220457
20251124,138650164.67850026
20251125,138674318.64076385
20251126,138663204.2155412
20251127,138662166.07495487
20251128,138695604.75039998
20251201,138712934.97759998
20251202,138718485.6706
20251203,138754234.91899997
20251204,138783803.40679997
20251205,138859341.05779997
20251208,138871690.81313157
20251209,138773938.12865126
20251210,138802854.10730317
20251211,138733593.79412812
20251212,138792757.63487968
20251215,138816609.95930114
20251216,138769455.04772174
20251217,138789714.65951234
20251218,138806465.1962358
20251219,138858055.2614358
20251222,138867809.7704358
20251223,138809642.7698358
20251224,138836979.72503582
20251225,138885365.71843582
20251226,138965973.75903583
20251229,138951382.80523583
20251230,138952623.38463584
20251231,139006441.84743586
