trade_date,nav_gross,nav_net,nav_hold
20120228,1000000.0,1000000.0,1018595.7798012047
20120229,1000000.0,1000000.0,1009738.4251942376
20120301,1000000.0,1000000.0,1017414.7991869424
20120302,1000000.0,1000000.0,1032177.0568652207
20120305,1000000.0,1000000.0,1019776.7604154667
20120306,1000000.0,1000000.0,1000881.0705872704
20120307,1000000.0,1000000.0,992023.7159803037
20120308,1000000.0,1000000.0,1005604.9930443197
20120309,1000000.0,1000000.0,996157.1481302216
20120312,1000000.0,1000000.0,986118.8129089922
20120313,1000000.0,1000000.0,994976.1675159594
20120314,1000000.0,1000000.0,973128.0261521073
20120315,1000000.0,1000000.0,959546.7490880912
20120316,1000000.0,1000000.0,968404.1036950581
20120319,1000000.0,1000000.0,965451.6521594027
20120320,1000000.0,1000000.0,948917.9235597309
20120321,1000000.0,1000000.0,950689.3944811242
20120322,1000000.0,1000000.0,956003.8072453045
20120323,1000000.0,1000000.0,945374.981716944
20120326,1000000.0,1000000.0,947146.4526383374
20120327,1000000.0,1000000.0,948917.9235597309
20120328,1000000.0,1000000.0,931793.704652928
20120329,1000000.0,1000000.0,919393.4082031742
20120330,1000000.0,1000000.0,927660.2725030101
20120405,1000000.0,1000000.0,929431.7434244035
20120406,1000000.0,1000000.0,944194.0011026817
20120409,1000000.0,1000000.0,930022.2337315346
20120410,1000000.0,1000000.0,937698.6077242394
20120411,1000000.0,1000000.0,934746.1561885837
20120412,1000000.0,1000000.0,964270.6715451403
20120413,1000000.0,1000000.0,962499.2006237468
20120416,1000000.0,1000000.0,955413.3169381733
20120417,1000000.0,1000000.0,944194.0011026817
20120418,1000000.0,1000000.0,960137.2393952225
20120419,1000000.0,1000000.0,966042.1424665337
20120420,1000000.0,1000000.0,979032.9292234186
20120423,1000000.0,1000000.0,969585.0843093207
20120424,1000000.0,1000000.0,989661.7547517791
20120425,1000000.0,1000000.0,995566.6578230903
20120426,1000000.0,1000000.0,979032.9292234186
20120427,1000000.0,1000000.0,977851.9486091563
20120502,1000000.0,1000000.0,990842.7353660414
20120503,1000000.0,1000000.0,981985.3807590742
20120504,1000000.0,1000000.0,986709.3032161235
20120507,1000000.0,1000000.0,980213.909837681
20120508,1000000.0,1000000.0,976670.967994894
20120509,1000000.0,1000000.0,954232.336323911
20120510,1000000.0,1000000.0,952460.8654025176
20120511,1000000.0,1000000.0,945965.4720240752
20120514,1000000.0,1000000.0,941241.5495670261
20120515,1000000.0,1000000.0,945965.4720240752
20120516,1000000.0,1000000.0,930612.7240386658
20120517,1000000.0,1000000.0,941241.5495670261
20120518,1000000.0,1000000.0,928250.7628101412
20120521,1000000.0,1000000.0,931203.2143457968
20120522,1000000.0,1000000.0,943013.0204884196
20120524,1000000.0,1000000.0,927660.2725030101
20120525,1000000.0,1000000.0,922345.8597388299
20120528,1000000.0,1000000.0,933565.1755743214
20120529,1000000.0,1000000.0,940651.059259895
20120530,1000000.0,1000000.0,927069.7821958789
20120531,1000000.0,1000000.0,926479.2918887478
20120601,1000000.0,1000000.0,931793.704652928
20120604,1000000.0,1000000.0,909355.072981945
20120605,1000000.0,1000000.0,901088.2086821091
20120606,1000000.0,1000000.0,904631.1505248959
20120607,1000000.0,1000000.0,898135.7571464535
20120608,1000000.0,1000000.0,874516.1448612082
20120611,1000000.0,1000000.0,873335.1642469458
20120612,1000000.0,1000000.0,857982.4162615363
20120613,1000000.0,1000000.0,876287.6157826014
20120614,1000000.0,1000000.0,864477.8096399789
20120615,1000000.0,1000000.0,895183.3056107978
20120618,1000000.0,1000000.0,898135.7571464535
20120619,1000000.0,1000000.0,900497.7183749779
20120620,1000000.0,1000000.0,899316.7377607158
20120621,1000000.0,1000000.0,879830.5576253884
20120625,1000000.0,1000000.0,872154.1836326835
20120626,1000000.0,1000000.0,879830.5576253884
20120627,1000000.0,1000000.0,877468.5963968637
20120628,1000000.0,1000000.0,869792.2224041591
20120629,1000000.0,1000000.0,895183.3056107978
20120702,1000000.0,1000000.0,894592.8153036666
20120703,1000000.0,1000000.0,893411.8346894043
20120704,1000000.0,1000000.0,902269.1892963712
20120705,1000000.0,1000000.0,896954.776532191
20120706,1000000.0,1000000.0,894002.3249965355
20120709,1000000.0,1000000.0,868611.2417898969
20120710,1000000.0,1000000.0,880421.0479325195
20120711,1000000.0,1000000.0,877468.5963968637
20120712,1000000.0,1000000.0,878649.5770111261
20120713,1000000.0,1000000.0,884554.4800824374
20120716,1000000.0,1000000.0,876878.1060897325
20120717,1000000.0,1000000.0,887506.9316180929
20120718,1000000.0,1000000.0,886325.9510038306
20120719,1000000.0,1000000.0,886916.4413109617
20120720,1000000.0,1000000.0,876878.1060897325
20120723,1000000.0,1000000.0,874516.1448612082
20120724,1000000.0,1000000.0,873925.6545540771
20120725,1000000.0,1000000.0,864477.8096399789
20120726,1000000.0,1000000.0,865068.29994711
20120727,1000000.0,1000000.0,870973.2030184212
20120730,1000000.0,1000000.0,876878.1060897325
20120731,1000000.0,1000000.0,891640.3637680109
20120801,1000000.0,1000000.0,895183.3056107978
20120802,1000000.0,1000000.0,895183.3056107978
20120803,1000000.0,1000000.0,894592.8153036666
20120806,1000000.0,1000000.0,891640.3637680109
20120807,1000000.0,1000000.0,883373.4994681751
20120808,1000000.0,1000000.0,888097.421925224
20120809,1000000.0,1000000.0,888097.421925224
20120810,1000000.0,1000000.0,890459.3831537487
20120813,1000000.0,1000000.0,887506.9316180929
20120814,1000000.0,1000000.0,901088.2086821091
20120815,1000000.0,1000000.0,891640.3637680109
20120816,1000000.0,1000000.0,880421.0479325195
20120817,1000000.0,1000000.0,889278.4025394865
20120820,1000000.0,1000000.0,876878.1060897325
20120821,1000000.0,1000000.0,873335.1642469458
20120822,1000000.0,1000000.0,866249.2805613722
20120823,1000000.0,1000000.0,863296.8290257165
20120824,1000000.0,1000000.0,848534.5713474381
20120827,1000000.0,1000000.0,833181.8233620287
20120828,1000000.0,1000000.0,848534.5713474381
20120829,1000000.0,1000000.0,843220.1585832579
20120830,1000000.0,1000000.0,843220.1585832579
20120831,1000000.0,1000000.0,837905.7458190778
20120903,1000000.0,1000000.0,839086.7264333401
20120904,1000000.0,1000000.0,819010.0559908815
20120905,1000000.0,1000000.0,804247.7983126031
20120906,1000000.0,1000000.0,810743.1916910456
20120907,1000000.0,1000000.0,839086.7264333401
20120910,1000000.0,1000000.0,830819.8621335042
20120911,1000000.0,1000000.0,827867.4105978486
20120912,1000000.0,1000000.0,825505.4493693241
20120913,1000000.0,1000000.0,820191.0366051439
20120914,1000000.0,1000000.0,829638.8815192421
20120917,1000000.0,1000000.0,809562.2110767835
20120918,1000000.0,1000000.0,797752.4049341608
20120919,1000000.0,1000000.0,787714.0697129315
20120920,1000000.0,1000000.0,768227.8895776041
20120921,1000000.0,1000000.0,760551.5155848995
20120924,1000000.0,1000000.0,762322.9865062927
20120925,1000000.0,1000000.0,752284.6512850635
20120926,1000000.0,1000000.0,746379.7482137522
20120927,1000000.0,1000000.0,769408.8701918663
20120928,1000000.0,1000000.0,775313.7732631777
20121008,1000000.0,1000000.0,765275.4380419485
20121009,1000000.0,1000000.0,784761.6181772758
20121010,1000000.0,1000000.0,784761.6181772758
20121011,1000000.0,1000000.0,780628.1860273579
20121012,1000000.0,1000000.0,784761.6181772758
20121015,1000000.0,1000000.0,773542.3023417842
20121016,1000000.0,1000000.0,780628.1860273579
20121017,1000000.0,1000000.0,788895.0503271937
20121018,1000000.0,1000000.0,797752.4049341608
20121019,1000000.0,1000000.0,798925.5081781475
20121022,1000000.0,1000000.0,801305.0331466603
20121023,1000000.0,1000000.0,791192.0520304812
20121024,1000000.0,1000000.0,790597.170788353
20121025,1000000.0,1000000.0,785838.1208513275
20121026,1000000.0,1000000.0,769181.4460717385
20121029,1000000.0,1000000.0,769776.3273138666
20121030,1000000.0,1000000.0,778699.5459457893
20121031,1000000.0,1000000.0,782863.7146406866
20121101,1000000.0,1000000.0,795951.1019675066
20121102,1000000.0,1000000.0,804874.3205994292
20121105,1000000.0,1000000.0,809633.3705364547
20121106,1000000.0,1000000.0,807848.7268100702
20121107,1000000.0,1000000.0,806064.0830836857
20121108,1000000.0,1000000.0,795951.1019675066
20121109,1000000.0,1000000.0,798330.6269360193
20121112,1000000.0,1000000.0,810228.2517785829
20121113,1000000.0,1000000.0,798330.6269360193
20121114,1000000.0,1000000.0,795951.1019675066
20121115,1000000.0,1000000.0,782268.8333985584
20121116,1000000.0,1000000.0,779294.4271879175
20121119,1000000.0,1000000.0,778699.5459457893
20121120,1000000.0,1000000.0,778104.6647036612
20121121,1000000.0,1000000.0,788812.5270619683
20121122,1000000.0,1000000.0,782268.8333985584
20121123,1000000.0,1000000.0,788812.5270619683
20121126,1000000.0,1000000.0,781079.0709143021
20121127,1000000.0,1000000.0,784053.477124943
20121128,1000000.0,1000000.0,778699.5459457893
20121129,1000000.0,1000000.0,757878.702471303
20121130,1000000.0,1000000.0,761447.989924072
20121203,1000000.0,1000000.0,747170.8401129958
20121204,1000000.0,1000000.0,755499.1775027902
20121205,1000000.0,1000000.0,796545.9832096348
20121206,1000000.0,1000000.0,803684.5581151729
20121207,1000000.0,1000000.0,834023.5014637102
20121210,1000000.0,1000000.0,851869.9387275557
20121211,1000000.0,1000000.0,839377.4326428638
20121212,1000000.0,1000000.0,847110.8887905302
20121213,1000000.0,1000000.0,836403.0264322229
20121214,1000000.0,1000000.0,903029.7255505791
20121217,1000000.0,1000000.0,905409.2505190921
20121218,1000000.0,1000000.0,907193.8942454765
20121219,1000000.0,1000000.0,903029.7255505791
20121220,1000000.0,1000000.0,898865.5568556819
20121221,1000000.0,1000000.0,884588.4070446056
20121224,1000000.0,1000000.0,887562.8132552466
20121225,1000000.0,1000000.0,916711.9941195274
20121226,1000000.0,1000000.0,914332.4691510147
20121227,1000000.0,1000000.0,920876.1628144248
20121228,1000000.0,1000000.0,928014.7377199628
20121231,1000000.0,1000000.0,952999.7498893463
20130104,1000000.0,1000000.0,951215.1061629619
20130107,1000000.0,1000000.0,969656.4246689356
20130108,1000000.0,1000000.0,951809.9874050901
20130109,993734.335839599,992443.8610870278,943481.6500152956
20130110,994360.9022556391,993069.6138367673,944076.5312574237
20130111,973684.2105263157,972419.77309536,924445.4502671937
20130114,1070802.0050125313,1069411.4493050002,1016652.042797062
20130115,1103383.4586466164,1101950.5922914601,1047585.8673877273
20130116,1116541.3533834587,1115091.400035992,1060078.373472419
20130117,1111528.8220551377,1110085.378038075,1055319.3235353937
20130118,1148496.2406015035,1147004.7902727122,1090417.316820956
20130121,1234335.8395989975,1232732.9169870394,1171916.046992517
20130122,1283208.0200501254,1281541.6314667296,1218316.7838785155
20130123,1256265.664160401,1254634.263227926,1192736.8904670037
20130124,1218671.679197995,1217089.098243549,1157044.0159393125
20130125,1199874.686716792,1198316.5157513607,1139197.578675467
20130128,1320175.4385964912,1318461.0437013665,1253414.777164078
20130129,1339598.9974937344,1337859.3789432945,1271856.0956700516
20130130,1336466.1654135336,1334730.6151945964,1268881.6894594105
20130131,1322055.1378446117,1320338.3019505853,1255199.4208904626
20130201,1405388.471177945,1403563.4176659542,1334318.6260935108
20130204,1379072.6817042609,1377281.8021768904,1309333.6139241273
20130205,1364661.6541353385,1362889.4889328794,1295651.345355179
20130206,1369674.1854636592,1367895.5109307962,1300410.3952922043
20130207,1306390.9774436092,1304694.4832070952,1240327.389837258
20130208,1300125.313283208,1298436.955709699,1234378.5774159762
20130218,1309523.8095238095,1307823.2469557931,1243301.796047899
20130219,1303884.7117794487,1302191.4722081367,1237947.8648687452
20130220,1271929.8245614036,1270278.0819714162,1207608.921520208
20130221,1228070.1754385964,1226475.3894896433,1165967.2345712355
20130222,1197994.9874686718,1196439.2575021419,1137412.9349490828
20130225,1253759.3984962408,1252131.2522289676,1190357.3654984909
20130226,1306390.9774436092,1304694.4832070952,1240327.389837258
20130227,1317042.6065162907,1315332.2799526684,1250440.370953437
20130228,1441102.7568922306,1439231.324401112,1368226.856894817
20130301,1444862.155388471,1442985.8408995497,1371796.144347586
20130304,1362781.954887218,1361012.2306836604,1293866.7016287944
20130305,1499373.43358396,1497426.3301268963,1423550.8124127379
20130306,1519423.558897243,1517450.4181185637,1442587.0121608395
20130307,1487468.671679198,1485537.0278818435,1412248.0688123023
20130308,1432330.8270676692,1430470.7859047574,1359898.5195050226
20130311,1417919.7994987469,1416078.4726607464,1346216.2509360744
20130312,1360902.2556390977,1359134.9724344413,1292082.0579024097
20130313,1384085.2130325816,1382287.8241748072,1314092.6638611525
20130314,1357769.4235588973,1356006.2086857436,1289107.651691769
20130315,1390977.4436090225,1389171.104421943,1320636.3575245626
20130318,1337719.2982456142,1335982.120694076,1270071.4519436671
20130319,1347117.7944862156,1345368.41194017,1278994.6705755899
20130320,1447368.4210526317,1445488.8518985081,1374175.6693160988
20130321,1438596.4912280703,1436728.3134021538,1365847.3319263044
20130322,1442982.456140351,1441108.5826503308,1370011.5006212017
20130325,1426065.1629072682,1424213.2584073613,1353949.7070837407
20130326,1387218.045112782,1385416.5879235053,1317067.0700717934
20130327,1387844.611528822,1386042.3406732448,1317661.9513139215
20130328,1254385.9649122807,1252757.004978707,1190952.246740619
20130329,1260651.6290726818,1259014.5324761034,1196901.0591619008
20130401,1277568.9223057644,1275909.856719073,1212962.8526993617
20130402,1280701.7543859652,1279038.620467771,1215937.2589100027
20130403,1281328.320802005,1279664.3732175105,1216532.1401521307
20130408,1248746.8671679199,1247125.2302310506,1185598.3155614655
20130409,1249373.4335839602,1247750.9829807903,1186193.1968035938
20130410,1245614.0350877193,1241758.2680398573,1154069.6097286718
20130411,1245614.0350877193,1241758.2680398573,1154664.4909708
20130412,1245614.0350877193,1241758.2680398573,1124325.5476222627
20130415,1245614.0350877193,1241758.2680398573,1104099.5853899044
20130416,1245614.0350877193,1241758.2680398573,1115402.32899034
20130417,1245614.0350877193,1241758.2680398573,1099935.4166950071
20130418,1245614.0350877193,1241758.2680398573,1136223.1724648264
20130419,1245614.0350877193,1241758.2680398573,1204039.634067439
20130422,1245614.0350877193,1241758.2680398573,1203444.752825311
20130423,1245614.0350877193,1241758.2680398573,1135033.40998057
20130424,1245614.0350877193,1241758.2680398573,1154069.6097286718
20130425,1245614.0350877193,1241758.2680398573,1120161.3789273652
20130426,1245614.0350877193,1241758.2680398573,1112427.922779699
20130502,1245614.0350877193,1241758.2680398573,1124920.4288643908
20130503,1245614.0350877193,1241758.2680398573,1173700.6907189018
20130506,1245614.0350877193,1241758.2680398573,1208203.802762336
20130507,1245614.0350877193,1241758.2680398573,1204634.515309567
20130508,1245614.0350877193,1241758.2680398573,1212367.9714572334
20130509,1245614.0350877193,1241758.2680398573,1197495.940404029
20130510,1245614.0350877193,1241758.2680398573,1201065.227856798
20130513,1245614.0350877193,1241758.2680398573,1185003.4343193374
20130514,1245614.0350877193,1241758.2680398573,1147525.9160652617
20130515,1245614.0350877193,1241758.2680398573,1148120.79730739
20130516,1245614.0350877193,1241758.2680398573,1208203.802762336
20130517,1245614.0350877193,1241758.2680398573,1212962.8526993617
20130520,1245614.0350877193,1241758.2680398573,1248060.8459849246
20130521,1245614.0350877193,1241758.2680398573,1255199.4208904626
20130522,1245614.0350877193,1241758.2680398573,1258768.7083432316
20130523,1245614.0350877193,1241758.2680398573,1220696.3088470278
20130524,1245614.0350877193,1241758.2680398573,1230809.2899632072
20130527,1245614.0350877193,1241758.2680398573,1214747.4964257462
20130528,1245614.0350877193,1241758.2680398573,1284943.4829968717
20130529,1245614.0350877193,1241758.2680398573,1265907.28324877
20130530,1245614.0350877193,1241758.2680398573,1261148.2333117444
20130531,1245614.0350877193,1241758.2680398573,1248655.7272270524
20130603,1245614.0350877193,1241758.2680398573,1243896.677290027
20130604,1245614.0350877193,1241758.2680398573,1256984.064616847
20130605,1245614.0350877193,1241758.2680398573,1237947.8648687452
20130606,1245614.0350877193,1241758.2680398573,1197495.940404029
20130607,1245614.0350877193,1241758.2680398573,1161803.0658763382
20130613,1245614.0350877193,1241758.2680398573,1117781.8539588526
20130614,1245614.0350877193,1241758.2680398573,1133843.6474963133
20130617,1245614.0350877193,1241758.2680398573,1144551.5098546208
20130618,1245614.0350877193,1241758.2680398573,1173700.6907189018
20130619,1245614.0350877193,1241758.2680398573,1144551.5098546208
20130620,1245614.0350877193,1241758.2680398573,1073504.1094757533
20130621,1245614.0350877193,1241758.2680398573,1083106.1140327815
20130624,1245614.0350877193,1241758.2680398573,974603.4625383627
20130625,1245614.0350877193,1241758.2680398573,958280.0547914148
20130626,1245614.0350877193,1241758.2680398573,937155.6447659527
20130627,1245614.0350877193,1241758.2680398573,921792.4374747075
20130628,1245614.0350877193,1241758.2680398573,957319.854335712
20130701,1245614.0350877193,1241758.2680398573,936195.4443102498
20130702,1245614.0350877193,1241758.2680398573,921792.4374747075
20130703,1245614.0350877193,1241758.2680398573,895867.0251707315
20130704,1245614.0350877193,1241758.2680398573,899707.8269935426
20130705,1245614.0350877193,1241758.2680398573,899707.8269935426
20130708,1245614.0350877193,1241758.2680398573,863220.2096768356
20130709,1245614.0350877193,1241758.2680398573,864180.4101325382
20130710,1245614.0350877193,1241758.2680398573,902588.4283606511
20130711,1245614.0350877193,1241758.2680398573,992847.2711967162
20130712,1245614.0350877193,1241758.2680398573,992847.2711967162
20130715,1245614.0350877193,1241758.2680398573,1009170.6789436642
20130716,1245614.0350877193,1241758.2680398573,996688.0730195277
20130717,1245614.0350877193,1241758.2680398573,973643.2620826598
20130718,1245614.0350877193,1241758.2680398573,942916.8475001696
20130719,1245614.0350877193,1241758.2680398573,905469.0297277597
20130722,1245614.0350877193,1241758.2680398573,904508.8292720568
20130723,1245614.0350877193,1241758.2680398573,956359.6538800092
20130724,1245614.0350877193,1241758.2680398573,937155.6447659527
20130725,1245614.0350877193,1241758.2680398573,941956.6470444668
20130726,1245614.0350877193,1241758.2680398573,925633.2392975189
20130729,1245614.0350877193,1241758.2680398573,903548.6288163541
20130730,1245614.0350877193,1241758.2680398573,929474.0411203301
20130731,1245614.0350877193,1241758.2680398573,920832.2370190048
20130801,1245614.0350877193,1241758.2680398573,952518.8520571977
20130802,1245614.0350877193,1241758.2680398573,942916.8475001696
20130805,1245614.0350877193,1241758.2680398573,954439.2529686034
20130806,1245614.0350877193,1241758.2680398573,952518.8520571977
20130807,1245614.0350877193,1241758.2680398573,953479.0525129007
20130808,1245614.0350877193,1241758.2680398573,949638.2506900894
20130809,1245614.0350877193,1241758.2680398573,945797.448867278
20130812,1245614.0350877193,1241758.2680398573,991887.0707410134
20130813,1245614.0350877193,1241758.2680398573,1008210.4784879613
20130814,1245614.0350877193,1241758.2680398573,1001489.0752980416
20130815,1245614.0350877193,1241758.2680398573,979404.4648168767
20130816,1245614.0350877193,1241758.2680398573,1015892.082133584
20130819,1245614.0350877193,1241758.2680398573,1036056.2917033432
20130820,1245614.0350877193,1241758.2680398573,1056220.5012731026
20130821,1245614.0350877193,1241758.2680398573,1047578.697171777
20130822,1255936.8033343025,1250423.157184591,1051419.4989945882
20130823,1218086.6530968305,1212739.1716256035,1019732.8839563952
20130826,1250201.932086201,1244713.4624029265,1046618.4967160743
20130827,1247907.9835869602,1242429.5844902606,1044698.0958046686
20130828,1219233.627346451,1213881.1105819365,1020693.084412098
20130829,1220380.6015960714,1215023.0495382696,1021653.284867801
20130830,1216939.67884721,1211597.2326692704,1018772.6835006922
20130902,1232997.3183418955,1227584.378057932,1032215.4898805319
20130903,1284611.1595748118,1278971.631092915,1075424.5103871587
20130904,1270847.4685793675,1265268.3636169196,1063902.1049187249
20130905,1265112.5973312657,1259558.6688352549,1059101.102640211
20130909,1391279.764789506,1385171.9540318805,1164723.152767521
20130910,1426835.9665277374,1420572.0616782021,1194489.3668943085
20130911,1455510.3227682465,1449120.5355865262,1218494.378286879
20130912,1544974.3142386354,1538191.774180497,1293390.013831699
20130913,1515152.9837485058,1508501.3613158402,1268424.8019834256
20130916,1514006.0094988854,1507359.4223595073,1267464.6015277228
20130917,1466980.0652644504,1460539.925149856,1228096.3828439072
20130918,1466980.0652644504,1460539.925149856,1228096.3828439072
20130923,1477302.8335110338,1470817.3757568526,1236738.1869452328
20130924,1407337.4042841913,1401159.099420542,1178165.9591473606
20130925,1379810.0222933022,1373752.5644685507,1155121.1482104927
20130926,1337371.9750573488,1331500.8230842315,1119593.7313494885
20130927,1364899.3570482377,1358907.3580362224,1142638.5422863562
20130930,1362605.408548997,1356623.4801235565,1140718.1413749505
20131008,1400455.5587864693,1394307.4656825443,1172404.7564131438
20131009,1439452.6832735618,1433133.390197865,1205051.5719070397
20131010,1408484.3785338115,1402301.0383768748,1179126.1596030632
20131011,1455510.3227682465,1449120.5355865262,1218494.378286879
20131014,1432570.8377758395,1426281.756459867,1199290.3691728227
20131015,1400455.5587864693,1394307.4656825443,1172404.7564131438
20131016,1377516.0737940616,1371468.6865558848,1153200.7472990872
20131017,1376369.0995444413,1370326.747599552,1152240.5468433844
20131018,1399308.5845368486,1393165.526726211,1171444.5559574408
20131021,1414219.2497819134,1408010.7331585397,1183927.1618815775
20131022,1382103.9707925431,1376036.442381217,1157041.5491218986
20131023,1442893.6060224227,1436559.2070668638,1207932.173274148
20131024,1491066.5245064779,1484520.643232848,1248260.5924136664
20131025,1540386.417240154,1533624.0183551654,1289549.212008888
20131028,1505977.189751543,1499365.8496651768,1260743.1983378034
20131029,1619527.6404639592,1612417.8063421396,1355803.0434523823
20131030,1651642.9194533296,1644392.0971194627,1382688.6562120614
20131031,1594294.2069723113,1587295.1493028144,1334678.6334269203
20131101,1590853.28422345,1583869.3324338153,1331798.0320598118
20131104,1555297.0824852188,1548469.224787494,1302031.8179330246
20131105,1566766.8249814224,1559888.6143508235,1311633.8224900526
20131106,1508271.1382507836,1501649.7275778423,1262663.5992492088
20131107,1522034.8292462279,1515352.9950538378,1274186.0047176427
20131108,1528916.6747439504,1522204.6287918359,1279947.2074518595
20131111,1536945.4944912929,1530198.2014861663,1286668.6106417794
20131112,1611498.8207166167,1604424.233647809,1349081.6402624627
20131113,1528916.6747439504,1522204.6287918359,1279947.2074518595
20131114,1507124.1640011633,1500507.7886215094,1261703.398793506
20131115,1532357.5974928113,1525630.4456608344,1282827.808818968
20131118,1616086.717715098,1608991.9894731406,1352922.4420852738
20131119,1585118.4129753483,1578159.6376521508,1326997.0297812978
20131120,1604616.9752188947,1597572.5999098113,1343320.4375282458
20131121,1598882.1039707926,1591862.905128146,1338519.4352497314
20131122,1567913.7992310429,1561030.5533071563,1312594.0229457554
20131125,1548415.2369874965,1541617.591049496,1296270.6151988076
20131126,1544974.3142386354,1538191.774180497,1293390.013831699
20131127,1556444.056734839,1549611.1637438268,1302992.0183887272
20131128,1562178.9279829408,1555320.8585254913,1307793.0206672412
20131129,1559884.9794837001,1553036.9806128256,1305872.6197558355
20131202,1577089.5932280056,1570166.0649578199,1320275.626591378
20131203,1553003.1339859779,1546185.3468748278,1300111.4170216187
20131204,1559884.9794837001,1553036.9806128256,1305872.6197558355
20131205,1540386.417240154,1533624.0183551654,1289549.212008888
20131206,1524328.7777454688,1517636.8729665037,1276106.4056290481
20131209,1512859.035249265,1506217.4834031742,1266504.40107202
20131210,1524328.7777454688,1517636.8729665037,1276106.4056290481
20131211,1472714.9365125522,1466249.6199315207,1232897.3851224214
20131212,1458951.2455171077,1452546.3524555252,1221374.9796539876
20131213,1439452.6832735618,1433133.390197865,1205051.5719070397
20131216,1462392.168265969,1455972.169324524,1224255.581021096
20131217,1458951.2455171077,1452546.3524555252,1221374.9796539876
20131218,1463539.1425155893,1457114.1082808569,1225215.7814767987
20131219,1433717.8120254597,1427423.6954162,1200250.5696285253
20131220,1366046.3312978582,1360049.2969925555,1143598.742742059
20131223,1367193.3055474784,1358742.180677169,1147439.5445648704
20131224,1367193.3055474784,1358742.180677169,1123434.5331722999
20131225,1367193.3055474784,1358742.180677169,1125354.9340837055
20131226,1367193.3055474784,1358742.180677169,1099429.521779729
20131227,1367193.3055474784,1358742.180677169,1128235.5354508138
20131230,1367193.3055474784,1358742.180677169,1127275.3349951112
20131231,1367193.3055474784,1358742.180677169,1176245.558235955
20140102,1367193.3055474784,1358742.180677169,1174325.1573245495
20140103,1367193.3055474784,1358742.180677169,1145519.1436534647
20140106,1367193.3055474784,1358742.180677169,1120553.9318051913
20140107,1367193.3055474784,1358742.180677169,1116713.1299823802
20140108,1367193.3055474784,1358742.180677169,1129195.7359065167
20140109,1367193.3055474784,1358742.180677169,1134956.9386407337
20140110,1367193.3055474784,1358742.180677169,1134956.9386407337
20140113,1367193.3055474784,1358742.180677169,1113832.5286152714
20140114,1367193.3055474784,1358742.180677169,1125354.9340837055
20140115,1367193.3055474784,1358742.180677169,1120553.9318051913
20140116,1367193.3055474784,1358742.180677169,1122474.332716597
20140117,1367193.3055474784,1358742.180677169,1102310.1231468378
20140120,1367193.3055474784,1358742.180677169,1085026.514944187
20140121,1367193.3055474784,1358742.180677169,1090787.7176784037
20140122,1367193.3055474784,1358742.180677169,1132076.337273625
20140123,1367193.3055474784,1358742.180677169,1123434.5331722999
20140124,1367193.3055474784,1358742.180677169,1119593.7313494885
20140127,1367193.3055474784,1358742.180677169,1093668.3190455125
20140128,1367193.3055474784,1358742.180677169,1104230.5240582435
20140129,1367193.3055474784,1358742.180677169,1109991.7267924605
20140130,1367193.3055474784,1358742.180677169,1094628.5195012153
20140207,1367193.3055474784,1358742.180677169,1092708.1185898096
20140210,1367193.3055474784,1358742.180677169,1110951.9272481631
20140211,1367193.3055474784,1358742.180677169,1152240.5468433844
20140212,1367193.3055474784,1358742.180677169,1146479.3441091673
20140213,1367193.3055474784,1358742.180677169,1173364.9568688464
20140214,1367193.3055474784,1358742.180677169,1159922.1504890071
20140217,1367193.3055474784,1358742.180677169,1149359.945476276
20140218,1367193.3055474784,1358742.180677169,1119593.7313494885
20140219,1367193.3055474784,1358742.180677169,1152240.5468433844
20140220,1367193.3055474784,1358742.180677169,1129195.7359065167
20140221,1367193.3055474784,1358742.180677169,1113832.5286152714
20140224,1367193.3055474784,1358742.180677169,1071583.7085643476
20140225,1367193.3055474784,1358742.180677169,1058140.9021845078
20140226,1367193.3055474784,1358742.180677169,1066782.7062858334
20140227,1367193.3055474784,1358742.180677169,1079265.31220997
20140228,1367193.3055474784,1358742.180677169,1068703.1071972393
20140303,1367193.3055474784,1358742.180677169,1060061.3030959135
20140304,1367193.3055474784,1358742.180677169,1054300.100361697
20140305,1367193.3055474784,1358742.180677169,1027414.4876020178
20140306,1367193.3055474784,1358742.180677169,1034135.8907919375
20140307,1367193.3055474784,1358742.180677169,1037016.492159046
20140310,1367193.3055474784,1358742.180677169,989966.6698296078
20140311,1367193.3055474784,1358742.180677169,983245.266639688
20140312,1367193.3055474784,1358742.180677169,993807.471652419
20140313,1367193.3055474784,1358742.180677169,1013971.6812221784
20140314,1367193.3055474784,1358742.180677169,990926.8702853107
20140317,1367193.3055474784,1358742.180677169,1005329.877120853
20140318,1367193.3055474784,1358742.180677169,996688.0730195277
20140319,1367193.3055474784,1358742.180677169,983245.266639688
20140320,1367193.3055474784,1358742.180677169,969802.4602598486
20140321,1367193.3055474784,1358742.180677169,1036056.2917033432
20140324,1367193.3055474784,1358742.180677169,1036056.2917033432
20140325,1367193.3055474784,1358742.180677169,1017812.4830449895
20140326,1367193.3055474784,1358742.180677169,1027414.4876020178
20140327,1367193.3055474784,1358742.180677169,1034135.8907919375
20140328,1367193.3055474784,1358742.180677169,1035096.0912476402
20140331,1367193.3055474784,1358742.180677169,1034135.8907919375
20140401,1367193.3055474784,1358742.180677169,1037016.492159046
20140402,1367193.3055474784,1358742.180677169,1047578.697171777
20140403,1367193.3055474784,1358742.180677169,1034135.8907919375
20140404,1367193.3055474784,1358742.180677169,1036056.2917033432
20140408,1367193.3055474784,1358742.180677169,1083106.1140327815
20140409,1367193.3055474784,1358742.180677169,1074464.3099314559
20140410,1367193.3055474784,1358742.180677169,1090787.7176784037
20140411,1367193.3055474784,1358742.180677169,1094628.5195012153
20140414,1367193.3055474784,1358742.180677169,1083106.1140327815
20140415,1367193.3055474784,1358742.180677169,1053339.899905994
20140416,1367193.3055474784,1358742.180677169,1055260.3008173995
20140417,1367193.3055474784,1358742.180677169,1046618.4967160743
20140418,1367193.3055474784,1358742.180677169,1037016.492159046
20140421,1367193.3055474784,1358742.180677169,1026454.2871463149
20140422,1367193.3055474784,1358742.180677169,1061981.7040073194
20140423,1367193.3055474784,1358742.180677169,1085026.514944187
20140424,1367193.3055474784,1358742.180677169,1078305.1117542672
20140425,1367193.3055474784,1358742.180677169,1080225.512665673
20140428,1367193.3055474784,1358742.180677169,1059101.102640211
20140429,1367193.3055474784,1358742.180677169,1071583.7085643476
20140430,1367193.3055474784,1358742.180677169,1069663.307652942
20140505,1367193.3055474784,1358742.180677169,1055260.3008173995
20140506,1367193.3055474784,1358742.180677169,1051419.4989945882
20140507,1367193.3055474784,1358742.180677169,1041817.4944375601
20140508,1367193.3055474784,1358742.180677169,1049499.0980831825
20140509,1367193.3055474784,1358742.180677169,1061021.5035516166
20140512,1367193.3055474784,1358742.180677169,1088867.3167669983
20140513,1367193.3055474784,1358742.180677169,1078305.1117542672
20140514,1367193.3055474784,1358742.180677169,1085986.71539989
20140515,1367193.3055474784,1358742.180677169,1074464.3099314559
20140516,1367193.3055474784,1358742.180677169,1082145.9135770786
20140519,1367193.3055474784,1358742.180677169,1082145.9135770786
20140520,1367193.3055474784,1358742.180677169,1079265.31220997
20140521,1367193.3055474784,1358742.180677169,1087907.1163112954
20140522,1367193.3055474784,1358742.180677169,1093668.3190455125
20140523,1367193.3055474784,1358742.180677169,1111912.127703866
20140526,1367193.3055474784,1358742.180677169,1111912.127703866
20140527,1367193.3055474784,1358742.180677169,1111912.127703866
20140528,1367193.3055474784,1358742.180677169,1113832.5286152714
20140529,1367193.3055474784,1358742.180677169,1104230.5240582435
20140530,1367193.3055474784,1358742.180677169,1104230.5240582435
20140603,1367193.3055474784,1358742.180677169,1105190.724513946
20140604,1367193.3055474784,1358742.180677169,1087907.1163112954
20140605,1367193.3055474784,1358742.180677169,1097509.1208683238
20140606,1367193.3055474784,1358742.180677169,1092708.1185898096
20140609,1367193.3055474784,1358742.180677169,1102310.1231468378
20140610,1367193.3055474784,1358742.180677169,1128235.5354508138
20140611,1367193.3055474784,1358742.180677169,1131116.1368179224
20140612,1367193.3055474784,1358742.180677169,1134628.0296521909
20140613,1367193.3055474784,1358742.180677169,1182537.1431596468
20140616,1367193.3055474784,1358742.180677169,1183705.6581232434
20140617,1367193.3055474784,1358742.180677169,1173189.023450875
20140618,1367193.3055474784,1358742.180677169,1152155.7541061381
20140619,1367193.3055474784,1358742.180677169,1142807.634397366
20140620,1367193.3055474784,1358742.180677169,1150987.2391425415
20140623,1367193.3055474784,1358742.180677169,1141639.1194337697
20140624,1367193.3055474784,1358742.180677169,1145144.664324559
20140625,1367193.3055474784,1358742.180677169,1141639.1194337697
20140626,1367193.3055474784,1358742.180677169,1147481.6942517522
20140627,1367193.3055474784,1358742.180677169,1147481.6942517522
20140630,1367193.3055474784,1358742.180677169,1157998.3289241206
20140701,1367193.3055474784,1358742.180677169,1152155.7541061381
20140702,1367193.3055474784,1358742.180677169,1155661.2989969274
20140703,1367193.3055474784,1358742.180677169,1163840.903742103
20140704,1367193.3055474784,1358742.180677169,1157998.3289241206
20140707,1367193.3055474784,1358742.180677169,1152155.7541061381
20140708,1367193.3055474784,1358742.180677169,1160335.3588513136
20140709,1367193.3055474784,1358742.180677169,1127616.9398706118
20140710,1367193.3055474784,1358742.180677169,1129953.9697978047
20140711,1367193.3055474784,1358742.180677169,1129953.9697978047
20140714,1367193.3055474784,1358742.180677169,1135796.5446157872
20140716,1367193.3055474784,1358742.180677169,1122942.8800162259
20140717,1367193.3055474784,1358742.180677169,1120605.850089033
20140718,1367193.3055474784,1358742.180677169,1121774.3650526293
20140721,1367193.3055474784,1358742.180677169,1115931.790234647
20140722,1367193.3055474784,1358742.180677169,1136965.0595793838
20140723,1367193.3055474784,1358742.180677169,1140470.6044701731
20140724,1367193.3055474784,1358742.180677169,1187211.2030140327
20140725,1367193.3055474784,1358742.180677169,1194222.2927956118
20140728,1367193.3055474784,1358742.180677169,1259659.130757015
20140729,1367193.3055474784,1358742.180677169,1264333.190611401
20140730,1367193.3055474784,1358742.180677169,1256153.5858662257
20140731,1367193.3055474784,1358742.180677169,1270175.7654293834
20140801,1367193.3055474784,1358742.180677169,1250311.0110482431
20140804,1367193.3055474784,1358742.180677169,1277186.8552109625
20140805,1367193.3055474784,1358742.180677169,1264333.190611401
20140806,1367193.3055474784,1358742.180677169,1244468.4362302606
20140807,1367193.3055474784,1358742.180677169,1226940.7117763134
20140808,1367193.3055474784,1358742.180677169,1231614.7716306993
20140811,1367193.3055474784,1358742.180677169,1251479.5260118397
20140812,1367193.3055474784,1358742.180677169,1238625.8614122784
20140813,1367193.3055474784,1358742.180677169,1244468.4362302606
20140814,1367193.3055474784,1358742.180677169,1231614.7716306993
20140815,1367193.3055474784,1358742.180677169,1236288.8314850854
20140818,1367193.3055474784,1358742.180677169,1244468.4362302606
20140819,1367193.3055474784,1358742.180677169,1236288.8314850854
20140820,1367193.3055474784,1358742.180677169,1223435.166885524
20140821,1367193.3055474784,1358742.180677169,1208244.4723587695
20140822,1367193.3055474784,1358742.180677169,1209412.987322366
20140825,1367193.3055474784,1358742.180677169,1193053.7778320152
20140826,1367193.3055474784,1358742.180677169,1190716.7479048222
20140827,1367193.3055474784,1358742.180677169,1196559.3227228047
20140828,1367193.3055474784,1358742.180677169,1186042.6880504363
20140829,1367193.3055474784,1358742.180677169,1197727.837686401
20140901,1367193.3055474784,1358742.180677169,1203570.4125043836
20140902,1367193.3055474784,1358742.180677169,1221098.1369583309
20140903,1367193.3055474784,1358742.180677169,1226940.7117763134
20140904,1367193.3055474784,1358742.180677169,1232783.2865942959
20140905,1367193.3055474784,1358742.180677169,1235120.3165214888
20140909,1367193.3055474784,1358742.180677169,1222266.6519219275
20140910,1367193.3055474784,1358742.180677169,1207075.9573951731
20140911,1367193.3055474784,1358742.180677169,1211750.017249559
20140912,1367193.3055474784,1358742.180677169,1211750.017249559
20140915,1367193.3055474784,1358742.180677169,1204738.9274679802
20140916,1367193.3055474784,1358742.180677169,1197727.837686401
20140917,1367193.3055474784,1358742.180677169,1198896.3526499977
20140918,1367193.3055474784,1358742.180677169,1207075.9573951731
20140919,1367193.3055474784,1358742.180677169,1212918.5322131556
20140922,1367193.3055474784,1358742.180677169,1175526.053378068
20140923,1367193.3055474784,1358742.180677169,1180200.1132324538
20140924,1367193.3055474784,1358742.180677169,1201233.3825771906
20140925,1367193.3055474784,1358742.180677169,1189548.2329412256
20140926,1367193.3055474784,1358742.180677169,1182537.1431596468
20140929,1367193.3055474784,1358742.180677169,1182537.1431596468
20140930,1367193.3055474784,1358742.180677169,1184874.1730868397
20141008,1367193.3055474784,1358742.180677169,1198896.3526499977
20141009,1367193.3055474784,1358742.180677169,1191885.2628684188
20141010,1367193.3055474784,1358742.180677169,1187211.2030140327
20141013,1367193.3055474784,1358742.180677169,1180200.1132324538
20141014,1367193.3055474784,1358742.180677169,1182537.1431596468
20141015,1367193.3055474784,1358742.180677169,1187211.2030140327
20141016,1367193.3055474784,1358742.180677169,1191885.2628684188
20141017,1367193.3055474784,1358742.180677169,1182537.1431596468
20141020,1367193.3055474784,1358742.180677169,1188379.7179776293
20141021,1367193.3055474784,1358742.180677169,1179031.5982688572
20141022,1367193.3055474784,1358742.180677169,1180200.1132324538
20141023,1367193.3055474784,1358742.180677169,1196559.3227228047
20141024,1367193.3055474784,1358742.180677169,1189548.2329412256
20141027,1367193.3055474784,1358742.180677169,1170851.993523682
20141028,1367193.3055474784,1358742.180677169,1188379.7179776293
20141029,1367193.3055474784,1358742.180677169,1203570.4125043836
20141030,1367193.3055474784,1358742.180677169,1218761.107031138
20141031,1367193.3055474784,1358742.180677169,1288872.0048469272
20141103,1367193.3055474784,1358742.180677169,1298220.1245556993
20141104,1367193.3055474784,1358742.180677169,1267838.7355021904
20141105,1367193.3055474784,1358742.180677169,1264333.190611401
20141106,1367193.3055474784,1358742.180677169,1266670.220538594
20141107,1367193.3055474784,1358742.180677169,1274849.8252837695
20141110,1367193.3055474784,1358742.180677169,1301725.6694464888
20141111,1367193.3055474784,1358742.180677169,1316916.3639732432
20141112,1367193.3055474784,1358742.180677169,1308736.7592280675
20141113,1367193.3055474784,1358742.180677169,1291209.0347741204
20141114,1367193.3055474784,1358742.180677169,1277186.8552109625
20141117,1367193.3055474784,1358742.180677169,1257322.100829822
20141118,1367193.3055474784,1358742.180677169,1239794.3763758747
20141119,1367193.3055474784,1358742.180677169,1242131.4063030677
20141120,1367193.3055474784,1358742.180677169,1242131.4063030677
20141121,1367193.3055474784,1358742.180677169,1261996.1606842082
20141124,1367193.3055474784,1358742.180677169,1259659.130757015
20141125,1367193.3055474784,1358742.180677169,1283029.430028945
20141126,1367193.3055474784,1358742.180677169,1309905.274191664
20141127,1367193.3055474784,1358742.180677169,1321590.423827629
20141128,1367193.3055474784,1358742.180677169,1453632.614714032
20141201,1367193.3055474784,1358742.180677169,1424419.7406241198
20141202,1367193.3055474784,1358742.180677169,1533091.6322385934
20141203,1365109.169410973,1354909.138999525,1530754.6023114005
20141204,1454727.0232807011,1443857.3725521655,1631246.8891806987
20141205,1514124.9031711023,1502811.4343254273,1697852.2421056984
20141208,1587069.667948788,1575211.1593101348,1779648.2895574528
20141209,1428675.321574385,1418000.3279147702,1602034.0150907866
20141210,1478694.588850512,1467645.8536185694,1658122.7333434178
20141211,1450558.7510076906,1439720.2454101823,1626572.8293263125
20141212,1452642.8871441956,1441788.808981174,1628909.8592535055
20141215,1415128.4366871002,1404554.6647033242,1586843.3205640318
20141216,1499535.950215565,1488331.489328486,1681493.0326153475
20141217,1600616.5528360722,1588656.8225215802,1794838.9840842069
20141218,1551639.3536281977,1540045.5786032768,1739918.7807951719
20141219,1563102.1023789768,1551422.6782437307,1752772.4453947332
20141222,1598532.416699567,1586588.2589505888,1792501.9541570141
20141223,1537050.4006726604,1525565.6336063351,1723559.571304821
20141224,1466189.7720314802,1455234.4721926195,1644100.5537802598
20141225,1530797.9922631446,1519359.9428933603,1716548.481523242
20141226,1573522.7830615034,1561765.4960986893,1764457.5950306985
20141229,1554765.5578329556,1543148.4239597644,1743424.3256859616
20141230,1615205.5057916094,1603136.7675185218,1811198.1935745578
20141231,1650635.8201121998,1638302.3482253798,1850927.7023368387
20150105,1669393.0453407473,1656919.4203643047,1871960.9716815753
20150106,1644383.4117026834,1632096.6575124047,1843916.6125552594
20150107,1613121.3696551044,1601068.2039475304,1808861.163647365
20150108,1558933.8301059662,1547285.5511017477,1748098.3855403475
20150109,1571438.646924998,1559696.9325276974,1762120.5651035053
20150112,1539134.5368091657,1527634.197177327,1725896.6012320141
20150113,1529755.9241948922,1518325.6611078647,1715379.966559646
20150114,1543302.8090821765,1531771.3243193105,1730570.6610864003
20150115,1599574.4847678198,1587622.5407360848,1793670.4691206107
20150116,1601658.6209043248,1589691.1043070762,1796007.4990478035
20150119,1441180.1383934165,1430411.7093407197,1616056.194653944
20150120,1441180.1383934165,1430411.7093407197,1616056.194653944
20150121,1502662.1544203232,1491434.3346849733,1684998.577506137
20150122,1490157.3376012912,1479022.9532590234,1670976.3979429794
20150123,1500578.018283818,1489365.7711139817,1682661.5475789441
20150126,1494325.6098743018,1483160.0804010066,1675650.457797365
20150127,1457853.227485459,1446960.217908653,1634752.434071488
20150128,1465147.7039632278,1454200.1904071239,1642932.0388166634
20150129,1448474.6148711853,1437651.6818391907,1624235.7993991196
20150130,1451600.8190759432,1440754.527195678,1627741.3442899091
20150202,1420338.7770283637,1409726.0736308035,1592685.8953820146
20150203,1453684.9552124485,1442823.0907666697,1630078.374217102
20150204,1428675.321574385,1418000.3279147702,1602034.0150907866
20150205,1437011.866120406,1426274.5821987365,1611382.1347995582
20150206,1426591.1854378795,1413384.219913371,1578663.7158188564
20150209,1426591.1854378795,1413384.219913371,1579832.230782453
20150210,1426591.1854378795,1413384.219913371,1609045.1048723652
20150211,1426591.1854378795,1413384.219913371,1604371.0450179793
20150212,1426591.1854378795,1413384.219913371,1619561.7395447337
20150213,1426591.1854378795,1413384.219913371,1630078.374217102
20150216,1426591.1854378795,1413384.219913371,1626572.8293263125
20150217,1426591.1854378795,1413384.219913371,1634752.434071488
20150225,1426591.1854378795,1413384.219913371,1612550.6497631548
20150226,1426591.1854378795,1413384.219913371,1644100.5537802598
20150227,1426591.1854378795,1413384.219913371,1634752.434071488
20150302,1426591.1854378795,1413384.219913371,1639426.493925874
20150303,1426591.1854378795,1413384.219913371,1589180.3504912248
20150304,1426591.1854378795,1413384.219913371,1585674.8056004355
20150305,1426591.1854378795,1413384.219913371,1563473.0212921023
20150306,1426591.1854378795,1413384.219913371,1570484.1110736812
20150309,1426591.1854378795,1413384.219913371,1653448.6734890318
20150310,1426591.1854378795,1413384.219913371,1609045.1048723652
20150311,1426591.1854378795,1413384.219913371,1619561.7395447337
20150312,1426591.1854378795,1413384.219913371,1706031.846850874
20150313,1426591.1854378795,1413384.219913371,1751603.930431137
20150316,1426591.1854378795,1413384.219913371,1800681.5589021896
20150317,1426591.1854378795,1413384.219913371,1799513.043938593
20150318,1426591.1854378795,1413384.219913371,1812366.7085381544
20150319,1399865.6399742498,1385105.039679444,1774974.2297030666
20150320,1411846.0569062217,1396959.131526602,1790164.924229821
20150323,1421983.3327717362,1406989.5169357355,1803018.5888293823
20150324,1414610.7685059076,1399694.6911836385,1793670.4691206107
20150325,1374061.6650438488,1359573.1495471043,1742255.810722365
20150326,1392493.0757084207,1377810.2139273467,1765626.1099942946
20150327,1389728.364108735,1375074.6542703104,1762120.5651035053
20150330,1443179.4550359943,1427962.140973015,1829894.4329921019
20150331,1451473.5898350517,1436168.819944124,1840411.06766447
20150401,1470826.5710328524,1455317.7375433792,1864949.8818999964
20150402,1456081.4425011945,1440728.0860391846,1846253.6424824523
20150403,1460689.2951673374,1445287.3521342454,1852096.2173004348
20150407,1549160.0663572834,1532825.261159411,1964273.6538056976
20150408,1651454.395545659,1634040.968469759,2093978.8147649083
20150409,1658826.9598114875,1641335.794221856,2103326.93447368
20150410,1824709.6557926363,1805469.3736440418,2313659.627921048
20150413,1844776.2724490922,1825324.4019171007,2339103.3036749545
20150414,1818008.0556783678,1798838.4371976266,2305162.264202041
20150415,1857045.0384690077,1837463.8024135265,2354659.613433373
20150416,1896082.0212596473,1876089.1676294263,2404156.9626647057
20150417,1888274.6247015195,1868364.0945862466,2394257.4928184394
20150420,1818008.0556783678,1798838.4371976266,2305162.264202041
20150421,1847006.957179986,1827531.5656437236,2341931.723631031
20150422,1890505.3094324132,1870571.2583128691,2397085.9127745153
20150423,1858160.3808344547,1838567.384276838,2356073.8234114116
20150424,1800162.5778312183,1781181.1273846438,2282534.9045534325
20150427,1831392.1640637303,1812081.419557364,2322132.7839384982
20150428,1862621.7502962418,1842981.7117300837,2361730.6633235635
20150429,1857045.0384690077,1837463.8024135265,2354659.613433373
20150430,1862621.7502962418,1842981.7117300837,2361730.6633235635
20150504,1842545.5877181985,1823117.238190478,2336274.8837188785
20150505,1768932.9915987065,1750280.8352119238,2242937.0251683663
20150506,1753318.1984824508,1734830.689125564,2223138.085475834
20150507,1747741.4866552162,1729312.7798090065,2216067.0355856433
20150508,1767817.6492332595,1749177.2533486122,2241522.8151903283
20150511,1787893.8118113033,1769041.7268882182,2266978.594795014
20150512,1780086.415253175,1761316.653845038,2257079.124948747
20150513,1771163.6763296002,1752487.9989385467,2245765.4451244427
20150514,1772279.0186950471,1753591.5808018583,2247179.655102481
20150515,1723203.9546153855,1705033.978816155,2184954.416068806
20150518,1693089.7107483204,1675237.2685067465,2146770.746661778
20150519,1738818.7477316414,1720484.1249025152,2204753.355761339
20150520,1755548.8832133443,1737037.8528521867,2225966.50543191
20150521,1761125.5950405784,1742555.7621687436,2233037.5553221
20150522,1814662.0285820274,1795527.6916076923,2300919.634267927
20150525,1851468.3266417736,1831945.8930969697,2347588.5635431833
20150526,1853699.0113726673,1834153.0568235922,2350416.983499259
20150527,1838084.2182564111,1818702.9107372323,2330618.043806726
20150528,1728780.6664426196,1710551.8881327123,2192025.465958996
20150529,1708704.5038645763,1690687.4145931066,2166569.686354311
20150601,1773394.3610604939,1754695.1626651695,2248593.8650805186
20150602,1758894.9103096847,1740348.598442121,2230209.135366024
20150603,1765586.964502366,1746970.0896219895,2238694.3952342523
20150604,1825815.452236496,1806563.5102408067,2315061.734048308
20150605,1818008.0556783678,1798838.4371976266,2305162.264202041
20150608,1928426.949857606,1908093.0416654577,2445169.052027809
20150609,1893851.3365287539,1873882.0039028036,2401328.5427086297
20150610,1860391.0655653484,1840774.548003461,2358902.2433674876
20150611,1838084.2182564111,1818702.9107372323,2330618.043806726
20150612,1841430.245352752,1822013.6563271668,2334860.673740841
20150615,1775625.0457913876,1756902.3263917924,2251422.285036595
20150616,1744395.4595588758,1726002.0342190724,2211824.4056515293
20150617,1754433.5408478973,1735934.2709888753,2224552.2954538716
20150618,1715396.5580572577,1697308.9057729752,2175054.9462225395
20150619,1631745.8806487438,1614540.2660246182,2068989.1978696848
20150623,1667436.8363430428,1649854.8856505838,2114243.9171669027
20150624,1686397.6565556396,1668615.7773268782,2138285.48679355
20150625,1658514.097419468,1641026.2307440923,2102930.2373425984
20150626,1535826.4372203143,1519632.2257798354,1947367.1397584113
20150629,1512404.2475459306,1496457.0066502953,1917668.7302196121
20150630,1621707.799359722,1604608.0292548153,2056261.3080673423
20150701,1552556.5727020171,1536185.9537295068,1968580.2894289824
20150702,1533595.7524894208,1517425.0620532127,1944538.7198023354
20150703,1457752.4716390348,1442381.4953480356,1848372.4412957472
20150706,1548095.20324023,1531771.6262762612,1962923.4495168303
20150707,1633976.5653796375,1616747.429751241,2071817.6178257612
20150708,1471136.580024397,1455624.4777077725,1865342.9610322036
20150709,1590478.21312721,1573707.7370820954,2016663.4286822765
20150710,1657398.7550540215,1639922.6488807811,2101516.0273645604
20150713,1610554.3757052536,1593572.210621701,2042119.2082869615
20150714,1583786.158934529,1564266.7443285997,1961509.239538792
20150715,1583786.158934529,1564266.7443285997,1920497.1501756886
20150716,1583786.158934529,1564266.7443285997,1923325.5701317643
20150717,1583786.158934529,1564266.7443285997,1954438.1896486017
20150720,1583786.158934529,1564266.7443285997,1923325.5701317643
20150721,1583786.158934529,1564266.7443285997,1919082.9401976503
20150722,1583786.158934529,1564266.7443285997,1912011.89030746
20150723,1583786.158934529,1564266.7443285997,1933225.039978031
20150724,1583786.158934529,1564266.7443285997,1892212.9506149273
20150727,1583786.158934529,1564266.7443285997,1759277.2126793491
20150728,1583786.158934529,1564266.7443285997,1784732.9922840341
20150729,1583786.158934529,1564266.7443285997,1781904.5723279584
20150730,1583786.158934529,1564266.7443285997,1733821.4330746643
20150731,1583786.158934529,1564266.7443285997,1747963.5328550446
20150803,1583786.158934529,1564266.7443285997,1813017.1918447956
20150804,1583786.158934529,1564266.7443285997,1818674.031756948
20150805,1583786.158934529,1564266.7443285997,1780490.3623499202
20150806,1583786.158934529,1564266.7443285997,1772005.1024816916
20150807,1583786.158934529,1564266.7443285997,1783318.7823059962
20150810,1583786.158934529,1564266.7443285997,1827159.2916251763
20150811,1583786.158934529,1564266.7443285997,1815845.6118008716
20150812,1583786.158934529,1564266.7443285997,1777661.9423938442
20150813,1583786.158934529,1564266.7443285997,1777661.9423938442
20150814,1583786.158934529,1564266.7443285997,1787561.4122401106
20150817,1583786.158934529,1564266.7443285997,1773419.3124597298
20150818,1583786.158934529,1564266.7443285997,1735235.643052702
20150819,1583786.158934529,1564266.7443285997,1729578.80314055
20150820,1583786.158934529,1564266.7443285997,1704123.0235358651
20150821,1583786.158934529,1564266.7443285997,1626341.4747437716
20150824,1583786.158934529,1564266.7443285997,1463707.3272693942
20150825,1583786.158934529,1564266.7443285997,1337842.639224007
20150826,1583786.158934529,1564266.7443285997,1401482.0882357196
20150827,1583786.158934529,1564266.7443285997,1527346.7762811072
20150828,1583786.158934529,1564266.7443285997,1531589.4062152214
20150831,1583786.158934529,1564266.7443285997,1565530.4456881348
20150901,1583786.158934529,1564266.7443285997,1636240.944590038
20150902,1583786.158934529,1564266.7443285997,1674424.6139970655
20150907,1583786.158934529,1564266.7443285997,1540074.6660834497
20150908,1583786.158934529,1564266.7443285997,1555630.9758418682
20150909,1583786.158934529,1564266.7443285997,1569773.075622249
20150910,1583786.158934529,1564266.7443285997,1562702.0257320588
20150911,1583786.158934529,1564266.7443285997,1549974.1359297163
20150914,1583786.158934529,1564266.7443285997,1537246.2461273735
20150915,1583786.158934529,1564266.7443285997,1494819.9467862318
20150916,1583786.158934529,1564266.7443285997,1541488.8760614877
20150917,1583786.158934529,1564266.7443285997,1523104.1463469928
20150918,1583786.158934529,1564266.7443285997,1528760.9862591452
20150921,1583786.158934529,1564266.7443285997,1530175.1962371834
20150922,1583786.158934529,1564266.7443285997,1549974.1359297163
20150923,1583786.158934529,1564266.7443285997,1513204.6765007263
20150924,1583786.158934529,1564266.7443285997,1514618.8864787647
20150925,1583786.158934529,1564266.7443285997,1491991.5268301556
20150928,1583786.158934529,1564266.7443285997,1489163.1068740792
20150929,1583786.158934529,1564266.7443285997,1467949.9572035086
20150930,1583786.158934529,1564266.7443285997,1483506.266961927
20151008,1583786.158934529,1564266.7443285997,1513204.6765007263
20151009,1583786.158934529,1564266.7443285997,1541488.8760614877
20151012,1583786.158934529,1564266.7443285997,1588157.8053367438
20151013,1583786.158934529,1564266.7443285997,1574015.7055563633
20151014,1583786.158934529,1564266.7443285997,1552802.5558857922
20151015,1583786.158934529,1564266.7443285997,1579672.5454685155
20151016,1583786.158934529,1564266.7443285997,1588157.8053367438
20151019,1583786.158934529,1564266.7443285997,1592400.4352708578
20151020,1583786.158934529,1564266.7443285997,1600885.6951390863
20151021,1583786.158934529,1564266.7443285997,1586743.5953587058
20151022,1583786.158934529,1564266.7443285997,1602299.9051171243
20151023,1583786.158934529,1564266.7443285997,1622098.8448096572
20151026,1583786.158934529,1564266.7443285997,1629169.8946998473
20151027,1583786.158934529,1564266.7443285997,1623513.0547876954
20151028,1583786.158934529,1564266.7443285997,1593814.645248896
20151029,1583786.158934529,1564266.7443285997,1593814.645248896
20151030,1583786.158934529,1564266.7443285997,1606542.5350512385
20151102,1583786.158934529,1564266.7443285997,1575429.9155344013
20151103,1583786.158934529,1564266.7443285997,1562702.0257320588
20151104,1583786.158934529,1564266.7443285997,1653211.4643264946
20151105,1583786.158934529,1564266.7443285997,1706951.443491941
20151106,1583786.158934529,1564266.7443285997,1752206.162789159
20151109,1583786.158934529,1564266.7443285997,1829987.7115812523
20151110,1577599.494251191,1556132.887764606,1803117.7219985293
20151111,1552852.8355178388,1531722.9601133962,1774833.522437768
20151112,1534292.841467825,1513415.5143749893,1753620.3727671972
20151113,1514495.514481143,1493887.5722540214,1730993.0131185881
20151116,1526868.8438478191,1506092.5360796263,1745135.1128989686
20151117,1546666.1708345008,1525620.4782005937,1767762.4725475777
20151118,1536767.50734116,1515856.50714011,1756448.7927232732
20151119,1546666.1708345008,1525620.4782005937,1767762.4725475777
20151120,1552852.8355178388,1531722.9601133962,1774833.522437768
20151123,1540479.5061511626,1519517.9962877913,1760691.4226573873
20151124,1519444.8462278135,1498769.5577842633,1736649.8530307403
20151125,1524394.177974484,1503651.5433145051,1742306.6929428924
20151126,1513258.1815444755,1492667.0758714608,1729578.80314055
20151127,1451391.5347110957,1431642.2567434374,1658868.304238647
20151130,1452628.867647763,1432862.7531259977,1660282.514216685
20151201,1453866.2005844307,1434083.249508558,1661696.724194723
20151202,1547903.5037711684,1526840.9745831543,1769176.6825256157
20151203,1540479.5061511626,1519517.9962877913,1760691.4226573873
20151204,1499647.5192411316,1479241.6156632956,1714022.493382131
20151207,1503359.5180511347,1482903.1048109771,1718265.1233162454
20151208,1479850.1922544506,1459713.6735423284,1691395.1337335226
20151209,1483562.1910644532,1463375.1626900097,1695637.7636676366
20151210,1479850.1922544506,1459713.6735423284,1691395.1337335226
20151211,1463764.8640777715,1443847.220569042,1673010.4040190275
20151214,1493460.854557794,1473139.1337504934,1706951.443491941
20151215,1474900.8605077798,1454831.688012086,1685738.29382137
20151216,1471188.8616977772,1451170.1988644048,1681495.6638872558
20151217,1493460.854557794,1473139.1337504934,1706951.443491941
20151218,1513258.1815444755,1492667.0758714608,1729578.80314055
20151221,1547903.5037711684,1526840.9745831543,1769176.6825256157
20151222,1538004.8402778276,1517077.0035226706,1757863.0027013114
20151223,1544191.5049611656,1523179.485435473,1764934.0525915017
20151224,1526868.8438478191,1506092.5360796263,1745135.1128989686
20151225,1535530.1744044924,1514636.0107575494,1755034.582745235
20151228,1482324.8581277856,1462154.666307449,1694223.5536895983
20151229,1495935.520431129,1475580.126515614,1709779.863448017
20151230,1497172.8533677966,1476800.6228981747,1711194.073426055
20151231,1483562.1910644532,1463375.1626900097,1695637.7636676366
20160104,1401898.2172443916,1382822.401441018,1602299.9051171243
20160105,1410559.5478010648,1391365.8761189415,1612199.3749633909
20160106,1426644.8759777434,1407232.3290922276,1630584.1046778855
20160107,1353642.232714355,1335223.0425211596,1547145.7159736399
20160108,1375914.2255743719,1357191.9774072482,1572601.495578325
20160111,1331370.2398543383,1313254.107635071,1521689.9363689548
20160112,1337556.9045376764,1319356.5895478735,1528760.9862591452
20160113,1325183.5751710003,1307151.6257222688,1514618.8864787647
20160114,1332607.5727910057,1314474.6040176316,1523104.1463469928
20160115,1294250.2517543102,1276639.2161582569,1479263.6370278131
20160118,1288063.5870709722,1270536.7342454544,1472192.5871376228
20160119,1325183.5751710003,1307151.6257222688,1514618.8864787647
20160120,1304148.9152476508,1286403.1872187406,1490577.3168521172
20160121,1276927.5906409638,1259552.2668024101,1459464.69733528
20160122,1286826.2541343048,1269316.237862894,1470778.3771595848
20160125,1283114.2553243018,1265654.7487152126,1466535.7472254704
20160126,1276927.5906409638,1257286.0803639796,1395825.2483235672
20160127,1276927.5906409638,1257286.0803639796,1397239.4583016057
20160128,1276927.5906409638,1257286.0803639796,1370369.4687188822
20160129,1276927.5906409638,1257286.0803639796,1414209.978038062
20160201,1276927.5906409638,1257286.0803639796,1385925.778477301
20160202,1276927.5906409638,1257286.0803639796,1407138.9281478717
20160203,1276927.5906409638,1257286.0803639796,1392996.8283674913
20160204,1276927.5906409638,1257286.0803639796,1407138.9281478717
20160205,1276927.5906409638,1257286.0803639796,1402896.2982137576
20160215,1276927.5906409638,1257286.0803639796,1384511.5684992627
20160216,1276927.5906409638,1257286.0803639796,1415624.1880161
20160217,1276927.5906409638,1257286.0803639796,1435423.1277086332
20160218,1276927.5906409638,1257286.0803639796,1426937.8678404046
20160219,1276927.5906409638,1257286.0803639796,1419866.8179502143
20160222,1276927.5906409638,1257286.0803639796,1455222.0674011658
20160223,1276927.5906409638,1257286.0803639796,1431180.4977745186
20160224,1276927.5906409638,1257286.0803639796,1435423.1277086332
20160225,1276927.5906409638,1257286.0803639796,1367541.048762806
20160226,1276927.5906409638,1257286.0803639796,1384511.5684992627
20160229,1276927.5906409638,1257286.0803639796,1351984.7390043875
20160301,1276927.5906409638,1257286.0803639796,1371783.6786969202
20160302,1276927.5906409638,1257286.0803639796,1428352.0778184428
20160303,1276927.5906409638,1257286.0803639796,1429766.2877964808
20160304,1276927.5906409638,1257286.0803639796,1470778.3771595848
20160307,1276927.5906409638,1257286.0803639796,1462293.1172913562
20160308,1276927.5906409638,1257286.0803639796,1453807.8574231276
20160309,1276927.5906409638,1257286.0803639796,1438251.5476647092
20160310,1276927.5906409638,1257286.0803639796,1435423.1277086332
20160311,1276927.5906409638,1257286.0803639796,1436837.3376866712
20160314,1276927.5906409638,1257286.0803639796,1450979.437467052
20160315,1276927.5906409638,1257286.0803639796,1459464.69733528
20160316,1276927.5906409638,1257286.0803639796,1463707.3272693942
20160317,1276927.5906409638,1257286.0803639796,1473606.7971156607
20160318,1276927.5906409638,1257286.0803639796,1490577.3168521172
20160321,1276927.5906409638,1257286.0803639796,1527346.7762811072
20160322,1276927.5906409638,1257286.0803639796,1516033.0964568027
20160323,1276927.5906409638,1257286.0803639796,1513204.6765007263
20160324,1276927.5906409638,1257286.0803639796,1487748.8968960415
20160325,1276927.5906409638,1257286.0803639796,1497648.3667423078
20160328,1276927.5906409638,1257286.0803639796,1482092.056983889
20160329,1276927.5906409638,1257286.0803639796,1475021.0070936987
20160330,1276927.5906409638,1257286.0803639796,1513204.6765007263
20160331,1276927.5906409638,1257286.0803639796,1504719.4166324981
20160401,1276927.5906409638,1257286.0803639796,1507547.8365885743
20160405,1276927.5906409638,1257286.0803639796,1513204.6765007263
20160406,1276927.5906409638,1257286.0803639796,1516033.0964568027
20160407,1276927.5906409638,1257286.0803639796,1497648.3667423078
20160408,1276927.5906409638,1257286.0803639796,1494819.9467862318
20160411,1276927.5906409638,1257286.0803639796,1516033.0964568027
20160412,1276927.5906409638,1257286.0803639796,1508962.0465666123
20160413,1276927.5906409638,1257286.0803639796,1528760.9862591452
20160414,1276927.5906409638,1257286.0803639796,1533003.6161932594
20160415,1276927.5906409638,1257286.0803639796,1538660.4561054118
20160418,1276927.5906409638,1257286.0803639796,1517447.3064348407
20160419,1276927.5906409638,1257286.0803639796,1523104.1463469928
20160420,1276927.5906409638,1257286.0803639796,1487748.8968960415
20160421,1276927.5906409638,1257286.0803639796,1486334.6869180033
20160422,1276927.5906409638,1257286.0803639796,1491991.5268301556
20160425,1276927.5906409638,1257286.0803639796,1484920.4769399653
20160426,1276927.5906409638,1257286.0803639796,1497648.3667423078
20160427,1276927.5906409638,1257286.0803639796,1494819.9467862318
20160428,1276927.5906409638,1257286.0803639796,1507547.8365885743
20160429,1276927.5906409638,1257286.0803639796,1494819.9467862318
20160503,1276927.5906409638,1257286.0803639796,1510376.2565446503
20160504,1276927.5906409638,1257286.0803639796,1516033.0964568027
20160505,1276927.5906409638,1257286.0803639796,1516033.0964568027
20160506,1276927.5906409638,1257286.0803639796,1487748.8968960415
20160509,1276927.5906409638,1257286.0803639796,1463707.3272693942
20160510,1276927.5906409638,1257286.0803639796,1453807.8574231276
20160511,1276927.5906409638,1257286.0803639796,1466535.7472254704
20160512,1276927.5906409638,1257286.0803639796,1467949.9572035086
20160513,1276927.5906409638,1257286.0803639796,1463707.3272693942
20160516,1276927.5906409638,1257286.0803639796,1465121.5372474324
20160517,1276927.5906409638,1257286.0803639796,1456636.277379204
20160518,1276927.5906409638,1257286.0803639796,1456636.277379204
20160519,1276927.5906409638,1257286.0803639796,1449565.2274890137
20160520,1276927.5906409638,1257286.0803639796,1456636.277379204
20160523,1276927.5906409638,1257286.0803639796,1453807.8574231276
20160524,1276927.5906409638,1257286.0803639796,1443908.3875768615
20160525,1276927.5906409638,1257286.0803639796,1446736.8075329375
20160526,1276927.5906409638,1257286.0803639796,1445322.5975548995
20160527,1276927.5906409638,1257286.0803639796,1452393.6474450896
20160530,1276927.5906409638,1257286.0803639796,1453807.8574231276
20160531,1276927.5906409638,1257286.0803639796,1491991.5268301556
20160601,1276927.5906409638,1257286.0803639796,1482092.056983889
20160602,1276927.5906409638,1257286.0803639796,1479263.6370278131
20160603,1276927.5906409638,1257286.0803639796,1484920.4769399653
20160606,1276927.5906409638,1257286.0803639796,1486334.6869180033
20160607,1276927.5906409638,1257286.0803639796,1487748.8968960415
20160608,1276927.5906409638,1257286.0803639796,1484920.4769399653
20160613,1276927.5906409638,1257286.0803639796,1460878.9073133182
20160614,1276927.5906409638,1257286.0803639796,1470778.3771595848
20160615,1276927.5906409638,1257286.0803639796,1476435.2170717367
20160616,1276927.5906409638,1257286.0803639796,1476433.0791633113
20160617,1276927.5906409638,1257286.0803639796,1478155.8715544003
20160620,1276927.5906409638,1257286.0803639796,1481601.4563365784
20160621,1276927.5906409638,1257286.0803639796,1483324.2487276674
20160622,1276927.5906409638,1257286.0803639796,1503997.757420736
20160623,1276927.5906409638,1257286.0803639796,1491938.2106831127
20160624,1276927.5906409638,1257286.0803639796,1476433.0791633113
20160627,1276927.5906409638,1257286.0803639796,1483324.2487276674
20160628,1276927.5906409638,1257286.0803639796,1486769.8335098457
20160629,1276927.5906409638,1257286.0803639796,1497106.5878563798
20160630,1276927.5906409638,1257286.0803639796,1498829.3802474686
20160701,1276927.5906409638,1257286.0803639796,1500552.172638558
20160704,1276927.5906409638,1257286.0803639796,1517780.0965494486
20160705,1276927.5906409638,1257286.0803639796,1517780.0965494486
20160706,1276927.5906409638,1257286.0803639796,1514334.51176727
20160707,1276927.5906409638,1257286.0803639796,1512611.7193761813
20160708,1276927.5906409638,1257286.0803639796,1505720.5498118252
20160711,1276927.5906409638,1257286.0803639796,1507443.342202914
20160712,1276927.5906409638,1257286.0803639796,1529839.6432870717
20160713,1276927.5906409638,1257286.0803639796,1548790.3595890512
20160714,1276927.5906409638,1257286.0803639796,1540176.3976336059
20160715,1276927.5906409638,1257286.0803639796,1548790.3595890512
20160718,1276927.5906409638,1257286.0803639796,1557404.321544496
20160719,1276927.5906409638,1257286.0803639796,1545344.7748068732
20160720,1276927.5906409638,1257286.0803639796,1543621.9824157842
20160721,1276927.5906409638,1257286.0803639796,1548790.3595890512
20160722,1276927.5906409638,1257286.0803639796,1540176.3976336059
20160725,1276927.5906409638,1257286.0803639796,1547067.5671979622
20160726,1276927.5906409638,1257286.0803639796,1569463.8682821195
20160727,1276927.5906409638,1257286.0803639796,1552235.9443712293
20160728,1276927.5906409638,1257286.0803639796,1564295.4911088527
20160729,1276927.5906409638,1257286.0803639796,1584968.999801921
20160801,1276927.5906409638,1257286.0803639796,1598751.3389306332
20160802,1276927.5906409638,1257286.0803639796,1593582.9617573663
20160803,1276927.5906409638,1257286.0803639796,1581523.415019743
20160804,1276927.5906409638,1257286.0803639796,1548790.3595890512
20160805,1276927.5906409638,1257286.0803639796,1557404.321544496
20160808,1276927.5906409638,1257286.0803639796,1569463.8682821195
20160809,1276927.5906409638,1257286.0803639796,1576355.037846476
20160810,1276927.5906409638,1257286.0803639796,1574632.2454553868
20160811,1276927.5906409638,1257286.0803639796,1588414.5845840992
20160812,1276927.5906409638,1257286.0803639796,1636652.7715345924
20160815,1276927.5906409638,1257286.0803639796,1667663.0345741953
20160816,1276927.5906409638,1257286.0803639796,1640098.3563167704
20160817,1280951.5221240763,1259610.2451297713,1645266.7334900377
20160818,1274244.9696522225,1253015.4270924425,1636652.7715345924
20160819,1275586.2801465932,1254334.3906999084,1638375.5639256814
20160822,1260831.864708515,1239825.7910177854,1619424.847623702
20160823,1260831.864708515,1239825.7910177854,1619424.847623702
20160824,1264855.7961916272,1243782.6818401825,1624593.2247969692
20160825,1266197.1066859977,1245101.6454476481,1626316.017188058
20160826,1267538.4171803687,1246420.609055114,1628038.8095791473
20160829,1263514.4856972564,1242463.7182327167,1622870.43240588
20160830,1270221.0381691102,1249058.5362700454,1631484.3943613253
20160831,1272903.6591578517,1251696.463484977,1634929.9791435034
20160901,1267538.4171803687,1246420.609055114,1628038.8095791473
20160902,1267538.4171803687,1246420.609055114,1628038.8095791473
20160905,1263514.4856972564,1242463.7182327167,1622870.43240588
20160906,1262173.1752028856,1241144.754625251,1621147.6400147912
20160907,1260831.864708515,1239825.7910177854,1619424.847623702
20160908,1260831.864708515,1239825.7910177854,1619424.847623702
20160909,1258149.2437197734,1237187.863802854,1615979.2628415239
20160912,1228640.4128436164,1208170.6644386079,1578077.8302375649
20160913,1232664.3443267287,1212127.555261005,1583246.207410832
20160914,1215227.307899909,1194981.0283639506,1560849.9063266746
20160919,1223275.1708661334,1202894.810008745,1571186.6606732085
20160920,1217909.9288886506,1197618.955578882,1564295.4911088527
20160921,1217909.9288886506,1197618.955578882,1564295.4911088527
20160922,1228640.4128436164,1208170.6644386079,1578077.8302375649
20160923,1227299.102349246,1206851.7008311423,1576355.037846476
20160926,1212544.6869111673,1192343.1011490189,1557404.321544496
20160927,1215227.307899909,1194981.0283639506,1560849.9063266746
20160928,1213885.9974055383,1193662.064756485,1559127.1139355856
20160929,1215227.307899909,1194981.0283639506,1560849.9063266746
20160930,1216568.6183942796,1196299.9919714162,1562572.6987177634
20161010,1223275.1708661334,1202894.810008745,1571186.6606732085
20161011,1227299.102349246,1206851.7008311423,1576355.037846476
20161012,1224616.4813605044,1204213.7736162108,1572909.453064298
20161013,1216568.6183942796,1196299.9919714162,1562572.6987177634
20161014,1219251.2393830211,1198937.9191863476,1566018.2834999415
20161017,1213885.9974055383,1193662.064756485,1559127.1139355856
20161018,1219251.2393830211,1198937.9191863476,1566018.2834999415
20161019,1217909.9288886506,1197618.955578882,1564295.4911088527
20161020,1216568.6183942796,1196299.9919714162,1562572.6987177634
20161021,1224616.4813605044,1204213.7736162108,1572909.453064298
20161024,1239370.8967985827,1218722.3732983337,1591860.1693662773
20161025,1235346.9653154705,1214765.4824759366,1586691.7921930102
20161026,1227299.102349246,1206851.7008311423,1576355.037846476
20161027,1228640.4128436164,1208170.6644386079,1578077.8302375649
20161028,1229981.7233379874,1209489.6280460735,1579800.622628654
20161031,1227299.102349246,1206851.7008311423,1576355.037846476
20161101,1225957.7918548752,1205532.7372236764,1574632.2454553868
20161102,1216568.6183942796,1196299.9919714162,1562572.6987177634
20161103,1224616.4813605044,1204213.7736162108,1572909.453064298
20161104,1221933.8603717627,1201575.846401279,1569463.8682821195
20161107,1223275.1708661334,1202894.810008745,1571186.6606732085
20161108,1227299.102349246,1206851.7008311423,1576355.037846476
20161109,1216568.6183942796,1196299.9919714162,1562572.6987177634
20161110,1225957.7918548752,1205532.7372236764,1574632.2454553868
20161111,1231323.033832358,1210808.5916535393,1581523.415019743
20161114,1236688.2758098412,1216084.4460834023,1588414.5845840992
20161115,1238029.586304212,1217403.4096908679,1590137.3769751883
20161116,1238029.586304212,1217403.4096908679,1590137.3769751883
20161117,1235346.9653154705,1214765.4824759366,1586691.7921930102
20161118,1231323.033832358,1210808.5916535393,1581523.415019743
20161121,1239370.8967985827,1218722.3732983337,1591860.1693662773
20161122,1255466.6227310318,1234549.9365879223,1612533.6780593458
20161123,1267538.4171803687,1246420.609055114,1628038.8095791473
20161124,1270221.0381691102,1249058.5362700454,1631484.3943613253
20161125,1290340.6955846716,1268842.9903820313,1657326.280227661
20161128,1291682.0060790426,1270161.9539894972,1659049.0726187502
20161129,1290340.6955846716,1268842.9903820313,1657326.280227661
20161130,1280951.5221240763,1259610.2451297713,1645266.7334900377
20161201,1287658.07459593,1266205.0631670998,1653880.6954454829
20161202,1280951.5221240763,1259610.2451297713,1645266.7334900377
20161205,1268879.7276747397,1247739.5726625798,1629761.6019702365
20161206,1272903.6591578517,1251696.463484977,1634929.9791435034
20161207,1271562.348663481,1250377.4998775113,1633207.1867524146
20161208,1276927.5906409638,1255653.354307374,1640098.3563167704
20161209,1294364.6270677838,1272799.8812044286,1662494.6574009282
20161212,1274244.9696522225,1253015.4270924425,1636652.7715345924
20161213,1263514.4856972564,1242463.7182327167,1622870.43240588
20161214,1260831.864708515,1239825.7910177854,1619424.847623702
20161215,1240712.2072929535,1220041.3369057993,1593582.9617573663
20161216,1240712.2072929535,1220041.3369057993,1593582.9617573663
20161219,1234005.6548210995,1213446.5188684706,1584968.999801921
20161220,1221933.8603717627,1201575.846401279,1569463.8682821195
20161221,1228640.4128436164,1208170.6644386079,1578077.8302375649
20161222,1225957.7918548752,1205532.7372236764,1574632.2454553868
20161223,1217909.9288886506,1197618.955578882,1564295.4911088527
20161226,1223275.1708661334,1202894.810008745,1571186.6606732085
20161227,1217909.9288886506,1197618.955578882,1564295.4911088527
20161228,1215227.307899909,1194981.0283639506,1560849.9063266746
20161229,1216568.6183942796,1194147.6090258614,1564295.4911088527
20161230,1216568.6183942796,1194147.6090258614,1567741.0758910307
20170103,1216568.6183942796,1194147.6090258614,1578077.8302375649
20170104,1216568.6183942796,1194147.6090258614,1578077.8302375649
20170105,1216568.6183942796,1194147.6090258614,1579800.622628654
20170106,1216568.6183942796,1194147.6090258614,1572909.453064298
20170109,1216568.6183942796,1194147.6090258614,1576355.037846476
20170110,1216568.6183942796,1194147.6090258614,1576355.037846476
20170111,1216568.6183942796,1194147.6090258614,1574632.2454553868
20170112,1216568.6183942796,1194147.6090258614,1576355.037846476
20170113,1216568.6183942796,1194147.6090258614,1578077.8302375649
20170116,1216568.6183942796,1194147.6090258614,1574632.2454553868
20170117,1216568.6183942796,1194147.6090258614,1576355.037846476
20170118,1216568.6183942796,1194147.6090258614,1579800.622628654
20170119,1216568.6183942796,1194147.6090258614,1581523.415019743
20170120,1216568.6183942796,1194147.6090258614,1588414.5845840992
20170123,1216568.6183942796,1194147.6090258614,1588414.5845840992
20170124,1216568.6183942796,1194147.6090258614,1597028.5465395444
20170125,1216568.6183942796,1194147.6090258614,1595305.7541484553
20170126,1216568.6183942796,1194147.6090258614,1607365.3008860785
20170203,1216568.6183942796,1194147.6090258614,1595305.7541484553
20170206,1216568.6183942796,1194147.6090258614,1603919.7161039007
20170207,1216568.6183942796,1194147.6090258614,1602196.9237128117
20170208,1216568.6183942796,1194147.6090258614,1602196.9237128117
20170209,1216568.6183942796,1194147.6090258614,1603919.7161039007
20170210,1216568.6183942796,1194147.6090258614,1607365.3008860785
20170213,1216568.6183942796,1194147.6090258614,1621147.6400147912
20170214,1216568.6183942796,1194147.6090258614,1619424.847623702
20170215,1216568.6183942796,1194147.6090258614,1628038.8095791473
20170216,1216568.6183942796,1194147.6090258614,1629761.6019702365
20170217,1216568.6183942796,1194147.6090258614,1617702.055232613
20170220,1216568.6183942796,1194147.6090258614,1646989.5258811268
20170221,1216568.6183942796,1194147.6090258614,1648712.3182722158
20170222,1216568.6183942796,1194147.6090258614,1648712.3182722158
20170223,1216568.6183942796,1194147.6090258614,1638375.5639256814
20170224,1216568.6183942796,1194147.6090258614,1636652.7715345924
20170227,1216568.6183942796,1194147.6090258614,1624593.2247969692
20170228,1216568.6183942796,1194147.6090258614,1633207.1867524146
20170301,1216568.6183942796,1194147.6090258614,1634929.9791435034
20170302,1216568.6183942796,1194147.6090258614,1624593.2247969692
20170303,1216568.6183942796,1194147.6090258614,1619424.847623702
20170306,1216568.6183942796,1194147.6090258614,1628038.8095791473
20170307,1216568.6183942796,1194147.6090258614,1628038.8095791473
20170308,1216568.6183942796,1194147.6090258614,1622870.43240588
20170309,1216568.6183942796,1194147.6090258614,1615979.2628415239
20170310,1216568.6183942796,1194147.6090258614,1619424.847623702
20170313,1216568.6183942796,1194147.6090258614,1626316.017188058
20170314,1216568.6183942796,1194147.6090258614,1626316.017188058
20170315,1216568.6183942796,1194147.6090258614,1633207.1867524146
20170316,1216568.6183942796,1194147.6090258614,1640098.3563167704
20170317,1216568.6183942796,1194147.6090258614,1603919.7161039007
20170320,1216568.6183942796,1194147.6090258614,1593582.9617573663
20170321,1216568.6183942796,1194147.6090258614,1591860.1693662773
20170322,1216568.6183942796,1194147.6090258614,1578077.8302375649
20170323,1216568.6183942796,1194147.6090258614,1584968.999801921
20170324,1216568.6183942796,1194147.6090258614,1583246.207410832
20170327,1216568.6183942796,1194147.6090258614,1574632.2454553868
20170328,1216568.6183942796,1194147.6090258614,1571186.6606732085
20170329,1216568.6183942796,1194147.6090258614,1569463.8682821195
20170330,1216568.6183942796,1194147.6090258614,1564295.4911088527
20170331,1216568.6183942796,1194147.6090258614,1579800.622628654
20170405,1216568.6183942796,1194147.6090258614,1586691.7921930102
20170406,1216568.6183942796,1194147.6090258614,1584968.999801921
20170407,1216568.6183942796,1194147.6090258614,1584968.999801921
20170410,1216568.6183942796,1194147.6090258614,1581523.415019743
20170411,1216568.6183942796,1194147.6090258614,1576355.037846476
20170412,1216568.6183942796,1194147.6090258614,1571186.6606732085
20170413,1216568.6183942796,1194147.6090258614,1571186.6606732085
20170414,1216568.6183942796,1194147.6090258614,1564295.4911088527
20170417,1216568.6183942796,1194147.6090258614,1567741.0758910307
20170418,1216568.6183942796,1194147.6090258614,1559127.1139355856
20170419,1216568.6183942796,1194147.6090258614,1535008.0204603388
20170420,1216568.6183942796,1194147.6090258614,1536730.8128514278
20170421,1216568.6183942796,1194147.6090258614,1545344.7748068732
20170424,1216568.6183942796,1194147.6090258614,1538453.6052425168
20170425,1216568.6183942796,1194147.6090258614,1550513.1519801402
20170426,1216568.6183942796,1194147.6090258614,1548790.3595890512
20170427,1216568.6183942796,1194147.6090258614,1545344.7748068732
20170428,1216568.6183942796,1194147.6090258614,1548790.3595890512
20170502,1216568.6183942796,1194147.6090258614,1540176.3976336059
20170503,1216568.6183942796,1194147.6090258614,1535008.0204603388
20170504,1216568.6183942796,1194147.6090258614,1505720.5498118252
20170505,1216568.6183942796,1194147.6090258614,1486769.8335098457
20170508,1216568.6183942796,1194147.6090258614,1476433.0791633113
20170509,1216568.6183942796,1194147.6090258614,1488492.6259009347
20170510,1216568.6183942796,1194147.6090258614,1493661.0030742018
20170511,1216568.6183942796,1194147.6090258614,1498829.3802474686
20170512,1216568.6183942796,1194147.6090258614,1533285.2280692498
20170515,1216568.6183942796,1194147.6090258614,1526394.0585048934
20170516,1216568.6183942796,1194147.6090258614,1522948.4737227154
20170517,1216568.6183942796,1194147.6090258614,1510888.926985092
20170518,1216568.6183942796,1194147.6090258614,1503997.757420736
20170519,1216568.6183942796,1194147.6090258614,1497106.5878563798
20170522,1216568.6183942796,1194147.6090258614,1495383.7954652905
20170523,1216568.6183942796,1194147.6090258614,1514334.51176727
20170524,1216568.6183942796,1194147.6090258614,1517780.0965494486
20170525,1216568.6183942796,1194147.6090258614,1567741.0758910307
20170526,1216568.6183942796,1194147.6090258614,1567741.0758910307
20170531,1216568.6183942796,1194147.6090258614,1584968.999801921
20170601,1216568.6183942796,1194147.6090258614,1583246.207410832
20170602,1216568.6183942796,1194147.6090258614,1579800.622628654
20170605,1216568.6183942796,1194147.6090258614,1555681.5291534073
20170606,1216568.6183942796,1194147.6090258614,1557404.321544496
20170607,1216568.6183942796,1194147.6090258614,1572909.453064298
20170608,1216568.6183942796,1194147.6090258614,1572909.453064298
20170609,1216568.6183942796,1194147.6090258614,1576355.037846476
20170612,1216568.6183942796,1194147.6090258614,1569463.8682821195
20170613,1216568.6183942796,1194147.6090258614,1571186.6606732085
20170614,1216568.6183942796,1194147.6090258614,1564295.4911088527
20170615,1216568.6183942796,1194147.6090258614,1557404.321544496
20170616,1216568.6183942796,1194147.6090258614,1553958.7367623183
20170619,1216568.6183942796,1194147.6090258614,1572909.453064298
20170620,1216568.6183942796,1194147.6090258614,1571186.6606732085
20170621,1216568.6183942796,1194147.6090258614,1576355.037846476
20170622,1216568.6183942796,1194147.6090258614,1593582.9617573663
20170623,1216568.6183942796,1194147.6090258614,1593582.9617573663
20170626,1216568.6183942796,1194147.6090258614,1602196.9237128117
20170627,1216568.6183942796,1194147.6090258614,1612533.6780593458
20170628,1216568.6183942796,1194147.6090258614,1624593.2247969692
20170629,1216568.6183942796,1194147.6090258614,1624593.2247969692
20170630,1216568.6183942796,1194147.6090258614,1617702.055232613
20170703,1216568.6183942796,1194147.6090258614,1619424.847623702
20170704,1216568.6183942796,1194147.6090258614,1609088.0932771678
20170705,1216568.6183942796,1194147.6090258614,1614256.4704504346
20170706,1216568.6183942796,1194147.6090258614,1619424.847623702
20170707,1216568.6183942796,1194147.6090258614,1631484.3943613253
20170710,1216568.6183942796,1194147.6090258614,1652157.9030543938
20170711,1216568.6183942796,1194147.6090258614,1765862.2008662706
20170712,1216568.6183942796,1194147.6090258614,1781367.332386072
20170713,1216568.6183942796,1194147.6090258614,1877843.7062870588
20170714,1216568.6183942796,1194147.6090258614,1877843.7062870588
20170717,1216568.6183942796,1194147.6090258614,1862338.5747672573
20170718,1216568.6183942796,1194147.6090258614,1903685.5921533946
20170719,1227638.396541634,1203448.5302252658,1910576.7617177505
20170720,1214354.6627648086,1190426.5443256237,1889903.253024682
20170721,1223346.915823234,1199241.6105186178,1903897.9193509487
20170724,1230087.1192161993,1205849.0023121084,1914387.7150498515
20170725,1235703.9553770039,1211355.1621400176,1923129.2114656041
20170726,1206496.4073408202,1182723.1310348902,1877673.4301036901
20170727,1189645.8988584066,1166204.6515511626,1851448.9408564318
20170728,1206496.4073408202,1182723.1310348902,1877673.4301036901
20170731,1198632.8367156938,1175014.5072758172,1865435.335121636
20170801,1240197.4243056474,1215760.090002345,1930122.4085982062
20170802,1252554.4638594177,1227873.6416237454,1949353.7007128627
20170803,1236827.3226091648,1212456.3941055997,1924877.510748755
20170804,1254801.1983237395,1230076.105554909,1952850.2992791638
20170807,1235703.9553770039,1211355.1621400176,1923129.2114656041
20170808,1241320.7915378085,1216861.321967927,1931870.707881357
20170809,1205373.0401086593,1181621.8990693083,1875925.1308205398
20170810,1193016.0005548892,1169508.347447908,1856693.8387058834
20170811,1125613.9666252343,1103434.4295129979,1751795.8817168504
20170814,1148081.3112684528,1125459.068824635,1786761.8673798617
20170815,1158191.6163579011,1135370.1565148714,1802496.5609282167
20170816,1161561.7180543838,1138673.8524116168,1807741.458777668
20170817,1170548.6559116708,1147483.7081362712,1821727.8530428724
20170818,1172795.3903759927,1149686.172067435,1825224.4516091733
20170821,1175042.1248403147,1151888.6359985988,1828721.0501754747
20170822,1196386.1022513718,1172812.0433446537,1861938.736555335
20170823,1224470.283055395,1200342.8424841994,1905646.2186340988
20170824,1227840.3847518775,1203646.5383809449,1910891.1164835503
20170825,1248060.9949307737,1223468.713761418,1942360.50358026
20170828,1275021.808502636,1249898.280935382,1984319.6863758736
20170829,1310969.5599317849,1285137.7038340007,2040265.263436691
20170830,1284008.7463599232,1258708.1366600366,1998306.0806410778
20170831,1267158.2378775096,1242189.6571763093,1972081.5913938198
20170901,1259294.6672523832,1234481.0334172363,1959843.496411766
20170904,1316586.3960925897,1290643.86366191,2049006.7598524438
20170905,1307599.4582353025,1281834.0079372553,2035020.3655872396
20170906,1314339.6616282677,1288441.3997307462,2045510.161286143
20170907,1285132.113592084,1259809.3686256183,2000054.3799242282
20170908,1290748.9497528886,1265315.5284535275,2008795.876339981
20170911,1278391.9101991188,1253201.9768321277,1989564.5842253254
20170912,1296365.7859136933,1270821.688281437,2017537.372755734
20170913,1284008.7463599232,1258708.1366600366,1998306.0806410778
20170914,1271651.706806153,1246594.5850386366,1979074.7885264219
20170915,1268281.6051096702,1243290.889141891,1973829.8906769701
20170918,1263788.1361810267,1238885.9612795636,1966836.693544368
20170919,1250307.729395096,1225671.1776925817,1945857.1021465617
20170920,1268281.6051096702,1243290.889141891,1973829.8906769701
20170921,1287378.848056406,1262011.8325567823,2003550.9784905296
20170922,1285132.113592084,1259809.3686256183,2000054.3799242282
20170925,1268281.6051096702,1243290.889141891,1973829.8906769701
20170926,1241320.7915378085,1216861.321967927,1931870.707881357
20170927,1227840.3847518775,1203646.5383809449,1910891.1164835503
20170928,1222223.548591073,1198140.378553036,1902149.6200677978
20170929,1248060.9949307737,1223468.713761418,1942360.50358026
20171009,1269404.9723418313,1244392.1211074728,1975578.189960121
20171010,1288502.215288567,1263113.0645223642,2005299.2777736804
20171011,1295242.4186815321,1269720.4563158548,2015789.0734725832
20171012,1297489.1531458541,1271922.9202470188,2019285.6720388846
20171013,1276145.1757347968,1250999.512900964,1986067.985659024
20171016,1301982.6220744979,1276327.848109346,2026278.8691714867
20171017,1292995.6842172104,1267517.9923846913,2012292.4749062823
20171018,1313216.2943961069,1287340.1677651643,2043761.862002992
20171019,1306476.0910031414,1280732.7759716734,2033272.0663040888
20171020,1289625.5825207278,1264214.2964879458,2007047.5770568307
20171023,1257047.9327880612,1232278.5694860728,1956346.8978454648
20171024,1279515.2774312794,1254303.2087977093,1991312.8835084757
20171025,1266034.8706453484,1241088.4252107274,1970333.292110669
20171026,1255924.5655559003,1231177.3375204906,1954598.5985623142
20171027,1298612.520378015,1273024.1522126005,2021033.971322035
20171030,1298612.520378015,1273024.1522126005,2021033.971322035
20171031,1296365.7859136933,1270821.688281437,2017537.372755734
20171101,1280638.6446634405,1255404.4407632912,1993061.1827916265
20171102,1296365.7859136933,1270821.688281437,2017537.372755734
20171103,1279515.2774312794,1254303.2087977093,1991312.8835084757
20171106,1267158.2378775096,1242189.6571763093,1972081.5913938198
20171107,1339053.740735808,1312668.5029735465,2083972.7455154548
20171108,1362644.452611187,1335794.3742507652,2120687.0304616163
20171109,1385111.7972544055,1357819.0135624018,2155653.0161246276
20171110,1381741.6955579226,1354515.3176656563,2150408.118275176
20171113,1449143.7294875772,1420589.2356005663,2255306.0752642085
20171114,1454760.5656483818,1426095.3954284755,2264047.5716799614
20171115,1449143.7294875772,1420589.2356005663,2255306.0752642085
20171116,1471611.0741307954,1442613.874912203,2290272.0609272197
20171117,1480598.0119880827,1451423.7306368575,2304258.455192424
20171120,1600798.3058293005,1569255.5509541142,2491326.478489533
20171121,1623265.6504725188,1591280.1902657505,2526292.464152544
20171122,1696284.520562978,1662860.2680285699,2639931.9175573294
20171123,1612031.9781509095,1580267.8706099323,2508809.4713210384
20171124,1635622.6900262889,1603393.741887151,2545523.7562672
20171127,1564850.5544001514,1534016.1280554952,2435380.9014287153
20171128,1539013.1080604503,1508687.792847113,2395170.0179162524
20171129,1552493.5148463813,1521902.5764340952,2416149.6093140594
20171130,1503065.356631301,1473448.3699484945,2339224.440855435
20171201,1460377.4018091864,1431601.5552563847,2272789.0680957143
20171204,1494078.4187740139,1464638.5142238396,2325238.0465902304
20171205,1494078.4187740139,1464638.5142238396,2325238.0465902304
20171206,1469364.3396664737,1440411.4109810393,2286775.4623609185
20171207,1441280.1588624509,1412880.6118414935,2243067.980282155
20171208,1470487.7068986348,1441512.6429466212,2288523.761644069
20171211,1516545.763417232,1486663.1535354764,2360204.0322532416
20171212,1462624.1362735084,1433804.0191875484,2276285.6666620155
20171213,1474981.1758272783,1445917.5708089485,2295516.9587766714
20171214,1460377.4018091864,1431601.5552563847,2272789.0680957143
20171215,1428923.1193086808,1400767.0602200932,2223836.688167499
20171218,1432293.2210051636,1404070.756116839,2229081.5860169507
20171219,1491831.684309692,1462436.050292676,2321741.4480239297
20171220,1489584.9498453701,1460233.5863615123,2318244.8494576286
20171221,1521039.2323458756,1491068.0813978037,2367197.2293858435
20171222,1518792.4978815538,1488865.61746664,2363700.630819543
20171225,1488461.5826132093,1459132.3543959304,2316496.550174478
20171226,1534519.6391318066,1504282.8649847857,2388176.8207836505
20171227,1492955.0515418528,1463537.2822582577,2323489.74730708
20171228,1483968.1136845658,1454727.4265336033,2309503.353041876
20171229,1494078.4187740139,1464638.5142238396,2325238.0465902304
20180102,1539013.1080604503,1508687.792847113,2395170.0179162524
20180103,1497448.5204704965,1467942.2101205853,2330482.944439682
20180104,1488461.5826132093,1459132.3543959304,2316496.550174478
20180105,1494078.4187740139,1464638.5142238396,2325238.0465902304
20180108,1455883.932880543,1427196.6273940576,2265795.870963112
20180109,1469364.3396664737,1440411.4109810393,2286775.4623609185
20180110,1513175.6617207495,1483359.457638731,2354959.1344037903
20180111,1505312.091095623,1475650.833879658,2342721.0394217363
20180112,1522162.5995780367,1492169.3133633856,2368945.5286689945
20180115,1595181.4696684957,1563749.3911262045,2482584.9820737797
20180116,1595181.4696684957,1563749.3911262045,2482584.9820737797
20180117,1598551.5713649788,1567053.0870229504,2487829.879923232
20180118,1653596.5657408636,1621013.4533364603,2573496.544797609
20180119,1662583.5035981508,1629823.309061115,2587482.9390628133
20180122,1622142.2832403579,1590178.9583001689,2524544.164869393
20180123,1645732.9951157372,1613304.8295773875,2561258.449815555
20180124,1644609.627883576,1612203.5976118054,2559510.1505324044
20180125,1595181.4696684957,1563749.3911262045,2482584.9820737797
20180126,1578330.9611860823,1547230.9116424774,2456360.492826522
20180129,1543506.576989094,1513092.7207094405,2402163.215048855
20180130,1533396.271899646,1503181.633019204,2386428.5215005
20180131,1578330.9611860823,1547230.9116424774,2456360.492826522
20180201,1576084.2267217604,1545028.4477113136,2452863.8942602207
20180202,1578330.9611860823,1547230.9116424774,2456360.492826522
20180205,1634499.322794128,1602292.509921569,2543775.456984049
20180206,1572714.1250252777,1541724.7518145682,2447618.9964107694
20180207,1451390.463951899,1422791.69953173,2258802.6738305097
20180208,1408702.5091297843,1380944.8848396202,2192367.301070789
20180209,1313216.2943961069,1287340.1677651643,2043761.862002992
20180212,1316586.3960925897,1290643.86366191,2049006.7598524438
20180213,1341300.4752001297,1314870.9669047103,2087469.344081756
20180214,1348040.6785930954,1321478.3586982014,2097959.139780659
20180222,1399715.5712724973,1372135.0291149656,2178380.9068055847
20180223,1416566.079754911,1388653.5085986932,2204605.3960528425
20180226,1418812.8142192329,1390855.972529857,2208101.994619144
20180227,1379494.9610936008,1352312.8537344926,2146911.5197088746
20180228,1353657.5147539,1326984.5185261106,2106700.636196412
20180301,1352534.1475217387,1325883.2865605284,2104952.336913261
20180302,1342423.8424322905,1315972.198870292,2089217.6433649063
20180305,1332313.5373428424,1306061.1111800557,2073482.9498165518
20180306,1359274.3509147044,1332490.6783540195,2115442.1326121646
20180307,1353657.5147539,1326984.5185261106,2106700.636196412
20180308,1360397.718146865,1333591.9103196012,2117190.431895315
20180309,1358150.9836825433,1331389.4463884376,2113693.833329014
20180312,1351410.7802895778,1324782.0545949468,2103204.037630111
20180313,1350287.413057417,1323680.8226293647,2101455.73834696
20180314,1339053.740735808,1312668.5029735465,2083972.7455154548
20180315,1315463.0288604288,1289542.631696328,2047258.4605692935
20180316,1307599.4582353025,1281834.0079372553,2035020.3655872396
20180319,1328943.4356463596,1302757.41528331,2068238.0519670998
20180320,1327820.068414199,1301656.1833177283,2066489.7526839494
20180321,1336807.006271486,1310466.039042383,2080476.1469491539
20180322,1309846.1926996242,1284036.4718684189,2038516.9641535408
20180323,1273898.4412704748,1248797.0489698001,1982571.387092723
20180326,1227840.3847518775,1203646.5383809449,1910891.1164835503
20180327,1228963.7519840384,1204747.7703465268,1912639.415766701
20180328,1223346.915823234,1199241.6105186178,1903897.9193509487
20180329,1226717.0175197166,1200381.6869000606,1931870.707881357
20180330,1226717.0175197166,1200381.6869000606,1905646.2186340988
20180402,1226717.0175197166,1200381.6869000606,1872428.5322542386
20180403,1226717.0175197166,1200381.6869000606,1846204.04300698
20180404,1226717.0175197166,1200381.6869000606,1900401.320784647
20180409,1226717.0175197166,1200381.6869000606,1926625.8100319053
20180410,1226717.0175197166,1200381.6869000606,1996557.7813579272
20180411,1226717.0175197166,1200381.6869000606,2068238.0519670998
20180412,1226717.0175197166,1200381.6869000606,2014040.7741894329
20180413,1226717.0175197166,1200381.6869000606,2022782.2706051858
20180416,1226717.0175197166,1200381.6869000606,1940612.2042971097
20180417,1226717.0175197166,1200381.6869000606,1959843.496411766
20180418,1226717.0175197166,1200381.6869000606,2010544.175623132
20180419,1226717.0175197166,1200381.6869000606,2005299.2777736804
20180420,1226717.0175197166,1200381.6869000606,1984319.6863758736
20180423,1226717.0175197166,1200381.6869000606,2022782.2706051858
20180424,1226717.0175197166,1200381.6869000606,2073482.9498165518
20180425,1226717.0175197166,1200381.6869000606,2042013.5627198417
20180426,1226717.0175197166,1200381.6869000606,1996557.7813579272
20180427,1226717.0175197166,1200381.6869000606,1896904.722218346
20180502,1226717.0175197166,1200381.6869000606,1902149.6200677978
20180503,1226717.0175197166,1200381.6869000606,1879421.7293868407
20180504,1226717.0175197166,1200381.6869000606,1867183.6344047869
20180507,1226717.0175197166,1200381.6869000606,1889911.525085744
20180508,1226717.0175197166,1200381.6869000606,1924877.510748755
20180509,1226717.0175197166,1200381.6869000606,1917884.3136161529
20180510,1226717.0175197166,1200381.6869000606,1924877.510748755
20180511,1226717.0175197166,1200381.6869000606,1924877.510748755
20180514,1226717.0175197166,1200381.6869000606,1954598.5985623142
20180515,1226717.0175197166,1200381.6869000606,1944108.802863411
20180516,1226717.0175197166,1200381.6869000606,1905646.2186340988
20180517,1226717.0175197166,1200381.6869000606,1891659.8243688946
20180518,1226717.0175197166,1200381.6869000606,1916136.0143330025
20180521,1226717.0175197166,1200381.6869000606,1914387.7150498515
20180522,1226717.0175197166,1200381.6869000606,1898653.0215014964
20180523,1226717.0175197166,1200381.6869000606,1861938.736555335
20180524,1226717.0175197166,1200381.6869000606,1854945.539422733
20180525,1226717.0175197166,1200381.6869000606,1851448.9408564318
20180528,1226717.0175197166,1200381.6869000606,1851448.9408564318
20180529,1226717.0175197166,1200381.6869000606,1814734.6559102705
20180530,1226717.0175197166,1200381.6869000606,1762285.677415754
20180531,1226717.0175197166,1200381.6869000606,1779768.6702472593
20180601,1226717.0175197166,1200381.6869000606,1781516.9695304094
20180604,1226717.0175197166,1200381.6869000606,1795503.363795614
20180605,1226717.0175197166,1200381.6869000606,1793755.0645124635
20180606,1226717.0175197166,1200381.6869000606,1772775.473114657
20180607,1226717.0175197166,1200381.6869000606,1812986.3566271195
20180608,1226717.0175197166,1200381.6869000606,1769278.8745483556
20180611,1226717.0175197166,1200381.6869000606,1755292.4802831514
20180612,1226717.0175197166,1200381.6869000606,1758789.0788494528
20180613,1226717.0175197166,1200381.6869000606,1739557.7867347964
20180614,1226717.0175197166,1200381.6869000606,1760537.3781326031
20180615,1226717.0175197166,1200381.6869000606,1778020.370964109
20180619,1226717.0175197166,1200381.6869000606,1725571.3924695922
20180620,1226717.0175197166,1200381.6869000606,1732564.5896021943
20180621,1226717.0175197166,1200381.6869000606,1723823.0931864416
20180622,1226717.0175197166,1200381.6869000606,1722074.7939032912
20180625,1226717.0175197166,1200381.6869000606,1653891.1218604199
20180626,1226717.0175197166,1200381.6869000606,1636408.129028914
20180627,1226717.0175197166,1200381.6869000606,1589204.0483838494
20180628,1226717.0175197166,1200381.6869000606,1559482.96057029
20180629,1226717.0175197166,1200381.6869000606,1589204.0483838494
20180702,1226717.0175197166,1200381.6869000606,1505285.682792623
20180703,1226717.0175197166,1200381.6869000606,1515775.4784915263
20180704,1226717.0175197166,1200381.6869000606,1505285.682792623
20180705,1226717.0175197166,1200381.6869000606,1503537.3835094725
20180706,1226717.0175197166,1200381.6869000606,1514027.1792083757
20180709,1226717.0175197166,1200381.6869000606,1578714.252684946
20180710,1226717.0175197166,1200381.6869000606,1569972.7562691933
20180711,1226717.0175197166,1200381.6869000606,1535006.7706061823
20180712,1226717.0175197166,1200381.6869000606,1577637.0921929176
20180713,1226717.0175197166,1200381.6869000606,1577637.0921929176
20180716,1226717.0175197166,1200381.6869000606,1550987.8169869562
20180717,1226717.0175197166,1200381.6869000606,1549211.198639892
20180718,1226717.0175197166,1200381.6869000606,1545657.9619457636
20180719,1226717.0175197166,1200381.6869000606,1550987.8169869562
20180720,1226717.0175197166,1200381.6869000606,1618499.3141753918
20180723,1226717.0175197166,1200381.6869000606,1673574.4829343786
20180724,1226717.0175197166,1200381.6869000606,1670021.2462402505
20180725,1226717.0175197166,1200381.6869000606,1666468.0095461225
20180726,1226717.0175197166,1200381.6869000606,1643371.971034289
20180727,1226717.0175197166,1200381.6869000606,1643371.971034289
20180730,1226717.0175197166,1200381.6869000606,1668244.6278931866
20180731,1226717.0175197166,1200381.6869000606,1673574.4829343786
20180801,1226717.0175197166,1200381.6869000606,1625605.7875636483
20180802,1226717.0175197166,1200381.6869000606,1588296.8022753021
20180803,1226717.0175197166,1200381.6869000606,1582966.9472341097
20180806,1226717.0175197166,1200381.6869000606,1588296.8022753021
20180807,1226717.0175197166,1200381.6869000606,1629159.0242577763
20180808,1226717.0175197166,1200381.6869000606,1607839.6040930073
20180809,1226717.0175197166,1200381.6869000606,1650478.4444225454
20180810,1226717.0175197166,1200381.6869000606,1639818.734340161
20180813,1226717.0175197166,1200381.6869000606,1607839.6040930073
20180814,1226717.0175197166,1200381.6869000606,1598956.5123576866
20180815,1226717.0175197166,1200381.6869000606,1561647.5270693405
20180816,1226717.0175197166,1200381.6869000606,1559870.9087222763
20180817,1226717.0175197166,1200381.6869000606,1565200.763763469
20180820,1226717.0175197166,1200381.6869000606,1598956.5123576866
20180821,1226717.0175197166,1200381.6869000606,1639818.734340161
20180822,1226717.0175197166,1200381.6869000606,1650478.4444225454
20180823,1226717.0175197166,1200381.6869000606,1662914.772851994
20180824,1226717.0175197166,1200381.6869000606,1781948.2021052884
20180827,1226717.0175197166,1200381.6869000606,1853012.9359878523
20180828,1226717.0175197166,1200381.6869000606,1828140.279128955
20180829,1226717.0175197166,1200381.6869000606,1824587.042434827
20180830,1226717.0175197166,1200381.6869000606,1797937.7672288653
20180831,1226717.0175197166,1200381.6869000606,1799714.38557593
20180903,1226717.0175197166,1200381.6869000606,1810374.0956583142
20180904,1226717.0175197166,1200381.6869000606,1853012.9359878523
20180905,1226717.0175197166,1200381.6869000606,1785501.438799417
20180906,1226717.0175197166,1200381.6869000606,1771288.4920229043
20180907,1226717.0175197166,1200381.6869000606,1778394.9654111604
20180910,1226717.0175197166,1200381.6869000606,1755298.9268993274
20180911,1226717.0175197166,1200381.6869000606,1760628.7819405196
20180912,1226717.0175197166,1200381.6869000606,1755298.9268993274
20180913,1226717.0175197166,1200381.6869000606,1769511.8736758402
20180914,1226717.0175197166,1200381.6869000606,1748192.4535110707
20180917,1226717.0175197166,1200381.6869000606,1721543.1783051093
20180918,1226717.0175197166,1200381.6869000606,1790831.2938406093
20180919,1226717.0175197166,1200381.6869000606,1819257.1873936348
20180920,1226717.0175197166,1200381.6869000606,1817480.5690465705
20180921,1226717.0175197166,1200381.6869000606,1895651.7763173908
20180925,1226717.0175197166,1200381.6869000606,1874332.3561526218
20180926,1226717.0175197166,1200381.6869000606,1902758.2497056474
20180927,1226717.0175197166,1200381.6869000606,1908088.1047468395
20180928,1226717.0175197166,1200381.6869000606,1963163.2735058265
20181008,1226717.0175197166,1200381.6869000606,1856566.1726819803
20181009,1226717.0175197166,1200381.6869000606,1876108.9744996857
20181010,1226717.0175197166,1200381.6869000606,1856566.1726819803
20181011,1226717.0175197166,1200381.6869000606,1751745.690205199
20181012,1226717.0175197166,1200381.6869000606,1829916.8974760193
20181015,1226717.0175197166,1200381.6869000606,1796161.1488818014
20181016,1226717.0175197166,1200381.6869000606,1842353.2259054675
20181017,1226717.0175197166,1200381.6869000606,1835246.7525172117
20181018,1226717.0175197166,1200381.6869000606,1792607.9121876732
20181019,1226717.0175197166,1200381.6869000606,1911641.3414409675
20181022,1226717.0175197166,1200381.6869000606,1980929.4569764673
20181023,1226717.0175197166,1200381.6869000606,1925854.2882174803
20181024,1226717.0175197166,1200381.6869000606,1961386.6551587621
20181025,1226717.0175197166,1200381.6869000606,2005802.1138353643
20181026,1214764.9473755918,1187142.563975142,1986259.3120176594
20181029,1168043.218630377,1141483.234591483,1909864.7230939036
20181030,1184341.496099638,1157410.9076322943,1936513.998299865
20181031,1185428.0479309221,1158472.7525016817,1938290.6166469292
20181101,1176735.6332806495,1149977.9935465823,1924077.6698704164
20181102,1204985.9808940354,1177585.9601506554,1970269.746894083
20181105,1186514.5997622062,1159534.5973710692,1940067.2349939933
20181106,1177822.1851119334,1151039.8384159696,1925854.2882174803
20181107,1174562.5296180812,1147854.3038078074,1920524.433176288
20181108,1183254.944268354,1156349.062762907,1934737.3799528012
20181109,1146312.1820046955,1120246.3372037346,1874332.3561526218
20181112,1147398.7338359796,1121308.1820731217,1876108.9744996857
20181113,1145225.6301734112,1119184.4923343468,1872555.7378055572
20181114,1134360.1118605707,1108566.0436404727,1854789.5543349166
20181115,1153918.0448236838,1127679.2512894461,1886768.68458207
20181116,1148485.2856672637,1122370.0269425092,1877885.5928467498
20181119,1178908.7369432175,1152101.683285357,1927630.9065645444
20181120,1148485.2856672637,1122370.0269425092,1877885.5928467498
20181121,1152831.4929924,1126617.406420059,1884992.066235006
20181122,1146312.1820046955,1120246.3372037346,1874332.3561526218
20181123,1121321.4898851619,1095823.9052078235,1833470.1341701474
20181126,1123494.5935477298,1097947.5949465984,1837023.3708642754
20181127,1106109.7642471849,1080958.0770363996,1808597.47731125
20181128,1116975.2825600256,1091576.525730274,1826363.660781891
20181129,1108282.8679097528,1083081.7667751743,1812150.714005378
20181130,1110455.9715723214,1083252.9548565897,1840576.6075584039
20181203,1110455.9715723214,1083252.9548565897,1881438.8295408778
20181204,1110455.9715723214,1083252.9548565897,1881438.8295408778
20181205,1110455.9715723214,1083252.9548565897,1856566.1726819803
20181206,1110455.9715723214,1083252.9548565897,1821033.805740699
20181207,1110455.9715723214,1083252.9548565897,1826363.660781891
20181210,1110455.9715723214,1083252.9548565897,1806820.8589641857
20181211,1110455.9715723214,1083252.9548565897,1817480.5690465705
20181212,1110455.9715723214,1083252.9548565897,1819257.1873936348
20181213,1110455.9715723214,1083252.9548565897,1845906.4625995962
20181214,1110455.9715723214,1083252.9548565897,1806820.8589641857
20181217,1110455.9715723214,1083252.9548565897,1828140.279128955
20181218,1110455.9715723214,1083252.9548565897,1797937.7672288653
20181219,1110455.9715723214,1083252.9548565897,1765958.6369817117
20181220,1110455.9715723214,1083252.9548565897,1725096.4149992377
20181221,1110455.9715723214,1083252.9548565897,1678904.3379755707
20181224,1110455.9715723214,1083252.9548565897,1673574.4829343786
20181225,1110455.9715723214,1083252.9548565897,1659361.5361578658
20181226,1110455.9715723214,1083252.9548565897,1652255.0627696097
20181227,1110455.9715723214,1083252.9548565897,1648701.8260754813
20181228,1110455.9715723214,1083252.9548565897,1666468.0095461225
20190102,1110455.9715723214,1083252.9548565897,1632712.2609519043
20190103,1110455.9715723214,1083252.9548565897,1648701.8260754813
20190104,1110455.9715723214,1083252.9548565897,1732202.8883874938
20190107,1110455.9715723214,1083252.9548565897,1730426.27004043
20190108,1110455.9715723214,1083252.9548565897,1716213.3232639171
20190109,1110455.9715723214,1083252.9548565897,1765958.6369817117
20190110,1110455.9715723214,1083252.9548565897,1794384.5305347373
20190111,1110455.9715723214,1083252.9548565897,1812150.714005378
20190114,1110455.9715723214,1083252.9548565897,1796161.1488818014
20190115,1110455.9715723214,1083252.9548565897,1819257.1873936348
20190116,1110455.9715723214,1083252.9548565897,1861896.027723173
20190117,1110455.9715723214,1083252.9548565897,1821033.805740699
20190118,1110455.9715723214,1083252.9548565897,1853012.9359878523
20190121,1110455.9715723214,1083252.9548565897,1837023.3708642754
20190122,1110455.9715723214,1083252.9548565897,1826363.660781891
20190123,1110455.9715723214,1083252.9548565897,1838799.9892113395
20190124,1110455.9715723214,1083252.9548565897,1869002.5011114292
20190125,1110455.9715723214,1083252.9548565897,1954280.181770506
20190128,1110455.9715723214,1083252.9548565897,1943620.4716881213
20190129,1110455.9715723214,1083252.9548565897,1954280.181770506
20190130,1110455.9715723214,1083252.9548565897,1945397.0900351855
20190131,1110455.9715723214,1083252.9548565897,1972046.3652411469
20190201,1110455.9715723214,1083252.9548565897,1989812.548711788
20190211,1110455.9715723214,1083252.9548565897,1991589.167058852
20190212,1109464.4930262747,1080880.2960693461,1988035.9303647238
20190213,1128302.5854011623,1099233.0446174408,2021791.6789589417
20190214,1115413.364302555,1086675.9008740077,1998695.6404471083
20190215,1085669.0079211534,1057697.8768507007,1945397.0900351855
20190218,1126319.6283090687,1097301.17634922,2018238.4422648132
20190219,1117396.3213946484,1088607.769142228,2002248.8771412363
20190220,1131277.0210393025,1102130.8470197713,2027121.5340001339
20190221,1126319.6283090687,1097301.17634922,2018238.4422648132
20190222,1144166.2421379096,1114687.9907632044,2050217.5725119673
20190225,1244305.575288628,1212247.3383083374,2229656.0255654408
20190226,1209603.8261769929,1178439.6436144793,2167474.3834181973
20190227,1229433.3970979273,1197758.326296684,2203006.75035948
20190228,1225467.4829137402,1193894.589760243,2195900.276971223
20190301,1265126.624755609,1232531.9551246522,2266965.010853787
20190304,1287930.6313146837,1254748.4402091876,2307827.2328362614
20190305,1294870.9811370105,1261509.979147959,2320263.56126571
20190306,1296853.9382291038,1263441.8474161795,2323816.797959838
20190307,1263143.6676635158,1230600.0868564318,2263411.7741596587
20190308,1219518.61163746,1188098.9849555816,2185240.5668888385
20190311,1221501.5687295536,1190030.8532238023,2188793.803582967
20190312,1225467.4829137402,1193894.589760243,2195900.276971223
20190313,1226458.961459787,1194860.5238943533,2197676.895318287
20190314,1232407.8327360675,1200656.1286990147,2208336.6054006717
20190315,1239348.1825583945,1207417.6676377861,2220772.93383012
20190318,1279998.8029463098,1247020.9671363055,2293614.2860597484
20190319,1268101.060393749,1235429.7575269828,2272294.865894979
20190320,1264135.1462095622,1231566.020990542,2265188.392506723
20190321,1258186.2749332818,1225770.4161858805,2254528.682424338
20190322,1248271.4894728148,1216111.0748447783,2236762.4989536973
20190325,1200680.5192625725,1169746.2364074872,2151484.8182946206
20190326,1199689.0407165256,1168780.302273377,2149708.1999475565
20190327,1227450.4400058337,1195826.4580284634,2199453.513665351
20190328,1211586.7832690864,1180371.5118826998,2171027.620112326
20190329,1271075.4960318895,1238327.5599293136,2277624.7209361717
20190401,1306768.723689571,1273101.1887572818,2341582.981430479
20190402,1324615.337518412,1290488.0031712658,2373562.111677632
20190403,1332547.1658867858,1298215.4762441479,2387775.0584541457
20190404,1374189.2648207478,1338784.7098767774,2462393.0290308376
20190408,1384104.050281215,1348444.0512178799,2480159.212501479
20190409,1369231.872090514,1333955.0392062264,2453509.937295517
20190410,1361300.0437221404,1326227.5661333445,2439296.9905190044
20190411,1342461.9513472528,1307874.81758525,2405541.2419247865
20190412,1330564.2087946923,1296283.6079759272,2384221.821760017
20190415,1357334.1295379535,1322363.8295969036,2432190.517130748
20190416,1445575.7201361114,1408331.967532714,2590309.5500194523
20190417,1422771.7135770367,1386115.4824481786,2549447.328036978
20190418,1421780.23503099,1385149.5483140682,2547670.709689914
20190419,1460447.8983268118,1422820.9795443674,2616958.825225414
20190422,1402942.1426561025,1366796.799765974,2513914.9610956963
20190423,1395010.3142877289,1359069.3266930922,2499702.014319184
20190424,1431695.0204914573,1394808.8896551707,2565436.893160555
20190425,1400959.1855640092,1364864.9314977536,2510361.7244015685
20190426,1367248.9149984205,1332023.1709380057,2449956.7006013887
20190429,1397984.7499258688,1361967.1290954228,2505031.8693603757
20190430,1373197.7862747011,1337818.7757426673,2460616.4106837735
20190506,1276032.8887621227,1243157.2305998646,2286507.812671492
20190507,1283964.7171304966,1250884.7036727464,2300720.7594480044
20190508,1249262.9680188617,1217077.0089788886,2238539.1173007614
20190509,1205637.911992806,1174575.9070780384,2160367.9100299412
20190510,1257194.7963872354,1224804.4820517704,2252752.0640772744
20190513,1219518.61163746,1188098.9849555816,2185240.5668888385
20190514,1238356.7040123476,1206451.733503676,2218996.315483056
20190515,1280990.2814923564,1247986.9012704159,2295390.9044068125
20190516,1274049.9316700294,1241225.3623316444,2282954.5759773636
20190517,1233399.3112821141,1201622.0628331248,2210113.2237477354
20190520,1227450.4400058337,1195826.4580284634,2199453.513665351
20190521,1245297.0538346749,1213213.2724424477,2231432.643912505
20190522,1229433.3970979273,1197758.326296684,2203006.75035948
20190523,1218527.1330914134,1187133.0508214715,2183463.9485417744
20190524,1224476.0043676938,1192928.6556261329,2194123.658624159
20190527,1226458.961459787,1194860.5238943533,2197676.895318287
20190528,1238356.7040123476,1206451.733503676,2218996.315483056
20190529,1229433.3970979273,1197758.326296684,2203006.75035948
20190530,1221501.5687295536,1187889.749712682,2171027.620112326
20190531,1221501.5687295536,1187889.749712682,2163921.1467240695
20190603,1221501.5687295536,1187889.749712682,2114175.833006275
20190604,1221501.5687295536,1187889.749712682,2105292.741270954
20190605,1221501.5687295536,1187889.749712682,2126612.1614357233
20190606,1221501.5687295536,1187889.749712682,2117729.0697004027
20190610,1221501.5687295536,1187889.749712682,2192347.040277095
20190611,1221501.5687295536,1187889.749712682,2247422.209036082
20190612,1221501.5687295536,1187889.749712682,2233209.2622595695
20190613,1221501.5687295536,1187889.749712682,2236762.4989536973
20190614,1221501.5687295536,1187889.749712682,2218996.315483056
20190617,1221501.5687295536,1187889.749712682,2250975.44573021
20190618,1221501.5687295536,1187889.749712682,2274071.4842420435
20190619,1221501.5687295536,1187889.749712682,2322040.179612774
20190620,1221501.5687295536,1187889.749712682,2451733.3189484533
20190621,1221501.5687295536,1187889.749712682,2423307.4253954273
20190624,1221501.5687295536,1187889.749712682,2432190.517130748
20190625,1221501.5687295536,1187889.749712682,2385998.4401070816
20190626,1221501.5687295536,1187889.749712682,2400360.580000797
20190627,1221501.5687295536,1187889.749712682,2461401.911130212
20190628,1221501.5687295536,1187889.749712682,2473969.2440097965
20190701,1221501.5687295536,1187889.749712682,2500899.2430374795
20190702,1221501.5687295536,1187889.749712682,2545782.574750284
20190703,1221501.5687295536,1187889.749712682,2515261.909185577
20190704,1221501.5687295536,1187889.749712682,2511671.2426485526
20190705,1221501.5687295536,1187889.749712682,2499103.9097689674
20190708,1201172.6714207404,1166603.3044060124,2439857.9119080654
20190709,1201172.6714207404,1166603.3044060124,2439857.9119080654
20190710,1198521.076119591,1164028.0211733282,2434471.912102529
20190711,1196753.3459188244,1162311.1656848716,2430881.2455655043
20190712,1248017.521741049,1212099.9748501026,2535010.575139211
20190715,1237411.1405364508,1201798.841919365,2513466.575917065
20190716,1215314.5130268713,1180338.1483136623,2468583.2442042604
20190717,1210011.3224245722,1175187.5818482935,2457811.2445931872
20190718,1208243.5922238058,1173470.7263598372,2454220.5780561627
20190719,1236527.2754360677,1200940.4141751372,2511671.2426485526
20190722,1224153.164030703,1188922.4257559434,2486536.576889382
20190723,1216198.3781272545,1181196.5760578904,2470378.5774727724
20190724,1226804.7593318527,1191497.708988628,2491922.576694919
20190725,1255088.4425441143,1218967.3968039274,2549373.2412873087
20190726,1257740.037845264,1221542.6800366119,2554759.2410928453
20190729,1263043.2284475628,1226693.2465019806,2565531.240703918
20190730,1270114.1492506282,1233560.6684558054,2579893.9068520158
20190731,1248901.3868414322,1212958.4025943307,2536805.9084077235
20190801,1246249.7915402825,1210383.1193616462,2531419.908602187
20190802,1214430.6479264882,1179479.720569434,2466787.9109357484
20190805,1179959.9090115442,1146001.0385445375,2396769.9134637727
20190806,1181727.6392123105,1147717.8940329938,2400360.580000797
20190807,1196753.3459188244,1162311.1656848716,2430881.2455655043
20190808,1270998.0143510117,1234419.0962000338,2581689.2401205283
20190809,1283372.125756376,1246437.0846192273,2606823.9058796987
20190812,1336404.0317793668,1297942.7492729144,2714543.90199043
20190813,1316075.1344705536,1278198.9111556676,2673251.23681465
20190814,1323146.055273619,1285066.3331094927,2687613.902962747
20190815,1320494.4599724694,1282491.0498768082,2682227.9031572104
20190816,1316958.999570937,1279057.3388998958,2675046.570083162
20190819,1318726.7297717032,1280774.1943883519,2678637.2366201864
20190820,1324913.7854743854,1286783.1885979488,2691204.5694997716
20190821,1277185.0700536936,1240428.0904096304,2594256.573000113
20190822,1264810.9586483294,1228410.101990437,2569121.907240943
20190823,1294862.3720613574,1257596.6452941927,2630163.238370357
20190826,1259507.7680460303,1223259.5355250682,2558349.9076298694
20190827,1264810.9586483294,1228410.101990437,2569121.907240943
20190828,1261275.4982467964,1224976.3910135243,2561940.574166894
20190829,1248901.3868414322,1212958.4025943307,2536805.9084077235
20190830,1251552.9821425816,1215533.685827015,2542191.90821326
20190902,1277185.0700536936,1240428.0904096304,2594256.573000113
20190903,1263927.093547946,1227551.6742462087,2567326.5739724305
20190904,1276301.2049533105,1239569.6626654023,2592461.239731601
20190905,1288675.316358675,1251587.651084596,2617595.905490772
20190906,1309004.2136674882,1271331.4892018428,2658888.570666552
20190909,1298397.83246289,1261030.3562711051,2637344.5714444057
20190910,1286023.7210575256,1249012.3678519116,2612209.9056852353
20190911,1286907.586157909,1249870.7955961397,2614005.2389537473
20190912,1297513.9673625068,1260171.9285268772,2635549.2381758937
20190916,1277185.0700536936,1240428.0904096304,2594256.573000113
20190917,1258623.902945647,1222401.10778084,2556554.5743613574
20190918,1273649.6096521611,1236994.379432718,2587075.239926065
20190919,1311655.8089686376,1273906.772434527,2664274.5704720886
20190920,1355849.063987797,1316828.159645933,2754041.2338976986
20190923,1359384.5243893296,1320261.8706228456,2761222.566971747
20190924,1341707.2223816658,1303093.315738283,2725315.901601503
20190925,1392087.533103507,1352023.697159286,2827649.8979066983
20190926,1388552.0727019745,1348589.9861823735,2820468.5648326497
20190927,1405345.5096092548,1364900.1133227076,2854579.8969343808
20190930,1377945.6914973762,1338288.853251636,2798924.565610503
20191008,1431861.46262075,1390652.945649551,2908439.894989746
20191009,1436280.788122666,1394945.0843706918,2917416.5613323073
20191010,1435396.9230222828,1394086.6566264634,2915621.228063795
20191011,1485777.233744124,1443017.0380474662,3017955.22436899
20191014,1522015.7028598343,1478212.5755608191,3091563.8883779896
20191015,1518480.2424583018,1474778.8645839067,3084382.555303941
20191016,1484009.5035433578,1441300.18255901,3014364.557831966
20191017,1476054.717639909,1433574.332860957,2998206.5584153556
20191018,1459261.280732629,1417264.2057206228,2964095.2263136245
20191021,1492848.1545471896,1449884.4600012912,3032317.8905170877
20191022,1451306.4948291802,1409538.3560225698,2947937.226897015
20191023,1453958.0901303296,1412113.639255254,2953323.226702551
20191024,1491080.4243464232,1448167.604512835,3028727.223980063
20191025,1491964.2894468063,1449026.032257063,3030522.5572485756
20191028,1472519.2572383764,1430140.6218840445,2991025.225341307
20191029,1494615.884747956,1451601.3154897476,3035908.557054112
20191030,1452190.3599295632,1410396.7837667977,2949732.560165527
20191031,1437164.6532230494,1395803.51211492,2919211.89460082
20191101,1490196.55924604,1447309.176768607,3026931.890711551
20191104,1495499.7498483392,1452459.7432339757,3037703.8903226242
20191105,1515828.6471571522,1472203.5813512222,3078996.5554984044
20191106,1499035.2102498717,1455893.4542108881,3044885.223396673
20191107,1492848.1545471896,1449884.4600012912,3032317.8905170877
20191108,1471635.392137993,1429282.1941398163,2989229.8920727945
20191111,1438932.3834238157,1397520.367603376,2922802.5611378443
20191112,1443351.7089257312,1401812.5063245164,2931779.2274804045
20191113,1443351.7089257312,1401812.5063245164,2931779.2274804045
20191114,1442467.8438253482,1400954.0785802884,2929983.894211893
20191115,1444235.5740261145,1402670.9340687448,2933574.560748917
20191118,1453958.0901303296,1412113.639255254,2953323.226702551
20191119,1450422.629728797,1408679.9282783417,2946141.8936285023
20191120,1400926.1841073388,1360607.974601567,2845603.23059182
20191121,1401810.049207722,1361466.402345795,2847398.563860332
20191122,1377945.6914973762,1338288.853251636,2798924.565610503
20191125,1396506.858605423,1356315.8358804265,2836626.564249259
20191126,1380597.2867985258,1340864.1364843203,2804310.5654160394
20191127,1367339.3102927783,1327987.7203208986,2777380.566388357
20191128,1369107.0404935444,1329704.575809355,2780971.232925381
20191129,1351429.738485881,1312536.0209247924,2745064.5675551374
20191202,1357616.794188563,1318545.0151343893,2757631.9004347227
20191203,1365571.5800920117,1326270.8648324423,2773789.8998513324
20191204,1353197.4686866472,1314252.8764132487,2748655.234092162
20191205,1363803.8498912454,1324554.0093439862,2770199.233314308
20191206,1367339.3102927783,1325598.4048144973,2800719.8988790154
20191209,1367339.3102927783,1325598.4048144973,2766608.566777284
20191210,1367339.3102927783,1325598.4048144973,2752245.900629186
20191211,1367339.3102927783,1325598.4048144973,2811491.8984900885
20191212,1367339.3102927783,1325598.4048144973,2800719.8988790154
20191213,1367339.3102927783,1325598.4048144973,2894077.2288416494
20191216,1367339.3102927783,1325598.4048144973,2895872.562110161
20191217,1367339.3102927783,1325598.4048144973,2962299.893045112
20191218,1367339.3102927783,1325598.4048144973,2955118.5599710634
20191219,1367339.3102927783,1325598.4048144973,2971276.559387673
20191220,1367339.3102927783,1325598.4048144973,2978457.892461722
20191223,1367339.3102927783,1325598.4048144973,2915621.228063795
20191224,1367339.3102927783,1325598.4048144973,2944346.5603599898
20191225,1367339.3102927783,1325598.4048144973,2926393.2276748684
20191226,1367339.3102927783,1325598.4048144973,2956913.8932395754
20191227,1367339.3102927783,1325598.4048144973,2985639.2255357704
20191230,1367339.3102927783,1325598.4048144973,2974867.2259246977
20191231,1367339.3102927783,1325598.4048144973,2953323.226702551
20200102,1385406.256134485,1341369.6362344115,3028738.321369337
20200103,1410864.225275071,1366018.3965920086,3084393.8566167876
20200106,1401830.752354218,1357272.062271571,3064645.1183031755
20200107,1408400.550842111,1363633.0326864347,3079007.8370767115
20200108,1368160.535103765,1324672.0888953938,2991036.1845888053
20200109,1378836.4576465916,1335008.6658195474,3014375.602595801
20200110,1370624.209536725,1327057.4528009677,2996422.2041288815
20200113,1395260.9538663244,1350911.0918567071,3050282.3995296396
20200114,1376372.7832136317,1332623.3019139739,3008989.5830557253
20200115,1356663.387749952,1313540.3906693822,2965901.426735118
20200116,1341060.1163412053,1298433.0859340804,2931789.9696479705
20200117,1345987.4652071255,1303203.8137452283,2942562.008728123
20200120,1350914.8140730453,1307974.541556376,2953334.047808274
20200121,1313959.697578646,1272194.082972767,2872543.754707136
20200122,1321350.7208775256,1279350.174689489,2888701.8133273637
20200123,1276183.3562732597,1235618.5030873,2789958.1217593057
20200203,1148893.5105703284,1112374.7012993132,2511680.4455220522
20200204,1198988.2240405143,1160877.10071265,2621196.1761702616
20200205,1201451.8984734744,1163262.464618224,2626582.1957103377
20200206,1212949.0458272875,1174394.1628442358,2651716.953564025
20200207,1200630.6736624877,1162467.343316366,2624786.855863645
20200210,1190775.9759306477,1152925.88769407,2603242.777703342
20200211,1214591.4954492608,1175984.4054479515,2655307.6332574086
20200212,1212949.0458272875,1174394.1628442358,2651716.953564025
20200213,1203094.3480954478,1164852.70722194,2630172.8754037214
20200214,1234300.8909129405,1195067.316692543,2698395.789578016
20200217,1262222.5344864866,1222101.4409557143,2759437.3443655423
20200218,1248261.7126997137,1208584.3788241288,2728916.5669717793
20200219,1251546.6119436603,1211764.8640315607,2736097.926358547
20200220,1280289.4803281932,1239594.10959659,2798934.820992766
20200221,1279468.2555172064,1238798.988294732,2797139.481146074
20200224,1250725.3871326735,1210969.7427297027,2734302.586511855
20200225,1235122.115723927,1195862.437994401,2700191.1294247075
20200226,1231015.9916689938,1191886.8314851113,2691214.430191248
20200227,1240870.6894008338,1201428.287107407,2712758.508351552
20200228,1190775.9759306477,1152925.88769407,2603242.777703342
20200302,1214591.4954492608,1175984.4054479515,2655307.6332574086
20200303,1208842.9217723543,1170418.5563349458,2642740.2543305657
20200304,1206379.2473393942,1168033.1924293716,2637354.234790489
20200305,1263864.9841084601,1223691.6835594305,2763028.024058927
20200306,1234300.8909129405,1195067.316692543,2698395.789578016
20200309,1186669.8518757145,1148950.2811847802,2594266.0784698823
20200310,1212127.821016301,1173599.0415423778,2649921.613717333
20200311,1206379.2473393942,1168033.1924293716,2637354.234790489
20200312,1205558.0225284076,1167238.071127514,2635558.894943797
20200313,1192418.4255526213,1154516.1302977863,2606833.457396726
20200316,1129184.1151066488,1093291.7900547218,2468592.2892014454
20200317,1101262.4715331027,1066257.6657915504,2407550.7344139186
20200318,1043776.7347640368,1010599.1746614919,2281876.9451454813
20200319,1004357.9438366775,972433.352172309,2195700.632504267
20200320,1028173.4633552905,995491.8699261904,2247765.488058334
20200323,997788.1453487843,966072.3817574452,2181337.9137307317
20200324,1035564.4866541702,1002647.9616429121,2263923.5466785617
20200325,1057737.5565508099,1022273.6468598397,2310602.382692552
20200326,1057737.5565508099,1022273.6468598397,2344713.8397796997
20200327,1057737.5565508099,1022273.6468598397,2360871.8983999277
20200330,1057737.5565508099,1022273.6468598397,2323169.7616193965
20200331,1057737.5565508099,1022273.6468598397,2298035.003765709
20200401,1057737.5565508099,1022273.6468598397,2314193.0623859363
20200402,1057737.5565508099,1022273.6468598397,2328555.781159472
20200403,1057737.5565508099,1022273.6468598397,2263923.5466785617
20200407,1057737.5565508099,1022273.6468598397,2312397.7225392447
20200408,1057737.5565508099,1022273.6468598397,2294444.3240723247
20200409,1057737.5565508099,1022273.6468598397,2287262.9646855574
20200410,1057737.5565508099,1022273.6468598397,2296239.6639190167
20200413,1057737.5565508099,1022273.6468598397,2260332.8669851776
20200414,1057737.5565508099,1022273.6468598397,2308807.0428458606
20200415,1057737.5565508099,1022273.6468598397,2310602.382692552
20200416,1057737.5565508099,1022273.6468598397,2276490.925605405
20200417,1057737.5565508099,1022273.6468598397,2314193.0623859363
20200420,1057737.5565508099,1022273.6468598397,2332146.4608528563
20200421,1057737.5565508099,1022273.6468598397,2414732.093800686
20200422,1057737.5565508099,1022273.6468598397,2375234.617173463
20200423,1057737.5565508099,1022273.6468598397,2375234.617173463
20200424,1057737.5565508099,1022273.6468598397,2377029.957020155
20200427,1057737.5565508099,1022273.6468598397,2423708.793034146
20200428,1057737.5565508099,1022273.6468598397,2427299.47272753
20200429,1057737.5565508099,1022273.6468598397,2517066.465062128
20200430,1057737.5565508099,1022273.6468598397,2500908.4064419004
20200506,1057737.5565508099,1022273.6468598397,2472182.968894829
20200507,1057737.5565508099,1022273.6468598397,2457820.250121293
20200508,1057737.5565508099,1022273.6468598397,2504499.086135284
20200511,1057737.5565508099,1022273.6468598397,2513475.7853687443
20200512,1057737.5565508099,1022273.6468598397,2475773.6485882127
20200513,1057737.5565508099,1022273.6468598397,2447048.2110411418
20200514,1057737.5565508099,1022273.6468598397,2387801.996100307
20200515,1057737.5565508099,1022273.6468598397,2375234.617173463
20200518,1057737.5565508099,1022273.6468598397,2369848.597633387
20200519,1057737.5565508099,1022273.6468598397,2398574.035180459
20200520,1057737.5565508099,1022273.6468598397,2425504.132880838
20200521,1057737.5565508099,1022273.6468598397,2405755.3945672265
20200522,1057737.5565508099,1022273.6468598397,2319579.0819260124
20200525,1057737.5565508099,1022273.6468598397,2326760.4413127806
20200526,1057737.5565508099,1022273.6468598397,2341123.1600863156
20200527,1057737.5565508099,1022273.6468598397,2333941.800699548
20200528,1057737.5565508099,1022273.6468598397,2386903.234199119
20200529,1057737.5565508099,1022273.6468598397,2374119.5137405163
20200601,1057737.5565508099,1022273.6468598397,2432559.3786941287
20200602,1057737.5565508099,1022273.6468598397,2474563.031629538
20200603,1057737.5565508099,1022273.6468598397,2472736.7858497375
20200604,1057737.5565508099,1022273.6468598397,2478215.523189139
20200605,1057737.5565508099,1022273.6468598397,2481868.0147487395
20200608,1057737.5565508099,1022273.6468598397,2487346.7520881407
20200609,1057737.5565508099,1022273.6468598397,2496477.980987143
20200610,1057737.5565508099,1022273.6468598397,2463605.556950736
20200611,1057737.5565508099,1022273.6468598397,2388729.4799789195
20200612,1057737.5565508099,1022273.6468598397,2372293.267960716
20200615,1057737.5565508099,1022273.6468598397,2341247.0897041094
20200616,1057737.5565508099,1022273.6468598397,2354030.810162712
20200617,1057737.5565508099,1022273.6468598397,2346725.82704351
20200618,1057737.5565508099,1022273.6468598397,2330289.6150253066
20200619,1057737.5565508099,1022273.6468598397,2337594.5981445084
20200622,1057737.5565508099,1022273.6468598397,2308374.665667702
20200623,1057737.5565508099,1022273.6468598397,2301069.6825485
20200624,1057737.5565508099,1022273.6468598397,2337594.5981445084
20200629,1057737.5565508099,1022273.6468598397,2337594.5981445084
20200630,1057737.5565508099,1022273.6468598397,2337594.5981445084
20200701,1057737.5565508099,1022273.6468598397,2396034.463098121
20200702,1057737.5565508099,1022273.6468598397,2452648.0822719336
20200703,1057737.5565508099,1022273.6468598397,2602400.236215566
20200706,1057737.5565508099,1022273.6468598397,2863553.3827270227
20200707,1057737.5565508099,1022273.6468598397,2827028.467131015
20200708,1057737.5565508099,1022273.6468598397,2878163.348965426
20200709,1057737.5565508099,1022273.6468598397,2836159.6960300165
20200710,1057737.5565508099,1022273.6468598397,2713801.22878339
20200713,1057737.5565508099,1022273.6468598397,2719279.9661227916
20200714,1057737.5565508099,1022273.6468598397,2680928.8047469826
20200715,1057737.5565508099,1022273.6468598397,2606052.7277751667
20200716,1057737.5565508099,1022273.6468598397,2584137.778417562
20200717,1057737.5565508099,1022273.6468598397,2582311.532637762
20200720,1057737.5565508099,1022273.6468598397,2690060.0336459847
20200721,1057737.5565508099,1022273.6468598397,2646230.1349307755
20200722,1057737.5565508099,1022273.6468598397,2631620.1686923723
20200723,1057737.5565508099,1022273.6468598397,2558570.337500356
20200724,1057737.5565508099,1022273.6468598397,2465431.802730536
20200727,1057737.5565508099,1022273.6468598397,2417949.4124557255
20200728,1057737.5565508099,1022273.6468598397,2436211.8702537296
20200729,1057737.5565508099,1022273.6468598397,2472736.7858497375
20200730,1057737.5565508099,1022273.6468598397,2441690.607593131
20200731,1057737.5565508099,1022273.6468598397,2436211.8702537296
20200803,1057737.5565508099,1022273.6468598397,2481868.0147487395
20200804,1057737.5565508099,1022273.6468598397,2564049.0748397573
20200805,1057737.5565508099,1022273.6468598397,2512914.193005346
20200806,1057737.5565508099,1022273.6468598397,2538481.6339225518
20200807,1057737.5565508099,1022273.6468598397,2501956.718326544
20200810,1057737.5565508099,1022273.6468598397,2547612.862821554
20200811,1057737.5565508099,1022273.6468598397,2580485.286857961
20200812,1057737.5565508099,1022273.6468598397,2626141.431352971
20200813,1057737.5565508099,1022273.6468598397,2589616.5157569633
20200814,1057737.5565508099,1022273.6468598397,2642577.6433711746
20200817,1057737.5565508099,1022273.6468598397,2774067.339516803
20200818,1057737.5565508099,1022273.6468598397,2766762.356397602
20200819,1057737.5565508099,1022273.6468598397,2757631.1274985997
20200820,1057737.5565508099,1022273.6468598397,2664492.592728779
20200821,1057737.5565508099,1022273.6468598397,2638925.1518115737
20200824,1057737.5565508099,1022273.6468598397,2640751.3975913743
20200825,1057737.5565508099,1022273.6468598397,2666318.8385085794
20200826,1057737.5565508099,1022273.6468598397,2624315.1855731704
20200827,1057737.5565508099,1022273.6468598397,2640751.3975913743
20200828,1057737.5565508099,1022273.6468598397,2763109.864838001
20200831,1057737.5565508099,1022273.6468598397,2753978.635938999
20200901,1057737.5565508099,1022273.6468598397,2764936.110617801
20200902,1057737.5565508099,1022273.6468598397,2797808.5346542085
20200903,1028739.5295435422,992956.7263981432,2721106.211902592
20200904,1032882.1048302947,996955.2098601491,2732063.686581394
20200907,1031501.2464013771,995622.3820394804,2728411.1950217932
20200908,1065332.277909856,1028276.6636458623,2817897.2382320124
20200909,1050142.8351917637,1013615.5576185073,2777719.831076404
20200910,1059118.4149797272,1022278.9384528534,2801461.026213809
20200911,1036334.2509025884,1000287.2794118206,2741194.915480396
20200914,1056356.6981218923,1019613.2828115162,2794156.0430946075
20200915,1059808.844194186,1022945.3523631877,2803287.271993609
20200916,1066022.7071243147,1028943.0775561966,2819723.484011813
20200917,1074998.2869122787,1037606.4583905429,2843464.6791492184
20200918,1109519.7476352165,1070927.1539072592,2934776.968139238
20200921,1095020.7341315825,1056932.4617902383,2896425.8067634297
20200922,1074998.2869122787,1037606.4583905429,2843464.6791492184
20200923,1079140.8621990313,1041604.941852549,2854422.153828021
20200924,1043928.9722616347,1007617.8324254982,2761283.6190582
20200925,1048761.976762846,1012282.7297978386,2774067.339516803
20200928,1057047.127336351,1020279.6967218504,2795982.2888744078
20200929,1021835.2373989548,986292.5872948,2702843.7541045877
20200930,1047381.1183339285,1010949.9019771699,2770414.8479572022
20201009,1048071.5475483872,1011616.3158875041,2772241.0937370025
20201012,1097782.4509894175,1059598.1174315757,2903730.7898826315
20201013,1108829.3184207573,1070260.7399969245,2932950.7223594375
20201014,1106758.0307773815,1068261.4982659218,2927471.985020037
20201015,1143350.7791436953,1103581.435513641,3024263.0113494573
20201016,1180633.956724468,1139567.7866716946,3122880.2834586794
20201019,1206870.2668739005,1164891.515264399,3192277.623091094
20201020,1211012.8421606529,1168889.9987264047,3203235.097769896
20201021,1236558.7230956268,1193547.3134087748,3270806.191622511
20201022,1212393.7005895704,1170222.8265470734,3206887.589329497
20201023,1251748.1658137194,1208208.41943613,3310983.59877812
20201026,1222059.7095919931,1179552.6212917538,3232455.030246703
20201027,1226202.2848787457,1183551.10475376,3243412.5049255057
20201028,1217226.7050907817,1174887.7239194135,3219671.3097881
20201029,1226892.7140932044,1184217.5186640942,3245238.7507053055
20201030,1225511.8556642868,1182884.6908434255,3241586.259145705
20201102,1217226.7050907817,1174887.7239194135,3219671.3097881
20201103,1240010.8691679207,1196879.3829604464,3279937.4205215136
20201104,1264866.320888436,1220870.283732482,3345682.2685943274
20201105,1222059.7095919931,1179552.6212917538,3232455.030246703
20201106,1217917.1343052406,1175554.137829748,3221497.5555679007
20201109,1231725.7185944156,1188882.4160364345,3258022.4711639085
20201110,1250367.3073848018,1206875.5916154613,3307331.107218519
20201111,1229654.4309510393,1186883.1743054313,3252543.733824507
20201112,1219297.9927341582,1176886.9656504167,3225150.047127501
20201113,1186157.3904401378,1144899.0979543692,3137490.249697082
20201116,1199275.5455148544,1157560.9622507212,3172188.91951329
20201117,1231035.2893799567,1188216.0021261,3256196.225384108
20201118,1274532.3298908584,1230200.0784771626,3371249.7095115334
20201119,1301459.06925475,1256190.2209802014,3442473.294923749
20201120,1302149.4984692086,1256856.6348905356,3444299.540703549
20201123,1354622.1187680736,1307504.0920759442,3583094.219968379
20201124,1336670.959192146,1290177.3304072516,3535611.8296935684
20201125,1315958.0827583834,1270184.9130972219,3480824.456299557
20201126,1346336.9681945688,1299507.1251519322,3561179.2706107744
20201127,1360145.5524837435,1312835.4033586187,3597704.1862067822
20201130,1362907.2693415787,1315501.0589999561,3605009.1693259836
20201201,1384310.5749898003,1336159.8902203203,3661622.7884997968
20201202,1355312.5479825323,1308170.5059862784,3584920.4657481792
20201203,1349098.6850524035,1302172.7807932694,3568484.2537299753
20201204,1332528.3839053938,1286178.846945246,3524654.355014767
20201207,1305601.6445415022,1260188.7044422072,3453430.769602551
20201208,1291793.060252327,1246860.4262355207,3416905.854006543
20201209,1291793.060252327,1246860.4262355207,3416905.854006543
20201210,1287650.4849655747,1242861.9427735147,3405948.3793277405
20201211,1278674.905177611,1234198.5619391685,3382207.1841903357
20201214,1303530.356898126,1258189.462711204,3447952.0322631495
20201215,1293864.3478957033,1248859.6679665234,3422384.5913459435
20201216,1312505.93668609,1266852.8435455505,3471693.2274005553
20201217,1308363.3613993372,1262854.3600835444,3460735.752721752
20201218,1267628.037746271,1223535.9393738194,3352987.251713529
20201221,1262104.6040306007,1218204.6280911448,3338377.285475126
20201222,1235868.293881168,1192880.8994984403,3268979.9458427103
20201223,1242772.5860257559,1199545.0386017838,3287242.403640715
20201224,1260723.7456016834,1216871.8002704761,3334724.793915525
20201225,1245534.3028835906,1202210.6942431207,3294547.386759916
20201228,1301459.06925475,1256190.2209802014,3442473.294923749
20201229,1323552.8041174298,1277515.4661108996,3500913.1598773613
20201230,1325624.0917608058,1279514.7078419025,3506391.897216762
20201231,1335290.1007632285,1288844.5025865831,3531959.338133968
20210104,1284198.338893281,1239529.8732218433,3396817.1504287394
20210105,1254509.8826715546,1210874.0750774671,3318288.5818973216
20210106,1350479.5434813213,1303505.6086139383,3572136.7452895767
20210107,1373957.848533984,1326167.2642196224,3634238.919736098
20210108,1370505.6931356578,1322835.1856663069,3625107.666168922
20210111,1407098.5403579196,1358155.2183314527,3721898.9539809893
20210112,1449905.2672971694,1399472.9923925665,3835126.498213973
20210113,1429192.3349072097,1379480.5210726727,3780338.9768109163
20210114,1392599.4876849481,1344160.488407527,3683547.68899885
20210115,1449905.2672971694,1399472.9923925665,3835126.498213973
20210118,1567278.5508402735,1512763.663205298,4145589.1194979614
20210119,1542423.0319723221,1488772.6976214254,4079844.0938142934
20210120,1551398.6360079711,1497436.101860046,4103585.353088951
20210121,1534828.2900960036,1481442.124804131,4059755.335966506
20210122,1521019.6685026973,1468113.8105908686,4023230.3216978014
20210125,1552779.4981673018,1498768.9332813723,4107237.8545158217
20210126,1544494.325211318,1490771.9447534147,4085322.845954599
20210127,1593514.9318675557,1538087.4602104968,4214986.6466085
20210128,1574873.292716592,1520094.2360225923,4165677.8773457487
20210129,1594205.3629472211,1538753.87592116,4216812.897321936
20210201,1695008.3005783574,1636050.5696779764,4483445.501483479
20210202,1607323.5534608623,1551415.7744237594,4251511.6608772045
20210203,1722625.5437649705,1662707.1981045017,4556495.530020887
20210204,1698460.455976684,1639382.6482312921,4492576.7550506545
20210205,1721244.6816056396,1661374.3666831753,4552843.028594017
20210208,1712269.0775699907,1652710.9624445548,4529101.769319359
20210209,1697079.5938173535,1638049.816809966,4488924.253623784
20210210,1644606.8317627895,1587402.2227995684,4350129.199402708
20210218,1677747.5235867247,1619390.1769113985,4437789.233647598
20210219,1646678.1250017853,1589401.4699315578,4355607.951543013
20210222,1545184.7562909834,1491438.360464078,4087149.0966680343
20210223,1514115.357706044,1461449.6534842374,4004967.8145634495
20210224,1529995.2725383462,1476777.2148294891,4046971.580972459
20210225,1525162.2549806891,1472112.3048548473,4034187.8259784128
20210226,1476141.6483244516,1424796.7893977654,3904524.025324512
20210301,1480974.6658821085,1429461.699372407,3917307.7803185578
20210302,1494783.287475415,1442790.0135856697,3953832.7945872624
20210303,1588681.9143098986,1533422.5502358552,4202202.891614454
20210304,1582468.0345929107,1527424.808839887,4185766.6351935365
20210305,1542423.0319723221,1488772.6976214254,4079844.0938142934
20210308,1491331.1320770886,1439457.9350323542,3944701.541020087
20210309,1439548.8011021898,1389476.7567326198,3807732.7375124455
20210310,1408479.4025172503,1359488.0497527788,3725551.4554078598
20210311,1468546.906448133,1417466.216580471,3884435.2674767245
20210312,1483045.9591211048,1431460.9465043966,3922786.5324588646
20210315,1491331.1320770886,1439457.9350323542,3944701.541020087
20210316,1495473.7185550805,1443456.4292963329,3955659.045300698
20210317,1480974.6658821085,1426889.8118828963,3871651.5124826776
20210318,1480974.6658821085,1426889.8118828963,3968442.800294745
20210319,1480974.6658821085,1426889.8118828963,3738335.210401906
20210322,1480974.6658821085,1426889.8118828963,3935570.2874529106
20210323,1480974.6658821085,1426889.8118828963,3877130.2646229835
20210324,1480974.6658821085,1426889.8118828963,3749292.7146825176
20210325,1480974.6658821085,1426889.8118828963,3789470.2303780927
20210326,1480974.6658821085,1426889.8118828963,3860694.0082020666
20210329,1480974.6658821085,1426889.8118828963,3924612.783172299
20210330,1480974.6658821085,1426889.8118828963,4004967.8145634495
20210331,1480974.6658821085,1426889.8118828963,4019577.8202709313
20210401,1480974.6658821085,1426889.8118828963,3977574.053861921
20210402,1480974.6658821085,1426889.8118828963,3926439.033885734
20210406,1480974.6658821085,1426889.8118828963,3959311.5467275684
20210407,1480974.6658821085,1426889.8118828963,3952006.543873828
20210408,1480974.6658821085,1426889.8118828963,3937396.538166346
20210409,1480974.6658821085,1426889.8118828963,3889914.0196170304
20210412,1480974.6658821085,1426889.8118828963,3780338.9768109163
20210413,1480974.6658821085,1426889.8118828963,3794948.9825183987
20210414,1480974.6658821085,1426889.8118828963,3774860.2246706113
20210415,1480974.6658821085,1426889.8118828963,3718246.452554119
20210416,1480974.6658821085,1426889.8118828963,3699983.945419767
20210419,1480974.6658821085,1426889.8118828963,3862520.258915501
20210420,1480974.6658821085,1426889.8118828963,3961137.7974410043
20210421,1480974.6658821085,1426889.8118828963,4202202.891614454
20210422,1480974.6658821085,1426889.8118828963,4196724.139474148
20210423,1480974.6658821085,1426889.8118828963,4253337.91159064
20210426,1480974.6658821085,1426889.8118828963,4189419.136620407
20210427,1480974.6658821085,1426889.8118828963,4189419.136620407
20210428,1480974.6658821085,1426889.8118828963,4264295.415871251
20210429,1480974.6658821085,1426889.8118828963,4308125.432993697
20210430,1480974.6658821085,1426889.8118828963,4253337.91159064
20210506,1480974.6658821085,1426889.8118828963,4291689.176572779
20210507,1480974.6658821085,1426889.8118828963,4392132.965811717
20210510,1480974.6658821085,1426889.8118828963,4357434.202256448
20210511,1480974.6658821085,1426889.8118828963,4297167.928713086
20210512,1480974.6658821085,1426889.8118828963,4300820.430139956
20210513,1480974.6658821085,1426889.8118828963,4213160.395895065
20210514,1480974.6658821085,1426889.8118828963,4292296.901710911
20210517,1480974.6658821085,1426889.8118828963,4343833.914252893
20210518,1480974.6658821085,1426889.8118828963,4399052.141976447
20210519,1480974.6658821085,1426889.8118828963,4343833.914252893
20210520,1480974.6658821085,1426889.8118828963,4384327.281250166
20210521,1480974.6658821085,1426889.8118828963,4323587.230754257
20210524,1480974.6658821085,1425036.8364844157,4321746.623163472
20210525,1551617.4097401989,1493011.3363507933,4527894.673331406
20210526,1577477.6999025356,1517894.8586233065,4603359.584553597
20210527,1563601.4466446964,1504542.7247209821,4562866.217556323
20210528,1545310.0218957267,1486942.1845770094,4509488.597423554
20210531,1526387.8583623096,1468734.7292556583,4454270.369700002
20210601,1508727.1723977872,1451741.1042890642,4402733.357158018
20210602,1506834.9560444453,1449920.358756929,4397211.5343856625
20210603,1499266.0906310782,1442637.3766283882,4375124.24329624
20210604,1547832.9770335155,1489369.8452865228,4516851.0277866945
20210607,1532695.2462067818,1474803.8810294422,4472676.445607852
20210608,1547202.2382490684,1488762.9301091447,4515010.42019591
20210609,1554771.103662435,1496045.912237685,4537097.711285331
20210610,1526387.8583623096,1468734.7292556583,4454270.369700002
20210611,1474036.539253189,1418360.7695332535,4301499.939664835
20210615,1464575.4574864802,1409257.0418725777,4273890.825803058
20210616,1467098.4126242695,1411684.7025820916,4281253.2561662
20210617,1457006.5920731137,1401974.0597440377,4251803.534713638
20210618,1428623.3467729879,1374662.8767620106,4168976.193128306
20210621,1397717.1463350735,1344924.0330704707,4078786.4211798357
20210622,1448806.9878752995,1394084.1624381188,4227875.636033431
20210623,1459529.5472109024,1404401.720453551,4259165.965076777
20210624,1455745.114504219,1400760.2293892805,4248122.319532067
20210625,1473405.8004687417,1417753.8543558752,4299659.33207405
20210628,1436822.9509708022,1382552.7740679297,4192904.0918085137
20210629,1409070.444455124,1355848.5062632815,4111917.3578139683
20210630,1426731.1304196464,1372842.1312298756,4163454.370355951
20210701,1463313.979917586,1408043.2115178213,4270209.610621489
20210702,1375641.2888794201,1323682.0018622275,4014365.155502356
20210705,1391409.758490601,1338854.8812966868,4060380.345271984
20210706,1436822.9509708022,1382552.7740679297,4192904.0918085137
20210707,1422315.9589285157,1368593.7249882272,4150570.117220456
20210708,1356719.125346003,1305474.5465408764,3959146.9277788023
20210709,1341581.3945192695,1290908.5822837956,3914972.345599959
20210712,1334643.26789035,1284232.5153326334,3894725.662101323
20210713,1332120.3127525612,1281804.85462312,3887363.231738183
20210714,1324551.4473391944,1272228.7527415873,3821101.3584699184
20210715,1324551.4473391944,1272228.7527415873,3979393.6112774387
20210716,1324551.4473391944,1272228.7527415873,3927856.598735456
20210719,1324551.4473391944,1272228.7527415873,3903928.700055249
20210720,1324551.4473391944,1272228.7527415873,3791651.6370173567
20210721,1324551.4473391944,1272228.7527415873,3764042.523155579
20210722,1324551.4473391944,1272228.7527415873,3751158.270020083
20210723,1324551.4473391944,1272228.7527415873,3699621.2574781002
20210726,1324551.4473391944,1272228.7527415873,3460342.270676034
20210727,1324551.4473391944,1272228.7527415873,3268919.081234381
20210728,1324551.4473391944,1272228.7527415873,3267078.473643596
20210729,1324551.4473391944,1272228.7527415873,3305731.2330500837
20210730,1324551.4473391944,1272228.7527415873,3256034.8280988852
20210802,1324551.4473391944,1272228.7527415873,3314934.271004009
20210803,1324551.4473391944,1272228.7527415873,3292846.9799145875
20210804,1324551.4473391944,1272228.7527415873,3278122.1191883064
20210805,1324551.4473391944,1272228.7527415873,3254194.2205080995
20210806,1324551.4473391944,1272228.7527415873,3287325.157142232
20210809,1324551.4473391944,1272228.7527415873,3508198.068036447
20210810,1324551.4473391944,1272228.7527415873,3631518.77661905
20210811,1324551.4473391944,1272228.7527415873,3646243.6373453313
20210812,1324551.4473391944,1272228.7527415873,3660968.498071613
20210813,1324551.4473391944,1272228.7527415873,3660968.498071613
20210816,1324551.4473391944,1272228.7527415873,3672012.143616323
20210817,1324551.4473391944,1272228.7527415873,3620475.1310743396
20210818,1324551.4473391944,1272228.7527415873,3795332.8521989263
20210819,1324551.4473391944,1272228.7527415873,3743795.8396569435
20210820,1324551.4473391944,1272228.7527415873,3574459.9413047116
20210823,1324551.4473391944,1272228.7527415873,3552372.65021529
20210824,1324551.4473391944,1272228.7527415873,3563416.2957600006
20210825,1324551.4473391944,1272228.7527415873,3526604.143944298
20210826,1324551.4473391944,1272228.7527415873,3397761.6125893397
20210827,1324551.4473391944,1272228.7527415873,3384877.3594538434
20210830,1324551.4473391944,1272228.7527415873,3261556.65087124
20210831,1324551.4473391944,1272228.7527415873,3276281.5115975216
20210901,1324551.4473391944,1272228.7527415873,3291006.372323802
20210902,1324551.4473391944,1272228.7527415873,3386717.9670446287
20210903,1324551.4473391944,1272228.7527415873,3320456.0937763643
20210906,1324551.4473391944,1272228.7527415873,3395921.0049985545
20210907,1324551.4473391944,1272228.7527415873,3541329.004670579
20210908,1324551.4473391944,1272228.7527415873,3539488.397079794
20210909,1324551.4473391944,1272228.7527415873,3497154.4224917362
20210910,1324551.4473391944,1272228.7527415873,3786129.814245001
20210913,1324551.4473391944,1272228.7527415873,3719867.9409767366
20210914,1324551.4473391944,1272228.7527415873,3565256.9033507863
20210915,1324551.4473391944,1272228.7527415873,3592866.0172125627
20210916,1324551.4473391944,1272228.7527415873,3511879.2832180173
20210917,1324551.4473391944,1272228.7527415873,3410645.8657248355
20210922,1324551.4473391944,1272228.7527415873,3309412.448231654
20210923,1324551.4473391944,1272228.7527415873,3254194.2205080995
20210924,1324551.4473391944,1272228.7527415873,3193454.170012191
20210927,1324551.4473391944,1272228.7527415873,3233947.5370094636
20210928,1324551.4473391944,1272228.7527415873,3307571.8406408685
20210929,1324551.4473391944,1272228.7527415873,3340702.7772750002
20210930,1324551.4473391944,1272228.7527415873,3300209.410277728
20211008,1324551.4473391944,1272228.7527415873,3430892.549223472
20211011,1324551.4473391944,1272228.7527415873,3570778.726123141
20211012,1324551.4473391944,1272228.7527415873,3561575.688169216
20211013,1324551.4473391944,1272228.7527415873,3603909.6627572733
20211014,1324551.4473391944,1272228.7527415873,3535807.181898224
20211015,1324551.4473391944,1272228.7527415873,3618634.523483555
20211018,1324551.4473391944,1272228.7527415873,3550532.042624505
20211019,1324551.4473391944,1272228.7527415873,3602069.0551664885
20211020,1324551.4473391944,1272228.7527415873,3541329.004670579
20211021,1324551.4473391944,1272228.7527415873,3681215.181570249
20211022,1324551.4473391944,1272228.7527415873,3688577.6119333887
20211025,1324551.4473391944,1272228.7527415873,3703302.4726596703
20211026,1324551.4473391944,1272228.7527415873,3690418.219524174
20211027,1324551.4473391944,1272228.7527415873,3666490.320843968
20211028,1324551.4473391944,1272228.7527415873,3629678.169028265
20211029,1324551.4473391944,1272228.7527415873,3589184.802030992
20211101,1324551.4473391944,1272228.7527415873,3568938.118532356
20211102,1324551.4473391944,1272228.7527415873,3346224.600047356
20211103,1324551.4473391944,1272228.7527415873,3318615.4861855796
20211104,1324551.4473391944,1272228.7527415873,3289165.7647330174
20211105,1324551.4473391944,1272228.7527415873,3246831.7901449595
20211108,1324551.4473391944,1272228.7527415873,3206338.4231476868
20211109,1324551.4473391944,1272228.7527415873,3226585.106646323
20211110,1324551.4473391944,1272228.7527415873,3202657.2079661163
20211111,1324551.4473391944,1272228.7527415873,3377514.9290907034
20211112,1324551.4473391944,1272228.7527415873,3362790.0683644223
20211115,1324551.4473391944,1272228.7527415873,3392239.7898169844
20211116,1324551.4473391944,1272228.7527415873,3353587.0304104965
20211117,1324551.4473391944,1272228.7527415873,3333340.34691186
20211118,1324551.4473391944,1272228.7527415873,3276281.5115975216
20211119,1324551.4473391944,1272228.7527415873,3340702.7772750002
20211122,1324551.4473391944,1272228.7527415873,3335180.9545026454
20211123,1324551.4473391944,1272228.7527415873,3291006.372323802
20211124,1324551.4473391944,1272228.7527415873,3289165.7647330174
20211125,1324551.4473391944,1272228.7527415873,3254194.2205080995
20211126,1324551.4473391944,1272228.7527415873,3235788.1446002484
20211129,1324551.4473391944,1272228.7527415873,3222903.891464753
20211130,1324551.4473391944,1272228.7527415873,3210019.6383292573
20211201,1324551.4473391944,1272228.7527415873,3246831.7901449595
20211202,1324551.4473391944,1272228.7527415873,3237628.7521910337
20211203,1324551.4473391944,1272228.7527415873,3248672.3977357442
20211206,1324551.4473391944,1272228.7527415873,3331499.7393210754
20211207,1324551.4473391944,1272228.7527415873,3397761.6125893397
20211208,1324551.4473391944,1272228.7527415873,3399602.220180124
20211209,1324551.4473391944,1272228.7527415873,3441936.194768182
20211210,1324551.4473391944,1272228.7527415873,3383036.751863058
20211213,1324551.4473391944,1272228.7527415873,3362790.0683644223
20211214,1324551.4473391944,1272228.7527415873,3235788.1446002484
20211215,1324551.4473391944,1272228.7527415873,3230266.321827893
20211216,1324551.4473391944,1272228.7527415873,3261556.65087124
20211217,1324551.4473391944,1272228.7527415873,3233947.5370094636
20211220,1324551.4473391944,1272228.7527415873,3224744.499055538
20211221,1324551.4473391944,1272228.7527415873,3237628.7521910337
20211222,1324551.4473391944,1272228.7527415873,3200816.6003753315
20211223,1324551.4473391944,1272228.7527415873,3187932.347239835
20211224,1324551.4473391944,1272228.7527415873,3186091.7396490504
20211227,1324551.4473391944,1272228.7527415873,3169526.2713319836
20211228,1324551.4473391944,1272228.7527415873,3160323.233378059
20211229,1324551.4473391944,1272228.7527415873,3083017.7145650834
20211230,1324551.4473391944,1272228.7527415873,3095901.967700579
20211231,1324551.4473391944,1272228.7527415873,3033321.3096138854
20220104,1324551.4473391944,1272228.7527415873,3066452.246248017
20220105,1324551.4473391944,1272228.7527415873,3156642.018196488
20220106,1324551.4473391944,1272228.7527415873,3151120.195424133
20220107,1324551.4473391944,1272228.7527415873,3165845.056150414
20220110,1324551.4473391944,1272228.7527415873,3164004.448559629
20220111,1324551.4473391944,1272228.7527415873,3204497.815556902
20220112,1324551.4473391944,1272228.7527415873,3129032.9043347114
20220113,1324551.4473391944,1272228.7527415873,3125351.689153141
20220114,1324551.4473391944,1272228.7527415873,3005712.1957521075
20220117,1324551.4473391944,1272228.7527415873,2985465.512253471
20220118,1324551.4473391944,1272228.7527415873,3040683.7399770254
20220119,1324551.4473391944,1272228.7527415873,3037002.5247954554
20220120,1324551.4473391944,1272228.7527415873,3189772.9548306204
20220121,1324551.4473391944,1272228.7527415873,3193454.170012191
20220124,1324551.4473391944,1272228.7527415873,3165845.056150414
20220125,1324551.4473391944,1272228.7527415873,3101423.790472935
20220126,1324551.4473391944,1272228.7527415873,3064611.638657232
20220127,1324551.4473391944,1272228.7527415873,3000190.3729797527
20220128,1324551.4473391944,1272228.7527415873,2913681.816212852
20220207,1324551.4473391944,1272228.7527415873,3016755.841296819
20220208,1324551.4473391944,1272228.7527415873,3097742.575291364
20220209,1324551.4473391944,1272228.7527415873,3103264.3980637197
20220210,1324551.4473391944,1272228.7527415873,3127192.296743926
20220211,1324551.4473391944,1272228.7527415873,3147438.980242563
20220214,1324551.4473391944,1272228.7527415873,3051727.385521736
20220215,1324551.4473391944,1272228.7527415873,2996509.1577981827
20220216,1324551.4473391944,1272228.7527415873,3020437.056478389
20220217,1324551.4473391944,1272228.7527415873,3022277.6640691743
20220218,1324551.4473391944,1272228.7527415873,3086698.9297466534
20220221,1324551.4473391944,1272228.7527415873,3038843.1323862406
20220222,1324551.4473391944,1272228.7527415873,2987306.119844257
20220223,1324551.4473391944,1272228.7527415873,2979943.6894811164
20220224,1324551.4473391944,1272228.7527415873,2928406.676939133
20220225,1324551.4473391944,1272228.7527415873,2926566.069348348
20220228,1324551.4473391944,1272228.7527415873,2898956.955486571
20220301,1324551.4473391944,1272228.7527415873,2930247.284529918
20220302,1324551.4473391944,1272228.7527415873,2886072.702351075
20220303,1324551.4473391944,1272228.7527415873,2891594.525123431
20220304,1324551.4473391944,1272228.7527415873,2821651.4366735956
20220307,1324551.4473391944,1272228.7527415873,2709374.373635703
20220308,1324551.4473391944,1272228.7527415873,2633909.462413513
20220309,1324551.4473391944,1272228.7527415873,2547400.905646612
20220310,1324551.4473391944,1272228.7527415873,2681765.2597739263
20220311,1324551.4473391944,1272228.7527415873,2742505.3102698354
20220314,1324551.4473391944,1272228.7527415873,2667040.3990476453
20220315,1324551.4473391944,1272228.7527415873,2517951.1841940503
20220316,1324551.4473391944,1272228.7527415873,2633909.462413513
20220317,1324551.4473391944,1272228.7527415873,2659677.9686845047
20220318,1324551.4473391944,1272228.7527415873,2705693.1584541327
20220321,1324551.4473391944,1272228.7527415873,2685446.4749554964
20220322,1324551.4473391944,1272228.7527415873,2794042.3228118187
20220323,1324551.4473391944,1272228.7527415873,2760911.3861776865
20220324,1324551.4473391944,1272228.7527415873,2797723.5379933887
20220325,1324551.4473391944,1272228.7527415873,2757230.1709961165
20220328,1324551.4473391944,1272228.7527415873,2733302.2723159096
20220329,1324551.4473391944,1272228.7527415873,2702011.9432725627
20220330,1324551.4473391944,1272228.7527415873,2799564.1455841744
20220331,1324551.4473391944,1272228.7527415873,2830854.4746275214
20220401,1324551.4473391944,1272228.7527415873,2898956.955486571
20220406,1324551.4473391944,1272228.7527415873,3016755.841296819
20220407,1324551.4473391944,1272228.7527415873,2996509.1577981827
20220408,1324551.4473391944,1272228.7527415873,3018596.448887604
20220411,1324551.4473391944,1272228.7527415873,2954175.1832101247
20220412,1324551.4473391944,1272228.7527415873,2930247.284529918
20220413,1317049.2679647119,1263380.1527356096,2908159.9934404967
20220414,1337055.0796299984,1282570.737334125,2952334.5756193395
20220415,1368730.948100036,1312955.8296151082,3022277.6640691743
20220418,1325385.0228252478,1271376.2296516576,2926566.069348348
20220419,1317882.8434507654,1264179.7604272142,2910000.601031282
20220420,1321217.14539498,1267378.1911936335,2917363.031394422
20220421,1317882.8434507654,1264179.7604272142,2910000.601031282
20220422,1338722.2306021056,1284169.9527173345,2956015.7908009095
20220425,1237859.5967896183,1187417.4220331518,2733302.2723159096
20220426,1227856.6909569749,1177822.129733894,2711214.981226488
20220427,1304545.6356739076,1251386.0373615373,2880550.87957872
20220428,1304545.6356739076,1251386.0373615373,2880550.87957872
20220429,1277037.644634138,1224998.9835385783,2819810.8290828103
20220505,1277037.644634138,1224998.9835385783,2819810.8290828103
20220506,1247028.9271362082,1196213.1066408048,2753548.955814546
20220509,1212852.33220801,1163429.1912850074,2678084.0445923563
20220510,1216186.6341522243,1166627.6220514267,2685446.4749554964
20220511,1219520.936096439,1169826.052817846,2692808.905318637
20220512,1198681.5489450986,1149835.8605277257,2646793.715549009
20220513,1208684.4547777418,1157345.1042968172,2689127.6901370664
20220516,1208684.4547777418,1157345.1042968172,2652315.538321364
20220517,1208684.4547777418,1157345.1042968172,2707533.766044918
20220518,1208684.4547777418,1157345.1042968172,2714896.1964080585
20220519,1208684.4547777418,1157345.1042968172,2690968.2977278517
20220520,1208684.4547777418,1157345.1042968172,2764592.601359257
20220523,1208684.4547777418,1157345.1042968172,2729621.0571343396
20220524,1208684.4547777418,1157345.1042968172,2650474.930730579
20220525,1208684.4547777418,1157345.1042968172,2648634.3231397937
20220526,1208684.4547777418,1157345.1042968172,2611822.1713240915
20220527,1208684.4547777418,1157345.1042968172,2609981.5637333062
20220530,1208684.4547777418,1157345.1042968172,2591575.487825455
20220531,1208684.4547777418,1157345.1042968172,2606300.348551736
20220601,1208684.4547777418,1157345.1042968172,2591575.487825455
20220602,1208684.4547777418,1157345.1042968172,2567647.5891452483
20220606,1208684.4547777418,1157345.1042968172,2608140.956142521
20220607,1208684.4547777418,1157345.1042968172,2606300.348551736
20220608,1208684.4547777418,1157345.1042968172,2606300.348551736
20220609,1208684.4547777418,1157345.1042968172,2641271.8927766536
20220610,1208684.4547777418,1157345.1042968172,2635750.0700042984
20220613,1208684.4547777418,1157345.1042968172,2560285.158782108
20220614,1208684.4547777418,1157345.1042968172,2598937.9181885957
20220615,1208684.4547777418,1157345.1042968172,2713055.5888172733
20220616,1208684.4547777418,1157345.1042968172,2657837.3610937195
20220617,1208684.4547777418,1157345.1042968172,2659677.9686845047
20220620,1208684.4547777418,1157345.1042968172,2639431.2851858684
20220621,1208684.4547777418,1157345.1042968172,2644953.1079582237
20220622,1208684.4547777418,1157345.1042968172,2591575.487825455
20220623,1208684.4547777418,1157345.1042968172,2613662.7789148763
20220624,1208684.4547777418,1157345.1042968172,2619184.601687232
20220627,1208684.4547777418,1157345.1042968172,2667040.3990476453
20220628,1208684.4547777418,1157345.1042968172,2692808.905318637
20220629,1208684.4547777418,1157345.1042968172,2694649.512909422
20220630,1208684.4547777418,1157345.1042968172,2757230.1709961165
20220701,1208684.4547777418,1157345.1042968172,2746186.525451406
20220704,1208684.4547777418,1157345.1042968172,2749867.740632976
20220705,1208684.4547777418,1157345.1042968172,2744345.9178606207
20220706,1208684.4547777418,1157345.1042968172,2674402.8294107853
20220707,1208684.4547777418,1157345.1042968172,2654156.1459121495
20220708,1208684.4547777418,1157345.1042968172,2676243.4370015706
20220711,1208684.4547777418,1157345.1042968172,2661518.57627529
20220712,1208684.4547777418,1157345.1042968172,2654156.1459121495
20220713,1208684.4547777418,1157345.1042968172,2571328.804326819
20220714,1208684.4547777418,1157345.1042968172,2460892.3488797112
20220715,1208684.4547777418,1157345.1042968172,2436964.450199505
20220718,1208684.4547777418,1157345.1042968172,2464573.5640612817
20220719,1208684.4547777418,1157345.1042968172,2470095.386833637
20220720,1208684.4547777418,1157345.1042968172,2464573.5640612817
20220721,1208684.4547777418,1157345.1042968172,2394630.475611447
20220722,1208684.4547777418,1157345.1042968172,2357818.323795744
20220725,1208684.4547777418,1157345.1042968172,2402124.4432572857
20220726,1208684.4547777418,1157345.1042968172,2418988.031392477
20220727,1208684.4547777418,1157345.1042968172,2396503.2472122214
20220728,1208684.4547777418,1157345.1042968172,2413366.835347413
20220729,1208684.4547777418,1157345.1042968172,2375892.1950469874
20220801,1208684.4547777418,1157345.1042968172,2327175.1626564343
20220802,1208684.4547777418,1157345.1042968172,2297195.4504160937
20220803,1208684.4547777418,1157345.1042968172,2254099.614070604
20220804,1208684.4547777418,1157345.1042968172,2278458.130265881
20220805,1208684.4547777418,1157345.1042968172,2306564.1104912004
20220808,1208684.4547777418,1157345.1042968172,2285953.058325966
20220809,1208684.4547777418,1157345.1042968172,2270963.2022057953
20220810,1208684.4547777418,1157345.1042968172,2259720.810115668
20220811,1208684.4547777418,1157345.1042968172,2314059.038551285
20220812,1208684.4547777418,1157345.1042968172,2319680.234596349
20220815,1208684.4547777418,1157345.1042968172,2269089.470190774
20220816,1208684.4547777418,1157345.1042968172,2272836.934220817
20220817,1208684.4547777418,1157345.1042968172,2323427.6986263916
20220818,1208684.4547777418,1157345.1042968172,2295321.7184010725
20220819,1208684.4547777418,1157345.1042968172,2355281.1428817534
20220822,1208684.4547777418,1157345.1042968172,2342165.0187766044
20220823,1208684.4547777418,1157345.1042968172,2312185.306536264
20220824,1208684.4547777418,1157345.1042968172,2323427.6986263916
20220825,1208684.4547777418,1157345.1042968172,2364649.8029568596
20220826,1208684.4547777418,1157345.1042968172,2362776.0709418384
20220829,1208684.4547777418,1157345.1042968172,2327175.1626564343
20220830,1208684.4547777418,1157345.1042968172,2338417.554746562
20220831,1208684.4547777418,1157345.1042968172,2389008.3191521363
20220901,1208684.4547777418,1157345.1042968172,2362776.0709418384
20220902,1208684.4547777418,1157345.1042968172,2344038.7507916256
20220905,1208684.4547777418,1157345.1042968172,2355281.1428817534
20220906,1208684.4547777418,1157345.1042968172,2342165.0187766044
20220907,1208684.4547777418,1157345.1042968172,2310311.574521242
20220908,1208684.4547777418,1157345.1042968172,2315932.7705663065
20220909,1208684.4547777418,1157345.1042968172,2383387.1231070724
20220913,1208684.4547777418,1157345.1042968172,2426482.959452562
20220914,1208684.4547777418,1157345.1042968172,2385260.855122094
20220915,1208684.4547777418,1157345.1042968172,2435851.619527668
20220916,1208684.4547777418,1157345.1042968172,2353407.4108667322
20220919,1208684.4547777418,1157345.1042968172,2355281.1428817534
20220920,1208684.4547777418,1157345.1042968172,2312185.306536264
20220921,1208684.4547777418,1157345.1042968172,2329048.8946714555
20220922,1208684.4547777418,1157345.1042968172,2302816.646461157
20220923,1208684.4547777418,1157345.1042968172,2302816.646461157
20220926,1208684.4547777418,1157345.1042968172,2248478.41802554
20220927,1208684.4547777418,1157345.1042968172,2276584.3982508597
20220928,1208684.4547777418,1157345.1042968172,2269089.470190774
20220929,1208684.4547777418,1157345.1042968172,2222246.1698152423
20220930,1208684.4547777418,1157345.1042968172,2218498.7057851995
20221010,1208684.4547777418,1157345.1042968172,2149170.6212294125
20221011,1208684.4547777418,1157345.1042968172,2151044.3532444336
20221012,1208684.4547777418,1157345.1042968172,2173529.137424689
20221013,1208684.4547777418,1157345.1042968172,2124812.1050341353
20221014,1208684.4547777418,1157345.1042968172,2160413.01331954
20221017,1208684.4547777418,1157345.1042968172,2151044.3532444336
20221018,1208684.4547777418,1157345.1042968172,2151044.3532444336
20221019,1208684.4547777418,1157345.1042968172,2115443.444959029
20221020,1208684.4547777418,1157345.1042968172,2098579.8568238374
20221021,1208684.4547777418,1157345.1042968172,2077968.8046586032
20221024,1208684.4547777418,1157345.1042968172,1989903.399952603
20221025,1208684.4547777418,1157345.1042968172,1995524.5959976672
20221026,1208684.4547777418,1157345.1042968172,1997398.3280126883
20221027,1208684.4547777418,1157345.1042968172,2001145.7920427308
20221028,1208684.4547777418,1157345.1042968172,1952428.7596521776
20221031,1208684.4547777418,1157345.1042968172,1937438.9035320072
20221101,1208684.4547777418,1157345.1042968172,1999272.0600277092
20221102,1208684.4547777418,1157345.1042968172,1991777.1319676244
20221103,1208684.4547777418,1157345.1042968172,1956176.2236822199
20221104,1208684.4547777418,1157345.1042968172,2027378.040253029
20221107,1208684.4547777418,1157345.1042968172,2038620.4323431565
20221108,1208684.4547777418,1157345.1042968172,2032999.2362980926
20221109,1208684.4547777418,1157345.1042968172,2040494.1643581777
20221110,1208684.4547777418,1157345.1042968172,2036746.7003281352
20221111,1208684.4547777418,1157345.1042968172,2141675.693169327
20221114,1208684.4547777418,1157345.1042968172,2239109.7579504335
20221115,1208684.4547777418,1157345.1042968172,2250352.1500405613
20221116,1208684.4547777418,1157345.1042968172,2214751.2417551572
20221117,1208684.4547777418,1157345.1042968172,2190392.7255598805
20221118,1208684.4547777418,1157345.1042968172,2171655.4054096676
20221121,1208684.4547777418,1157345.1042968172,2147296.889214391
20221122,1208684.4547777418,1157345.1042968172,2214751.2417551572
20221123,1208684.4547777418,1157345.1042968172,2214751.2417551572
20221124,1208684.4547777418,1157345.1042968172,2205382.5816800506
20221125,1208684.4547777418,1157345.1042968172,2280331.862280902
20221128,1208684.4547777418,1157345.1042968172,2212877.509740136
20221129,1208684.4547777418,1157345.1042968172,2433977.8875126475
20221130,1208684.4547777418,1157345.1042968172,2441472.815572732
20221201,1208684.4547777418,1157345.1042968172,2454588.9396778815
20221202,1186608.0263799748,1134730.8903539383,2417114.299377456
20221205,1244558.650924113,1190147.9803479677,2535159.4163237964
20221206,1235360.1390917103,1181351.616856852,2516422.096173584
20221207,1209604.305960982,1156721.7990817279,2463957.599752988
20221208,1228921.1808090282,1175194.162413071,2503305.9720684346
20221209,1260196.121039198,1205101.7982828645,2567012.860579158
20221212,1205924.901228021,1153203.2536852814,2456462.6716929027
20221213,1217882.9666101448,1164638.526223732,2480821.1878881794
20221214,1216963.1154269043,1163758.8898746204,2478947.455873158
20221215,1205005.0500447806,1152323.6173361698,2454588.9396778815
20221216,1227081.4784425476,1173434.8897148478,2499558.508038392
20221219,1199485.9429453388,1147045.7992415004,2443346.5475877537
20221220,1173730.1098146108,1122415.9814663762,2390882.051167158
20221221,1185688.1751967345,1133851.2540048265,2415240.567362434
20221222,1191207.2822961763,1139129.0720994961,2426482.959452562
20221223,1193966.8358458972,1141767.981146831,2432104.1554976264
20221226,1174649.9609978509,1123295.6178154876,2392755.783182179
20221227,1205924.901228021,1153203.2536852814,2456462.6716929027
20221228,1208684.4547777418,1155842.162732616,2462083.8677379666
20221229,1198566.0917620985,1146166.1628923886,2441472.815572732
20221230,1210524.1571442224,1157601.4354308394,2465831.3317680093
20230103,1266635.0793218801,1211259.2527266457,2580128.9846843076
20230104,1317226.894400096,1259639.2519277825,2683184.245510478
20230105,1331944.5133319409,1273713.433513568,2713163.9577508187
20230106,1344822.4298973046,1286028.34240113,2739396.205961116
20230109,1361379.75119563,1301861.7966851385,2773123.3822314995
20230110,1328265.1085989797,1270194.8881171215,2705669.0296907336
20230111,1349421.6858135064,1290426.524146688,2748764.866036223
20230112,1349421.6858135064,1290426.524146688,2748764.866036223
20230113,1375177.5189442344,1315056.3419218122,2801229.362456819
20230116,1387135.584326358,1326491.6144602627,2825587.8786520953
20230117,1377017.221310715,1316815.6146200353,2804976.8264868613
20230118,1389895.137876079,1329130.5235075974,2831209.074697159
20230119,1388055.4355095986,1327371.2508093743,2827461.610667117
20230120,1391734.8402425598,1330889.7962058207,2834956.538727202
20230130,1393574.5426090402,1332649.0689040439,2838704.0027572447
20230131,1378856.9236771956,1318574.8873182584,2808724.290516904
20230201,1352181.239363227,1293065.4331940226,2754386.0620812867
20230202,1342982.7275308243,1284269.0697029068,2735648.741931074
20230203,1317226.894400096,1259639.2519277825,2683184.245510478
20230206,1287791.6565364068,1231490.888756212,2623224.8210297967
20230207,1307108.531384453,1249963.2520875554,2662573.193345244
20230208,1291471.0612693678,1235009.4341526583,2630719.749089882
20230209,1299749.7219185305,1242926.1612946626,2647583.3372250735
20230210,1285951.9541699262,1229731.616057989,2619477.3569997544
20230213,1271234.3352380814,1215657.4344722035,2589497.644759414
20230214,1284112.2518034456,1227972.3433597658,2615729.8929697117
20230215,1257436.567489477,1202462.8892355298,2561391.6645340943
20230216,1250997.6092067952,1196305.4347917489,2548275.540428946
20230217,1235360.1390917103,1181351.616856852,2516422.096173584
20230220,1301589.4242850111,1244685.4339928858,2651330.8012551162
20230221,1296990.1683688096,1240287.2522473277,2641962.1411800096
20230222,1289631.3589028874,1233250.1614544352,2626972.2850598395
20230223,1292390.9124526083,1235889.0705017701,2632593.4811049034
20230224,1274913.7399710426,1219175.97986865,2596992.572819499
20230227,1259276.2698559577,1204222.161933753,2565139.128564137
20230228,1267554.9305051204,1212138.8890757572,2582002.7166993287
20230301,1303429.1266514917,1246444.7066911089,2655078.2652851585
20230302,1309868.0849341736,1252602.1611348898,2668194.3893903075
20230303,1314467.3408503751,1257000.3428804479,2677563.0494654137
20230306,1273993.8887878025,1218296.3435195384,2595118.8408044777
20230307,1259276.2698559577,1204222.161933753,2565139.128564137
20230308,1244558.650924113,1190147.9803479677,2535159.4163237964
20230309,1214203.5618771834,1161119.9808272854,2473326.259828094
20230310,1208684.4547777418,1155842.162732616,2462083.8677379666
20230313,1200405.7941285793,1147925.435590612,2445220.279602775
20230314,1183848.472830254,1132091.9813066034,2411493.103332392
20230315,1200405.7941285793,1147925.435590612,2445220.279602775
20230316,1179249.2169140526,1127693.7995610456,2402124.4432572857
20230317,1172810.2586313705,1121536.3451172644,2389008.3191521363
20230320,1156252.9373330453,1105702.890833256,2355281.1428817534
20230321,1168211.002715169,1117138.1633717066,2379639.65907703
20230322,1176489.6633643315,1125054.890513711,2396503.2472122214
20230323,1186608.0263799748,1134730.8903539383,2417114.299377456
20230324,1179249.2169140526,1127693.7995610456,2402124.4432572857
20230327,1159012.490882766,1108341.7998805908,2360902.3389268173
20230328,1162691.8956157272,1111860.3452770372,2368397.2669869023
20230329,1152573.532600084,1102184.3454368098,2347786.2148216683
20230330,1166371.3003486884,1115378.8906734835,2375892.1950469874
20230331,1152573.532600084,1102184.3454368098,2347786.2148216683
20230403,1165451.4491654483,1114499.254324372,2374018.4630319662
20230404,1162691.8956157272,1109859.886143815,2370270.999001924
20230406,1162691.8956157272,1109859.886143815,2357154.8748967745
20230407,1162691.8956157272,1109859.886143815,2364649.8029568596
20230410,1162691.8956157272,1109859.886143815,2375892.1950469874
20230411,1162691.8956157272,1109859.886143815,2349659.9468366895
20230412,1162691.8956157272,1109859.886143815,2338417.554746562
20230413,1162691.8956157272,1109859.886143815,2353407.4108667322
20230414,1162691.8956157272,1109859.886143815,2377765.9270620085
20230417,1162691.8956157272,1109859.886143815,2422735.4954225197
20230418,1162691.8956157272,1109859.886143815,2435851.619527668
20230419,1162691.8956157272,1109859.886143815,2407745.639302349
20230420,1162691.8956157272,1109859.886143815,2389008.3191521363
20230421,1162691.8956157272,1109859.886143815,2342165.0187766044
20230424,1162691.8956157272,1109859.886143815,2267215.738175753
20230425,1162691.8956157272,1109859.886143815,2300942.914446136
20230426,1162691.8956157272,1109859.886143815,2270963.2022057953
20230427,1162691.8956157272,1109859.886143815,2297195.4504160937
20230428,1162691.8956157272,1109859.886143815,2351533.6788517106
20230504,1162691.8956157272,1109859.886143815,2385260.855122094
20230505,1162691.8956157272,1109859.886143815,2418988.031392477
20230508,1162691.8956157272,1109859.886143815,2495811.04400835
20230509,1162691.8956157272,1109859.886143815,2465831.3317680093
20230510,1162691.8956157272,1109859.886143815,2405871.907287328
20230511,1162691.8956157272,1109859.886143815,2407745.639302349
20230512,1162691.8956157272,1109859.886143815,2364649.8029568596
20230515,1162691.8956157272,1109859.886143815,2403998.1752723064
20230516,1162691.8956157272,1109859.886143815,2364649.8029568596
20230517,1162691.8956157272,1109859.886143815,2340291.2867615833
20230518,1162691.8956157272,1109859.886143815,2340291.2867615833
20230519,1162691.8956157272,1109859.886143815,2312185.306536264
20230522,1162691.8956157272,1109859.886143815,2319680.234596349
20230523,1162691.8956157272,1109859.886143815,2287826.790340987
20230524,1162691.8956157272,1109859.886143815,2250352.1500405613
20230525,1162691.8956157272,1109859.886143815,2235362.2939203912
20230526,1162691.8956157272,1109859.886143815,2267215.738175753
20230529,1162691.8956157272,1109859.886143815,2244730.953995498
20230530,1162691.8956157272,1109859.886143815,2224119.9018302634
20230531,1162691.8956157272,1109859.886143815,2173529.137424689
20230601,1162691.8956157272,1109859.886143815,2171651.5933544906
20230602,1162691.8956157272,1109859.886143815,2235358.370036158
20230605,1162691.8956157272,1109859.886143815,2231610.912584295
20230606,1162691.8956157272,1109859.886143815,2218494.811502775
20230607,1162691.8956157272,1109859.886143815,2237232.0987620894
20230608,1162691.8956157272,1109859.886143815,2270959.2158288546
20230609,1162691.8956157272,1109859.886143815,2225989.726406501
20230612,1162691.8956157272,1109859.886143815,2209126.1678731185
20230613,1162691.8956157272,1109859.886143815,2205378.710421256
20230614,1162691.8956157272,1109859.886143815,2201549.2066222006
20230615,1162691.8956157272,1109859.886143815,2228420.774968069
20230616,1162691.8956157272,1109859.886143815,2232259.5704460503
20230619,1162691.8956157272,1109859.886143815,2197710.4111442193
20230620,1162691.8956157272,1109859.886143815,2180435.831493304
20230621,1162691.8956157272,1109859.886143815,2178516.4337543137
20230626,1162691.8956157272,1109859.886143815,2145886.6721914737
20230627,1162691.8956157272,1109859.886143815,2165080.6495813793
20230628,1162691.8956157272,1109859.886143815,2168919.445059361
20230629,1162691.8956157272,1109859.886143815,2145886.6721914737
20230630,1162691.8956157272,1109859.886143815,2155483.6608864265
20230703,1162691.8956157272,1109859.886143815,2205388.0021001818
20230704,1162691.8956157272,1109859.886143815,2188113.4224492665
20230705,1162691.8956157272,1109859.886143815,2176597.036015323
20230706,1162691.8956157272,1109859.886143815,2157403.0586254173
20230707,1162691.8956157272,1109859.886143815,2149725.4676694544
20230710,1162691.8956157272,1109859.886143815,2149725.4676694544
20230711,1162691.8956157272,1109859.886143815,2151644.8654084457
20230712,1162691.8956157272,1109859.886143815,2157403.0586254173
20230713,1162691.8956157272,1109859.886143815,2193871.615666238
20230714,1162691.8956157272,1109859.886143815,2199629.80888321
20230717,1162691.8956157272,1109859.886143815,2170838.8427983513
20230718,1162691.8956157272,1109859.886143815,2159322.4563644077
20230719,1162691.8956157272,1109859.886143815,2170838.8427983513
20230720,1162691.8956157272,1109859.886143815,2172758.2405373417
20230721,1162691.8956157272,1109859.886143815,2176597.036015323
20230724,1162691.8956157272,1109859.886143815,2161241.854103398
20230725,1162691.8956157272,1109859.886143815,2249534.1500969655
20230726,1162691.8956157272,1109859.886143815,2239937.161402012
20230727,1162691.8956157272,1109859.886143815,2255292.343313937
20230728,1162691.8956157272,1109859.886143815,2353181.6280024564
20230731,1162691.8956157272,1109859.886143815,2364698.0144364005
20230801,1162691.8956157272,1109859.886143815,2333987.6506125513
20230802,1159799.627218673,1105661.3492035258,2309035.480005673
20230803,1188722.3111892133,1133233.9514280525,2366617.412175391
20230804,1185830.0427921594,1130476.6912056,2360859.2189584193
20230807,1172332.790272574,1117609.4768341542,2333987.6506125513
20230808,1166548.2534784656,1112094.9563892486,2322471.264178607
20230809,1173296.8797382584,1118528.5635749716,2335907.0483515416
20230810,1172332.790272574,1117609.4768341542,2333987.6506125513
20230811,1146302.3746990876,1092794.13483208,2282163.911659805
20230814,1125092.4064540244,1072574.2265340937,2239937.161402012
20230815,1130876.9432481325,1078088.746978999,2251453.547835956
20230816,1130876.9432481325,1078088.746978999,2251453.547835956
20230817,1115451.5117971776,1063383.359125918,2220743.1840121066
20230818,1114487.4223314929,1062464.2723851006,2218823.786273116
20230821,1091349.2751550605,1040406.190605479,2172758.2405373417
20230822,1096169.7224834838,1045001.6243095667,2182355.2292322945
20230823,1084600.6488952679,1033972.5834197561,2159322.4563644077
20230824,1073031.5753070517,1022943.5425299454,2136289.683496521
20230825,1082672.4699638984,1032134.409938121,2155483.6608864265
20230828,1110631.064468754,1058787.92542183,2211146.1953171534
20230829,1090385.185689376,1039487.1038646615,2170838.8427983513
20230830,1073031.5753070517,1022943.5425299454,2136289.683496521
20230831,1073031.5753070517,1022943.5425299454,2136289.683496521
20230901,1091349.2751550605,1040406.190605479,2172758.2405373417
20230904,1114487.4223314929,1062464.2723851006,2218823.786273116
20230905,1098097.9014148533,1046839.797791202,2186194.0247102757
20230906,1101954.259277592,1050516.1447544722,2193871.615666238
20230907,1092313.3646207452,1041325.2773462965,2174677.6382763325
20230908,1086528.827826637,1035810.7569013911,2163161.251842389
20230911,1093277.45408643,1042244.3640871141,2176597.036015323
20230912,1087492.9172923218,1036729.8436422087,2165080.6495813793
20230913,1084600.6488952679,1033972.5834197561,2159322.4563644077
20230914,1088457.0067580063,1037648.9303830261,2167000.0473203696
20230915,1081708.380498214,1031215.3231973036,2153564.263147436
20230918,1082672.4699638984,1032134.409938121,2155483.6608864265
20230919,1080744.2910325292,1030296.2364564859,2151644.8654084457
20230920,1074959.754238421,1024781.7160115805,2140128.478974502
20230921,1065318.859581574,1015590.848603405,2120934.5015845965
20230922,1083636.5594295831,1033053.4966789385,2157403.0586254173
20230925,1081708.380498214,1031215.3231973036,2153564.263147436
20230926,1075923.8437041056,1025700.802752398,2142047.8767134924
20230927,1076887.9331697903,1026619.8894932156,2143967.274452483
20230928,1079780.2015668442,1029377.1497156682,2149725.4676694544
20231009,1071103.3963756822,1021105.3690483102,2132450.8880185396
20231010,1062426.5911845202,1012833.5883809521,2115176.3083676244
20231011,1058570.2333217813,1009157.2414176819,2107498.717411662
20231012,1071103.3963756822,1021105.3690483102,2132450.8880185396
20231013,1060498.4122531507,1010995.414899317,2111337.512889643
20231016,1061462.5017188354,1011914.5016401346,2113256.9106286336
20231017,1062426.5911845202,1012833.5883809521,2115176.3083676244
20231018,1055677.964924727,1006399.9811952292,2101740.52419469
20231019,1021934.8336257634,974231.9452666147,2034561.6033300199
20231020,1021934.8336257634,974231.9452666147,2034561.6033300199
20231023,1012293.9389689165,965041.0778584391,2015367.625940114
20231024,1017114.38629734,969636.5115625268,2024964.6146350668
20231025,1000724.8653807003,954012.0369686283,1992334.8530722267
20231026,993976.2391209077,945873.5466720402,1998093.0462891988
20231027,993976.2391209077,945873.5466720402,2005770.6372451608
20231030,993976.2391209077,945873.5466720402,2005770.6372451608
20231031,993976.2391209077,945873.5466720402,2007690.0349841516
20231101,993976.2391209077,945873.5466720402,2011528.8304621326
20231102,993976.2391209077,945873.5466720402,2011528.8304621326
20231103,993976.2391209077,945873.5466720402,2011528.8304621326
20231106,993976.2391209077,945873.5466720402,2051836.1829809349
20231107,993976.2391209077,945873.5466720402,2034561.6033300199
20231108,993976.2391209077,945873.5466720402,2015367.625940114
20231109,993976.2391209077,945873.5466720402,2013448.2282011232
20231110,993976.2391209077,945873.5466720402,1976979.6711603024
20231113,993976.2391209077,945873.5466720402,1967382.6824653496
20231114,993976.2391209077,945873.5466720402,1971221.4779433303
20231115,993976.2391209077,945873.5466720402,1990415.4553332361
20231116,993976.2391209077,945873.5466720402,1965463.2847263587
20231117,993976.2391209077,945873.5466720402,1948188.7050754437
20231120,993976.2391209077,945873.5466720402,1955866.2960314055
20231121,993976.2391209077,945873.5466720402,1973140.8756823211
20231122,993976.2391209077,945873.5466720402,1950108.1028144339
20231123,993976.2391209077,945873.5466720402,1948188.7050754437
20231124,993976.2391209077,945873.5466720402,1938591.7163804905
20231127,993976.2391209077,945873.5466720402,1921317.1367295752
20231128,993976.2391209077,945873.5466720402,1909800.7502956316
20231129,993976.2391209077,945873.5466720402,1865654.6022988486
20231130,993976.2391209077,945873.5466720402,1857977.011342886
20231201,993976.2391209077,945873.5466720402,1854138.215864905
20231204,993976.2391209077,945873.5466720402,1848380.0226479333
20231205,993976.2391209077,945873.5466720402,1819589.0565630742
20231206,993976.2391209077,945873.5466720402,1823427.8520410554
20231207,993976.2391209077,945873.5466720402,1811911.465607112
20231208,993976.2391209077,945873.5466720402,1785039.897261244
20231211,993976.2391209077,945873.5466720402,1794636.8859561963
20231212,993976.2391209077,945873.5466720402,1808072.6701291306
20231213,993976.2391209077,945873.5466720402,1758168.3289153755
20231214,993976.2391209077,945873.5466720402,1756248.931176385
20231215,993976.2391209077,945873.5466720402,1767765.3176103288
20231218,993976.2391209077,945873.5466720402,1752410.135698404
20231219,993976.2391209077,945873.5466720402,1746651.9424814319
20231220,993976.2391209077,945873.5466720402,1733216.1583084976
20231221,993976.2391209077,945873.5466720402,1760087.7266543661
20231222,993976.2391209077,945873.5466720402,1765845.9198713377
20231225,993976.2391209077,945873.5466720402,1763926.522132347
20231226,993976.2391209077,945873.5466720402,1746651.9424814319
20231227,993976.2391209077,945873.5466720402,1750490.7379594129
20231228,993976.2391209077,945873.5466720402,1813830.8633461022
20231229,993976.2391209077,945873.5466720402,1802314.476912159
20240102,993976.2391209077,945873.5466720402,1767765.3176103288
20240103,993976.2391209077,945873.5466720402,1765845.9198713377
20240104,993976.2391209077,945873.5466720402,1748571.3402204227
20240105,993976.2391209077,945873.5466720402,1779281.704044272
20240108,993976.2391209077,945873.5466720402,1756248.931176385
20240109,993976.2391209077,945873.5466720402,1762007.1243933567
20240110,993976.2391209077,945873.5466720402,1744732.5447424413
20240111,993976.2391209077,945873.5466720402,1760087.7266543661
20240112,993976.2391209077,945873.5466720402,1763926.522132347
20240115,993976.2391209077,945873.5466720402,1767765.3176103288
20240116,993976.2391209077,945873.5466720402,1792717.4882172062
20240117,993976.2391209077,945873.5466720402,1771604.1130883098
20240118,993976.2391209077,945873.5466720402,1765845.9198713377
20240119,993976.2391209077,945873.5466720402,1760087.7266543661
20240122,993976.2391209077,945873.5466720402,1746651.9424814319
20240123,993976.2391209077,945873.5466720402,1758168.3289153755
20240124,993976.2391209077,945873.5466720402,1790798.0904782156
20240125,993976.2391209077,945873.5466720402,1823427.8520410554
20240126,993976.2391209077,945873.5466720402,1846460.6249089423
20240129,993976.2391209077,945873.5466720402,1861815.8068208671
20240130,993976.2391209077,945873.5466720402,1823427.8520410554
20240131,993976.2391209077,945873.5466720402,1815750.2610850933
20240201,993976.2391209077,945873.5466720402,1806153.27239014
20240202,993976.2391209077,945873.5466720402,1779281.704044272
20240205,993976.2391209077,945873.5466720402,1800395.0791731684
20240206,993976.2391209077,945873.5466720402,1857977.011342886
20240207,993976.2391209077,945873.5466720402,1844541.2271699517
20240208,993976.2391209077,945873.5466720402,1856057.6136038953
20240219,993976.2391209077,945873.5466720402,1882929.1819497636
20240220,993976.2391209077,945873.5466720402,1884848.5796887542
20240221,993976.2391209077,945873.5466720402,2072949.5581098318
20240222,993976.2391209077,945873.5466720402,2092143.5354997371
20240223,993976.2391209077,945873.5466720402,2082546.5468047843
20240226,993976.2391209077,945873.5466720402,2021125.8191570856
20240227,993976.2391209077,945873.5466720402,2015367.625940114
20240228,993976.2391209077,945873.5466720402,2013448.2282011232
20240229,993976.2391209077,945873.5466720402,2032642.205591029
20240301,993976.2391209077,945873.5466720402,2013448.2282011232
20240304,993976.2391209077,945873.5466720402,1982737.864377274
20240305,993976.2391209077,945873.5466720402,2001931.8417671798
20240306,993976.2391209077,945873.5466720402,1982737.864377274
20240307,993976.2391209077,945873.5466720402,1992334.8530722267
20240308,993976.2391209077,945873.5466720402,1992334.8530722267
20240311,993976.2391209077,945873.5466720402,2009609.4327231424
20240312,993976.2391209077,945873.5466720402,2026884.0123740574
20240313,993976.2391209077,945873.5466720402,1982737.864377274
20240314,993976.2391209077,945873.5466720402,1963543.886987368
20240315,993976.2391209077,945873.5466720402,2034561.6033300199
20240318,993976.2391209077,945873.5466720402,2023045.2168960762
20240319,993976.2391209077,945873.5466720402,1996173.6485502082
20240320,993976.2391209077,945873.5466720402,2005770.6372451608
20240321,993976.2391209077,945873.5466720402,2009609.4327231424
20240322,993976.2391209077,945873.5466720402,1988496.0575942455
20240325,993976.2391209077,945873.5466720402,1996173.6485502082
20240326,993976.2391209077,945873.5466720402,2034561.6033300199
20240327,993976.2391209077,945873.5466720402,2021125.8191570856
20240328,993976.2391209077,945873.5466720402,2013448.2282011232
20240329,993976.2391209077,945873.5466720402,2019206.421418095
20240401,993976.2391209077,945873.5466720402,2042239.194285982
20240402,993976.2391209077,945873.5466720402,2024964.6146350668
20240403,993976.2391209077,945873.5466720402,2007690.0349841516
20240408,993976.2391209077,945873.5466720402,2001931.8417671798
20240409,993976.2391209077,945873.5466720402,1996173.6485502082
20240410,993976.2391209077,945873.5466720402,1973140.8756823211
20240411,993976.2391209077,945873.5466720402,1967382.6824653496
20240412,993976.2391209077,945873.5466720402,1930914.125424528
20240415,993976.2391209077,945873.5466720402,1975060.2734213113
20240416,993976.2391209077,945873.5466720402,1973140.8756823211
20240417,993976.2391209077,945873.5466720402,2038400.3988080006
20240418,993976.2391209077,945873.5466720402,2072949.5581098318
20240419,993976.2391209077,945873.5466720402,2051836.1829809349
20240422,993976.2391209077,945873.5466720402,2015367.625940114
20240423,993976.2391209077,945873.5466720402,2023045.2168960762
20240424,993976.2391209077,945873.5466720402,2021125.8191570856
20240425,993976.2391209077,945873.5466720402,2036481.00106901
20240426,993976.2391209077,945873.5466720402,2034561.6033300199
20240429,993976.2391209077,945873.5466720402,2074868.9558488221
20240430,993976.2391209077,945873.5466720402,2071030.1603708407
20240506,993976.2391209077,945873.5466720402,2090224.137760747
20240507,993976.2391209077,945873.5466720402,2088304.7400217562
20240508,993976.2391209077,945873.5466720402,2059513.7739368975
20240509,993976.2391209077,945873.5466720402,2065271.967153869
20240510,993976.2391209077,945873.5466720402,2099821.1264556996
20240513,993976.2391209077,945873.5466720402,2105579.3196726716
20240514,993976.2391209077,945873.5466720402,2094062.9332387277
20240515,993976.2391209077,945873.5466720402,2078707.7513268034
20240516,993976.2391209077,945873.5466720402,2143967.274452483
20240517,993976.2391209077,945873.5466720402,2191952.2179272473
20240520,993976.2391209077,945873.5466720402,2184274.626971286
20240521,1014171.8694210676,963838.5461855739,2216904.3885341254
20240522,1015049.9403036833,964673.0384333536,2218823.786273116
20240523,1001000.806181833,951321.1624688782,2188113.4224492665
20240524,993098.1682382922,943810.7322388608,2170838.8427983513
20240527,1010659.5858906051,960500.5771944551,2209226.797578163
20240528,1001000.806181833,951321.1624688782,2188113.4224492665
20240529,988707.8138252139,939638.270999962,2161241.854103398
20240530,976414.821468595,927955.379531046,2134370.28575753
20240531,975536.7505859793,927120.8872832663,2132450.8880185396
20240603,964121.829111976,916272.48806213,2107498.717411662
20240604,967634.1126424385,919610.4570532489,2115176.3083676244
20240605,954463.0494032038,907093.073336553,2086385.3422827653
20240606,957097.2620510508,909596.5500798923,2092143.5354997371
20240607,964999.8999945917,917106.9803099098,2109418.115150653
20240611,954463.0494032038,907093.073336553,2086385.3422827653
20240612,955341.1202858196,907927.5655843329,2088304.7400217562
20240613,948316.5532248946,901251.6276020953,2072949.5581098318
20240614,957724.127306318,910192.3040290093,2093513.8163932653
20240617,950197.8080347555,903039.5157851664,2077061.841411786
20240618,948316.2282168651,901251.3187242058,2072948.8476664163
20240619,954901.7575794822,907510.0084375683,2087344.3257752107
20240620,945493.8584900291,898569.0231327646,2066779.3570483613
20240621,940789.9089453027,894098.5304803629,2056496.872684937
20240624,938908.3291274122,892310.3334194022,2052383.8789395671
20240625,939849.1190363574,891597.3785359183,2072948.8476664163
20240626,939849.1190363574,891597.3785359183,2072938.9014586029
20240627,939849.1190363574,891597.3785359183,2083221.3364856793
20240628,939849.1190363574,891597.3785359183,2087334.3104965098
20240701,939849.1190363574,891597.3785359183,2128464.050604815
20240702,939849.1190363574,891597.3785359183,2138746.485631892
20240703,939849.1190363574,891597.3785359183,2120238.102583154
20240704,939849.1190363574,891597.3785359183,2109955.667556078
20240705,939849.1190363574,891597.3785359183,2050317.5443990347
20240708,939849.1190363574,891597.3785359183,2042091.5963773737
20240709,939849.1190363574,891597.3785359183,2070882.4144531875
20240710,939849.1190363574,891597.3785359183,2085277.8234910949
20240711,939849.1190363574,891597.3785359183,2083221.3364856793
20240712,939849.1190363574,891597.3785359183,2120238.102583154
20240715,939849.1190363574,891597.3785359183,2124351.076593985
20240716,939849.1190363574,891597.3785359183,2118181.615577739
20240717,939849.1190363574,891597.3785359183,2138746.485631892
20240718,939849.1190363574,891597.3785359183,2140802.972637307
20240719,939849.1190363574,891597.3785359183,2132577.024615646
20240722,939849.1190363574,891597.3785359183,2103786.2065398325
20240723,939849.1190363574,891597.3785359183,2093503.7715127557
20240724,939849.1190363574,891597.3785359183,2083221.3364856793
20240725,939849.1190363574,891597.3785359183,2074995.388464018
20240726,939849.1190363574,891597.3785359183,2062656.4664315262
20240729,939849.1190363574,891597.3785359183,2079108.3624748487
20240730,939849.1190363574,891597.3785359183,2072938.9014586029
20240731,939849.1190363574,891597.3785359183,2112012.154561493
20240801,939849.1190363574,891597.3785359183,2112012.154561493
20240802,939849.1190363574,891597.3785359183,2085277.8234910949
20240805,939849.1190363574,891597.3785359183,2066769.4404423572
20240806,939849.1190363574,891597.3785359183,2042091.5963773737
20240807,939849.1190363574,891597.3785359183,2042091.5963773737
20240808,939849.1190363574,891597.3785359183,2044148.0833827888
20240809,939849.1190363574,891597.3785359183,2064712.9534369418
20240812,939849.1190363574,891597.3785359183,2058543.492420696
20240813,939849.1190363574,891597.3785359183,2046204.5703882042
20240814,939849.1190363574,891597.3785359183,2040035.1093719585
20240815,939849.1190363574,891597.3785359183,2062656.4664315262
20240816,939849.1190363574,891597.3785359183,2083221.3364856793
20240819,939849.1190363574,891597.3785359183,2116125.128572324
20240820,939849.1190363574,891597.3785359183,2126407.5635994
20240821,939849.1190363574,891597.3785359183,2128464.050604815
20240822,939849.1190363574,891597.3785359183,2134633.5116210612
20240823,939849.1190363574,891597.3785359183,2153141.8946697987
20240826,939849.1190363574,891597.3785359183,2157254.8686806294
20240827,939849.1190363574,891597.3785359183,2144915.9466481376
20240828,939849.1190363574,891597.3785359183,2124351.076593985
20240829,939849.1190363574,891597.3785359183,2083221.3364856793
20240830,939849.1190363574,891597.3785359183,2089390.797501925
20240902,939849.1190363574,891597.3785359183,2079108.3624748487
20240903,939849.1190363574,891597.3785359183,2072938.9014586029
20240904,939849.1190363574,891597.3785359183,2060599.979426111
20240905,939849.1190363574,891597.3785359183,2070882.4144531875
20240906,939849.1190363574,891597.3785359183,2072938.9014586029
20240909,939849.1190363574,891597.3785359183,2025639.7003340512
20240910,939849.1190363574,891597.3785359183,2035922.1353611278
20240911,939849.1190363574,891597.3785359183,1984509.9602257458
20240912,939849.1190363574,891597.3785359183,2003018.3432744835
20240913,939849.1190363574,891597.3785359183,1994792.3952528222
20240918,939849.1190363574,891597.3785359183,2009187.804290729
20240919,939849.1190363574,891597.3785359183,2017413.7523123904
20240920,939849.1190363574,891597.3785359183,2035922.1353611278
20240923,939849.1190363574,891597.3785359183,2064712.9534369418
20240924,939849.1190363574,891597.3785359183,2132577.024615646
20240925,939849.1190363574,891597.3785359183,2159311.3556860443
20240926,939849.1190363574,891597.3785359183,2292983.011038038
20240927,939849.1190363574,891597.3785359183,2348508.1601842507
20240930,939849.1190363574,891597.3785359183,2510970.6336120577
20241008,939849.1190363574,891597.3785359183,2648755.2629748816
20241009,939849.1190363574,891597.3785359183,2401976.8223250476
20241010,939849.1190363574,891597.3785359183,2517557.4110638765
20241011,939849.1190363574,891597.3785359183,2462919.270256147
20241014,939849.1190363574,891597.3785359183,2525963.2788804504
20241015,939849.1190363574,891597.3785359183,2500745.675430729
20241016,939849.1190363574,891597.3785359183,2534369.146697025
20241017,939849.1190363574,891597.3785359183,2511253.0102014462
20241018,939849.1190363574,891597.3785359183,2530166.2127887374
20241021,939849.1190363574,891597.3785359183,2481832.472843438
20241022,939849.1190363574,891597.3785359183,2477629.5389351505
20241023,939849.1190363574,891597.3785359183,2492339.8076141546
20241024,939849.1190363574,891597.3785359183,2469223.6711185765
20241025,939849.1190363574,891597.3785359183,2460817.803302003
20241028,939849.1190363574,891597.3785359183,2446107.534622999
20241029,939849.1190363574,891597.3785359183,2425092.8650815636
20241030,939849.1190363574,891597.3785359183,2378860.592090408
20241031,939849.1190363574,891597.3785359183,2391469.3938152688
20241101,939849.1190363574,891597.3785359183,2401976.728585986
20241104,939849.1190363574,891597.3785359183,2408281.129448416
20241105,939849.1190363574,891597.3785359183,2448209.001577142
20241106,939849.1190363574,891597.3785359183,2427194.332035708
20241107,939849.1190363574,891597.3785359183,2502847.1423848723
20241108,939849.1190363574,891597.3785359183,2462919.270256147
20241111,939849.1190363574,891597.3785359183,2437701.6668064245
20241112,939849.1190363574,891597.3785359183,2425092.8650815636
20241113,939849.1190363574,891597.3785359183,2439803.133760568
20241114,939849.1190363574,891597.3785359183,2425092.8650815636
20241115,939849.1190363574,891597.3785359183,2404078.195540129
20241118,939849.1190363574,891597.3785359183,2469223.6711185765
20241119,939849.1190363574,891597.3785359183,2454513.4024395724
20241120,939849.1190363574,891597.3785359183,2446107.534622999
20241121,939849.1190363574,891597.3785359183,2435600.1998522813
20241122,939849.1190363574,891597.3785359183,2370454.724273834
20241125,939849.1190363574,891597.3785359183,2349440.054732399
20241126,939849.1190363574,891597.3785359183,2368353.25731969
20241127,939849.1190363574,891597.3785359183,2393570.860769412
20241128,939849.1190363574,891597.3785359183,2383063.525998695
20241129,939849.1190363574,891597.3785359183,2391469.3938152688
20241202,939849.1190363574,891597.3785359183,2393570.860769412
20241203,939849.1190363574,891597.3785359183,2414585.530310847
20241204,939849.1190363574,891597.3785359183,2408281.129448416
20241205,939849.1190363574,891597.3785359183,2404078.195540129
20241206,939849.1190363574,891597.3785359183,2450310.468531286
20241209,939849.1190363574,891597.3785359183,2452411.935485429
20241210,939849.1190363574,891597.3785359183,2477629.5389351505
20241211,939849.1190363574,891597.3785359183,2465020.73721029
20241212,939849.1190363574,891597.3785359183,2490238.3406600114
20241213,939849.1190363574,891597.3785359183,2429295.798989851
20241216,939849.1190363574,891597.3785359183,2431397.2659439943
20241217,939849.1190363574,891597.3785359183,2422991.3981274203
20241218,939849.1190363574,891597.3785359183,2448209.001577142
20241219,939849.1190363574,891597.3785359183,2435600.1998522813
20241220,939849.1190363574,891597.3785359183,2441904.600714712
20241223,939849.1190363574,891597.3785359183,2465020.73721029
20241224,939849.1190363574,891597.3785359183,2492339.8076141546
20241225,939849.1190363574,891597.3785359183,2504948.6093390156
20241226,939849.1190363574,891597.3785359183,2492339.8076141546
20241227,939849.1190363574,891597.3785359183,2486035.406751725
20241230,939849.1190363574,891597.3785359183,2511253.0102014462
20241231,939849.1190363574,891597.3785359183,2458716.3363478594
20250102,939849.1190363574,891597.3785359183,2401976.728585986
20250103,939849.1190363574,891597.3785359183,2391469.3938152688
20250106,939849.1190363574,891597.3785359183,2404078.195540129
20250107,939849.1190363574,891597.3785359183,2418788.464219134
20250108,939849.1190363574,891597.3785359183,2416686.99726499
20250109,939849.1190363574,891597.3785359183,2395672.3277235553
20250110,939849.1190363574,891597.3785359183,2374657.658182121
20250113,939849.1190363574,891597.3785359183,2353642.9886406856
20250114,939849.1190363574,891597.3785359183,2391469.3938152688
20250115,939849.1190363574,891597.3785359183,2412484.063356703
20250116,939849.1190363574,891597.3785359183,2431397.2659439943
20250117,939849.1190363574,891597.3785359183,2406179.662494273
20250120,939849.1190363574,891597.3785359183,2399875.2616318422
20250121,939849.1190363574,891597.3785359183,2380962.059044551
20250122,939849.1190363574,891597.3785359183,2330526.852145108
20250123,939849.1190363574,891597.3785359183,2378860.592090408
20250124,939849.1190363574,891597.3785359183,2383063.525998695
20250127,939849.1190363574,891597.3785359183,2410382.59640256
20250205,939849.1190363574,891597.3785359183,2389367.9268611246
20250206,939849.1190363574,891597.3785359183,2387266.4599069813
20250207,939849.1190363574,891597.3785359183,2391469.3938152688
20250210,939849.1190363574,891597.3785359183,2401976.728585986
20250211,939849.1190363574,891597.3785359183,2399875.2616318422
20250212,939849.1190363574,891597.3785359183,2399875.2616318422
20250213,939849.1190363574,891597.3785359183,2416686.99726499
20250214,939849.1190363574,891597.3785359183,2427194.332035708
20250217,939849.1190363574,891597.3785359183,2475528.0719810072
20250218,939849.1190363574,891597.3785359183,2481832.472843438
20250219,939849.1190363574,891597.3785359183,2460817.803302003
20250220,939849.1190363574,891597.3785359183,2450310.468531286
20250221,939849.1190363574,891597.3785359183,2446107.534622999
20250224,939849.1190363574,891597.3785359183,2435600.1998522813
20250225,939849.1190363574,891597.3785359183,2410382.59640256
20250226,939849.1190363574,891597.3785359183,2420889.9311732766
20250227,939849.1190363574,891597.3785359183,2441904.600714712
20250228,939849.1190363574,891597.3785359183,2422991.3981274203
20250303,939849.1190363574,891597.3785359183,2418788.464219134
20250304,939849.1190363574,891597.3785359183,2418788.464219134
20250305,939849.1190363574,891597.3785359183,2450310.468531286
20250306,939849.1190363574,891597.3785359183,2444006.067668855
20250307,939849.1190363574,891597.3785359183,2452411.935485429
20250310,939849.1190363574,891597.3785359183,2435600.1998522813
20250311,939849.1190363574,891597.3785359183,2439803.133760568
20250312,939849.1190363574,891597.3785359183,2490238.3406600114
20250313,939849.1190363574,891597.3785359183,2488136.873705868
20250314,939849.1190363574,891597.3785359183,2515455.944109733
20250317,939849.1190363574,891597.3785359183,2416686.99726499
20250318,939849.1190363574,891597.3785359183,2414585.530310847
20250319,939849.1190363574,891597.3785359183,2420889.9311732766
20250320,939849.1190363574,891597.3785359183,2414585.530310847
20250321,939849.1190363574,891597.3785359183,2399875.2616318422
20250324,939849.1190363574,891597.3785359183,2391469.3938152688
20250325,939849.1190363574,891597.3785359183,2401976.728585986
20250326,939849.1190363574,891597.3785359183,2391469.3938152688
20250327,939849.1190363574,891597.3785359183,2393570.860769412
20250328,939849.1190363574,891597.3785359183,2385164.992952838
20250331,939849.1190363574,891597.3785359183,2366251.790365547
20250401,939849.1190363574,891597.3785359183,2368353.25731969
20250402,939849.1190363574,891597.3785359183,2389367.9268611246
20250403,939849.1190363574,891597.3785359183,2383063.525998695
20250407,939849.1190363574,891597.3785359183,2248569.6409335122
20250408,939849.1190363574,891597.3785359183,2273787.244383234
20250409,939849.1190363574,891597.3785359183,2269584.310474947
20250410,939849.1190363574,891597.3785359183,2290598.980016382
20250411,939849.1190363574,891597.3785359183,2288497.5130622387
20250414,939849.1190363574,891597.3785359183,2296903.380878812
20250415,939849.1190363574,891597.3785359183,2301106.314787099
20250416,939849.1190363574,891597.3785359183,2311613.649557817
20250417,939849.1190363574,891597.3785359183,2324222.4512826777
20250418,939849.1190363574,891597.3785359183,2349440.054732399
20250421,939849.1190363574,891597.3785359183,2315816.5834661033
20250422,939849.1190363574,891597.3785359183,2320019.5173743903
20250423,939849.1190363574,891597.3785359183,2313715.11651196
20250424,939849.1190363574,891597.3785359183,2317918.0504202466
20250425,939849.1190363574,891597.3785359183,2313715.11651196
20250428,939849.1190363574,891597.3785359183,2311613.649557817
20250429,939849.1190363574,891597.3785359183,2307410.71564953
20250430,939849.1190363574,891597.3785359183,2292700.446970525
20250506,939849.1190363574,891597.3785359183,2303207.781741243
20250507,939849.1190363574,891597.3785359183,2317918.0504202466
20250508,939849.1190363574,891597.3785359183,2328425.385190964
20250509,939849.1190363574,891597.3785359183,2343135.653869969
20250512,939849.1190363574,891597.3785359183,2345237.120824112
20250513,939849.1190363574,891597.3785359183,2372556.191227977
20250514,939849.1190363574,891597.3785359183,2401976.728585986
20250515,939849.1190363574,891597.3785359183,2393570.860769412
20250516,939849.1190363574,891597.3785359183,2391469.3938152688
20250519,939849.1190363574,891597.3785359183,2389367.9268611246
20250520,939849.1190363574,891597.3785359183,2393570.860769412
20250521,939849.1190363574,891597.3785359183,2412484.063356703
20250522,939849.1190363574,891597.3785359183,2427194.332035708
20250523,939849.1190363574,891597.3785359183,2408281.129448416
20250526,939849.1190363574,891597.3785359183,2399875.2616318422
20250527,939849.1190363574,891597.3785359183,2414585.530310847
20250528,939849.1190363574,891597.3785359183,2422991.3981274203
20250529,939849.1190363574,891597.3785359183,2408281.129448416
20250530,939849.1190363574,891597.3785359183,2429295.798989851
20250603,939849.1190363574,891597.3785359183,2481832.472843438
20250604,939849.1190363574,891597.3785359183,2488136.873705868
20250605,939849.1190363574,891597.3785359183,2452411.935485429
20250606,939849.1190363574,891597.3785359183,2458716.3363478594
20250609,938246.6482451616,888921.3140173954,2460817.803302003
20250610,946259.0022011409,896512.4439406866,2481832.472843438
20250611,949463.9437835325,899548.895910003,2490238.3406600114
20250612,965164.5430018271,914424.0860469361,2531417.6128174467
20250613,956901.14794188,906595.1127074932,2509744.516817298
20250616,974254.2775677688,923035.9567203233,2555258.018417611
20250617,971775.2590497849,920687.2647184905,2548756.0896175667
20250618,972601.5985557796,921470.1620524348,2550923.3992175814
20250619,966817.2220138165,915989.8807148247,2535752.2320174766
20250620,978385.9750977425,926950.4433900447,2566094.5664176857
20250623,985823.030651695,933996.5193955435,2585600.3528178204
20250624,985823.030651695,933996.5193955435,2585600.3528178204
20250625,996565.4442296264,944174.1847368195,2613775.377618015
20250626,1025487.3269394413,971575.5914248696,2689631.2136185374
20250627,1008134.1973135523,955134.7474120394,2644117.7120182235
20250630,997391.783735621,944957.0820707636,2615942.6872180295
20250701,1016397.5923734995,962963.7207514824,2665790.8080183733
20250702,1018050.2713854889,964529.515419371,2670125.4272184027
20250703,1020529.289903473,966878.2074212038,2676627.356018448
20250704,1041187.7775533409,986450.6407698112,2730810.096018821
20250707,1056061.8886612458,1000542.7927808085,2769821.66881909
20250708,1048624.8331072934,993496.7167753099,2750315.882418955
20250709,1061019.925697214,1005240.1767844743,2782825.5264191795
20250710,1089115.4689010344,1031858.6861385803,2856514.052819688
20250711,1066804.302239177,1010720.4581220844,2797996.6936192843
20250714,1072588.6787811401,1016200.7394596945,2813167.860819389
20250715,1051930.1911312724,996628.3061110872,2758985.1208190154
20250716,1044493.1355773198,989582.2301055884,2739479.3344188808
20250717,1040361.4380473462,985667.7434358669,2728642.7864188063
20250718,1049451.172613288,994279.6141092542,2752483.1920189704
20250721,1042014.1170593356,987233.5381037554,2732977.4056188357
20250722,1032098.042987399,977838.770096424,2706969.690418657
20250723,1035403.4010113779,980970.3594322011,2715638.9288187167
20250724,1020529.289903473,966878.2074212038,2676627.356018448
20250725,1020529.289903473,966878.2074212038,2676627.356018448
20250728,1029619.024469415,975490.0780945912,2700467.761618612
20250729,1019702.9503974783,966095.3100872595,2674460.0464184326
20250730,1032098.042987399,977838.770096424,2706969.690418657
20250731,1010613.2158315366,957483.4394138724,2650619.6408182685
20250801,1014744.91336151,961397.9260835937,2661456.188818343
20250804,1016397.5923734995,962963.7207514824,2665790.8080183733
20250805,1030445.3639754097,976272.9754285355,2702635.071218627
20250806,1029619.024469415,975490.0780945912,2700467.761618612
20250807,1030445.3639754097,976272.9754285355,2702635.071218627
20250808,1024660.9874334467,970792.6940909254,2687463.9040185227
20250811,1016397.5923734995,962963.7207514824,2665790.8080183733
20250812,1018876.6108914837,965312.4127533153,2672292.736818418
20250813,1013092.2343495206,959832.1314157053,2657121.5696183136
20250814,1008134.1973135523,955134.7474120394,2644117.7120182235
20250815,998218.1232416158,945739.9794047079,2618109.9968180447
20250818,998218.1232416158,945739.9794047079,2618109.9968180447
20250819,996565.4442296264,944174.1847368195,2613775.377618015
20250820,997391.783735621,944957.0820707636,2615942.6872180295
20250821,1004002.4997835788,951220.260742318,2633281.164018149
20250822,996565.4442296264,944174.1847368195,2613775.377618015
20250825,1028792.6849634201,974707.1807606468,2698300.452018597
20250826,1021355.6294094678,967661.1047551482,2678794.665618463
20250827,996565.4442296264,944174.1847368195,2613775.377618015
20250828,998218.1232416158,945739.9794047079,2618109.9968180447
20250829,995739.1047236316,943391.2874028751,2611608.0680179996
20250901,982517.6726277161,930864.9300597663,2576931.1144177606
20250902,989954.7281816687,937911.006065265,2596436.9008178953
20250903,970948.9195437902,919904.3673845462,2546588.7800175515
20250904,970122.5800377954,919121.4700506019,2544421.4704175363
20250905,968469.901025806,917555.6753827133,2540086.851217507
20250908,966817.2220138165,915989.8807148247,2535752.2320174766
20250909,970948.9195437902,919904.3673845462,2546588.7800175515
20250910,972601.5985557796,921470.1620524348,2550923.3992175814
20250911,979212.3146037373,927733.3407239891,2568261.876017701
20250912,968469.901025806,917555.6753827133,2540086.851217507
20250915,962685.524483843,912075.3940451032,2524915.684017402
20250916,961859.1849778483,911292.4967111589,2522748.374417387
20250917,961859.1849778483,911292.4967111589,2522748.374417387
20250918,942853.3763399699,893285.8580304402,2472900.2536170436
20250919,946158.7343639486,896417.4473662173,2481569.4920171034
20250922,940374.3578219857,890937.1660286074,2466398.324816999
20250923,951943.1109059117,901897.7287038274,2496740.6592172077
20250924,946985.0738699435,897200.3447001617,2483736.8016171185
20250925,942027.0368339751,892502.9606964958,2470732.944017029
20250926,942027.0368339751,892502.9606964958,2470732.944017029
20250929,939548.0183159909,890154.2686946628,2464231.0152169834
20250930,937068.9997980068,887805.5766928302,2457729.0864169393
20251009,942027.0368339751,892502.9606964958,2470732.944017029
20251010,944506.0553519593,894851.6526983287,2477234.8728170735
20251013,942027.0368339751,892502.9606964958,2470732.944017029
20251014,956074.8084358852,905812.2153735489,2507577.2072172826
20251015,961981.5597566259,911408.4380250523,2523069.336964767
20251016,973795.368385216,922601.1732288686,2554054.3989976672
20251017,961981.5597566259,911408.4380250523,2523069.336964767
20251020,963669.2467035673,913007.4001970261,2527495.774398038
20251021,964513.0901770381,913806.881283013,2529708.993114674
20251022,972107.6814382746,921002.211056895,2549627.9615643956
20251023,981389.9596464526,929796.5030027508,2573973.3674473893
20251024,975483.0553321575,924200.1354008425,2558480.836430939
20251027,972107.6814382746,921002.211056895,2549627.9615643956
20251028,967888.4640709211,917004.8056269606,2538561.8679812173
20251029,961137.7162831551,910608.9569390654,2520856.118248131
20251030,960293.8728096845,909809.4758530786,2518642.8995314953
20251031,955230.8119688601,905012.5893371572,2505363.5872316808
20251103,964513.0901770381,913806.881283013,2529708.993114674
20251104,978014.5857525696,926598.5786588031,2565120.492580846
20251105,972107.6814382746,921002.211056895,2549627.9615643956
20251106,971263.8379648038,920202.729970908,2547414.7428477597
20251107,974639.2118586869,923400.6543148557,2556267.6177143035
20251110,981389.9596464526,929796.5030027508,2573973.3674473893
20251111,984765.3335403354,932994.4273466982,2582826.242313932
20251112,985609.1770138062,933793.9084326852,2585039.461030568
20251113,987296.8639607475,935392.8706046588,2589465.898463839
20251114,991516.0813281012,939390.2760345933,2600531.9920470184
20251117,984765.3335403354,932994.4273466982,2582826.242313932
20251118,978014.5857525696,926598.5786588031,2565120.492580846
20251119,995735.298695455,943387.6814645279,2611598.085630197
20251120,999954.5160628085,947385.0868944622,2622664.179213376
20251121,986453.020487277,934593.389518672,2587252.679747204
20251124,978858.4292260403,927398.05974479,2567333.711297482
20251125,995735.298695455,943387.6814645279,2611598.085630197
20251126,986453.020487277,934593.389518672,2587252.679747204
20251127,988140.7074342185,936192.3516906459,2591679.1171804755
20251128,979702.272699511,928197.5408307769,2569546.9300141176
20251201,986453.020487277,934593.389518672,2587252.679747204
20251202,982233.8031199233,930595.9840887378,2576186.586164025
20251203,974639.2118586869,923400.6543148557,2556267.6177143035
20251204,969576.1510178624,918603.7677989342,2542988.3054144885
20251205,972951.5249117452,921801.6921428817,2551841.1802810314
20251208,972107.6814382746,921002.211056895,2549627.9615643956
20251209,964513.0901770381,913806.881283013,2529708.993114674
20251210,956074.6554423309,905812.0704231441,2507576.8059483166
20251211,959450.0293362136,909009.9947670916,2516429.680814859
20251212,957762.3423892722,907411.0325951178,2512003.243381588
20251215,971263.8379648038,920202.729970908,2547414.7428477597
20251216,968732.3075443918,917804.2867129475,2540775.086697853
20251217,972951.5249117452,921801.6921428817,2551841.1802810314
20251218,982233.8031199233,930595.9840887378,2576186.586164025
20251219,980546.1161729818,928997.0219167639,2571760.1487307535
20251222,972107.6814382746,921002.211056895,2549627.9615643956
20251223,975483.0553321575,924200.1354008425,2558480.836430939
20251224,973795.368385216,922601.1732288686,2554054.3989976672
20251225,975483.0553321575,924200.1354008425,2558480.836430939
20251226,973795.368385216,922601.1732288686,2554054.3989976672
20251229,975483.0553321575,924200.1354008425,2558480.836430939
20251230,968732.3075443918,917804.2867129475,2540775.086697853
20251231,962825.4032300967,912207.9191110393,2525282.555681403
20260105,970419.9944913331,919403.2488849212,2545201.5241311244
20260106,984765.3335403354,932994.4273466982,2582826.242313932
20260107,982233.8031199233,930595.9840887378,2576186.586164025
20260108,971263.8379648038,920202.729970908,2547414.7428477597
20260109,967044.6205974503,916205.3245409736,2536348.6492645815
20260112,968732.3075443918,917804.2867129475,2540775.086697853
20260113,967888.4640709211,917004.8056269606,2538561.8679812173
20260114,958606.185862743,908210.5136811048,2514216.4620982236
20260115,954386.9684953894,904213.1082511704,2503150.368515045
20260116,944260.8468137407,894619.3352193276,2476591.743915416
20260119,938353.9424994455,889022.9676174194,2461099.2128989655
20260120,941729.3163933285,892220.891961367,2469952.0877655083
20260121,934134.725132092,885025.562187485,2450033.1193157868
20260122,934134.725132092,885025.562187485,2450033.1193157868
20260123,927383.9773443262,878629.7134995898,2432327.3695827005
20260126,924852.4469239141,876231.2702416293,2425687.7134327935
20260127,923164.7599769725,874632.3080696553,2421261.2759995214
20260128,914726.3252422654,866637.4972097867,2399129.0888331644
20260129,924852.4469239141,876231.2702416293,2425687.7134327935
20260130,913882.4817687946,865838.0161237997,2396915.870116528
20260202,916414.0121892068,868236.4593817603,2403555.5262664356
20260203,914726.3252422654,866637.4972097867,2399129.0888331644
20260204,925696.2903973848,877030.7513276162,2427900.932149429
20260205,935822.4120790334,886624.5243594587,2454459.556749058
20260206,932447.0381851506,883426.6000155113,2445606.6818825155
20260209,934134.725132092,885025.562187485,2450033.1193157868
20260210,933290.8816586212,884226.0811014981,2447819.900599151
20260211,934134.725132092,885025.562187485,2450033.1193157868
20260212,924852.4469239141,876231.2702416293,2425687.7134327935
20260213,920633.2295565604,872233.8648116948,2414621.619849615
20260224,920633.2295565604,872233.8648116948,2414621.619849615
20260225,916414.0121892068,868236.4593817603,2403555.5262664356
20260226,917257.8556626773,869035.9404677472,2405768.744983071
20260227,919789.3860830896,871434.3837257079,2412408.4011329785
20260302,915570.168715736,867436.9782957734,2401342.3075498
20260303,918101.6991361483,869835.4215537342,2407981.9636997073
20260304,903756.3600871459,856244.2430919571,2370357.2455168995
20260305,912194.7948218532,864239.053951826,2392489.432683257
20260306,913038.6382953239,865038.5350378129,2394702.6513998928
20260309,907975.5774544996,860241.6485218914,2381423.339100078
20260310,912194.7948218532,864239.053951826,2392489.432683257
20260311,918945.5426096191,870634.9026397212,2410195.182416343
20260312,923164.7599769725,874632.3080696553,2421261.2759995214
20260313,922320.9165035018,873832.8269836686,2419048.057282886
20260316,921477.073030031,873033.3458976817,2416834.83856625
20260317,930759.351238209,881827.6378435375,2441180.2444492434
20260318,924852.4469239141,876231.2702416293,2425687.7134327935
20260319,918101.6991361483,869835.4215537342,2407981.9636997073
20260320,908819.4209279702,861041.1296078784,2383636.557816714
20260323,881816.429776907,835457.7348562978,2312813.558884369
20260324,918101.6991361483,869835.4215537342,2407981.9636997073
20260325,923164.7599769725,874632.3080696553,2421261.2759995214
20260326,923164.7599769725,874632.3080696553,2421261.2759995214
20260327,929915.5077647383,881028.1567575505,2438967.0257326076
20260330,927383.9773443262,878629.7134995898,2432327.3695827005
20260331,934978.5686055627,885825.0432734719,2452246.338032422
20260401,940885.4729198578,891421.4108753802,2467738.869048873
20260402,951011.5946015064,901015.1839072227,2494297.4936485016
20260403,938353.9424994455,889022.9676174194,2461099.2128989655
20260407,930759.351238209,881827.6378435375,2441180.2444492434
20260408,946792.377234153,897017.7784772884,2483231.4000653233
20260409,936666.2555525042,887424.0054454457,2456672.775465694
20260410,935822.4120790334,886624.5243594587,2454459.556749058
20260413,934134.725132092,885025.562187485,2450033.1193157868
20260414,942573.1598667993,893020.3730473539,2472165.306482144
20260415,945948.5337606822,896218.2973913015,2481018.1813486875
20260416,935822.4120790334,886624.5243594587,2454459.556749058
20260417,929071.6642912675,880228.6756715636,2436753.8070159717
20260420,933290.8816586212,884226.0811014981,2447819.900599151
20260421,934978.5686055627,885825.0432734719,2452246.338032422
20260422,926540.1338708556,877830.2324136031,2430114.150866065
20260423,928227.820817797,879429.1945855768,2434540.5882993364
20260424,928227.820817797,879429.1945855768,2434540.5882993364
20260427,960293.8728096845,909809.4758530786,2518642.8995314953
20260428,967044.6205974503,916205.3245409736,2536348.6492645815
20260429,972107.6814382746,921002.211056895,2549627.9615643956
20260430,969576.1510178624,918603.7677989342,2542988.3054144885
20260506,958606.185862743,908210.5136811048,2514216.4620982236
20260507,959450.0293362136,909009.9947670916,2516429.680814859
20260508,953543.1250219187,903413.6271651834,2500937.149798409
20260511,951855.4380749771,901814.6649932096,2496510.7123651374
20260512,949323.907654565,899416.2217352489,2489871.0562152304
20260513,940041.629446387,890621.9297893933,2465525.650332237
20260514,932447.0381851506,883426.6000155113,2445606.6818825155
20260515,927383.9773443262,878629.7134995898,2432327.3695827005
20260518,916414.0121892068,868236.4593817603,2403555.5262664356
20260519,916414.0121892068,868236.4593817603,2403555.5262664356
20260520,908819.4209279702,861041.1296078784,2383636.557816714
20260521,902912.5166136752,855444.7620059701,2368144.0268002637
20260522,901224.8296667336,853845.7998339963,2363717.5893669915
20260525,901224.8296667336,853845.7998339963,2363717.5893669915
20260526,910507.1078749116,862640.091779852,2388062.9952499853
20260527,907975.5774544996,860241.6485218914,2381423.339100078
20260528,899537.1427197922,852246.8376620226,2359291.1519337203
20260529,922320.9165035018,873832.8269836686,2419048.057282886
20260601,927383.9773443262,878629.7134995898,2432327.3695827005
20260602,934978.5686055627,885825.0432734719,2452246.338032422
20260603,927383.9773443262,878629.7134995898,2432327.3695827005
20260604,913038.6382953239,865038.5350378129,2394702.6513998928
20260605,926540.1338708556,877830.2324136031,2430114.150866065
20260608,930759.351238209,881827.6378435375,2441180.2444492434
20260609,939197.7859729163,889822.4487034064,2463312.4316156013
20260610,955230.8119688601,905012.5893371572,2505363.5872316808
20260611,953543.1250219187,903413.6271651834,2500937.149798409
20260612,979691.6672364833,928187.4929162461,2569519.114180957
20260615,964002.6547718422,913323.2803962351,2528370.2315695183
20260616,953543.313128748,903413.8053828942,2500937.6431618924
20260617,939597.524271289,890201.1720317733,2464360.8586183907
20260618,916935.6173779184,868730.6428362018,2404923.5837352015
20260622,928266.5708246038,879465.9074339876,2434642.2211767966
20260623,933496.241646151,884420.644940658,2448358.5153806093
20260624,916064.0055743273,867904.8532517568,2402637.534701233
20260625,908219.4993420067,860472.7469917512,2382063.0933955135
20260626,891658.8750737744,844782.7448872951,2338628.1617501057
20260629,892530.4868773656,845608.5344717402,2340914.210784075
20260630,875969.8626091331,829918.5323672841,2297479.279138667
20260701,885557.5924486361,839002.2177961797,2322625.8185123242
20260702,896016.9340917302,848911.6928095204,2350058.4069199497
20260703,896888.5458953213,849737.4823939654,2352344.4559539184
20260706,915192.3937707361,867079.0636673117,2400351.485667264
20260707,912577.5583599627,864601.6949139765,2393493.3385653575
20260708,923908.5118066478,875336.9595117621,2423211.976006952
20260709,914320.7819671449,866253.2740828666,2398065.4366332954
20260710,910834.3347527803,862950.1157450865,2388921.24049742
20260713,918678.8409851007,870382.2220050918,2409495.681803139
20260714,931753.0180389684,882769.0657717678,2443786.4173126714
20260715,944827.195092836,895155.9095384437,2478077.152822204
20260716,938725.9124676979,889375.3824473282,2462074.809584422
20260717,939597.524271289,890201.1720317733,2464360.8586183907
20260720,957029.7603431126,906716.9637206745,2510081.8392977677
20260721,944827.195092836,895155.9095384437,2478077.152822204
20260722,957029.7603431126,906716.9637206745,2510081.8392977677
20260723,965745.8783790243,914974.8595651251,2532942.3296374558
20260724,967489.1019862067,916626.4387340152,2537514.427705393
20260727,968360.7137897979,917452.2283184602,2539800.476739362
20260729,983178.114450848,931490.6512540262,2578663.3103168323
20260730,1011941.3039693568,958741.7075407133,2654102.9284378034
20260731,1013684.5275765392,960393.2867096034,2658675.026505741
20260803,1012812.915772948,959567.4971251582,2656388.977471772
20260804,997123.9033083067,944703.2846051472,2615240.094860333
20260805,980563.2790400744,929013.2825006911,2571805.1632149257
20260806,982306.5026472567,930664.8616695812,2576377.261282863
20260807,975333.6082185273,924058.5449940207,2558088.869011113
20260810,984049.726254439,932316.4408384713,2580949.359350801
20260811,981434.8908436656,929839.0720851361,2574091.2122488944
20260813,980563.2790400744,929013.2825006911,2571805.1632149257
20260814,968360.7137897979,917452.2283184602,2539800.476739362
20260817,967489.1019862067,916626.4387340152,2537514.427705393
20260818,963131.0429682509,912497.49081179,2526084.182535549
20260819,982306.5026472567,930664.8616695812,2576377.261282863
20260820,993637.4560939422,941400.126267367,2606095.898724458
20260821,994509.0678975333,942225.915851812,2608381.947758427
