trade_date,nav_gross,nav_net,nav_hold
20120215,1000000.0,1000000.0,1010437.282865885
20120216,1000000.0,1000000.0,994461.1697692375
20120217,1000000.0,1000000.0,993008.7958513603
20120220,1000000.0,1000000.0,990000.3070214723
20120221,1000000.0,1000000.0,995654.1912017792
20120222,1000000.0,1000000.0,999855.7014642092
20120223,1000000.0,1000000.0,1007895.6285096001
20120224,1000000.0,1000000.0,1027450.8059038732
20120227,1000000.0,1000000.0,1029629.3667806886
20120228,1000000.0,1000000.0,1041248.358123705
20120229,1017213.9303482587,1015892.9647262252,1060544.1830326428
20120301,1007860.6965174131,1006551.8771116049,1050792.52958404
20120302,999502.4875621891,998204.522221944,1042078.2860767776
20120305,994228.8557213931,992937.7387796579,1036580.0133876717
20120306,975373.1343283583,974106.503641673,1016921.0949992646
20120307,960845.7711442787,959598.0058572625,1001774.9098556896
20120308,967363.1840796021,966106.9552057481,1008569.9449714716
20120309,994676.6169154231,993384.9185058898,1037046.8478612751
20120312,997711.4427860697,996415.8033170166,1040210.9481823642
20120313,1003283.5820895523,1001980.7065767904,1046020.4438538724
20120314,988407.9601990051,987124.4023386441,1030511.1652308283
20120315,989701.4925373137,988416.2548810918,1031859.7981545713
20120316,1032786.0696517413,1031444.8818718434,1076779.6486146254
20120319,1033034.8258706467,1031693.3150530832,1077039.0010999606
20120320,1033582.0895522388,1032239.868051811,1077609.576567698
20120321,1020398.0099502489,1019072.9094460962,1063863.8948449332
20120322,1021641.7910447761,1020315.0753522954,1065160.657271609
20120323,1054825.8706467664,1053456.0617296991,1099758.278815323
20120326,1070646.7661691543,1069256.4120565571,1116253.0968826408
20120327,1002487.5621890548,1001185.7203968228,1045190.5159007998
20120328,1001990.0497512439,1000688.854034343,1044671.8109301295
20120329,1000746.2686567166,999446.6881281434,1043375.0485034535
20120330,979900.497512438,978627.9875402394,1021641.3102323649
20120405,1024875.6218905475,1023544.7067084145,1068532.2395809665
20120406,1034676.616915423,1033332.9740492667,1078750.7275031728
20120409,1041094.5273631843,1039742.5501252563,1085442.0216248208
20120410,1035373.1343283585,1034028.5869567386,1079476.9144621117
20120411,1039054.7263681593,1037705.398039089,1083315.3312450722
20120412,1056815.9203980102,1055443.5271796184,1101833.0986980044
20120413,1059850.746268657,1058474.4119907452,1104997.1990190938
20120416,1058855.721393035,1057480.6792657857,1103959.789077753
20120417,1045671.6417910449,1044313.7206600705,1090214.107354988
20120418,1063980.0995024876,1062598.4027993276,1109302.4502756577
20120419,1042189.0547263683,1040835.6561227118,1086583.1725602956
20120420,1057213.930348259,1055841.0202696023,1102248.0626745408
20120423,1053930.3482587065,1052561.7022772355,1098824.6098681162
20120424,1052338.3084577115,1050971.7299173002,1097164.753961971
20120425,1059303.4825870646,1057927.8589920173,1104426.6235513561
20120426,1078059.7014925375,1076659.7208575064,1123981.8009456294
20120427,1117213.930348259,1115763.1035846677,1164803.8821373875
20120502,1124278.6069651742,1122818.6059318811,1172169.4927209069
20120503,1127810.945273632,1126346.3571054877,1175852.2980126666
20120504,1164179.104477612,1162667.288202762,1213769.6313686706
20120507,1166716.4179104478,1165201.306651409,1216415.0267190896
20120508,1164726.368159204,1163213.8412014898,1214340.2068364082
20120509,1148407.9601990052,1146916.624512152,1197326.68379842
20120510,1132835.8208955224,1131364.7073665336,1181091.2182164371
20120511,1132786.0696517415,1131315.0207302857,1181039.3477193704
20120514,1105373.1343283586,1103937.6841576481,1152458.7038354329
20120515,1110000.0000000002,1108558.5413287105,1157282.6600626674
20120516,1094626.865671642,1093205.3707280841,1141254.6764689528
20120517,1094079.60199005,1092658.8177293565,1140684.1010012154
20120518,1084179.104477612,1082771.177116008,1130361.872084875
20120521,1110398.0099502488,1108956.0344186942,1157697.6240392034
20120522,1140696.5174129356,1139215.195893715,1189286.7567530293
20120523,1146616.9154228857,1145127.9056072247,1195459.3459040066
20120524,1095721.393034826,1094298.47672554,1142395.8274044276
20120525,1087462.6865671645,1086050.4951083749,1133785.3248912995
20120528,1121840.7960199006,1120383.96075573,1169627.838364622
20120530,1137611.9402985075,1136134.62444634,1186070.7859348727
20120531,1177512.4378109456,1175983.306717221,1227670.9245826367
20120601,1195870.6467661692,1194317.675492726,1246811.1380003735
20120604,1176766.1691542289,1175238.0071735012,1226892.867126631
20120605,1198009.9502487564,1196454.2008513894,1249041.5693742563
20120606,1177014.9253731347,1175486.4403547412,1227152.2196119665
20120607,1183980.0995024878,1182442.5694294586,1234414.0892013516
20120608,1188955.2238805972,1187411.2330542565,1239601.1389080551
20120611,1171890.5472636817,1170368.716821199,1221809.5584140616
20120612,1163432.8358208956,1161921.9886590424,1212991.5739126652
20120613,1189004.9751243782,1187460.9196905047,1239653.0094051224
20120614,1216865.6716417912,1215285.435989374,1268700.487762663
20120615,1210845.7711442786,1209273.3530033682,1262424.1576175515
20120618,1226169.154228856,1224576.8369677467,1278400.2707141992
20120619,1212437.8109452738,1210863.3253633038,1264084.013523697
20120620,1211741.2935323385,1210167.7124558322,1263357.8265647583
20120621,1192935.3233830847,1191386.1639540952,1243750.7786734183
20120625,1182089.5522388062,1180554.4772520352,1232443.0103128043
20120626,1183333.3333333335,1181796.643158235,1233739.77273948
20120627,1203482.5870646767,1201919.7308386671,1254747.3240516302
20120628,1174825.8706467662,1173300.2283598299,1224869.9177410165
20120629,1189800.9950248757,1188255.9058704723,1240482.937358195
20120702,1203233.8308457714,1201671.2976574274,1254487.971566295
20120703,1268358.2089552241,1266711.1045060349,1322386.4522270467
20120704,1286865.6716417912,1285194.533190284,1341682.2771359847
20120705,1271671.087073344,1270019.6804828122,1325840.4489847056
20120706,1313763.6729245756,1312057.6044215462,1369726.052338606
20120709,1287184.200946487,1285512.6488491884,1342014.3748306208
20120710,1265304.1413143342,1263661.0029122473,1319202.2904941996
20120711,1303758.4724461318,1302065.3968106587,1359294.6604249538
20120712,1293904.8659143308,1292224.5862847846,1349021.3199039327
20120713,1327457.6594380017,1325733.8077677612,1384003.3614729482
20120716,1325183.7502383552,1323462.8514925595,1381632.5905834818
20120717,1282282.6633383604,1280617.4764337535,1336904.0464688821
20120718,1237815.105656387,1236207.6648298088,1290542.3046304279
20120719,1244131.5200998492,1242515.876705369,1297127.77932339
20120720,1228315.21833342,1226720.114168966,1280637.7506922127
20120723,1225788.6525560352,1224196.829418742,1278003.560815028
20120724,1260149.9471284691,1258513.5020217902,1313828.5431447425
20120725,1291327.7688213983,1289650.835839556,1346334.4462292043
20120726,1265506.266576525,1263862.8656922653,1319413.0256843744
20120727,1260503.666337303,1258866.7618868214,1314197.3297275482
20120730,1262474.3876436632,1260834.9239919963,1316251.9978317525
20120731,1245293.7403574463,1243676.5876904724,1298339.5066668952
20120801,1228163.624386777,1226568.7170839526,1280479.6992995816
20120802,1223666.3373030317,1222077.2702285536,1275790.8413181924
20120803,1247921.3687659265,1246300.8038307054,1301079.0641391675
20120806,1257370.724773346,1255737.8887965437,1310930.934279839
20120807,1272883.8386464887,1271230.8571629198,1327104.8601257543
20120808,1277431.6570457816,1275772.7697133233,1331846.4019046873
20120809,1318463.0852705117,1316750.9140569633,1374625.6455101701
20120810,1254237.7832093886,1252609.0157062658,1307664.53883213
20120813,1253176.6255828869,1251549.2361111715,1306558.179083712
20120814,1250650.0598055022,1249025.9513609475,1303923.9892065271
20120815,1233621.0064659282,1232019.0121444368,1286169.549434301
20120816,1209113.3184252952,1207543.1500672626,1260617.9076256074
20120817,1160300.0676062198,1158793.2886929323,1209725.359198395
20120820,1175611.056217172,1174084.3942792905,1225688.5498541356
20120821,1191477.889299149,1189930.6225106982,1242231.2622828567
20120822,1173236.0843864302,1171712.50661408,1223212.4113695817
20120823,1153478.3400072807,1151980.4198673272,1202613.046529996
20120824,1171720.1449199994,1170198.5357639454,1221631.8974432708
20120827,1154640.5602648777,1153141.1308524301,1203824.7738735008
20120828,1139632.7595472117,1138152.819436099,1188177.6860030226
20120829,1107444.3115433287,1106006.1717182435,1154618.106967687
20120830,1100976.3031532234,1099546.5627576695,1147874.5808820934
20120831,1110476.1904761905,1109034.1134185123,1157779.1348203088
20120904,1179552.4988298924,1178020.7184896402,1229797.886062544
20120905,1182735.9717093974,1181200.0572749227,1233116.965307797
20120906,1171063.2378178793,1169542.4817288872,1220947.0080752028
20120907,1220836.583632361,1219251.1913083026,1272840.5486557453
20120910,1221240.8341567423,1219654.9168683384,1273262.019036095
20120911,1211387.2276249414,1209814.1063424645,1262988.6785150738
20120912,1214065.3873489695,1212488.7881777019,1265780.9197848898
20120913,1212650.510513634,1211075.7487175765,1264305.7734536664
20120914,1236804.479345433,1235198.3509297192,1289488.6286795537
20120917,1219320.64416593,1217737.2204581683,1271260.0347294344
20120918,1214419.1065578035,1212842.0480427335,1266149.7063676957
20120919,1170103.142822473,1168583.633523802,1219946.0159218726
20120920,1157369.2513044535,1155866.2783826722,1206669.6989408606
20120921,1165201.6052143464,1163688.4611083672,1214835.6875601336
20120924,1174145.6480662888,1172620.8891241606,1224160.7197253683
20120925,1205222.4071281224,1203657.2915519173,1256561.2552147424
20120926,1191882.1398235303,1190334.348070734,1242652.7326632063
20120927,1216238.2339175204,1214658.8130628946,1268046.3230792687
20120928,1242059.7361623938,1240446.7832101854,1294967.7436240986
20121008,1212448.3852514431,1210873.8859375585,1264095.0382634914
20121009,1233722.0690970237,1232119.9435344457,1286274.9170293882
20121010,1232054.5356839495,1230454.5755992976,1284536.3517104462
20121011,1222504.117045435,1220916.5592434506,1274579.1139746874
20121012,1230488.064901971,1228890.1390541587,1282903.1539865916
20121015,1241604.9543224643,1239992.5919551451,1294493.5894462052
20121016,1262322.79369702,1260683.526906983,1316093.9464391214
20121017,1257118.0681956073,1255485.5603215212,1310667.5152921204
20121018,1269447.7091892452,1267799.189902615,1323522.3618927829
20121019,1278442.2833567355,1276782.083613413,1332900.0778555612
20121022,1266011.579732002,1264367.5226423102,1319939.8636598114
20121023,1236501.2914521468,1234895.556759692,1289172.5258942917
20121024,1244485.2393086832,1242869.1365704006,1297496.5659061961
20121025,1243424.0816821812,1241809.3569753063,1296390.2061577782
20121026,1218259.4865394284,1216677.440863074,1270153.6749810167
20121029,1221948.27257441,1220361.4365984013,1273999.5922017067
20121030,1235894.9156655746,1234289.9684196385,1288540.3203237674
20121031,1249841.558756739,1248218.5002408756,1303081.048445828
20121101,1260251.0097595644,1258614.4334117991,1313933.9107398298
20121102,1254995.752942604,1253366.001131333,1308454.7957952851
20121105,1227506.7172846568,1225912.6630488944,1279794.8099315134
20121106,1192185.3277168167,1190637.1422407608,1242968.8354484686
20121107,1199967.150311162,1198408.8592714511,1251082.140270198
20121108,1182938.096971588,1181401.9200549405,1233327.7004979718
20121109,1186525.8203754746,1184984.9844002589,1237068.2501235744
20121112,1169597.8296669961,1168078.9765737571,1219419.1779464355
20121113,1152417.1823807792,1150920.6402722332,1201506.6867815782
20121114,1165504.7931076325,1163991.255278394,1215151.790345396
20121115,1148324.1458214156,1146832.91897687,1197239.2991805386
20121116,1133922.720890322,1132450.1959005923,1182224.4168805846
20121119,1081622.8092984557,1080218.2015709528,1127696.6864228572
20121120,1091274.2905680656,1089857.149316809,1137759.2917537035
20121121,1090718.446097041,1087342.154465372,1151931.2332929585
20121122,1090718.446097041,1087342.154465372,1144766.2368270152
20121123,1090718.446097041,1087342.154465372,1170792.0328136021
20121126,1090718.446097041,1087342.154465372,1143501.8256859668
20121127,1090718.446097041,1087342.154465372,1157779.1348203088
20121128,1090718.446097041,1087342.154465372,1150561.454556822
20121129,1090718.446097041,1087342.154465372,1155250.3125382112
20121130,1090718.446097041,1087342.154465372,1138022.710741422
20121203,1090718.446097041,1087342.154465372,1054676.9430272914
20121204,1090718.446097041,1087342.154465372,1037607.3926231334
20121205,1090718.446097041,1087342.154465372,1035974.1948992788
20121206,1090718.446097041,1087342.154465372,1023172.0320961602
20121207,1090718.446097041,1087342.154465372,1047301.2113711737
20121211,1090718.446097041,1087342.154465372,1065845.9081065555
20121212,1090718.446097041,1087342.154465372,1116158.9347607873
20121213,1090718.446097041,1087342.154465372,1083705.7154738693
20121214,1090718.446097041,1087342.154465372,1095401.5185285702
20121217,1090718.446097041,1087342.154465372,1112102.2823499227
20121218,1090718.446097041,1087342.154465372,1130225.5087049545
20121219,1090718.446097041,1087342.154465372,1156145.9370964542
20121220,1090718.446097041,1087342.154465372,1150614.1383543657
20121221,1090718.446097041,1087342.154465372,1141131.0547965001
20121224,1090718.446097041,1087342.154465372,1077805.1301489752
20121225,1090718.446097041,1087342.154465372,1078542.7033145868
20121226,1090718.446097041,1087342.154465372,1081334.944584403
20121227,1090718.446097041,1087342.154465372,1093610.2694120845
20121228,1090718.446097041,1087342.154465372,1118477.02185271
20121231,1090718.446097041,1087342.154465372,1101196.736258377
20130104,1090718.446097041,1087342.154465372,1090238.5063692876
20130107,1090718.446097041,1087342.154465372,1076277.3000202077
20130108,1090718.446097041,1087342.154465372,1110785.1874113302
20130109,1090718.446097041,1087342.154465372,1140340.7978333444
20130110,1090718.446097041,1087342.154465372,1130067.4573123234
20130111,1090718.446097041,1087342.154465372,1112997.9069081654
20130114,1090718.446097041,1087342.154465372,1103304.0881601248
20130115,1090718.446097041,1087342.154465372,1110837.8712088738
20130116,1090718.446097041,1087342.154465372,1085286.2294001803
20130117,1090718.446097041,1087342.154465372,1080702.7390138784
20130118,1090718.446097041,1087342.154465372,1073485.0587503917
20130121,1090718.446097041,1087342.154465372,1039504.0093347066
20130122,1090718.446097041,1087342.154465372,1047511.9465613486
20130123,1090718.446097041,1087342.154465372,1048302.2035245041
20130124,1090718.446097041,1087342.154465372,1032391.6966663073
20130125,1090718.446097041,1087342.154465372,995987.1925636121
20130128,1090718.446097041,1087342.154465372,940405.7861550105
20130129,1090718.446097041,1087342.154465372,938614.5370385249
20130130,1090718.446097041,1087342.154465372,948940.5613570897
20130131,1090718.446097041,1087342.154465372,942513.1380567584
20130201,1090718.446097041,1087342.154465372,942934.608437108
20130204,1090718.446097041,1087342.154465372,922651.3463827843
20130205,1090718.446097041,1087342.154465372,971647.2780984235
20130206,1090718.446097041,1087342.154465372,969013.0882212387
20130207,1090718.446097041,1087342.154465372,975545.8791166571
20130208,1090718.446097041,1087342.154465372,989717.820655912
20130218,1090718.446097041,1087342.154465372,946675.1580627107
20130219,1090718.446097041,1087342.154465372,937350.125897476
20130220,1090718.446097041,1087342.154465372,937244.7583023886
20130221,1090718.446097041,1087342.154465372,948413.7233816526
20130222,1090718.446097041,1087342.154465372,977758.5986134926
20130225,1090718.446097041,1087342.154465372,954050.8897188283
20130226,1090718.446097041,1087342.154465372,934452.5170325727
20130227,1090718.446097041,1087342.154465372,931291.4891799508
20130228,1090718.446097041,1087342.154465372,921966.4570147162
20130301,1090718.446097041,1087342.154465372,915749.7689045598
20130304,1090718.446097041,1087342.154465372,920491.3106834926
20130305,1090718.446097041,1087342.154465372,921966.4570147162
20130306,1090718.446097041,1087342.154465372,933662.2600694172
20130307,1090718.446097041,1087342.154465372,968644.3016384328
20130308,1090718.446097041,1087342.154465372,970066.7641721125
20130311,1090718.446097041,1087342.154465372,975703.9305092882
20130312,1090718.446097041,1087342.154465372,959793.4236510914
20130313,1090718.446097041,1087342.154465372,968486.2502458016
20130314,1090718.446097041,1087342.154465372,942723.8732469332
20130315,1090718.446097041,1087342.154465372,932345.1651308248
20130318,1090718.446097041,1087342.154465372,892726.9493779637
20130319,1090718.446097041,1087342.154465372,870230.9678268047
20130320,1090718.446097041,1087342.154465372,895150.4040649738
20130321,1090718.446097041,1087342.154465372,878660.3754337964
20130322,1090718.446097041,1087342.154465372,890619.5974762159
20130325,1090718.446097041,1087342.154465372,890514.2298811284
20130326,1090718.446097041,1087342.154465372,894992.3526723427
20130327,1090718.446097041,1087342.154465372,878713.0592313401
20130328,1090718.446097041,1087342.154465372,878871.1106239712
20130329,1090718.446097041,1087342.154465372,889618.6053228856
20130401,1090718.446097041,1087342.154465372,869019.2404832996
20130402,1090718.446097041,1087342.154465372,862486.4495878812
20130403,1090718.446097041,1087342.154465372,863224.0227534928
20130408,1090718.446097041,1087342.154465372,865700.1612380466
20130409,1090718.446097041,1087342.154465372,861906.9278149004
20130410,1090718.446097041,1087342.154465372,895413.8230526925
20130411,1090718.446097041,1087342.154465372,889934.7081081477
20130412,1090718.446097041,1087342.154465372,907373.0450951118
20130415,1090718.446097041,1087342.154465372,910059.9187698405
20130416,1090718.446097041,1087342.154465372,912272.6382666758
20130417,1090718.446097041,1087342.154465372,940353.1023574669
20130418,1090718.446097041,1087342.154465372,943830.232995351
20130419,1090718.446097041,1087342.154465372,944251.7033757004
20130422,1090718.446097041,1087342.154465372,915170.2471315792
20130423,1090718.446097041,1087342.154465372,905160.3255982766
20130424,1090718.446097041,1087342.154465372,921281.5676466482
20130425,1090718.446097041,1087342.154465372,930922.7025971448
20130426,1090718.446097041,1087342.154465372,916645.3934628027
20130502,1090718.446097041,1087342.154465372,901472.4597702178
20130503,1090718.446097041,1087342.154465372,908532.0886410731
20130506,1090718.446097041,1087342.154465372,936717.9203269517
20130507,1090718.446097041,1087342.154465372,988822.1960976691
20130508,1090718.446097041,1087342.154465372,995144.2518029127
20130509,1090718.446097041,1087342.154465372,1038819.1199666386
20130510,1090718.446097041,1087342.154465372,1038450.3333838328
20130513,1090718.446097041,1087342.154465372,1041453.3098438234
20130514,1063408.7695527447,1058740.3342841489,1007261.5252379633
20130515,1082709.0908579805,1077955.9258944108,1025542.8029856265
20130516,1083765.8807853565,1079008.076443676,1026543.7951389569
20130517,1089661.6561696648,1084877.9689816812,1032128.2776785889
20130520,1084600.1886227587,1079838.7216141485,1027334.0521021123
20130521,1084711.4296677457,1079949.4743035447,1027439.4196971998
20130522,1109462.562177342,1104591.9476942266,1050883.7096041453
20130523,1125981.8573579038,1121038.7220695803,1066530.7974746237
20130524,1117583.1584613894,1112676.8940201583,1058575.5440455254
20130527,1121476.5950359325,1116553.2381490297,1062263.4098735843
20130528,1124313.2416830997,1119377.4317286354,1064950.2835483125
20130529,1120697.9077210238,1115777.9693232554,1061525.8367079725
20130530,1113800.962931833,1108911.3025806833,1054993.0458125537
20130531,1096280.4983463886,1091467.7540007625,1038397.649586289
20130603,1123979.518548139,1119045.173660447,1064634.1807630507
20130604,1121865.9386933867,1116940.8725619167,1062632.19645639
20130605,1118918.0510012326,1114005.9262929142,1059839.955186574
20130606,1121643.4566034127,1116719.367183124,1062421.4612662152
20130607,1127391.9918395537,1122442.665967011,1067866.4778352196
20130613,1118488.203052479,1113577.9654052618,1059432.8029109123
20130614,1114524.580947265,1109631.7438648704,1055678.4572994465
20130617,1088445.0963709296,1083666.7499614249,1030975.9513921198
20130618,1100910.4006728344,1096077.3307478735,1042783.0962861504
20130619,1119177.5286359945,1114264.264803591,1060085.7325824716
20130620,1101427.3948604711,1096592.0552966204,1043272.79353982
20130621,1098153.0983387725,1093332.1331545576,1040171.3775999132
20130624,1066271.790101182,1061590.7859818435,1009973.380290296
20130625,1090513.0731214762,1085725.6481564117,1032934.7404067978
20130626,1084079.3676753317,1079320.1871053413,1026840.7301389109
20130627,1089019.5343571927,1084238.666126699,1031520.0594517527
20130628,1105046.3541739273,1100195.1271378472,1046700.6743155061
20130701,1116075.5635101746,1111175.9175111104,1057147.5490604546
20130702,1137099.9938073966,1132108.0491601438,1077061.9040430132
20130703,1137214.8814046492,1132222.4323931986,1077170.7256549397
20130704,1129459.9685901003,1124501.564161998,1069825.2668498978
20130705,1132332.1585214147,1127361.1449883685,1072545.8071480615
20130708,1121073.173990662,1116151.5881489955,1061881.2891792597
20130709,1103208.152617886,1098364.99540897,1044959.5285246813
20130710,1113490.5925719917,1108602.294767377,1054699.0627921075
20130711,1125726.1216793912,1120784.1090877159,1066288.5644622848
20130712,1084596.3618629684,1079834.9116540882,1027330.4273925805
20130715,1079656.1951811074,1074916.4326327306,1022651.0980797388
20130716,1096889.3347689942,1092073.9175909546,1038974.3398687212
20130717,1073739.4839225996,1069025.696130407,1017046.7850655216
20130718,1063112.381176736,1058445.2470728355,1006980.7859623159
20130719,1011068.2996213179,1006629.6424989993,957684.5957595895
20130722,1004577.1503765472,1000166.9898314015,951536.1746857394
20130723,1031633.1795295295,1027104.2412158132,977163.6642944417
20130724,1003083.6116122637,998680.0078016889,950121.4937306944
20130725,1026750.4566462949,1022242.9538109831,972538.7457875634
20130726,1005094.1445641839,1000681.7143801483,952025.8719394091
20130729,984127.1580655883,979806.7743476426,932165.9277628139
20130730,967525.9002625907,963278.3971712202,916441.2048394277
20130731,967928.0068529748,963678.7384869121,916822.0804811707
20130801,987401.4545872867,983066.696489705,935267.3437027205
20130802,1011183.1872185706,1006744.0257320541,957793.4173715161
20130805,1008138.6658913773,1003712.8700561012,954909.6446554626
20130806,999119.9895070498,992944.0612330561,953440.5528944541
20130807,999119.9895070498,992944.0612330561,959697.7955802307
20130808,999119.9895070498,992944.0612330561,953059.6772527111
20130809,999119.9895070498,992944.0612330561,940381.9594632684
20130812,999119.9895070498,992944.0612330561,970199.0811311427
20130813,999119.9895070498,992944.0612330561,979122.4533091194
20130814,999119.9895070498,992944.0612330561,972266.691757747
20130815,999119.9895070498,992944.0612330561,965574.1626242643
20130816,999119.9895070498,992944.0612330561,948924.4559995023
20130819,999119.9895070498,992944.0612330561,953114.0880586744
20130820,999119.9895070498,992944.0612330561,944626.0023284038
20130821,999119.9895070498,992944.0612330561,950502.3693724374
20130822,999119.9895070498,992944.0612330561,952624.3908050051
20130823,999119.9895070498,992944.0612330561,941252.5323586807
20130826,999119.9895070498,992944.0612330561,946421.5589251918
20130827,999119.9895070498,992944.0612330561,942123.1052540932
20130828,999119.9895070498,992944.0612330561,924439.593316029
20130829,999119.9895070498,992944.0612330561,916713.2588692439
20130830,999119.9895070498,992944.0612330561,918345.5830481423
20130902,999119.9895070498,992944.0612330561,826608.9641940618
20130903,999119.9895070498,992944.0612330561,825194.2832390168
20130904,999119.9895070498,992944.0612330561,827588.3587014008
20130905,999119.9895070498,992944.0612330561,817631.1812101217
20130906,999119.9895070498,992944.0612330561,817685.5920160849
20130909,999119.9895070498,992944.0612330561,821331.1160156243
20130910,999119.9895070498,992944.0612330561,824976.6400151638
20130911,999119.9895070498,992944.0612330561,830145.6665816747
20130912,999119.9895070498,992944.0612330561,825575.1588807596
20130913,999119.9895070498,992944.0612330561,827153.0722536948
20130916,999119.9895070498,992944.0612330561,814257.7112403987
20130917,999119.9895070498,992944.0612330561,768824.6882610647
20130918,999119.9895070498,992944.0612330561,772089.3366188612
20130923,999119.9895070498,992944.0612330561,766158.5587688643
20130924,999119.9895070498,992944.0612330561,744339.8255775914
20130925,999119.9895070498,992944.0612330561,735416.4533996143
20130926,999119.9895070498,992944.0612330561,736831.1343546594
20130927,999119.9895070498,992944.0612330561,729431.2647436542
20130930,999119.9895070498,992944.0612330561,739660.4962647497
20131008,999119.9895070498,992944.0612330561,743632.4851000687
20131009,999119.9895070498,992944.0612330561,745373.6308908935
20131010,999119.9895070498,992944.0612330561,745645.6849207098
20131011,999119.9895070498,992944.0612330561,748257.403606947
20131014,999119.9895070498,992944.0612330561,759846.9052771245
20131015,999119.9895070498,992944.0612330561,784875.8760202306
20131016,999119.9895070498,992944.0612330561,784821.4652142674
20131017,999119.9895070498,992944.0612330561,784549.411184451
20131018,999119.9895070498,992944.0612330561,777965.7036628947
20131021,999119.9895070498,992944.0612330561,789446.3837211457
20131022,999119.9895070498,992944.0612330561,780359.7791252788
20131023,999119.9895070498,992944.0612330561,781828.8708862872
20131024,999119.9895070498,992944.0612330561,781937.6924982138
20131025,999119.9895070498,992944.0612330561,743958.9499358484
20131028,999119.9895070498,992944.0612330561,728941.5674899847
20131029,999119.9895070498,992944.0612330561,722575.5031922816
20131030,999119.9895070498,992944.0612330561,721432.8762670528
20131031,999119.9895070498,992944.0612330561,735144.399369798
20131101,999119.9895070498,992944.0612330561,735525.2750115409
20131104,999119.9895070498,992944.0612330561,741836.9285032807
20131105,999119.9895070498,992944.0612330561,751467.6411587803
20131106,999119.9895070498,992944.0612330561,759846.9052771245
20131107,999119.9895070498,992944.0612330561,756146.9704716217
20131108,999119.9895070498,992944.0612330561,740748.7123840151
20131111,999119.9895070498,992944.0612330561,759302.7972174918
20131112,999119.9895070498,992944.0612330561,788086.1135720637
20131113,999119.9895070498,992944.0612330561,787433.1839005045
20131114,999119.9895070498,992944.0612330561,783896.4815128916
20131115,999119.9895070498,992944.0612330561,780468.6007372054
20131118,999119.9895070498,992944.0612330561,780740.6547670218
20131119,999119.9895070498,992944.0612330561,777095.1307674823
20131120,999119.9895070498,992944.0612330561,772959.9095142735
20131121,999119.9895070498,992944.0612330561,754460.2354867603
20131122,999119.9895070498,992944.0612330561,753426.4301734581
20131125,999119.9895070498,992944.0612330561,766811.4884404236
20131126,999119.9895070498,992944.0612330561,761642.4618739124
20131127,999119.9895070498,992944.0612330561,761479.2294560226
20131128,999119.9895070498,992944.0612330561,771708.4609771183
20131129,999119.9895070498,992944.0612330561,769586.4395445506
20131202,999119.9895070498,992944.0612330561,744231.0039656647
20131203,999119.9895070498,992944.0612330561,748583.8684427268
20131204,999119.9895070498,992944.0612330561,753480.8409794214
20131205,999119.9895070498,992944.0612330561,745373.6308908935
20131206,999119.9895070498,992944.0612330561,754949.9327404298
20131209,999119.9895070498,992944.0612330561,750542.6574574045
20131210,999119.9895070498,992944.0612330561,745155.9876670404
20131211,999119.9895070498,992944.0612330561,742108.9825330969
20131212,999119.9895070498,992944.0612330561,742163.3933390604
20131213,999119.9895070498,992944.0612330561,742163.3933390604
20131216,999119.9895070498,992944.0612330561,723500.4868936572
20131217,999119.9895070498,992944.0612330561,724806.346236776
20131218,999119.9895070498,992944.0612330561,720888.7682074201
20131219,999119.9895070498,992944.0612330561,713597.7202083414
20131220,999119.9895070498,992944.0612330561,689112.857524868
20131223,999119.9895070498,992944.0612330561,688351.1062413822
20131224,999119.9895070498,992944.0612330561,688895.2143010148
20131225,999119.9895070498,992944.0612330561,686990.8360923004
20131226,999119.9895070498,992944.0612330561,678720.3935858826
20131227,999119.9895070498,992944.0612330561,686664.3712565206
20131230,999119.9895070498,992944.0612330561,677196.8910189109
20131231,999119.9895070498,992944.0612330561,698525.9269565144
20140102,999119.9895070498,992944.0612330561,685467.3335253287
20140103,999119.9895070498,992944.0612330561,674585.1723326738
20140106,999119.9895070498,992944.0612330561,656901.6603946097
20140107,999119.9895070498,992944.0612330561,655976.676693234
20140108,999119.9895070498,992944.0612330561,649665.0232014942
20140109,999119.9895070498,992944.0612330561,649338.5583657145
20140110,999119.9895070498,992944.0612330561,648957.6827239715
20140113,999119.9895070498,992944.0612330561,652331.1526936946
20140114,999119.9895070498,992944.0612330561,660057.4871404795
20140115,999119.9895070498,992944.0612330561,646182.7316198447
20140116,999119.9895070498,992944.0612330561,663757.4219459821
20140117,999119.9895070498,992944.0612330561,654561.9957381887
20140120,999119.9895070498,992944.0612330561,689874.6088083539
20140121,999119.9895070498,992944.0612330561,690962.8249276192
20140122,999119.9895070498,992944.0612330561,730029.7836092501
20140123,999119.9895070498,992944.0612330561,729594.4971615439
20140124,999119.9895070498,992944.0612330561,737266.4208023656
20140127,999119.9895070498,992944.0612330561,765832.0939330846
20140128,999119.9895070498,992944.0612330561,757507.2406207037
20140129,999119.9895070498,992944.0612330561,745482.45250282
20140130,999119.9895070498,992944.0612330561,719310.8548344851
20140207,999119.9895070498,992944.0612330561,728506.2810422784
20140210,999119.9895070498,992944.0612330561,722901.9680280613
20140211,999119.9895070498,992944.0612330561,729322.4431317275
20140212,999119.9895070498,992944.0612330561,729920.9619973237
20140213,999119.9895070498,992944.0612330561,738191.4045037413
20140214,999119.9895070498,992944.0612330561,777530.4172151886
20140217,999119.9895070498,992944.0612330561,816053.2678371867
20140218,999119.9895070498,992944.0612330561,799893.2584660943
20140219,999119.9895070498,992944.0612330561,813604.7815688393
20140220,995711.6203120758,988271.7107167159,810666.5980468226
20140221,996313.0972288359,988868.6934267267,811156.2953004921
20140224,986555.8050236166,979184.3072421076,803212.317629854
20140225,951469.6515459443,944360.3158248127,774646.6444991351
20140226,949197.4054159616,942105.0478092164,772796.6770963836
20140227,968711.9898264003,961473.8201784546,788684.6324376598
20140228,1002595.1894705526,995103.8461757281,816270.9110610399
20140303,1035409.0968182422,1027672.5695774266,842986.6167890074
20140304,1025183.9892333206,1017523.8635072436,834661.7634766265
20140305,1068223.004165932,1060241.2929791254,869702.3225169751
20140306,1082658.4501681742,1074568.8780193836,881455.0566050423
20140307,1105982.3883847604,1097718.540885357,900444.427886225
20140310,1048842.081292551,1041005.1834343338,853923.1887876255
20140311,1083861.4040016944,1075762.843439405,882434.4511123812
20140312,1059468.173488646,1051551.8779778574,862574.5069357861
20140313,1101838.8807359685,1093605.993327505,897070.957916502
20140314,1095155.8038830785,1086972.852105163,891629.8773201747
20140317,1112531.8037005924,1104219.0192832518,905776.6868706259
20140318,1144944.7264371088,1136389.75421161,932165.9277628139
20140319,1165328.1108384233,1156620.8349397527,948761.2235816126
20140320,1130642.9419719244,1122194.8319957985,920522.0152866733
20140321,1145479.37258534,1136920.4055093974,932601.2142105201
20140324,1144744.234131522,1136190.7599749395,932002.695344924
20140325,1114804.049830575,1106474.2872988482,907626.6542733771
20140326,1059200.8504145306,1051286.5523289638,862356.8637119331
20140327,1053653.8966266317,1045781.0451144199,857840.7668169813
20140328,1020104.8508251242,1012482.6761782636,830526.5422234175
20140331,1033871.9891420775,1026146.947096288,841735.168251852
20140401,1085933.1578260905,1077819.1172183312,884121.1860972429
20140402,1106984.8499126937,1098713.512068708,901260.589975674
20140403,1104779.4345512402,1096524.5754653353,899465.0333788862
20140404,1096425.5884851275,1088233.1489374079,892663.6826334768
20140408,1099633.4653745147,1091417.056724132,895275.4013197139
20140409,1091680.6039195757,1083523.6186695453,888800.5154100844
20140410,1132848.357333378,1124383.7685991712,922317.5718834612
20140411,1176756.172256865,1167963.5064299572,958065.4714013324
20140414,1165261.2800698944,1156554.5035275293,948706.8127756494
20140415,1166130.08006077,1157416.8118864337,949414.1532531718
20140416,1142939.8033812419,1134399.8118449075,930533.6035839157
20140417,1170875.0646263217,1162126.3421542963,953277.3204765642
20140418,1171610.2030801396,1162855.987688754,953875.8393421603
20140421,1149823.3725397184,1141231.9473039196,936137.9165981329
20140422,1150358.0186879495,1141762.5986017068,936573.2030458391
20140423,1176622.5107198071,1167830.8436055104,957956.6497894059
20140424,1174617.5876639402,1165840.901238808,956324.3256105076
20140425,1100635.9269024483,1092412.0279074833,896091.563409163
20140428,1087938.0808819572,1079809.0595850337,885753.5102761409
20140429,1093284.5423642693,1085115.5725629074,890106.3747532029
20140430,1095222.6346516074,1087039.1835173864,891684.2881261379
20140505,1070963.0656756167,1062960.8808802853,871933.1655614693
20140506,1074571.9271761773,1066542.7771403498,874871.3490834861
20140507,1073703.1271853016,1065680.4687814454,874164.0086059636
20140508,1073769.9579538305,1065746.8001936688,874218.4194119268
20140509,1073435.8041111862,1065415.143132552,873946.3653821105
20140512,1075373.8963985243,1067338.7540870311,875524.2787550455
20140513,1074237.773333533,1066211.120079233,874599.2950536698
20140514,1037681.3429482249,1029927.837593023,844836.5841917589
20140515,1043562.450578768,1035765.0018686837,849624.735116527
20140516,1036946.2044944069,1029198.1920585652,844238.0653261627
20140519,1019169.2200657196,1009734.0483848322,805171.1066445318
20140520,1019169.2200657196,1009734.0483848322,788847.8648555495
20140521,1019169.2200657196,1009734.0483848322,821603.1700454407
20140522,1019169.2200657196,1009734.0483848322,816434.1434789296
20140523,1019169.2200657196,1009734.0483848322,828676.5748206665
20140526,1019169.2200657196,1009734.0483848322,835586.7471780021
20140527,1019169.2200657196,1009734.0483848322,833573.547357361
20140528,1019169.2200657196,1009734.0483848322,837599.9469986433
20140529,1019169.2200657196,1009734.0483848322,839504.3252073579
20140530,1019169.2200657196,1009734.0483848322,833682.3689692876
20140603,1019169.2200657196,1009734.0483848322,831233.8827009402
20140604,1019169.2200657196,1009734.0483848322,822419.3321348898
20140605,1019169.2200657196,1009734.0483848322,842116.0438935951
20140606,1019169.2200657196,1009734.0483848322,835695.5687899288
20140609,1019169.2200657196,1009734.0483848322,833736.7797752508
20140610,1019169.2200657196,1009734.0483848322,842279.276311485
20140611,1019169.2200657196,1009734.0483848322,837599.9469986433
20140612,1019169.2200657196,1009734.0483848322,830472.1314174543
20140613,1019169.2200657196,1009734.0483848322,831451.5259247933
20140616,1019169.2200657196,1009734.0483848322,840211.6656848803
20140617,1019169.2200657196,1009734.0483848322,833519.1365513977
20140618,1019169.2200657196,1009734.0483848322,835641.1579839655
20140619,1019169.2200657196,1009734.0483848322,831016.239477087
20140620,1019169.2200657196,1009734.0483848322,833464.7257454345
20140623,1019169.2200657196,1009734.0483848322,850495.3080119393
20140624,1019169.2200657196,1009734.0483848322,889997.5531412764
20140625,1019169.2200657196,1009734.0483848322,874708.4279287417
20140626,1019169.2200657196,1009734.0483848322,871079.9531169723
20140627,1019169.2200657196,1009734.0483848322,863331.006908787
20140630,1019169.2200657196,1009734.0483848322,873170.9386017208
20140701,1019169.2200657196,1009734.0483848322,871879.4475670233
20140702,1019169.2200657196,1009734.0483848322,873785.9343325293
20140703,1019169.2200657196,1009734.0483848322,881042.883956068
20140704,1019169.2200657196,1009734.0483848322,881411.8813945529
20140707,1019169.2200657196,1009734.0483848322,886577.8455333433
20140708,1019169.2200657196,1009734.0483848322,874400.9300633377
20140709,1019169.2200657196,1009734.0483848322,868619.9701937389
20140710,1019169.2200657196,1009734.0483848322,867389.9787321222
20140711,1019169.2200657196,1009734.0483848322,872494.4432978317
20140714,1019169.2200657196,1009734.0483848322,921079.1060316928
20140715,1019169.2200657196,1009734.0483848322,945924.9335563509
20140716,1019169.2200657196,1009734.0483848322,950598.9011104943
20140717,1016920.4204367861,1006197.7086071223,945555.9361178657
20140718,1064740.483134399,1053513.542319184,990020.1274553107
20140721,1064740.483134399,1053513.542319184,990020.1274553107
20140722,1079423.8218880226,1068042.0555751696,1003673.0326792564
20140723,1083987.5623114463,1072557.6745601383,1007916.5032218342
20140724,1081606.4803513994,1070201.699437546,1005702.5185909242
20140725,1083921.4211458894,1072492.230806733,1007855.0036487534
20140728,1086368.6442714934,1074913.6496827307,1010130.4878527444
20140729,1065269.612458854,1054037.0923464268,990512.1240399575
20140730,1048403.6152418534,1037348.9352280647,974829.7329043441
20140731,1060044.4603798615,1048867.0358274048,985653.6577665714
20140801,1077968.7162457716,1066602.2930002522,1002320.0420714781
20140804,1087360.7617548464,1075895.3059838107,1011052.981448957
20140805,1099596.8773828663,1088002.400363799,1022430.4024689117
20140806,1080217.515874705,1068827.3806160337,1004411.0275562265
20140807,1062227.118843238,1051026.679689781,987683.143678239
20140808,1072412.8583389951,1061105.0177142036,997154.0779326878
20140811,1078563.9867357835,1067191.2867809003,1002873.5382292055
20140812,1071751.4466834266,1060450.5801801502,996539.0822018795
20140813,1074727.7991334854,1063395.5490833905,999306.5629905171
20140814,1067915.2590811283,1056654.8424826404,992972.106963191
20140815,1068444.3884055833,1057178.392509883,993464.1035478376
20140818,1056605.1197709045,1045463.960650327,982455.6799663679
20140819,1049528.0150563202,1038461.4790359556,975875.2256467184
20140820,1071486.882021199,1060188.8051665288,996293.0839095562
20140821,1058060.2254131555,1046903.7232252446,983808.6705741462
20140822,1053430.3438241752,1042322.6604868707,979503.7004584877
20140825,1049991.0032152182,1038919.5853097929,976305.7226582841
20140826,1043178.4631628612,1032178.8787090427,969971.266630958
20140827,1034249.4058126846,1023343.9719993217,961668.824265045
20140828,1031934.4650181944,1021053.4406301348,959516.3392072158
20140829,1046551.6626062612,1035516.5101327151,973107.7448580806
20140901,1048006.7682485122,1036956.2727076325,974460.735465859
20140902,1075190.7872923836,1063853.655357228,999737.0600020831
20140903,1090138.6907082347,1078643.943626835,1013635.963518352
20140904,1091726.0786815996,1080214.5937085634,1015111.9532722923
20140905,1107930.664243031,1096248.313292872,1030179.3486770971
20140909,1085244.244457027,1073801.10587484,1009084.9951103703
20140910,1084119.8446425602,1072688.562066949,1008039.5023679959
20140911,1071354.5996900853,1060057.917659718,996170.0847633944
20140912,1074463.2344712578,1063133.774069769,999060.5646981937
20140915,1054356.3201419713,1043238.8730345455,980364.6944816194
20140916,1041458.7928583827,1030477.3411205038,968372.2777308562
20140917,1046551.6626062612,1035516.5101327151,973107.7448580806
20140918,1053298.0614930615,1042191.77298006,979380.701312326
20140919,1063880.6479821596,1052662.7735249146,989220.6330052598
20140922,1038019.4522494257,1027074.265943426,965174.2999306526
20140923,1041591.0751894964,1030608.2286273144,968495.2768770178
20140924,1059515.3310554065,1048343.485800162,985161.6611819246
20140925,1072743.5641667794,1061432.2364812302,997461.575798092
20140926,1073537.2581534619,1062217.5615220945,998199.5706750621
20140929,1074595.5168023717,1063264.6615765798,999183.5638443554
20140930,1072346.7171734383,1061039.5739607983,997092.578359607
20141008,1063086.9539954772,1051877.4484840503,988482.6381282898
20141009,1058324.7900753831,1047165.4982388659,984054.6688664695
20141010,1051776.8146852537,1040686.5666517372,977966.2111314668
20141013,1032463.5943426491,1021576.9906573774,960008.3357918623
20141014,1024592.7956413823,1013789.1840021418,952689.8865952429
20141015,1040532.8165405865,1029561.1285728291,967511.2837077244
20141016,1040532.8165405865,1029561.1285728291,967511.2837077244
20141017,1047543.7800896142,1036498.1664337952,974030.2384542932
20141020,1037887.1699183119,1026943.3784366153,965051.3007844909
20141021,1048072.9094140691,1037021.716461038,974522.2350389399
20141022,1052173.6616785948,1041079.2291721693,978335.2085699519
20141023,1051975.2381819242,1040882.8979119533,978150.7098507093
20141024,1050850.8383674575,1039770.3541040623,977105.217108335
20141027,1041723.3575206102,1030739.1161341253,968618.2760231795
20141028,1049924.8620496613,1038854.1415563875,976244.2230852033
20141029,1047014.6507651594,1035974.6164065526,973538.2418696466
20141030,1027965.9950847824,1017126.8154258141,955826.3648223653
20141031,1036299.7819449474,1025372.7283548873,963575.311030551
20141103,1029024.2537336925,1018173.9154802999,956810.357991659
20141104,1001311.1053653662,990752.9828034617,931042.0368707882
20141105,966653.1346135695,956460.4560190629,898816.2605764299
20141106,973267.2511692558,963004.831359597,904966.2178845135
20141107,973399.5335003694,961402.8450810232,910439.6798887079
20141110,973399.5335003694,961402.8450810232,945678.9352640274
20141111,973399.5335003694,961402.8450810232,943095.9531946322
20141112,973399.5335003694,961402.8450810232,940266.9728329137
20141113,973399.5335003694,961402.8450810232,932210.5287593243
20141114,973399.5335003694,961402.8450810232,967326.784988482
20141117,973399.5335003694,961402.8450810232,984300.6671587931
20141118,973399.5335003694,961402.8450810232,957240.8550032248
20141119,973399.5335003694,961402.8450810232,941373.9651483687
20141120,973399.5335003694,961402.8450810232,926675.5671820489
20141121,973399.5335003694,961402.8450810232,941742.9625868539
20141124,973399.5335003694,961402.8450810232,946785.9275794824
20141125,973399.5335003694,961402.8450810232,951029.3981220602
20141126,973399.5335003694,961402.8450810232,959085.8421956497
20141127,973399.5335003694,961402.8450810232,963575.311030551
20141128,973399.5335003694,961402.8450810232,958409.3468917606
20141201,973399.5335003694,961402.8450810232,984362.1667318739
20141202,973399.5335003694,961402.8450810232,991004.1206246042
20141203,973399.5335003694,961402.8450810232,1013697.463091433
20141204,973399.5335003694,961402.8450810232,1070892.066056611
20141205,973399.5335003694,961402.8450810232,1051150.7030976624
20141208,997209.8869317633,983640.7191516637,1063758.1155792342
20141209,996575.7128694259,983015.1743802775,1063081.620275345
20141210,1037278.1572339876,1023163.7751619779,1106500.3188704157
20141211,1014044.3256774457,1000246.0894466444,1081715.9909188382
20141212,1018079.978801411,1004226.8289009208,1086020.961034497
20141215,1061030.858477896,1046593.2702357181,1131838.1429797204
20141216,1041371.4625454377,1027201.3823227437,1110866.7885591548
20141217,1032377.7212977443,1018330.0201103567,1101272.8551585446
20141218,1033934.3303598451,1019865.4481855775,1102933.3436317272
20141219,1042466.854107657,1028281.8687460474,1112035.280447691
20141222,1061376.7716028073,1046934.4764746561,1132207.1404182054
20141223,1088819.21284577,1074003.5047637348,1161480.937204684
20141224,1055380.944104345,1041020.2349997314,1125811.1848177984
20141225,1071350.6000377496,1056772.5896973675,1142846.5665611902
20141226,1081382.080660177,1066667.5706265685,1153547.4922772557
20141229,1057802.3359787238,1043408.678672297,1128394.1668871935
20141230,1077173.4709737562,1062516.228052823,1149058.0234423548
20141231,1093200.7790946462,1078325.450456949,1166154.9047588275
20150105,1167572.1009505736,1151684.7918286116,1245489.354033107
20150106,1140533.2250200075,1125013.8374849604,1216646.0542581943
20150107,1112341.3053397373,1097205.5290115164,1186572.7630216652
20150108,1105538.347216482,1090495.1396457364,1179315.8133981265
20150109,1097178.780031126,1082249.3222047356,1170398.375301405
20150112,1074809.7312868624,1060184.652086747,1146536.5409460403
20150113,1065873.642226654,1051370.1575808495,1137004.1071185106
20150114,1056072.7703541676,1041702.6474776074,1126549.1796947685
20150115,1072734.2525373949,1058137.4146531194,1144322.5563151303
20150116,1072964.8612873359,1058364.8854790782,1144568.5546074538
20150119,1011680.585990552,997914.5134805683,1079194.508422524
20150120,1026670.154736708,1012700.1171678803,1095184.3974235416
20150121,1051345.29098038,1037039.4955454553,1121506.21470214
20150122,1044830.5937945505,1030613.4447121234,1114556.7629440052
20150123,1043619.8978573614,1029419.2228758407,1113265.271909308
20150126,1053881.9872297295,1039541.6746310003,1124212.1959176967
20150127,1038373.5487962068,1024244.2615852816,1107668.8107589518
20150128,1023153.37130011,1009231.1870720111,1091432.9234656107
20150129,1015543.2825520616,1001724.6498153758,1083314.9798189402
20150130,1021481.4578630386,1007582.0235838108,1089649.4358462663
20150202,1007875.541616528,994161.2448522509,1075135.536599189
20150203,1028342.0681737793,1014349.2806560806,1096967.885042886
20150204,1021885.0231754351,1007980.0975292384,1090079.9328578322
20150205,1003436.3231801664,989782.4314525471,1070400.0694719646
20150206,1006607.1934918532,992910.1553094783,1073782.5459914105
20150209,1062529.8153525118,1048071.8306044494,1133437.1318798224
20150210,1054343.204729611,1039996.6162829174,1124704.1925023433
20150211,1055899.813791712,1041532.0443581383,1126364.680975526
20150212,1058321.205666091,1043920.4880307042,1128947.6630449211
20150213,1052094.7694176878,1037778.7757298207,1122305.7091521907
20150216,1056822.2487914755,1042441.9276619729,1127348.6741448194
20150217,1050538.160355587,1036243.3476545999,1120645.2206790082
20150225,1060569.6409780146,1046138.3285838009,1131346.1463950737
20150226,1076020.427224052,1061378.8739230298,1147828.0319807378
20150227,1101445.0419050318,1086457.5324849705,1174949.3437093871
20150302,1099600.1719055048,1084637.765877301,1172981.3573708
20150303,1072042.4262875721,1057455.0021752433,1143584.5614381602
20150304,1079191.2975357387,1064506.5977799613,1151210.508500184
20150305,1069563.382225708,1055009.690796188,1140940.0797956844
20150306,1058609.4666035173,1044204.8265631525,1129255.1609103254
20150309,1104385.3034667778,1089357.785515943,1178085.8219365098
20150310,1082881.0375347927,1068146.1309952997,1155146.4811773575
20150311,1106806.6953411566,1091746.2291885088,1180668.8040059046
20150312,1111245.9137775183,1096125.0425882128,1185404.2711331293
20150313,1094872.6925317172,1079974.6139451491,1167938.3923781717
20150316,1117068.784713525,1101868.6809436686,1191615.7280142938
20150317,1134422.093146575,1118985.8605970566,1210127.099511626
20150318,1149872.8793926123,1134226.4059362854,1226608.9850972898
20150319,1125831.9172112776,1110512.572330097,1200963.6631225809
20150320,1113552.001276927,1098399.7508477992,1187864.254056363
20150323,1124678.8734615734,1109375.2182003038,1199733.6716609641
20150324,1128195.6568981714,1112844.148296173,1203485.1456188953
20150325,1111418.8703399738,1096295.6457076818,1185588.7698523717
20150326,1144741.8347064282,1129165.1800587059,1221135.5230930955
20150327,1121623.307524857,1106361.2297563518,1196474.19428768
20150330,1134422.093146575,1118985.8605970566,1210127.099511626
20150331,1129752.2659602724,1114379.576371394,1205145.634092078
20150401,1126177.830336189,1110853.778569035,1201332.660561066
20150402,1121796.2640873126,1106531.8328758208,1196658.6930069225
20150403,1134652.7018965157,1119213.331423015,1210373.0978039491
20150407,1156906.4462658085,1141164.266128024,1234111.933013152
20150408,1178987.234072646,1162944.5977135643,1257666.2695031124
20150409,1153043.7497042993,1137354.129793217,1229991.461616736
20150410,1154312.097828974,1138605.2193359896,1231344.4522245144
20150413,1175528.1028235331,1159532.5353241847,1253976.2951182623
20150414,1187635.0621954282,1171474.7536870134,1266891.205465238
20150415,1185905.4965708717,1169768.7224923235,1265046.218272813
20150416,1304496.046227959,1286745.594741556,1391550.8401000944
20150417,1340759.2721561592,1322515.3821235527,1430234.0715679405
20150420,1349234.1437164857,1330874.9349775326,1439274.5088108236
20150421,1484140.2624318886,1463945.368163339,1583183.5098199816
20150422,1521383.5755473373,1500681.9065556598,1622912.234030202
20150423,1476126.6083714438,1456040.7569612763,1574635.0691617455
20150424,1490251.3943053214,1469973.3450512432,1589702.4645665505
20150427,1474685.3036843133,1454619.0642990347,1573097.5798347243
20150428,1429140.0755709936,1409693.5761722026,1524512.9171008633
20150429,1440036.3390056991,1420441.5726987484,1536136.3364131413
20150430,1454161.1249395767,1434374.1607887154,1551203.7318179463
20150504,1469957.8243105258,1449955.9123668827,1568054.6148420959
20150505,1389129.4574562544,1370227.3878683778,1481832.2133827626
20150506,1399103.2858911967,1380065.5010910893,1492471.6395257474
20150507,1412075.02807537,1392860.7350512631,1506309.0434689356
20150508,1465345.6493117085,1445406.4958477097,1563134.6489956288
20150511,1484197.9146193739,1464002.2358698286,1583245.0093930624
20150512,1466786.953998839,1446828.188509951,1564672.1383226498
20150513,1478202.0871209113,1458087.9943949038,1576849.0537926552
20150514,1449433.6455657892,1429711.0088565634,1546160.7668253179
20150515,1413458.6805750153,1394225.560007015,1507785.0332228758
20150518,1390224.8490184734,1371307.8742916815,1483000.7052712983
20150519,1441535.2958803147,1421920.1330674796,1537735.325313243
20150520,1464077.3011870338,1444155.406304937,1561781.6583878503
20150521,1490827.9161801734,1470542.0221161395,1590317.4602973585
20150522,1590393.24396714,1568752.5512237842,1696527.223007964
20150525,1653637.6936384207,1631136.425242942,1763992.254677642
20150526,1646200.561452828,1623800.4911057758,1756058.809750214
20150527,1596389.0714656021,1574666.7926987086,1702923.1786083707
20150528,1505356.267426448,1484872.6841515345,1605815.3527137297
20150529,1521037.6624224263,1500340.700316722,1622543.2365917172
20150601,1565026.2814736452,1543730.7603683332,1669467.4108523957
20150602,1537122.6227308013,1516206.7904273376,1639701.6174812708
20150603,1515041.834923964,1494426.4588417974,1616147.2809913103
20150604,1488637.1330557354,1468381.0492695326,1587980.4765202869
20150605,1463443.1271246965,1443529.8615335508,1561105.1630839612
20150608,1525707.4896087286,1504946.9845423845,1627524.7020112649
20150609,1493364.612429523,1473044.2012016848,1593023.4415129155
20150610,1505010.3543015367,1484531.4779125964,1605446.3552752447
20150611,1499302.7877405002,1478901.5749701199,1599357.8975402417
20150612,1533548.1871067178,1512680.9926249785,1635888.6439502588
20150615,1504087.919301773,1483621.5946087616,1604462.362105951
20150616,1464077.3011870338,1444155.406304937,1561781.6583878503
20150617,1470649.6505603483,1450638.3248447585,1568792.609719066
20150618,1406540.4180767895,1387401.4352282556,1500405.0844531755
20150619,1356613.6237145932,1338154.0014082093,1447146.4541651707
20150623,1454276.4293145475,1434487.8962016948,1551326.7309641081
20150624,1505932.7893012997,1485441.3612164308,1606430.348444538
20150625,1451624.4286902274,1431871.9817031703,1548497.7506023897
20150626,1397777.2855790367,1378757.543841827,1491057.149344888
20150629,1431907.380570284,1409881.9942153369,1516825.4704657586
20150630,1431907.380570284,1409881.9942153369,1584536.50042776
20150701,1431907.380570284,1409881.9942153369,1583552.5072584667
20150702,1431907.380570284,1409881.9942153369,1600833.8872941819
20150703,1431907.380570284,1409881.9942153369,1536320.8351323842
20150706,1431907.380570284,1409881.9942153369,1562335.154545578
20150707,1431907.380570284,1409881.9942153369,1501696.5754878728
20150708,1431907.380570284,1409881.9942153369,1456678.8879927006
20150709,1431907.380570284,1409881.9942153369,1586319.9880471043
20150710,1431907.380570284,1409881.9942153369,1633367.1614539442
20150713,1431907.380570284,1409881.9942153369,1585151.4961585684
20150714,1431907.380570284,1409881.9942153369,1531646.8675782406
20150715,1431907.380570284,1409881.9942153369,1545238.2732291054
20150716,1431907.380570284,1409881.9942153369,1547267.759140773
20150717,1431907.380570284,1409881.9942153369,1571762.9437117775
20150720,1431907.380570284,1409881.9942153369,1549868.8346355874
20150721,1431907.380570284,1409881.9942153369,1526115.7917699092
20150722,1431907.380570284,1409881.9942153369,1494927.0137462798
20150723,1431907.380570284,1409881.9942153369,1511519.719052449
20150724,1431907.380570284,1409881.9942153369,1509247.6888652975
20150727,1431907.380570284,1409881.9942153369,1387453.1009540383
20150728,1431907.380570284,1409881.9942153369,1417127.1921862331
20150729,1431907.380570284,1409881.9942153369,1430277.4275118695
20150730,1431907.380570284,1409881.9942153369,1418022.2343811716
20150731,1431907.380570284,1409881.9942153369,1424012.1321472991
20150803,1431907.380570284,1409881.9942153369,1442808.0182410094
20150804,1431907.380570284,1409881.9942153369,1459400.7235471788
20150805,1431907.380570284,1409881.9942153369,1426490.710533283
20150806,1431907.380570284,1409881.9942153369,1411137.2944201056
20150807,1431907.380570284,1409881.9942153369,1424700.6261434057
20150810,1431907.380570284,1409881.9942153369,1461672.7537343309
20150811,1431907.380570284,1409881.9942153369,1451001.0967946781
20150812,1431907.380570284,1409881.9942153369,1442188.3736445135
20150813,1431907.380570284,1409881.9942153369,1442463.7712429562
20150814,1431907.380570284,1409881.9942153369,1445699.6930246572
20150817,1431907.380570284,1409881.9942153369,1419812.3187710487
20150818,1431907.380570284,1409881.9942153369,1384286.0285719477
20150819,1431907.380570284,1409881.9942153369,1388141.5949501449
20150820,1431907.380570284,1409881.9942153369,1343045.2382051619
20150821,1431907.380570284,1409881.9942153369,1282870.8629454444
20150824,1431907.380570284,1409881.9942153369,1167961.2149952513
20150825,1431907.380570284,1409881.9942153369,1215811.5477246605
20150826,1431907.380570284,1409881.9942153369,1266002.7600408325
20150827,1431907.380570284,1409881.9942153369,1356815.1181272941
20150828,1431907.380570284,1409881.9942153369,1326383.683499382
20150831,1431907.380570284,1409881.9942153369,1345110.7201934818
20150901,1431907.380570284,1409881.9942153369,1338225.7802324158
20150902,1431907.380570284,1409881.9942153369,1339878.1658230717
20150907,1431907.380570284,1409881.9942153369,1299257.0200527816
20150908,1431907.380570284,1409881.9942153369,1303456.8334290318
20150909,1431907.380570284,1409881.9942153369,1320944.5809301399
20150910,1431907.380570284,1409881.9942153369,1330239.249877579
20150911,1431907.380570284,1409881.9942153369,1328173.7678892592
20150914,1431907.380570284,1409881.9942153369,1394406.890314715
20150915,1431907.380570284,1409881.9942153369,1390757.87213535
20150916,1431907.380570284,1409881.9942153369,1408314.4690360685
20150917,1431907.380570284,1409881.9942153369,1363218.1122910858
20150918,1431907.380570284,1409881.9942153369,1373063.5764354102
20150921,1431907.380570284,1409881.9942153369,1372168.5342404717
20150922,1431907.380570284,1409881.9942153369,1371961.9860416397
20150923,1431907.380570284,1409881.9942153369,1340635.5092187887
20150924,1431907.380570284,1409881.9942153369,1335678.3524468213
20150925,1431907.380570284,1409881.9942153369,1331960.4848678457
20150928,1431907.380570284,1409881.9942153369,1317639.8097488282
20150929,1431907.380570284,1409881.9942153369,1309309.032395938
20150930,1431907.380570284,1409881.9942153369,1310272.9239904874
20151008,1431907.380570284,1409881.9942153369,1359913.341109774
20151009,1431907.380570284,1409881.9942153369,1355988.925331966
20151012,1431907.380570284,1409881.9942153369,1363837.7568875814
20151013,1431907.380570284,1409881.9942153369,1368312.9678622745
20151014,1431907.380570284,1409881.9942153369,1362047.6724977044
20151015,1431907.380570284,1409881.9942153369,1376919.1428136071
20151016,1431907.380570284,1409881.9942153369,1382082.8477844067
20151019,1431907.380570284,1409881.9942153369,1395715.0289073174
20151020,1431907.380570284,1409881.9942153369,1390551.323936518
20151021,1431907.380570284,1409881.9942153369,1379122.323601148
20151022,1431907.380570284,1409881.9942153369,1394406.890314715
20151023,1431907.380570284,1409881.9942153369,1452584.6329857232
20151026,1431907.380570284,1409881.9942153369,1499057.9777229195
20151027,1431907.380570284,1409881.9942153369,1481983.3266194756
20151028,1431907.380570284,1409881.9942153369,1462636.6453288798
20151029,1431907.380570284,1409881.9942153369,1466492.2117070768
20151030,1431907.380570284,1409881.9942153369,1472413.2600735938
20151102,1431907.380570284,1409881.9942153369,1463462.838124208
20151103,1431907.380570284,1409881.9942153369,1443840.7592351695
20151104,1431907.380570284,1409881.9942153369,1480124.3928299877
20151105,1431907.380570284,1409881.9942153369,1491002.5979684722
20151106,1431907.380570284,1409881.9942153369,1503808.586296055
20151109,1431907.380570284,1409881.9942153369,1520401.2916022243
20151110,1447398.01496009,1423283.658230143,1531072.9485418769
20151111,1432883.6810570366,1409011.1402075994,1515719.5324286995
20151112,1431972.4672694008,1408115.1076860046,1514755.64083415
20151113,1400079.9847021538,1376753.969430192,1481019.4350249264
20151116,1391423.4537196152,1368241.6604750424,1471862.4648767086
20151117,1395198.4822683914,1371953.795207363,1475855.7300541268
20151118,1397151.0832418962,1373873.8648964944,1477921.2120424465
20151119,1399559.2911092192,1376241.9508464234,1480468.639828041
20151120,1391032.933524914,1367857.6465372161,1471449.3684790444
20151123,1383873.3966220627,1360817.3910104008,1463875.9345218719
20151124,1377820.3336041975,1354865.1749740937,1457472.9403580804
20151125,1386216.5177902686,1363121.4746373584,1466354.5129078554
20151126,1385305.304002633,1362225.442115764,1465390.6213133063
20151127,1352111.0874530494,1329584.2574005302,1430277.4275118695
20151130,1394873.0487728072,1371633.783592508,1475511.4830560735
20151201,1391553.627117849,1368369.6651209847,1472000.16367593
20151202,1442191.0790307436,1418163.4723924592,1525564.996573024
20151203,1433209.1145526206,1409331.1518224545,1516063.7794267526
20151204,1401381.7186844903,1378034.0158896125,1482396.4230171395
20151207,1396174.782755144,1372913.8300519288,1476888.4710482867
20151208,1379447.5010821184,1356465.2330483699,1459194.1753483468
20151209,1395914.4359586765,1372657.8207600445,1476613.073449844
20151210,1386086.3443920352,1362993.4699914167,1466216.8141086344
20151211,1375997.9060289264,1353073.1099309043,1455545.1571689819
20151214,1393506.2280913536,1370289.7348101158,1474065.6456642495
20151215,1396174.782755144,1372913.8300519288,1476888.4710482867
20151216,1392269.580808134,1369073.690673666,1472757.507071647
20151217,1404961.4871359162,1381554.1436530203,1486183.139995726
20151218,1411600.3304458328,1388082.3805960668,1493205.7787560134
20151221,1477663.3300494163,1453044.7384116796,1563087.919360834
20151222,1464645.9902260501,1440244.2738174703,1549318.039438702
20151223,1451433.3903053335,1427251.8022543478,1535341.6113177377
20151224,1463018.8227481293,1438644.215743194,1547596.8044484353
20151225,1461196.3951728581,1436852.1507000048,1545669.021259337
20151228,1426179.751048003,1402418.9009415815,1508628.0442688013
20151229,1430800.906685298,1406963.065872526,1513516.3516411583
20151230,1424487.4968709655,1400754.8405443344,1506837.9598789243
20151231,1420126.6880301377,1396466.684905274,1502225.05010501
20160104,1366950.8548516866,1344176.7870379288,1445975.0906231
20160105,1385175.1306043994,1362097.437469822,1465252.922514085
20160106,1381009.5818609223,1358001.288799675,1460846.5609390028
20160107,1316248.3162396753,1294318.9774434832,1392341.408326395
20160108,1331869.1240277146,1309679.5349565344,1408865.2642329535
20160111,1300822.7685489864,1279150.4268993451,1376024.1006186686
20160112,1280841.151920119,1259501.7137472336,1354887.3349381955
20160113,1300302.0749560518,1278638.4083155766,1375473.3054217831
20160114,1333105.7713109346,1310895.5790929843,1410173.4028255562
20160115,1295225.312424939,1273646.2271238351,1370103.0522521518
20160118,1298024.0404869625,1276398.32701159,1373063.5764354102
20160119,1368382.762232257,1345584.8381432919,1447489.7774145345
20160120,1316834.096531727,1294894.9983502226,1392961.052922891
20160121,1303426.2365136596,1281710.5198181868,1378778.0766030948
20160122,1319567.7378946338,1297583.0959150067,1395852.727706539
20160125,1319762.9979919842,1297775.1028839196,1396059.2759053707
20160126,1295290.3991240556,1273710.229446806,1370171.9016517622
20160127,1301278.375442804,1279598.4431601423,1376506.0464159432
20160128,1279864.8514333668,1258541.678902668,1353854.5939440357
20160129,1305964.617779216,1284206.6104140577,1381463.2031879108
20160201,1310130.1665226931,1288302.7590842047,1385869.5647629928
20160202,1331348.4304347802,1309167.516372766,1408314.4690360685
20160203,1325555.7142133822,1303471.309628343,1402186.8724707197
20160204,1334212.2451959206,1311983.618583492,1411343.8426189376
20160205,1326922.5348948357,1304815.358410735,1403632.7098625435
20160215,1304402.537000412,1282670.5546627524,1379810.8175972549
20160216,1327247.9683904196,1305135.37002559,1403976.9568605968
20160217,1316703.9231334932,1294766.9937042804,1392823.3541236697
20160218,1312863.8078856003,1290990.8566489888,1388761.2395466408
20160219,1321975.9457619565,1299951.1818649354,1398400.1554921335
20160222,1352501.6076477503,1329968.2713383564,1430690.5239095334
20160223,1382506.5759406094,1359473.3422280091,1462430.0971300479
20160224,1417197.7865698803,1393586.580371577,1499126.8271225302
20160225,1382506.5759406094,1359473.3422280091,1462430.0971300479
20160226,1411339.9836493656,1387826.3713041828,1492930.3811575708
20160229,1398778.2507198171,1375473.9229707706,1479642.447032713
20160301,1421623.6821098248,1397938.7383336083,1503808.586296055
20160302,1459373.967597587,1435060.0856568154,1543741.2380702384
20160303,1482740.0925805292,1458036.9196034214,1568458.1725304658
20160304,1554140.201511693,1528247.46790266,1643985.9639033608
20160307,1520685.6381656416,1495350.2738955417,1608597.3725034809
20160308,1491852.2304568856,1466997.244819368,1578097.0884759582
20160309,1480331.8847132064,1455668.8336534926,1565910.7447448713
20160310,1484367.26005845,1459636.9776776975,1570179.4075207321
20160311,1484302.1733593333,1459572.9753547267,1570110.5581211217
20160314,1461652.002066676,1437300.1669608022,1546150.9670566116
20160315,1509490.7259175465,1484341.8743445214,1596755.2757704472
20160316,1487947.0285098758,1463157.105441105,1573966.1244993187
20160317,1494130.2649259747,1469237.3261233545,1580506.8174623314
20160318,1470959.4000403828,1446452.4991456617,1555996.431200936
20160321,1509881.2461122477,1484725.888282348,1597168.3721681111
20160322,1526218.0075905723,1500790.4713480808,1614449.5714703873
20160323,1529342.1691481802,1503862.582850691,1617754.3426516987
20160324,1579393.8407690234,1553080.3692154263,1670699.5309522972
20160325,1594493.954964128,1567928.9081447087,1686672.5916619701
20160328,1624433.8365578707,1597369.9767113908,1718343.3154828746
20160329,1614866.0917876966,1587961.6352346467,1708222.4537401074
20160330,1618445.860239122,1591481.7629980543,1712009.1707186934
20160331,1611807.0169292053,1584953.5260550075,1704986.531958406
20160401,1595209.9086544134,1568632.9336973904,1687429.9350576876
20160405,1598008.6367164373,1571385.0335851456,1690390.4592409462
20160406,1674094.9879840126,1646203.7491382994,1770875.4073858086
20160407,1653918.1112577952,1626363.029017275,1749532.093506504
20160408,1626256.2641331418,1599162.04175458,1720271.098671973
20160411,1586293.0308754074,1559864.615450357,1677997.567311027
20160412,1594103.4347694272,1567544.8942068827,1686259.4952643064
20160413,1576660.1994061165,1550392.2716506422,1667807.8561686494
20160414,1580044.7077601915,1553720.3924451363,1671388.0249484035
20160415,1593973.2613711937,1567416.8895609407,1686121.7964650851
20160418,1586032.6840789402,1559608.606158473,1677722.1697125847
20160419,1582778.3491230987,1556408.4900099207,1674279.6997320515
20160420,1551927.2537417207,1526071.3889216443,1641645.084316598
20160421,1564488.9866712692,1538423.8372550565,1654933.018441456
20160422,1610244.9361504014,1583417.4703037024,1703334.1463677504
20160425,1591499.9668047542,1564984.801288041,1683505.5192798802
20160426,1587204.2446630432,1560760.6479719519,1678961.4589055765
20160427,1593843.08797296,1567288.8849149987,1685984.0976658638
20160428,1603996.6130351855,1577273.2472984819,1696724.6040051267
20160429,1634977.8818147972,1607738.3530327003,1729496.9182198015
20160503,1692254.1770376086,1664060.3972472216,1790084.3898771831
20160504,1667586.3180723295,1639803.5168411946,1763990.4674247424
20160505,1677739.843134555,1649787.8792246778,1774730.9737640053
20160506,1641616.725124714,1614266.589975747,1736519.5569800888
20160509,1632504.5872483575,1605306.2647598004,1726880.6410345964
20160510,1640705.5113370784,1613370.5574541525,1735555.6653855396
20160511,1671882.0402140403,1644027.6701572838,1768534.5277990461
20160512,1665959.1505944089,1638203.4587669186,1762269.2324344763
20160513,1633415.8010359933,1606202.2972813952,1727844.5326291458
20160516,1637776.6098768208,1610490.452920455,1732457.4424030597
20160517,1627362.7380181279,1600250.0812450876,1721441.5384653541
20160518,1590979.2732118194,1564472.7827042725,1682954.7240829947
20160519,1599635.804194358,1572985.0916594218,1692111.6942312128
20160520,1635368.402009498,1608122.3669705265,1729910.0146174654
20160523,1654503.8915498464,1626939.0499240141,1750151.7381029995
20160524,1639794.2975494426,1612474.5249325577,1734591.7737909905
20160525,1639273.603956508,1611962.5063487894,1734040.9785941052
20160526,1644805.9733814388,1617402.7038013283,1739893.1775610114
20160527,1643048.6325052842,1615674.64108111,1738034.2437715235
20160530,1667065.6244793949,1639291.4982574263,1763439.6722278572
20160531,1721347.9315428322,1692669.4356152797,1820860.0715031486
20160601,1716922.0360028876,1688317.2776532485,1816178.3123296236
20160602,1742631.2821540358,1713598.1952268118,1843373.8251758346
20160603,1847746.301227718,1816961.9468250528,1954565.6055470519
20160606,1796718.3291201226,1766784.125615752,1900587.6762522939
20160607,1808433.9349611523,1778304.5437505406,1912980.568182213
20160608,1785197.9833764432,1755455.7144498765,1888401.3325212067
20160613,1738205.3866140912,1709246.0372647808,1838692.0660023098
20160614,1775239.718411568,1745663.3590353064,1877867.3743807757
20160615,1799582.1438812632,1769600.2278264782,1903617.049835163
20160616,1783505.7291994058,1753791.6540526294,1886611.2481313297
20160617,1811102.489624942,1780928.6389923533,1915803.3935662499
20160620,1797108.8493148235,1767168.1395535783,1901000.7726499578
20160621,1782138.9085179523,1752447.6052702374,1885165.410739506
20160622,1812274.050209045,1782080.6808058321,1917042.6827592417
20160623,1799256.7103856788,1769280.2162116228,1903272.8028371094
20160624,1781878.5617214849,1752191.5959783532,1884890.013141063
20160627,1872414.160192997,1841218.8272310796,1980659.5279994924
20160628,1875863.755246189,1844610.950348545,1984308.5461788573
20160629,1875668.4951488387,1844418.9433796322,1984101.9979800256
20160630,1900010.9206185336,1868355.8121708035,2009851.6734344128
20160701,1902787.7221419893,1871086.3508268152,2012789.0034929663
20160704,1954185.6642468832,1921627.9781528497,2067158.290968944
20160705,1998601.9971395992,1965304.3132806518,2114142.358283243
20160706,2109044.4057246307,2073906.697483166,2230969.5076979906
20160707,2107182.6432680497,2072075.9528969703,2229000.115654876
20160708,2060638.5818535273,2026307.338242088,2179765.314577018
20160711,2095413.644881806,2060503.0317628072,2216550.744525189
20160712,2159179.009019702,2123206.0338399964,2284002.4220018554
20160713,2109044.4057246307,2073906.697483166,2230969.5076979906
20160714,2108379.490561566,2073252.860130953,2230266.153396878
20160715,2111238.6257627434,2076064.360745467,2233290.5768916607
20160718,2102528.2371265977,2067499.0914314822,2224076.6355470903
20160719,2048670.1089183644,2014538.2659022612,2167104.937156997
20160720,2051662.2271521548,2017480.5339872176,2170270.031512002
20160721,2090360.289642515,2055533.8678859912,2211205.2518367358
20160722,2047406.7701085415,2013295.9749330573,2165768.563984884
20160725,2069614.9365548992,2035134.1424969581,2189260.5976420334
20160726,2121345.336241326,2086002.6884990989,2243981.5622685673
20160727,2087900.103539176,2053114.669682805,2208602.8409226206
20160728,2101464.372865694,2066452.9516679419,2222951.2686653105
20160729,2082181.8331368205,2047491.6684537765,2202553.993933055
20160801,2041023.584543121,2007019.136351816,2159016.3626942057
20160802,2036036.7208201366,2002115.3562102215,2153741.2054358637
20160803,2040092.7033148308,2006103.7640587185,2158031.666672649
20160804,2036635.1444668947,2002703.809827213,2154374.224306865
20160805,2034174.9583635558,2000284.6116240264,2151771.81339275
20160808,2048603.617402058,2014472.8821670401,2167034.601726886
20160809,2099469.6273765005,2064491.4396113043,2220841.205761974
20160810,2086570.273213047,2051806.9949783797,2207196.132320396
20160811,2106251.762039759,2071160.5806038727,2228015.4196333187
20160812,2107581.592365889,2072468.2553082982,2229422.1282355436
20160815,2119616.556817358,2084302.711383346,2242152.8410856756
20160816,2058045.412717575,2023757.3725684586,2177022.2328026798
20160817,2049002.5664998966,2014865.1845783675,2167456.614307553
20160818,2037499.534178879,2003553.7983850895,2155288.584898311
20160819,2037831.9917604113,2003880.7170611958,2155640.262048867
20160822,2043417.279130154,2009372.9508197817,2161548.43817821
20160823,2040491.6524126695,2006496.0664700458,2158453.679253316
20160824,2029853.0098036355,1996034.6688346441,2147200.0104355197
20160825,2014759.435602069,1981192.560939418,2131233.867800271
20160826,2004386.759058261,1970992.6982449014,2120261.54070292
20160829,2044813.6009725893,2010746.009259428,2163025.482210546
20160830,2033709.5177494106,1999826.9254774775,2151279.465381971
20160831,2062500.3443101079,2028138.082828283,2181734.7066201316
20160901,2052659.5998967516,2018461.2900155364,2171325.06296367
20160902,2033177.5856189588,1999303.8555957072,2150716.781941081
20160905,2051263.2780543163,2017088.2315758902,2169848.018931335
20160906,2060838.0564024465,2026503.4894477518,2179976.3208673513
20160907,2038629.8899560887,2004665.321883851,2156484.287210202
20160908,2033443.5516841847,1999565.3905365923,2150998.123661526
20160909,2025531.0612437157,1991784.7260452623,2142628.20747829
20160912,1981846.1350303711,1948827.6120048943,2096417.8298952144
20160913,1997604.6243950024,1964323.557252333,2113087.326831575
20160914,1991886.3539926466,1958700.5560233046,2107038.4798420095
20160919,1995609.8789058083,1962362.045195695,2110977.2639282383
20160920,1961233.764975368,1928558.6540863032,2074613.846560734
20160921,1955183.0369914805,1922608.734181169,2068213.322420613
20160922,1974665.0512692735,1941766.1686009981,2088821.603443202
20160923,1979319.4574107255,1946343.0300664862,2093745.0835509878
20160926,1919809.5503164432,1887824.5870434581,2030794.8736014403
20160927,1936033.4802952197,1903778.2184374458,2047956.7185485796
20160928,1917681.8217946365,1885732.307516378,2028544.139837881
20160929,1934770.141485397,1902535.9274682417,2046620.3453764662
20160930,1980848.7622857743,1947846.8559765753,2095362.798443546
20161010,2014426.9780205367,1980865.6422633117,2130882.1906497153
20161011,2054055.9217391878,2019834.3484551834,2172802.1069960063
20161012,2033443.5516841847,1999565.3905365923,2150998.123661526
20161013,2020610.6890370375,1986946.3296388888,2137423.385650059
20161014,2031980.7383254427,1998126.9483617248,2149450.744199079
20161017,2011035.9106889074,1977531.0717670275,2127295.083714043
20161018,2042353.4148692505,2008326.8110562414,2160423.0712964307
20161019,2037632.5172114915,2003684.5658555317,2155429.2557585333
20161020,2031182.8401297652,1997342.3435390696,2148606.7190377447
20161021,2022605.4345262316,1988907.8416955268,2139533.4485533964
20161024,2040824.1099942017,2006822.985146152,2158805.356403872
20161025,2080785.5112943847,2046118.61001413,2201076.9499007193
20161026,2085705.8835010629,2050957.0064205031,2206281.77172895
20161027,2106916.6772028236,2071814.4179560852,2228718.773934431
20161028,2108113.52449634,2072991.3251900682,2229984.8116764333
20161031,2114097.7609639214,2078875.8613599814,2236315.0003864435
20161101,2105653.3383930014,2070572.1269868817,2227382.400762318
20161102,2095679.610947032,2060764.5667036923,2216832.086245634
20161103,2100201.0340558714,2065210.660698738,2221614.8954931973
20161104,2093285.9163599994,2058410.7522357272,2214300.01076163
20161107,2096676.9836916288,2061745.3227320113,2217887.1176973023
20161108,2127728.5218067463,2092279.5270803398,2250733.763559245
20161109,2106517.7281049853,2071422.1155447578,2228296.7613537638
20161110,2121943.759888084,2086591.1421160903,2244614.5811395687
20161111,2095014.6957839672,2060110.7293514796,2216128.7319445214
20161114,2067819.665614625,2033368.7816459842,2187361.54102903
20161115,2087900.103539176,2053114.669682805,2208602.8409226206
20161116,2082181.8331368205,2047491.6684537765,2202553.993933055
20161117,2068152.1231961572,2033695.7003220904,2187713.2181795863
20161118,2061237.0055002854,2026895.7918590796,2180398.333448019
20161121,2057912.4296849624,2023626.6050980166,2176881.5619424577
20161122,2053723.4641576551,2019507.4297790767,2172450.42984545
20161123,2080852.0028106913,2046183.9937493512,2201147.2853308306
20161124,2107315.6263006628,2072206.720367413,2229140.7865150985
20161125,2107049.6602354366,2071945.1854265279,2228859.4447946534
20161128,2124403.945991423,2089010.3403192768,2247216.992053684
20161129,2154059.1622641045,2118171.486227959,2278586.5938832904
20161130,2121611.3023065515,2086264.2234399838,2244262.903989012
20161201,2134510.656470005,2098948.668072908,2257907.97743059
20161202,2139497.5201929896,2103852.448214503,2263183.134688932
20161205,2100666.4746700167,2065668.346845287,2222107.2435039757
20161206,2170416.075275494,2134255.8850923893,2295889.109690652
20161207,2177264.7014550595,2140990.409820179,2303133.658992109
20161208,2245484.9971854878,2208074.1221571923,2375297.8102862267
20161209,2245817.4547670204,2208401.040833299,2375649.4874367835
20161212,2173341.7019929783,2137132.7694421248,2298983.8686155467
20161213,2214233.9845214514,2177343.7666031998,2342240.1581339506
20161214,2209313.6123147733,2172505.3701968268,2337035.33630572
20161215,2181254.192433447,2144913.4339334546,2307353.7847987823
20161216,2178129.091167043,2141840.398378055,2304048.0195835545
20161219,2167357.4655253966,2131248.233272211,2292653.679905536
20161220,2170815.024373333,2134648.187503717,2296311.12227132
20161221,2185310.1749281413,2148901.841781952,2311644.2460355675
20161222,2162304.1102861054,2126279.0693953955,2287308.187217083
20161223,2127927.9963556654,2092475.6782860036,2250944.769849579
20161226,2157516.7211120403,2121571.4404594647,2282244.0362490746
20161227,2168687.2958515263,2132555.9079766367,2294060.388507761
20161228,2152463.3658727496,2116602.276582649,2276898.543560622
20161229,2176333.820226769,2140075.037527081,2302148.9629705516
20161230,2221814.017380388,2184797.512418424,2350258.3971666303
20170103,2224540.169548953,2187478.245562495,2353142.1498011905
20170104,2339902.9503406626,2300919.0261713825,2475174.1210441687
20170105,2305526.8364102226,2267115.635061991,2438810.7036766647
20170106,2332256.4259654195,2293399.8966209376,2467085.5465813777
20170109,2317295.834796466,2278688.556196154,2451260.0748063517
20170110,2320553.919095482,2281892.359221996,2454706.5108818016
20170111,2296949.430806689,2258681.133218448,2429737.4331923164
20170112,2307588.0734157227,2269142.53085385,2440991.1020101127
20170113,2293092.9228609144,2254888.8765756153,2425657.9782458656
20170116,2270485.8073167177,2232658.406600387,2401743.9320080485
20170117,2321418.3088074666,2282742.3477798724,2455620.8714732477
20170118,2360980.7610098105,2321645.6702365223,2497470.4523894275
20170119,2358587.066422778,2319291.8557685567,2494938.376905423
20170120,2360382.337363052,2321057.2166195307,2496837.433518426
20170123,2335315.0357155167,2296407.5484411158,2470320.976366494
20170124,2329264.307731629,2290457.628535981,2463920.4522263724
20170125,2311444.5813614973,2272934.787496683,2445070.5569565636
20170126,2290100.8046271233,2251946.6084906585,2422492.8838908602
20170203,2306258.2430895935,2267834.856149425,2439584.3934078882
20170206,2306258.2430895935,2267834.856149425,2439584.3934078882
20170207,2284515.5172573808,2246454.3747320725,2416584.7077615173
20170208,2288704.4827846875,2250573.550051012,2421015.839858524
20170209,2311311.598328884,2272804.0200262405,2444929.886096341
20170210,2294489.2447033497,2256261.9350152616,2427135.022278201
20170213,2325540.782818467,2286796.13936359,2459981.6681401436
20170214,2328599.392568564,2289803.791183768,2463217.0979252597
20170215,2317428.8178290785,2278819.3236665963,2451400.7456665738
20170216,2314503.1911115944,2275942.439316861,2448305.98674168
20170217,2330926.5956392903,2292092.221916512,2465678.837979153
20170220,2402271.992636123,2362248.9698089254,2541148.7544884994
20170221,2385316.6559779756,2345576.117327504,2523213.219810136
20170222,2406261.4836145104,2366171.9939222005,2545368.8802951723
20170223,2404998.1448046877,2364929.7029529964,2544032.507123059
20170224,2411115.364304882,2370945.0065933526,2550503.3666932923
20170227,2375076.96246678,2335507.0221034293,2512381.563573007
20170228,2358188.1173249395,2318899.5533572296,2494516.364324756
20170301,2371153.963004699,2331649.381725375,2508231.773196445
20170302,2372550.2848471347,2333022.440165022,2509708.817228781
20170303,2370688.5223905537,2331191.695578826,2507739.4251856664
20170306,2386779.4693367174,2347014.559502371,2524760.599272583
20170307,2441568.478773241,2400890.75732469,2582716.9936842336
20170308,2442100.4109036927,2401413.82720646,2583279.6771251233
20170309,2459521.1881759856,2418544.3658344303,2601707.559814265
20170310,2459188.7305944534,2418217.447158324,2601355.8826637086
20170313,2470492.2883665515,2429332.6821459387,2613312.905782617
20170314,2456861.527523727,2415929.01642558,2598894.1426098156
20170315,2491304.132970474,2449797.791270193,2635327.8954074313
20170316,2491902.556617232,2450386.2448871844,2635960.914278432
20170317,2516570.9091669293,2474643.6106542726,2662055.3588496973
20170320,2569298.6815979527,2526492.912684732,2717831.3549279
20170321,2619832.2339908625,2576184.55145289,2771286.2818124318
20170322,2622957.3352572666,2579257.5870082895,2774592.0470276596
20170323,2591772.8141095364,2548592.615189518,2741604.7303054943
20170324,2572024.833766517,2529173.645828803,2720715.1075624595
20170327,2518831.6207213486,2476866.6576517946,2664446.7634734786
20170328,2528406.3990694787,2486281.915523656,2674575.065409495
20170329,2550947.0230973694,2508447.0017636637,2698418.7762172013
20170330,2567503.410657678,2524727.5518337577,2715932.2983148964
20170331,2568966.2240164205,2526165.994008626,2717479.677777344
20170405,2590908.424397552,2547742.6266316413,2740690.369714048
20170406,2605869.015566506,2562453.9670564253,2756515.8414890743
20170407,2612252.201131926,2568730.805637666,2763268.042779752
20170410,2587849.814647455,2544734.9748114636,2737454.939928932
20170411,2561851.6317716287,2519169.934339951,2709953.7867554426
20170412,2594698.4408270204,2551469.4995392533,2744699.4892303883
20170413,2648955.518133092,2604822.627479802,2802093.2002011486
20170414,2629407.012338993,2585599.8093247516,2781414.5837484486
20170417,2631667.7238934124,2587822.856322274,2783805.98837223
20170418,2690579.207340937,2645752.845728311,2846123.1794507764
20170419,2697826.7826183415,2652879.6728674285,2853789.7413329007
20170420,2761459.163723624,2715451.9074741746,2921100.747949344
20170421,2663184.702622675,2618814.7468171516,2817144.982244951
20170424,2650019.382393996,2605868.7672433425,2803218.567082929
20170425,2785263.126561337,2738859.2846833863,2946280.831929163
20170426,2779079.4155448363,2732778.597307809,2939739.636928819
20170427,2802218.4632194843,2755532.1371648074,2964216.366607526
20170428,2749291.216239542,2703486.6839286843,2908229.3642389895
20170502,2739982.4039566373,2694332.9609977077,2898382.4040234177
20170503,2776752.2124741105,2730490.1665750653,2937277.8968749265
20170504,2766047.07834877,2719963.385204442,2925953.8926270185
20170505,2767310.4171585925,2721205.676173646,2927290.265799132
20170508,2696098.003194373,2651179.695751676,2851961.0201500086
20170509,2717907.2205428923,2672625.5609042495,2875031.041226491
20170510,2726750.5922116516,2681321.597688677,2884385.653431284
20170511,2740514.336087089,2694856.030879478,2898945.087464308
20170512,2749224.7247232357,2703421.3001934635,2908159.0288088787
20170515,2789651.5666375635,2743174.6112079895,2950922.9703165037
20170516,2859933.099373493,2812285.219336862,3025267.5199440704
20170517,2836528.0856336188,2789270.144538978,3000509.4485449186
20170518,2856076.5914277183,2808492.962694029,3021188.0649976195
20170519,2931079.0218214053,2882245.8160236105,3100526.430163082
20170522,2937462.2073868257,2888522.6546048517,3107278.63145376
20170523,3020044.67063945,2969729.2537496574,3194635.2356519033
20170524,2994245.9623125433,2944360.364483808,3167345.0887687476
20170525,2996107.7247691243,2946191.1090700035,3169314.4808118623
20170526,3004884.604921577,2954821.76211921,3178598.757586544
20170531,2945175.2232783753,2896107.167890518,3115437.5413466627
20170601,2987330.844616671,2937560.456020797,3160030.2040371797
20170602,2974232.015904299,2924679.860182209,3146174.1243052687
20170605,2954949.4761754256,2905718.5769680436,3125776.849573013
20170606,2984272.2348665744,2934552.8042006195,3156794.774252064
20170607,3054420.7845698902,3003532.644859049,3230998.6530194073
20170608,3087267.5936252824,3035832.2100583524,3265744.3554943535
20170609,3096775.880457106,3045182.084194992,3275802.3220002586
20170612,3144250.823099919,3091866.0711429724,3326021.8190996745
20170613,3145314.687360822,3092912.2109065126,3327147.185981454
20170614,3154291.0420621946,3101739.0151613825,3336642.4690464693
20170615,3087201.102108976,3035766.8263231306,3265674.020064242
20170616,3076097.0188857964,3024847.74254118,3253928.0032356675
20170619,3126231.622180868,3074147.078898011,3306960.917539532
20170620,3100499.405370268,3048843.573367383,3279741.106086488
20170621,3143120.467322709,3090754.547644211,3324826.1167877833
20170622,3143386.433387935,3091016.082585096,3325107.4585082284
20170623,3143253.450355322,3090885.315114653,3324966.787648006
20170626,3222710.812341543,3169018.87870406,3409017.6266309214
20170627,3218854.3043957683,3165226.622061227,3404938.1716844705
20170628,3160341.770046083,3107688.935066518,3343042.9931865917
20170629,3145115.212811903,3092716.059700849,3326936.1796911205
20170630,3137402.196920354,3085131.5464151828,3318777.2697982183
20170703,3061069.936200537,3010071.0183811756,3238032.19603053
20170704,3004884.604921577,2954821.76211921,3178598.757586544
20170705,3059474.1398091814,3008501.808735865,3236344.145707861
20170706,3031880.1605420006,2981367.558619042,3207154.942211702
20170707,3010193.5514613087,2960042.2590207662,3184214.6174593805
20170710,3067566.570246028,3016459.415335488,3244904.404324875
20170711,3126019.5517372824,3073938.5416514277,3306736.587178427
20170712,3087815.8709935755,3036371.352858331,3266324.3291009325
20170713,3078973.676333813,3027676.473473356,3256970.9619487207
20170714,3080661.1180627756,3029335.8016002597,3258755.9556800593
20170717,3037867.5958162905,2987255.2403019844,3213488.5146533246
20170718,3054607.017767597,3003715.7753208685,3231195.652468199
20170719,3083698.5131749073,3032322.592228686,3261968.9443964674
20170720,3148563.773236219,3096107.1654268596,3330584.1034291033
20170721,3193989.7045798847,3140776.278603104,3378636.134676724
20170724,3225038.6323927916,3171307.9161381302,3411480.0193333453
20170725,3226118.595099327,3172369.886139348,3412622.4153214013
20170726,3183392.5705220015,3130355.6979661495,3367426.3740439215
20170727,3198512.048413504,3145223.277983206,3383419.9178767106
20170728,3266347.205917789,3211928.26868473,3455176.6658765012
20170731,3248122.8352449965,3194007.5249141715,3435898.7335780505
20170801,3241508.0636674636,3187502.958656709,3428901.558151205
20170802,3259057.4576486717,3204759.971176506,3447465.4929571208
20170803,3221123.7675815993,3167458.274883714,3407338.833876641
20170804,3196959.6020228583,3143696.6961064544,3381777.7236438794
20170807,3250417.755996385,3196264.2111667604,3438326.32505267
20170808,3257302.5182505506,3203034.2699245266,3445609.0994765293
20170809,3313123.0906446245,3257924.8443624973,3504656.692109193
20170810,3318387.908838987,3263101.948118436,3510225.8725509676
20170811,3267292.1732860077,3212857.4924357957,3456176.262366051
20170814,3373735.997548951,3317527.910680874,3568773.6669388567
20170815,3347681.897253773,3291907.8844014825,3541213.3637269973
20170816,3351191.776050015,3295359.2869054424,3544926.1506881807
20170817,3325542.6617697873,3270137.4993765075,3517794.2459718413
20170818,3305023.370345605,3249960.0693533598,3496088.72219877
20170821,3305563.3516988736,3250491.054353969,3496659.9201927986
20170822,3288621.4367400915,3233831.399959857,3478738.583130164
20170823,3334452.3540987084,3278898.7518865583,3527219.0128733064
20170824,3326352.6337996894,3270933.976877421,3518651.0429628836
20170825,3327567.5918445424,3272128.693128792,3519936.2384494473
20170828,3321155.3132744855,3265823.246246558,3513153.2622703626
20170829,3303605.919293277,3248566.233726761,3494589.3274644464
20170830,3327432.596506225,3271995.9468786395,3519793.43895094
20170831,3315148.020719379,3259916.038114781,3506798.6845867983
20170901,3342349.5813902523,3286664.4075204674,3535572.783535969
20170904,3323720.224702508,3268345.424999452,3515866.4527419964
20170905,3307318.291096994,3252216.755605949,3498516.31367339
20170906,3273501.958848589,3218963.819942801,3462745.039297375
20170907,3248460.323590788,3194339.3905395516,3436255.7323243176
20170908,3201886.931871428,3148541.934237013,3386989.905339387
20170911,3228548.511189033,3174759.318642089,3415192.8062945283
20170912,3273029.47516448,3218499.208067268,3462245.2410526
20170913,3318387.908838987,3263101.948118436,3510225.8725509676
20170914,3312178.1232764055,3256995.620611431,3503657.0956196436
20170915,3306305.8260596166,3251221.1587298065,3497445.317434587
20170918,3367931.198001321,3311819.821924326,3562633.288503054
20170919,3354296.668831305,3298412.4506589444,3548210.5391538423
20170920,3349234.3436444183,3293434.466278234,3542855.557959828
20170921,3366581.244618151,3310492.3594228025,3561205.2935179835
20170922,3374410.9742405363,3318191.6419316353,3569487.6644313927
20170925,3423751.7703953944,3366710.3963622963,3621680.881135718
20170926,3437588.7925728858,3380316.8870029054,3636317.82973269
20170927,3430299.0443037683,3373148.589494682,3628606.6568133095
20170928,3499484.1551912236,3441181.042697729,3701791.399798171
20170929,3493949.3463202273,3435738.4464414855,3695936.620359382
20171009,3562324.4851777805,3502974.422143618,3768264.566353201
20171010,3645279.120573568,3584546.9928621985,3856014.858185781
20171011,3682267.8432724224,3620919.465403925,3895141.9207767122
20171012,3672480.6812444413,3611295.362267885,3884788.957134952
20171013,3753882.870249583,3691341.3511097133,3970897.0547347004
20171016,3784526.8120475397,3721474.749894283,4003312.5408958006
20171017,3757797.735060776,3695190.9923641295,3975038.2401914047
20171018,3784729.305055015,3721673.8692695107,4003526.740143561
20171019,3932414.205173797,3866898.2669361127,4159749.3915102696
20171020,3876593.6327797235,3812007.692498142,4100701.798877606
20171023,3870383.8472171417,3805901.3649911364,4094133.021946281
20171024,3829345.264368779,3765546.5049448423,4050721.97440014
20171025,3818140.6512884684,3754528.5661822017,4038869.6160240546
20171026,4084216.463111248,4016171.4252323597,4320327.427581444
20171027,4384851.0815431755,4311797.324321502,4638341.910756637
20171030,4198895.0030115275,4128939.364736727,4441635.60156318
20171031,4171558.4470023373,4102058.2490808885,4412718.703115502
20171101,4205172.286243267,4135112.0653688083,4448275.778243758
20171102,4231563.874884238,4161063.95727358,4476193.080201886
20171103,4314248.519603391,4242371.035491855,4563657.773037451
20171106,4408002.7820645375,4334563.306222619,4662832.024750595
20171107,4333822.843659355,4261619.241763938,4584363.700320974
20171108,4389913.406730062,4316775.308702213,4643696.891950651
20171109,4387820.97898615,4314717.741824852,4641483.499723792
20171110,4576004.480600027,4499766.01453714,4840546.000642615
20171113,4643029.666074411,4565674.527737751,4911445.951651364
20171114,4581404.294132706,4505075.86454323,4846257.980582897
20171115,4644379.619457581,4567001.990239273,4912873.946636435
20171116,4853824.886856384,4772957.797350545,5134427.368570116
20171117,4659026.613664973,4581404.958380795,4928367.692224449
20171120,4584104.200899046,4507730.789546276,4849113.970553037
20171121,4571279.643758933,4495119.895781809,4835548.018194868
20171122,4390858.37409828,4317704.532453278,4644696.4884402
20171123,4277529.787581172,4206264.055450434,4524816.309443534
20171124,4252623.147661688,4181772.372297337,4498469.801968984
20171127,4193562.6871480057,4123695.8878557105,4435995.021372151
20171128,4375401.407860987,4302505.086810842,4628345.945861144
20171129,4307161.264341749,4235401.85735886,4556160.799365831
20171130,4259102.923900903,4188144.1923046466,4505324.177897323
20171201,4200717.440078807,4130731.4391137827,4443563.394793025
20171204,4304933.84125952,4233211.544231348,4553804.607640465
20171205,4272332.467055968,4201153.324819571,4519318.528751014
20171206,4218671.820074965,4148386.6903840364,4462555.728094462
20171207,4162513.7593350993,4093164.250320685,4403151.13671553
20171208,4233993.790973943,4163453.3897763207,4478763.471175011
20171211,4394030.76454873,4320824.069331856,4648052.276655116
20171212,4396258.187630961,4323014.38245937,4650408.468380483
20171213,4510261.750839655,4435118.590712976,4771002.644869683
20171214,4485557.603927646,4410826.026935107,4744870.336642893
20171215,4412930.111913107,4339408.544353177,4668044.206446102
20171218,4493792.319564982,4418923.548194397,4753581.106051823
20171219,4502702.011893904,4427684.800704448,4763005.872953288
20171220,4622982.858334337,4545961.709590135,4890240.226123067
20171221,4601586.097211096,4524921.428940998,4867606.5056097
20171222,4609550.822171798,4532753.457699982,4876031.676021615
20171225,4644649.610134214,4567267.482739577,4913159.545633448
20171226,4595308.813979356,4518748.728308916,4860966.328929122
20171227,4483060.190168781,4408370.22130729,4742228.545920513
20171228,4850989.984751727,4770170.126097348,5131428.579101469
20171229,4707894.926135723,4629459.100935924,4980061.110683999
20180102,4750823.443720523,4671672.408484351,5025471.35120924
20180103,4831888.144379874,4751386.531700799,5111222.450062722
20180104,4975050.700665037,4892163.929987299,5262661.318229444
20180105,4983757.899986483,4900726.063122122,5271871.88588315
20180108,5076702.190417727,4992121.856351971,5370189.340605251
20180109,5281827.606990388,5193829.783458371,5587173.178586708
20180110,5303359.363451947,5215002.810357661,5609949.698598583
20180111,5229786.904069189,5142656.104024664,5532123.971912242
20180112,5321651.231793898,5232989.927253295,5629299.030646287
20180115,5301064.442700557,5212746.124105072,5607522.107123963
20180116,5217164.839936552,5130244.3296354255,5518772.218801833
20180117,5048353.16937116,4964245.143819991,5340201.4459187705
20180118,5067320.014404697,4982895.991966387,5360264.775459011
20180119,5063540.144931821,4979179.096962122,5356266.389500814
20180122,5221889.676777646,5134890.448390756,5523770.20124958
20180123,5222834.644145865,5135819.672141822,5524769.7977391295
20180124,5159926.816490149,5073959.919570856,5458225.231434845
20180125,5191650.720994641,5105155.288356643,5491783.113584002
20180126,5246053.842336386,5158652.027168015,5549331.311482341
20180129,4969988.37547815,4887185.945606588,5257306.337035431
20180130,5008867.032913442,4925416.865650447,5298432.59260546
20180131,5160466.797843417,5074490.904571465,5458796.429428874
20180201,5114500.885146484,5029290.8063946115,5410173.200187224
20180202,4997527.424494815,4914266.180637655,5286437.434730868
20180205,4847885.091970436,4767116.9623438455,5128144.190635807
20180206,4784639.775968929,4704925.344147499,5061242.625585255
20180207,4612993.203298881,4536138.487078866,4879673.063233545
20180208,4731519.110341195,4652689.694712574,5005051.022922733
20180209,4612993.203298881,4536138.487078866,4879673.063233545
20180212,4707827.428466564,4629392.727810848,4979989.710934746
20180213,4805699.048746378,4725633.759171255,5083519.347352355
20180214,4849370.040691924,4768577.171095521,5129714.985119385
20180222,5011364.446672306,4927872.671278264,5301074.383327841
20180223,5011566.939679782,4928071.790653492,5301288.582575601
20180226,5018519.199603107,4934908.222536336,5308642.7567487145
20180227,4981192.98855846,4898203.884369228,5269158.695411515
20180228,4897765.869478563,4816166.701775115,5180908.605334161
20180301,5008124.558552698,4924686.761274609,5297647.195363671
20180302,4970595.854500577,4887783.303732273,5257948.934778712
20180305,4860574.653772234,4779595.109858161,5141567.34349547
20180306,4848087.584977912,4767316.0817190735,5128358.389883567
20180307,4792604.50092963,4712757.372906484,5069667.795997172
20180308,4878461.536099234,4797183.988003338,5160488.277047653
20180309,4915180.268121454,4833290.96804476,5199329.74064157
20180312,4886493.758729095,4805082.389887399,5168984.847208822
20180313,4794696.928673544,4714814.939783844,5071881.188224031
20180314,4906270.575792533,4824529.715534709,5189904.973740105
20180315,5038498.509674021,4954554.667558874,5329777.082527758
20180316,4993815.052691098,4910615.658758467,5282510.448521924
20180319,5085814.3757541245,5001082.228237251,5379828.306754477
20180320,5047003.215987991,4962917.681318468,5338773.450933701
20180321,5008327.051560175,4924885.880649838,5297861.394611432
20180322,4900870.762259854,4819219.865528618,5184192.993799822
20180323,4799489.263183797,4719527.43166425,5076950.57042103
20180326,4815891.19678931,4735656.101057753,5094300.709489636
20180327,4824328.405434122,4743952.741692271,5103225.678146327
20180328,4603678.524955009,4526978.995818358,4869819.897836559
20180329,4651264.381711747,4573772.048997039,4920156.721060294
20180330,4614275.659012892,4537399.576455313,4881029.658469362
20180402,4589841.502777518,4505252.045366434,4855611.347735108
20180403,4589841.502777518,4505252.045366434,4840260.4016456
20180404,4589841.502777518,4505252.045366434,4955213.997943773
20180409,4589841.502777518,4505252.045366434,4985844.490373534
20180410,4589841.502777518,4505252.045366434,5055245.046647959
20180411,4589841.502777518,4505252.045366434,5036252.713346522
20180412,4589841.502777518,4505252.045366434,4956570.593179591
20180413,4589841.502777518,4505252.045366434,4904163.177227504
20180416,4589841.502777518,4505252.045366434,4865036.114636573
20180417,4589841.502777518,4505252.045366434,4756651.295269726
20180418,4589841.502777518,4505252.045366434,4681253.160058004
20180419,4589841.502777518,4505252.045366434,4854897.350242573
20180420,4589841.502777518,4505252.045366434,4785639.593466655
20180423,4589841.502777518,4505252.045366434,4812414.499436727
20180424,4589841.502777518,4505252.045366434,4925725.901502068
20180425,4589841.502777518,4505252.045366434,4933508.4741707025
20180426,4589841.502777518,4505252.045366434,4842545.193621714
20180427,4589841.502777518,4505252.045366434,4730447.587293682
20180502,4589841.502777518,4505252.045366434,4768289.454398049
20180503,4589841.502777518,4505252.045366434,4790066.377920373
20180504,4589841.502777518,4505252.045366434,4732875.178768301
20180507,4589841.502777518,4505252.045366434,4984916.293633238
20180508,4589841.502777518,4505252.045366434,5061028.426337495
20180509,4589841.502777518,4505252.045366434,5011905.3988510715
20180510,4589841.502777518,4505252.045366434,5099298.691937383
20180511,4589841.502777518,4505252.045366434,5126644.795901483
20180514,4589841.502777518,4505252.045366434,5300788.784330826
20180515,4589841.502777518,4505252.045366434,5305429.768032305
20180516,4589841.502777518,4505252.045366434,5244454.382169796
20180517,4589841.502777518,4505252.045366434,5193474.961202781
20180518,4589841.502777518,4505252.045366434,5278726.261811488
20180521,4589841.502777518,4505252.045366434,5246596.374647402
20180522,4589841.502777518,4505252.045366434,5280511.255542826
20180523,4489237.139027449,4400779.4575461075,5167771.051471513
20180524,4437260.285252752,4349826.775993375,5107938.0615970595
20180525,4446315.918487961,4358703.973495402,5118362.424988074
20180528,4592322.498184425,4501833.582534938,5286437.434730868
20180529,4536686.17618454,4447293.540347825,5222391.859650457
20180530,4502200.340028537,4413487.226572982,5182693.599065499
20180531,4658875.199974699,4567074.903902578,5363049.365679898
20180601,4621536.219100752,4530471.66488737,5320066.716629278
20180604,4850159.9458472105,4754590.50045225,5583246.192377765
20180605,4887871.076032193,4791558.555803157,5626657.2399239065
20180606,4873605.35244248,4777573.929601335,5610235.297595597
20180607,4843957.457329944,4748510.228190588,5576106.2174524125
20180608,4825225.942007798,4730147.8059603665,5554543.493177848
20180611,4811456.417499465,4716649.601539476,5538692.748843566
20180612,4956966.7981145475,4859292.78879808,5706196.560592332
20180613,4902012.749851563,4805421.576559749,5642936.382753711
20180614,4875962.298079042,4779884.433060766,5612948.48806723
20180615,4864697.799150397,4768841.894217416,5599981.395960043
20180619,4642451.444755788,4550974.768769416,5344143.212106748
20180620,4803427.505015003,4708778.893881624,5529450.291778579
20180621,4776566.708715399,4682447.373200532,5498529.571567609
20180622,4821921.823778664,4726908.793366965,5550739.967989411
20180625,4815819.956703578,4720927.159863298,5543715.8231171295
20180626,4748133.266262423,4654574.194399939,5465798.5047400715
20180627,4544569.94816988,4455021.9674116215,5231467.238691597
20180628,4472165.319268607,4384044.027589757,5148118.880464837
20180629,4601311.021383561,4510644.992363248,5296784.5446173465
20180702,4476065.481728971,4387867.339726121,5152608.540073925
20180703,4371453.0596066285,4285316.241616859,5032184.283139866
20180704,4346227.815306532,4260588.045380049,5003146.323410125
20180705,4418443.7266694,4331380.986227574,5086277.440042897
20180706,4492232.2841856405,4403715.585194601,5171218.903292237
20180709,4574764.754314632,4484621.803306056,5266225.8937296895
20180710,4565454.689086667,4475495.187238606,5255508.641759612
20180711,4526578.876175297,4437385.398524521,5210756.873398067
20180712,4639557.775833582,4548138.117829532,5340812.174332264
20180713,4699003.800431064,4606412.794746702,5409243.276438508
20180716,4747378.396108803,4653834.198502577,5464929.538364119
20180717,4670318.734593549,4578292.950646987,5376222.55415232
20180718,4638928.717372233,4547521.454581732,5340088.035685637
20180719,4661008.669365584,4569166.334579538,5365505.302182243
20180720,4662140.974596011,4570276.328425579,5366808.75174617
20180723,4605148.27799779,4514406.638174832,5301201.79036177
20180724,4689001.770895614,4596607.849106669,5397729.47195714
20180725,4678999.741360165,4586802.903466637,5386215.667475771
20180726,4627479.853375681,4536298.183471758,5326908.712317027
20180727,4645974.172139342,4554428.082957099,5348198.388527858
20180730,4524251.359868307,4435103.744507658,5208077.560405548
20180731,4569732.28662384,4479688.497323651,5260432.784556675
20180801,4497390.563568703,4408772.223826567,5177156.840194577
20180802,4377240.397451039,4290989.543496626,5038846.358688834
20180803,4271244.046713728,4187081.7862422024,4916828.996732196
20180806,4212678.703962135,4129670.437871954,4849411.688731228
20180807,4317102.408546073,4232036.537006876,4969618.704071299
20180808,4253819.127334362,4170000.2142781224,4896770.35622063
20180809,4352329.682381618,4266569.678883717,5010170.468282407
20180810,4322763.934698214,4237586.506237082,4976135.951890941
20180813,4272690.881174832,4188500.111712144,4918494.515619438
20180814,4278415.313173108,4194111.747267131,4925084.177303744
20180815,4169399.481821322,4087244.0064232633,4799590.949843296
20180816,4079066.686771603,3998691.1640390786,4695604.640187669
20180817,3993529.7978438744,3914839.727370019,4597139.12260768
20180820,3978369.909344357,3892961.7138163405,4669044.096125453
20180821,3978369.909344357,3892961.7138163405,4862383.753016146
20180822,3978369.909344357,3892961.7138163405,4834939.65939758
20180823,3978369.909344357,3892961.7138163405,4853115.035382435
20180824,3978369.909344357,3892961.7138163405,4781354.885577687
20180827,3978369.909344357,3892961.7138163405,4976866.898163781
20180828,3978369.909344357,3892961.7138163405,4931384.183529397
20180829,3978369.909344357,3892961.7138163405,4966504.907890803
20180830,3978369.909344357,3892961.7138163405,4927039.3516496355
20180831,3978369.909344357,3892961.7138163405,4773449.544700065
20180903,3978369.909344357,3892961.7138163405,4824284.077693274
20180904,3978369.909344357,3892961.7138163405,4888225.520190432
20180905,3978369.909344357,3892961.7138163405,4763311.603647286
20180906,3978369.909344357,3892961.7138163405,4663452.884277433
20180907,3978369.909344357,3892961.7138163405,4713925.34794733
20180910,3978369.909344357,3892961.7138163405,4669245.993450448
20180911,3978369.909344357,3892961.7138163405,4677935.657209972
20180912,3978369.909344357,3892961.7138163405,4562073.473749662
20180913,3978369.909344357,3892961.7138163405,4576411.418952876
20180914,3978369.909344357,3892961.7138163405,4655487.359164537
20180917,3978369.909344357,3892961.7138163405,4676559.793781379
20180918,3978369.909344357,3892961.7138163405,4827832.3570617465
20180919,3978369.909344357,3892961.7138163405,4934425.565845231
20180920,3978369.909344357,3892961.7138163405,4913642.786687037
20180921,3978369.909344357,3892961.7138163405,5069042.940253176
20180925,3978369.909344357,3892961.7138163405,5047391.194719031
20180926,3978369.909344357,3892961.7138163405,5249498.290992607
20180927,3978369.909344357,3892961.7138163405,5242763.801578977
20180928,3978369.909344357,3892961.7138163405,5286212.120376593
20181008,3978369.909344357,3892961.7138163405,4968677.323830684
20181009,3978369.909344357,3892961.7138163405,5032763.594057168
20181010,3978369.909344357,3892961.7138163405,4858391.007949402
20181011,3978369.909344357,3892961.7138163405,4670621.85687904
20181012,3978369.909344357,3892961.7138163405,4837246.159467896
20181015,3978369.909344357,3892961.7138163405,4829280.634354999
20181016,3978369.909344357,3892961.7138163405,4831018.567106904
20181017,3978369.909344357,3892961.7138163405,4820735.798324802
20181018,3978369.909344357,3892961.7138163405,4677501.174021996
20181019,3978369.909344357,3892961.7138163405,4851728.932400435
20181022,3978369.909344357,3892961.7138163405,5018280.821124629
20181023,3978369.909344357,3892961.7138163405,4647087.350863664
20181024,3978369.909344357,3892961.7138163405,4612690.765148886
20181025,3978369.909344357,3892961.7138163405,4482418.2226207005
20181026,3978369.909344357,3892961.7138163405,4417969.883070903
20181029,3978369.909344357,3892961.7138163405,3976172.8947638134
20181030,3978369.909344357,3892961.7138163405,3794486.5083251162
20181031,3978369.909344357,3892961.7138163405,3974797.0313352216
20181101,3978369.909344357,3892961.7138163405,4076900.580509619
20181102,3978369.909344357,3892961.7138163405,4344107.741114956
20181105,3978369.909344357,3892961.7138163405,4169590.3272778657
20181106,3978369.909344357,3892961.7138163405,4098624.739908427
20181107,3978369.909344357,3892961.7138163405,4101521.2944949344
20181108,3978369.909344357,3892961.7138163405,4130052.357172036
20181109,3978369.909344357,3892961.7138163405,4069659.1940433495
20181112,3978369.909344357,3892961.7138163405,3997245.3293806566
20181113,3978369.909344357,3892961.7138163405,4127590.2857735045
20181114,3978369.909344357,3892961.7138163405,4019693.6274260916
20181115,3978369.909344357,3892961.7138163405,4053004.005170931
20181116,3978369.909344357,3892961.7138163405,4055176.421110811
20181119,3978369.909344357,3892961.7138163405,4120493.72703656
20181120,3978369.909344357,3892961.7138163405,4066762.639456842
20181121,3978369.909344357,3892961.7138163405,4089210.9375022775
20181122,3978369.909344357,3892961.7138163405,4087762.660209023
20181123,3978369.909344357,3892961.7138163405,4032728.123065376
20181126,3978369.909344357,3892961.7138163405,3998041.881891947
20181127,3978369.909344357,3892961.7138163405,3969003.9221622064
20181128,3978369.909344357,3892961.7138163405,4033452.261712003
20181129,3978369.909344357,3892961.7138163405,3994348.774794149
20181130,3978369.909344357,3892961.7138163405,4091383.3534421576
20181203,3978369.909344357,3892961.7138163405,4353521.543521107
20181204,3978369.909344357,3892961.7138163405,4360980.171581364
20181205,3978369.909344357,3892961.7138163405,4417969.883070903
20181206,3978369.909344357,3892961.7138163405,4285452.510738174
20181207,3978369.909344357,3892961.7138163405,4250693.855700082
20181210,3978369.909344357,3892961.7138163405,4179945.509924631
20181211,3978369.909344357,3892961.7138163405,4221655.895970343
20181212,3978369.909344357,3892961.7138163405,4265176.628632621
20181213,3978369.909344357,3892961.7138163405,4357504.306077555
20181214,3978369.909344357,3892961.7138163405,4293852.519039048
20181217,3978369.909344357,3892961.7138163405,4276183.53606135
20181218,3978369.909344357,3892961.7138163405,4279224.918377184
20181219,3978369.909344357,3892961.7138163405,4184073.100210404
20181220,3978369.909344357,3892961.7138163405,4160176.5248717163
20181221,3978369.909344357,3892961.7138163405,4108835.0948258666
20181224,3978369.909344357,3892961.7138163405,4113107.5128409658
20181225,3978369.909344357,3892961.7138163405,4097104.04875051
20181226,3978369.909344357,3892961.7138163405,4055755.7320281127
20181227,3978369.909344357,3892961.7138163405,4076900.580509619
20181228,3978369.909344357,3892961.7138163405,4272490.428963553
20190102,3978369.909344357,3892961.7138163405,4337445.665565989
20190103,3978369.909344357,3892961.7138163405,4272418.01509889
20190104,3978369.909344357,3892961.7138163405,4359314.652694122
20190107,3978369.909344357,3892961.7138163405,4384587.091461402
20190108,3978369.909344357,3892961.7138163405,4379518.1209350135
20190109,3978369.909344357,3892961.7138163405,4461563.029597845
20190110,3978369.909344357,3892961.7138163405,4480752.703733458
20190111,3978369.909344357,3892961.7138163405,4604652.826171326
20190114,3978369.909344357,3892961.7138163405,4522969.986831808
20190115,3978369.909344357,3892961.7138163405,4779170.240008416
20190116,3978369.909344357,3892961.7138163405,4787280.592850638
20190117,3978369.909344357,3892961.7138163405,4773884.027888039
20190118,3978369.909344357,3892961.7138163405,4950284.20220636
20190121,3978369.909344357,3892961.7138163405,4974687.674597687
20190122,3978369.909344357,3892961.7138163405,4858970.318866704
20190123,3978369.909344357,3892961.7138163405,4820301.315136826
20190124,3978369.909344357,3892961.7138163405,4869832.398566108
20190125,3978369.909344357,3892961.7138163405,4921970.381123248
20190128,3978369.909344357,3892961.7138163405,4902418.63766432
20190129,3978369.909344357,3892961.7138163405,4960349.729394475
20190130,3978369.909344357,3892961.7138163405,4895177.251198051
20190131,3978369.909344357,3892961.7138163405,4993660.107139314
20190201,3978369.909344357,3892961.7138163405,5015891.16359076
20190211,3978369.909344357,3892961.7138163405,5252177.603985127
20190212,3978369.909344357,3892961.7138163405,5198736.171864059
20190213,4045776.5917640915,3953780.199859876,5324229.3993245065
20190214,4056286.5316352504,3964051.1555643743,5338060.447475081
20190215,3988164.5129939183,3897478.1547153224,5248412.083022667
20190218,4071913.8767839894,3979323.1525281314,5358625.985039286
20190219,4021069.979187389,3929635.387758726,5291715.574090958
20190220,3972867.323024378,3882528.805574744,5228281.028646438
20190221,3963237.7969644167,3873118.2440653876,5215608.602330468
20190222,3994932.694167492,3904092.435090471,5257318.988376179
20190225,4084734.902909539,3991852.6429948756,5375498.415505694
20190226,4002306.1598362625,3911298.2364747785,5267022.446240979
20190227,4075765.687207974,3983087.377131874,5363694.955565674
20190228,4154507.697446864,4060038.882959816,5467319.195897988
20190301,4343191.382358923,4244432.113906019,5715626.337826363
20190304,4302252.140138283,4204423.783831952,5661750.422517319
20190305,4290806.760592728,4193238.659295116,5646688.338667478
20190306,4225986.293743383,4129892.1366778444,5561384.806094827
20190307,4119236.119135803,4025569.3405169714,5420901.908649202
20190308,4058157.410984043,3965879.4932290493,5340522.518873612
20190311,4173931.827156388,4079021.32989012,5492881.290123919
20190312,4099481.8342470806,4006264.2457634904,5394905.331235295
20190313,4148950.0852636863,4054607.644602988,5460005.395567057
20190314,4281012.156943167,4183666.77387417,5633798.67075752
20190315,4277160.3465191815,4179902.549270427,5628729.70023113
20190318,4457590.151951273,4356229.584637181,5866174.762460102
20190319,4361404.943078051,4262231.518818003,5739595.327029714
20190320,4362450.434478846,4263253.236924733,5740971.190458305
20190321,4323657.2009229995,4225342.117701323,5689919.415871107
20190322,4369053.53806282,4269706.193388292,5749660.854217828
20190325,4267805.949775219,4170760.860947052,5616419.343238474
20190326,4253499.225343276,4156779.4552760078,5597591.738426174
20190327,4338789.31330294,4240130.142930312,5709833.228653347
20190328,4439486.642958543,4338537.728999589,5842350.600986075
20190329,4699153.691398323,4592300.241929052,6184071.628329325
20190401,4726721.648861415,4619241.335164412,6220350.974525334
20190402,4677198.371981609,4570844.161687719,6155178.49632891
20190403,4646934.147221728,4541268.111229739,6115350.870764429
20190404,4759737.166781285,4651506.117482208,6263799.29332295
20190408,4953428.2052445235,4840792.840413275,6518696.096935629
20190409,4979840.619580419,4866604.666267511,6553454.751973721
20190410,5216396.805476289,5097781.831574518,6864761.956158639
20190411,5090992.863243982,4975229.433404091,6699730.7585923625
20190412,5029363.896460225,4915001.839744206,6618627.230170146
20190415,4990845.7922203755,4877359.593706777,6567937.52490626
20190416,5171880.882147664,5054278.15008269,6806179.139646521
20190417,5238462.176619402,5119345.461090244,6893799.915888378
20190418,5202695.365539543,5084391.946912632,6846730.903857629
20190419,5241543.62495859,5122356.840773239,6897855.092309489
20190422,5223054.934923463,5104288.562675273,6873524.033782825
20190423,5364746.532662906,5242758.253455813,7059989.73528926
20190424,5337508.730379012,5216139.808043631,7024144.872281226
20190425,5240498.133557795,5121335.122666509,6896479.228880899
20190426,5199944.072379554,5081703.215052816,6843110.210624495
20190429,5348348.825429371,5226733.411571308,7038410.403619777
20190430,5359519.075658926,5237649.662922162,7053110.418146303
20190506,4985343.205900398,4871982.129987145,6560696.1384399915
20190507,4897301.824780744,4785942.710473022,6444833.954979681
20190508,4866487.341388864,4755828.91364308,6404282.190768573
20190509,4725676.157460618,4618219.617057681,6218975.111096742
20190510,4991506.102578773,4878004.889353133,6568806.491282213
20190513,4908306.9974207,4796697.637912287,6459316.72791222
20190514,4878427.953703218,4767498.009914683,6419995.999400378
20190515,5100897.5186199425,4984908.868099429,6712765.254231646
20190516,5116910.04481108,5000557.28752356,6733837.68884849
20190517,4989690.2490931805,4876230.326325654,6566416.833748343
20190520,4869568.789728053,4758840.293326074,6408337.367189685
20190521,4924814.756380635,4812830.029071186,6481040.887311028
20190522,4886296.652140787,4775187.7830337575,6430351.182047143
20190523,4737726.821501371,4629996.262603677,6234833.747457872
20190524,4834022.082100993,4724101.877697248,6361558.010617586
20190527,4836773.375260982,4726790.609557064,6365178.70385072
20190528,4886296.652140787,4775187.7830337575,6430351.182047143
20190529,5017863.49105147,4903762.940570173,6603492.732455643
20190530,4981491.395476412,4868217.905383402,6555627.167913602
20190531,4897301.824780744,4785942.710473022,6444833.954979681
20190603,4908306.9974207,4796697.637912287,6459316.72791222
20190604,4816413.805877062,4706893.9937944235,6338385.573925523
20190605,4796054.236493141,4686997.378031783,6311592.444000327
20190606,4743944.744042947,4636072.796606862,6243016.514164757
20190610,4793192.891606754,4684201.096897574,6307826.923037867
20190611,5012250.853005092,4898277.927576148,6596106.518260048
20190612,4989195.016324382,4875746.354590887,6565765.108966379
20190613,5007353.5511803115,4893491.984865675,6589661.684305068
20190614,5023861.310140246,4909624.376024572,6611385.843703876
20190617,5016157.689292276,4902095.926817087,6601247.9026510995
20190618,5045871.655420159,4931134.230903103,6640351.389568953
20190619,5128465.476083035,5011849.961334788,6749044.6004276555
20190620,5365021.661978904,5243027.126641795,7060351.804612573
20190621,5372175.024194876,5250017.829477317,7069765.607018722
20190624,5431602.956450643,5308094.437649349,7147972.580854432
20190625,5408932.300812332,5285939.287124463,7118138.068613403
20190626,5391764.231493999,5269161.6003192095,7095544.942838642
20190627,5482501.879910443,5357835.977055951,7214955.405667422
20190628,5494877.205699791,5369929.901908931,7231241.295878958
20190701,5762138.2047493765,5631113.687585112,7582955.938582989
20190702,5723830.42260395,5593676.9811551375,7532543.016540582
20190703,5516655.682429699,5391213.160666497,7259901.703454088
20190704,5479241.376252678,5354649.613570167,7210664.593004506
20190705,5583219.642075982,5456263.531022956,7347499.667119615
20190708,5499679.639029977,5374623.133327267,7237561.283190398
20190709,5450538.46076762,5326599.369976861,7172891.645584975
20190710,5486612.552992032,5361853.178072727,7220365.038645319
20190711,5480916.643693441,5356286.787320749,7212869.239741054
20190712,5506548.2355371015,5381335.5457046535,7246600.334810247
20190715,5449812.51154329,5325889.928018276,7171936.298665805
20190716,5405529.608859145,5282613.968544559,7113660.136596374
20190717,5380400.597247712,5258056.362285829,7080590.435548147
20190718,5291053.000407065,5170740.4289214555,6963009.276265562
20190719,5337792.962004329,5216417.576562693,7024518.920215264
20190722,5344214.820527251,5222693.4092732575,7032970.0660387
20190723,5327238.777127528,5206103.381934027,7010629.645775009
20190724,5284686.98413217,5164519.168669244,6954631.618666678
20190725,5377608.484846443,5255327.739368192,7076916.024320566
20190726,5388944.461195599,5266405.948413797,7091834.133904544
20190729,5452492.93944851,5328509.406019207,7175463.733444283
20190730,5466565.185950912,5342261.665524096,7193982.7660312895
20190731,5431217.04295083,5307717.299386816,7147464.719890117
20190801,5356946.853077043,5235135.929777681,7049725.381236468
20190802,5329863.362784722,5208668.287476606,7014083.592328935
20190805,5262740.980658186,5143072.19253662,6925750.746417893
20190806,5284351.930644017,5164191.733919128,6954190.689319368
20190807,5277092.438400715,5157097.314333273,6944637.220127658
20190808,5426079.556132494,5302696.633218365,7140703.803231368
20190809,5372191.786787978,5250034.210907977,7069787.666539059
20190812,5688258.910611767,5558914.325184446,7485731.017501202
20190813,5684461.63774604,5555203.39801646,7480733.818231693
20190814,5826189.263234516,5693708.297315696,7667246.932143692
20190815,5834956.496174505,5702276.173277076,7678784.583398297
20190816,5889123.476759146,5755211.457879227,7750068.161213363
20190819,5896271.284506399,5762196.7325483775,7759474.653955971
20190820,5975120.538718269,5839253.043742436,7863240.027022852
20190821,5952783.639508108,5817424.060401343,7833844.737202205
20190822,6164984.182004645,6024799.402141728,8113099.990498344
20190823,6310732.44935095,6167233.518442362,8304904.25657806
20190826,6159120.745961977,6019069.294014691,8105383.726920425
20190827,6192905.306017347,6052085.631318094,8149844.102774152
20190828,6143261.547522762,6003570.715842514,8084513.071147765
20190829,6215800.627707762,6074460.339242714,8179974.274840313
20190830,6377184.724501181,6232174.743882114,8392355.243794482
20190902,6359091.83614095,6214493.267375829,8368545.059039759
20190903,6366016.2748961,6221260.252211567,8377657.598884159
20190904,6282308.745106018,6139456.13714082,8267498.750281286
20190905,6388353.174106262,6243089.23555266,8407052.888704805
20190906,6379920.994654425,6234848.7943413975,8395956.166797511
20190909,6346583.17258326,6202269.036704816,8352083.696740197
20190910,6275831.044335071,6133125.731971902,8258974.116233299
20190911,5972440.11081305,5836633.565741505,7859712.592244373
20190912,6137063.057991942,5997513.172965362,8076355.878222536
20190916,6137063.057991942,5997513.172965362,8076355.878222536
20190917,6109197.776227266,5970281.516247348,8039685.25417128
20190918,6415715.87563871,6269829.7401455,8443062.118735097
20190919,6393937.398908802,6248546.481387933,8414401.711159967
20190920,6463293.470956354,6316325.474662028,8505674.086053073
20190923,6416274.298118964,6270375.464729026,8443797.000980612
20190924,6611722.16620788,6461379.068963593,8701005.786911268
20190925,6555879.918182475,6406806.6106108595,8627517.562359652
20190926,6516790.344564691,6368605.889763946,8576075.80517352
20190927,6560068.0867843805,6410899.544987314,8633029.179201024
20190930,6421858.522921505,6275832.7105643,8451145.823435776
20191008,6517348.767044947,6369151.614347474,8576810.687419036
20191009,6404044.8458014,6258424.096349779,8427703.07980381
20191010,6449779.646934207,6303118.939740666,8487889.935711581
20191011,6559230.453063999,6410080.958112024,8631926.855832748
20191014,6589385.266997718,6439550.0856225,8671610.49709062
20191015,6762496.235876471,6608724.706515972,8899423.993200628
20191016,6533543.018972313,6384977.627269766,8598122.272539005
20191017,6607980.735590178,6457722.714253959,8696082.075866308
20191018,6565875.6805790225,6416575.080655999,8640671.95455439
20191021,6525166.681768503,6376791.7585168565,8587099.038856264
20191022,6538010.398814346,6389343.423937985,8604001.330503134
20191023,6471613.96591214,6324456.770956585,8516623.831511265
20191024,6423366.26361819,6277306.166939824,8453130.005498668
20191025,6541081.722455742,6392344.909147385,8608043.182853471
20191028,6579836.242585374,6430218.195244182,8659044.010692295
20191029,6661980.1894307425,6510494.281481052,8767145.18900772
20191030,6610605.321247372,6460287.619796538,8699536.022420235
20191031,6589441.109245743,6439604.658080852,8671683.985315172
20191101,6617306.391010419,6466836.3147988655,8708354.609366428
20191104,6698780.230879485,6546457.5315355025,8815573.928987235
20191105,6695485.538245986,6543237.756492692,8811238.12373869
20191106,6661980.1894307425,6510494.281481052,8767145.18900772
20191107,6708720.151028006,6556171.429122289,8828654.832957422
20191108,6728990.887061229,6575981.231504332,8855331.05846966
20191111,6695485.538245986,6543237.756492692,8811238.12373869
20191112,6710004.52273259,6557426.5956644025,8830345.06212211
20191113,6835091.158309497,6679668.902374525,8994958.685117729
20191114,6868596.507124741,6712412.377386165,9039051.619848698
20191115,6840116.960631784,6684580.423626271,9001572.625327375
20191118,6853407.41566183,6697568.668714222,9019062.822770659
20191119,6881551.908666634,6725073.187723999,9056100.887944672
20191120,6889537.350134267,6732877.049268439,9066609.704055553
20191121,6875855.999368042,6719506.796972019,9048605.089040406
20191122,6667564.414233284,6515951.527316326,8774494.011462882
20191125,6600888.770090951,6450792.012043162,8686749.071348254
20191126,6617306.391010419,6466836.3147988655,8708354.609366428
20191127,6644948.303782996,6493849.68168347,8744731.28051948
20191128,6565931.522827047,6416629.6531143505,8640745.442778941
20191129,6304589.802068155,6161230.548023561,8296820.551877382
20191202,6326926.701278317,6183059.531364654,8326215.841698028
20191203,6243163.32924021,6101200.843835554,8215983.504870605
20191204,6267343.02263521,6124830.718302287,8247803.906101454
20191205,6309057.181910188,6165596.344691779,8302699.609841512
20191206,6533543.018972313,6384977.627269766,8598122.272539005
20191209,6470441.278703608,6323310.749331179,8515080.57879568
20191210,6502271.360078087,6354417.050592235,8556968.866790101
20191211,6472004.861648317,6324838.7781650545,8517138.249083124
20191212,6349263.600488478,6204888.514705747,8355611.131518674
20191213,6494453.44535453,6346776.906422853,8546680.515352875
20191216,6410243.335332221,6264481.639226932,8435860.27272904
20191217,6533431.334476262,6384868.4823530605,8597975.296089903
20191218,6522374.569367233,6374063.13559922,8583424.627628682
20191219,6463181.786460305,6316216.329745323,8505527.109603971
20191220,6401196.891152104,6255640.900973788,8423955.180351676
20191223,6417949.565559726,6272012.638479608,8446001.647717161
20191224,6410690.073316423,6264918.218893753,8436448.178525452
20191225,6330835.658640096,6186879.603449346,8331360.017416642
20191226,6338653.5733636515,6194519.747618727,8341648.368853867
20191227,6494453.44535453,6346776.906422853,8546680.515352875
20191230,6621773.770852452,6471202.111467084,8714233.667330557
20191231,6606137.941405339,6455921.823128319,8693656.964456106
20200102,6309829.161505107,6166350.770342296,8303715.532585074
20200103,6022592.336666325,5885645.386602112,7925712.76533182
20200106,6019409.502487513,5882534.926479019,7921524.165461401
20200107,6111767.532869189,5972792.83952456,8043067.045911806
20200108,6076086.28654882,5937922.9444604125,7996110.636838161
20200109,6157388.156098833,6017376.101288893,8103103.644054479
20200110,6212110.568295957,6070854.187615756,8175118.168142385
20200113,6277833.302128624,6135082.460683834,8261609.081256124
20200114,6183632.578275004,6043023.75493545,8137641.221933372
20200115,6210044.518039535,6068835.117009538,8172399.252437025
20200116,6181399.010430224,6040840.975901701,8134701.853603254
20200117,6184190.9702362,6043569.4496938875,8138376.064015903
20200120,6092056.296639001,5953529.814551721,8017127.120398509
20200121,6004388.758731363,5867855.737477053,7901756.9134413535
20200122,6005561.381849874,5869001.696469772,7903300.081814666
20200123,5878750.567462456,5745074.416828645,7736417.444872182
20200203,5605808.576830272,5478338.818904459,7377226.634931688
20200204,5796164.396401695,5664366.162055758,7627734.300866046
20200205,5863059.753352873,5729740.394116555,7715768.382353099
20200206,5980377.904399972,5844390.862864247,7870158.703892578
20200207,6008297.50245973,5871675.600786116,7906900.808019062
20200210,5955194.426950072,5819780.0292587215,7837017.325970492
20200211,6131143.733922661,5991728.447642337,8068566.066175585
20200212,6127067.472605936,5987744.875905745,8063201.718973119
20200213,6092056.296639001,5953529.814551721,8017127.120398509
20200214,6075304.537803147,5937158.9717986,7995081.85792262
20200217,6107802.949944704,5968918.406739654,8037849.667125844
20200218,6052968.859355341,5915331.181461105,7965688.174621434
20200219,6122767.854504734,5983543.026265777,8057543.43493764
20200220,6242822.12616169,6100867.399329811,8215534.482681516
20200221,6214232.457748499,6072927.827697818,8177910.568055998
20200224,6070725.723721347,5932684.274779414,7989056.152845877
20200225,6001652.638121507,5865181.8331607105,7898156.187236958
20200226,5995454.487352242,5859124.621342056,7889999.4401208805
20200227,6071898.346839857,5933830.233772133,7990599.321219189
20200228,5902203.029832653,5767993.596683014,7767280.812338427
20200302,6064192.537775364,5926299.646105696,7980458.500480279
20200303,6214902.528101932,6073582.661407943,8178792.378555033
20200304,6303798.5283242,6160457.266951173,8295779.238093754
20200305,6538769.865595114,6390085.6213016175,8605000.78642223
20200306,6452219.111609868,6305502.933743825,8491100.263630135
20200309,6220542.286910003,6079094.17846816,8186214.283588582
20200310,6455011.071415844,6308231.407536013,8494774.474042784
20200311,6469082.548837962,6321982.915448635,8513292.49452253
20200312,6357292.478206693,6212734.824809472,8366177.109600094
20200313,6209486.126078339,6068289.4222511,8171664.410354495
20200316,5958042.225952167,5822563.072526752,7840765.020591393
20200317,5835754.38645043,5703055.920428967,7679834.604517398
20200318,5628535.129650914,5500548.595572859,7407134.707690645
20200319,5561583.933503617,5435119.794036218,7319027.14199534
20200320,5780920.295861067,5649468.695150417,7607673.112012987
20200323,5690014.084578499,5560629.588476813,7488040.82097716
20200324,5896619.110220701,5762536.649098641,7759932.391513131
20200325,6031191.57286873,5894049.085882047,7937029.333402777
20200326,5946427.673159309,5811212.621551255,7825480.305274776
20200327,6005505.542653754,5868947.126993929,7903226.597606413
20200330,5985961.824011925,5849847.8104486205,7877507.124717875
20200331,6203734.68887803,6062668.766239195,8164095.53690444
20200401,6159063.331982418,6019013.185564205,8105308.170302067
20200402,6393587.955684378,6248204.984107902,8413941.844964523
20200403,6364495.734506112,6219774.287193315,8375656.572464727
20200407,6477067.553883052,6329786.35049429,8523800.736302705
20200408,6476006.60915678,6328749.530453257,8522404.536345897
20200409,6468970.870445722,6321873.776496946,8513145.526106024
20200410,6505266.347923406,6357343.935795376,8560910.261470452
20200413,6490189.764971137,6342610.177317566,8541069.525242152
20200414,6617503.13212363,6467028.5822412865,8708613.520058911
20200415,6642630.770377411,6491584.846370968,8741681.413772745
20200416,6684510.1674670465,6532511.953253772,8796794.56996247
20200417,6845885.4442524435,6690217.738442172,9009163.93181354
20200420,6853144.53974798,6697311.770301859,9018716.878886426
20200421,6700703.534341706,6548337.101248455,8818104.99035583
20200422,6949187.957073544,6791171.268753086,9145109.717081526
20200423,6992519.173262288,6833517.182007826,9202133.462685827
20200424,6983026.509921969,6824240.37111439,9189641.147282822
20200427,7125081.424850015,6963065.117660859,9376584.973078366
20200428,7142559.093235423,6980145.363599949,9399585.530261546
20200429,7118939.113276868,6957062.475318047,9368501.710170541
20200430,7067567.052846914,6906858.557541808,9300896.238577811
20200506,7259095.495536849,7094031.859685827,9552947.072885484
20200507,7326102.530880265,7159515.230698311,9641128.12278904
20200508,7340676.561067458,7173757.863893527,9660307.501143064
20200511,7387581.48580785,7219596.223602265,9722034.236075556
20200512,7443364.842731245,7274111.129970159,9795444.960120268
20200513,7459837.4055865025,7290209.125344062,9817122.801554894
20200514,7407571.918018635,7239132.095954323,9748341.582630116
20200515,7331686.450492216,7164972.178282686,9648476.543614337
20200518,7517128.420805124,7346197.407559737,9892517.599222435
20200519,7516570.028843928,7345651.712801299,9891782.757139906
20200520,7543875.39574637,7372336.186488886,9927716.534975605
20200521,7628192.581886837,7454736.095012929,10038677.689437583
20200522,7416562.028593878,7247917.781565166,9760172.540158845
20200525,7610324.039128593,7437273.862742933,10015162.742796635
20200526,7582962.83303003,7410534.819579502,9979155.48075268
20200527,7471284.4407910025,7301395.867892028,9832187.064246751
20200528,7504787.9584627105,7334137.55339827,9876277.58919853
20200529,7630984.541692812,7457464.568805115,10042351.89985023
20200601,7926373.889165043,7746137.096018485,10431083.361508418
20200602,7877291.235775991,7698170.526751841,10366490.742454063
20200603,7813578.713003624,7635906.754814137,10282645.260837428
20200604,7862102.974431482,7683327.629322344,10346503.037809255
20200605,7957085.447030775,7776150.307732541,10471499.676047549
20200608,7851549.366364894,7673013.998387878,10332614.522449445
20200609,7909901.326309786,7730039.100644583,10409405.520073792
20200610,7949602.994750761,7768837.997969481,10461652.792141652
20200611,7820056.059753488,7642236.814012011,10291169.428994771
20200612,7908896.220779634,7729056.850079395,10408082.804325238
20200615,7722560.823328815,7546958.509188845,10162866.001385095
20200616,7839153.064826362,7660899.574750569,10316301.028217286
20200617,7845407.054791748,7667011.356045067,10324531.259541618
20200618,7890078.411687359,7710666.936720057,10383318.62614399
20200619,8039950.814072135,7857131.4098846475,10580550.241094949
20200622,8035260.321598095,7852547.573913773,10574377.5676017
20200623,8233489.467822371,8046269.213159041,10835246.506899728
20200624,8247710.082729624,8060166.467338765,10853960.791845612
20200629,8265561.168586177,8077611.639657305,10877452.765258282
20200630,8263922.936023392,8076010.658653388,10875296.856305854
20200701,8441247.488250352,8249303.050766979,11108655.414984243
20200702,8722176.127378948,8523843.689817915,11478356.629481733
20200703,8709691.665434968,8511643.11044324,11461927.116430467
20200706,9038524.484330516,8832998.642298358,11894670.08236449
20200707,9535643.330968695,9318813.567624766,12548876.936894536
20200708,9498020.472802669,9282046.210776199,12499365.372676695
20200709,9637326.731417414,9418184.802350624,12682691.975321138
20200710,9681671.99216866,9461521.701939398,12741050.200412737
20200713,10066600.153645087,9837697.03161828,13247614.462545438
20200714,9953675.088368982,9727339.754831066,13099005.428203896
20200715,9900178.32157735,9675059.444116961,13028603.8496539
20200716,9117611.57356841,8910287.380418468,11998748.44558518
20200717,9309962.672750568,9098264.632774878,12251881.893275497
20200720,9247314.399918552,9037040.910935448,12169436.96126711
20200721,9422661.774914565,9208401.084596036,12400193.560864981
20200722,9479604.479165846,9264048.976042517,12475129.982383877
20200723,9467854.397336217,9252566.077807529,12459666.911276802
20200724,9011973.818657795,8807051.708786605,11859729.488997543
20200727,9165911.18878155,8957488.71691325,12062310.588837814
20200728,9433959.930519978,9219442.332898911,12415061.898467937
20200729,9445258.08612539,9230483.581201782,12429930.236070892
20200730,9490450.708547043,9274648.574413273,12489403.586482715
20200731,9480169.386946118,9264601.038457662,12475873.399264026
20200803,9422661.774914565,9208401.084596036,12400193.560864981
20200804,9433903.43974195,9219387.126657397,12414987.556779923
20200805,9422661.774914565,9208401.084596036,12400193.560864981
20200806,9252963.477721259,9042561.535086885,12176871.130068589
20200807,9213645.89621442,9004137.990992887,12125129.315210301
20200810,9230536.638844512,9020644.657205682,12147357.47992672
20200811,9278666.781723574,9067680.374975922,12210696.598115312
20200812,9190767.131113458,8981779.46317957,12095020.931564316
20200813,9236242.207425246,9026220.487598633,12154865.990416212
20200814,9383118.230295617,9169756.715535982,12348154.379254637
20200817,9546941.48657411,9329854.81592764,12563745.274497494
20200818,9631677.653614707,9412664.178199187,12675257.80651966
20200819,9529994.25316599,9313292.943473332,12541442.76809306
20200820,9400065.463703737,9186318.587990291,12370456.885659069
20200821,9467854.397336217,9252566.077807529,12459666.911276802
20200824,9582813.130621294,9364910.77928926,12610952.246386876
20200825,9755957.365274252,9534117.909530789,12838809.520152172
20200826,9755957.365274252,9534117.909530789,12838809.520152172
20200827,9778553.676485078,9556200.406136535,12868546.195358085
20200828,9925429.69935545,9699736.634073883,13061834.584196506
20200831,10092077.494535292,9862595.046541259,13281142.5638401
20200901,10179525.218921192,9948054.308405496,13396223.496886978
20200902,10140094.655858299,9909520.351828469,13344332.998652663
20200903,10128796.500252886,9898479.103525596,13329464.661049707
20200904,9998867.710790634,9771504.748042557,13158478.778615717
20200907,9736185.59296478,9514795.725000761,12812789.929347
20200908,9667831.75155203,9447996.17276838,12722836.48684912
20200909,9535643.330968695,9318813.567624766,12548876.936894536
20200910,9636196.915856872,9417080.677520335,12681205.141560841
20200911,9789851.832090491,9567241.654439408,12883414.532961039
20200914,9976271.399579808,9749422.251436811,13128742.103409806
20200915,9942376.932763567,9716298.506528191,13084137.090600938
20200916,9745224.117449109,9523628.723643059,12824684.599429362
20200917,9436897.450977385,9222313.057457658,12418927.666244706
20200918,9575186.875587642,9357457.936684823,12600916.118504882
20200921,9415882.881551316,9201776.335614312,12391272.558303207
20200922,9409612.405190313,9195648.44280622,12383020.630933568
20200923,9320865.392909791,9108919.437387152,12266229.83906235
20200924,9204155.445505872,8994863.342418473,12112639.911623819
20200925,9236863.605983544,9026827.756255291,12155683.748984376
20200928,9383118.230295617,9169756.715535982,12348154.379254637
20200929,9333971.25341207,9121727.285418484,12283477.11068178
20200930,9425486.313815918,9211161.396671755,12403910.64526572
20201009,9580835.953390347,9362978.560836257,12608350.287306359
20201012,9889332.092196153,9664459.845746204,13014330.245555062
20201013,9823746.29890673,9600365.399348028,12928019.545769906
20201014,9767255.520879665,9545159.157833662,12853677.857755126
20201015,9744659.20966884,9523076.661227915,12823941.182549216
20201016,9671221.198233653,9451308.547259241,12727296.988130003
20201019,9597783.186798468,9379540.43329057,12630652.793710794
20201020,9795500.909893198,9572762.278590845,12890848.701762516
20201021,9791716.027765384,9569063.460409382,12885867.808665527
20201022,9843518.071216203,9619687.583878053,12954039.136575077
20201023,9690032.627316665,9469692.225683525,12752052.770238925
20201026,9281434.8298469,9070385.480810124,12214339.340828035
20201027,9179751.42939818,8971014.24608427,12080524.302401436
20201028,9404641.21672393,9190790.293552956,12376478.562388267
20201029,9467854.397336217,9252566.077807529,12459666.911276802
20201030,9434072.912076032,9219552.745381938,12415210.581843967
20201102,9456612.73250883,9241580.03574617,12444872.915361863
20201103,9575186.875587642,9357457.936684823,12600916.118504882
20201104,9601059.651924038,9382742.3952984,12634964.61161565
20201105,9727147.068480449,9505962.726358464,12800895.259264637
20201106,9606934.692838851,9388483.844415894,12642696.147169186
20201109,9843913.506662393,9620074.027568655,12954559.52839118
20201110,9857640.76572297,9633489.144256646,12972624.558578772
20201111,9780530.853716025,9558132.624589538,12871148.1544386
20201112,9799963.681357335,9577123.571670478,12896721.695115684
20201113,9631677.653614707,9412664.178199187,12675257.80651966
20201116,9773187.052572507,9550955.81319267,12861483.734996678
20201117,9692687.693883939,9472286.9190347,12755546.82957562
20201118,9567560.620553989,9350005.094080383,12590879.990622887
20201119,9717487.145437822,9496522.459059507,12788182.830614109
20201120,9716187.857543197,9495252.715504676,12786472.971789768
20201123,10113035.573183335,9883076.56214309,13308723.330093585
20201124,9962148.705073042,9735620.69105822,13110156.681406112
20201125,9755279.475937927,9533455.434632618,12837917.419895995
20201126,9797704.050236255,9574915.322009906,12893748.027595093
20201127,9817532.313323755,9594292.712781448,12919841.960088281
20201130,9682010.936836824,9461852.939388486,12741496.250540828
20201201,9812448.143301317,9589324.151045153,12913151.20816695
20201202,9818153.711882051,9594899.981438104,12920659.718656441
20201203,9880237.076933796,9655571.64086239,13002361.233784683
20201204,10129417.898811184,9899086.372182254,13330282.419617869
20201207,10238388.609625394,10005579.212063465,13473687.535798378
20201208,10450793.93500716,10213154.680157475,13753212.282733941
20201209,10394303.156980095,10157948.43864311,13678870.594719164
20201210,10354194.704580879,10118752.007167911,13626087.996228673
20201211,10281321.600925963,10047535.955614382,13530187.21868961
20201214,10332163.301150322,10097221.572977308,13597094.737902908
20201215,10258781.780493164,10025508.66525015,13500524.885171711
20201216,10394303.156980095,10157948.43864311,13678870.594719164
20201217,10538411.131727139,10298779.560746254,13868516.240844863
20201218,10422548.545993626,10185551.559400292,13716041.438726552
20201221,10408425.85148686,10171749.999021702,13697456.016722858
20201222,10625915.346891064,10384294.028852005,13983671.515579753
20201223,10403624.13535456,10167057.468492981,13691136.973241603
20201224,10339733.065405948,10104619.209340233,13607056.524096888
20201225,10337812.378953028,10102742.197128745,13604528.906704385
20201228,10580722.72446941,10340129.035640514,13924198.165167931
20201229,10546828.257653173,10307005.290731896,13879593.152359065
20201230,10919667.392631806,10671366.484726703,14370248.293256601
20201231,11286857.449807733,11030207.054570073,14853469.265352657
20210104,11281208.372005027,11024686.430418637,14846035.09655118
20210105,11633993.280784052,11369449.408675844,15310298.938203467
20210106,11863063.385683803,11593310.718016593,15611754.483103393
20210107,12089026.497792067,11814135.684074052,15909121.235162506
20210108,11806572.607656738,11538104.476502229,15537412.795088617
20210111,11861538.134677073,11591820.149495706,15609747.257526996
20210112,12207092.223868635,11929516.728839075,16064495.363113394
20210113,12224604.365057023,11946630.663708527,16087541.286397973
20210114,12055132.030975828,11781011.939165434,15864516.22235364
20210115,11761379.985235086,11493939.483290737,15477939.444676794
20210118,11654047.50698366,11389047.624413444,15336690.237448715
20210119,11351313.427536616,11093197.376137964,14938293.13137752
20210120,11527677.636537114,11265551.26214581,15170387.881359657
20210121,11693591.051602608,11427691.9934735,15388729.41905906
20210122,11749799.375739535,11482622.203780292,15462699.398633761
20210125,12286744.220886797,12007357.529374328,16169317.143214228
20210126,12099703.25483918,11824569.663720267,15923171.814197298
20210127,11800923.529854031,11532583.852350792,15529978.626287138
20210128,11795274.452051325,11527063.228199355,15522544.457485659
20210129,11954465.464531595,11682634.416786835,15732039.334311303
20210201,11915712.790805029,11644762.935107982,15681040.936333168
20210202,12117271.8868056,11841738.804831235,15946292.079169895
20210203,12370971.97092515,12089670.035472246,16280160.600044262
20210204,13110662.218411548,12812540.561861336,17253590.662909765
20210205,13066316.957660304,12769203.662272563,17195232.437818166
20210208,13381535.49905133,13077254.489922717,17610059.056940626
20210209,13876564.186902506,13561026.784313096,18261515.269014128
20210210,14693251.364839798,14359143.417886266,19336273.052643776
20210218,13958871.250487942,13641462.278199526,18369831.10845166
20210219,13896731.39465817,13580735.412533725,18288055.251635402
20210222,12925202.994148692,12631298.470969677,17009526.90115725
20210223,13032422.490844063,12736079.917363942,17150627.4250093
20210224,12365831.310124688,12084646.26749444,16273395.506434917
20210225,12145517.275819132,11869341.925588418,15983462.923177285
20210226,11991749.37802946,11719070.536186317,15781104.848401058
20210301,12190709.898240786,11913506.918799909,16042936.273589106
20210302,11625802.117970128,11361444.503656263,15299519.393441327
20210303,12089026.497792067,11814135.684074052,15909121.235162506
20210304,11484575.172902463,11223428.899870351,15113665.17340438
20210305,11637721.672133839,11373093.020615792,15315205.489612443
20210308,11072192.493304884,10820423.336815488,14570970.8508965
20210309,10942207.213064605,10693393.775090933,14399910.626774495
20210310,11128739.762109976,10875684.784571366,14645386.880599294
20210311,11569311.339943063,11306238.262141896,15225177.705426548
20210312,11445031.628283517,11184784.530810295,15061625.991794035
20210315,11159470.7453567,10905716.97995518,14685828.758879332
20210316,11357470.922341565,11099214.85646303,14946396.37537113
20210317,11469661.607503317,11208854.452110557,15094038.96776848
20210318,11691896.328261795,11426035.806228068,15386499.168418614
20210319,11354646.383440211,11096454.54438731,14942679.29097039
20210322,11241608.336608054,10985986.855117068,14793921.57325282
20210323,11275559.29420232,11019165.8062672,14838600.927749703
20210324,11236015.749583375,10980521.437207146,14786561.746139357
20210325,11134332.349134656,10881150.202481288,14652746.707712756
20210326,11371593.616848333,11113016.41684162,14964981.797374824
20210329,11490789.15848544,11229501.58643693,15121842.759086005
20210330,11614786.41625485,11350679.286560962,15285022.764278445
20210331,11348997.305637507,11090933.920235874,14935245.122168913
20210401,11549539.567633588,11286916.07761187,15199158.114621375
20210402,12213306.209451612,11935589.415405655,16072672.948795019
20210406,12010108.880888257,11737012.564678486,15805265.897005862
20210407,11642749.351378247,11378006.37611057,15321821.89984576
20210408,11693591.051602608,11427691.9934735,15388729.41905906
20210409,11411137.161467278,11151660.785901675,15017020.97898517
20210412,11348375.907079209,11090326.651579216,14934427.363600751
20210413,11416786.239269985,11157181.410053112,15024455.147786647
20210414,11563662.262140354,11300717.63799046,15217743.536625069
20210415,11386281.219135368,11127370.039635355,14984310.636258665
20210416,11608741.903005954,11344772.218718924,15277068.203660863
20210419,11795274.452051325,11527063.228199355,15522544.457485659
20210420,11833688.18110973,11564603.472429125,15573096.805335712
20210421,11750081.829629673,11482898.234987864,15463071.107073838
20210422,11611679.423463361,11347642.94327767,15280933.971437631
20210423,11913566.14124,11642665.097930435,15678215.952188605
20210426,11737766.840019772,11470863.274337733,15446864.619086616
20210427,11831654.513100756,11562616.047734607,15570420.504567178
20210428,11535416.873126822,11273114.517233277,15180572.692617679
20210429,11447065.296292491,11186771.955504812,15064302.292562569
20210430,11336456.352915496,11078678.134619685,14918741.267429631
20210506,11066543.415502178,10814902.712664051,14563536.682095023
20210507,10750195.05855061,10505747.760183608,14147223.229212265
20210510,10614786.663619732,10373418.399273677,13969026.203040844
20210511,10597669.957877532,10338057.14981298,14563536.682095023
20210512,10597669.957877532,10338057.14981298,14749390.90213197
20210513,10597669.957877532,10338057.14981298,14656463.792113494
20210514,10597669.957877532,10338057.14981298,14941564.165650168
20210517,10597669.957877532,10338057.14981298,15299222.026689267
20210518,10597669.957877532,10338057.14981298,15309258.154571261
20210519,10597669.957877532,10338057.14981298,15232611.874228027
20210520,10597669.957877532,10338057.14981298,15306061.461986627
20210521,10597669.957877532,10338057.14981298,15181316.109497828
20210524,10597669.957877532,10338057.14981298,15398319.496812966
20210525,10597669.957877532,10338057.14981298,16314283.434843047
20210526,10597669.957877532,10338057.14981298,16503854.739280732
20210527,10597669.957877532,10338057.14981298,16689708.959317675
20210528,10597669.957877532,10338057.14981298,16578196.427295506
20210531,10597669.957877532,10338057.14981298,16488986.401677774
20210601,10597669.957877532,10338057.14981298,16659600.575671691
20210602,10597669.957877532,10338057.14981298,16518723.076883685
20210603,10597669.957877532,10338057.14981298,16520358.594020009
20210604,10597669.957877532,10338057.14981298,16738031.056527281
20210607,10597669.957877532,10338057.14981298,16882997.3481561
20210608,10597669.957877532,10338057.14981298,16288263.844037876
20210609,10597669.957877532,10338057.14981298,16351454.278850436
20210610,10597669.957877532,10338057.14981298,16641238.178732041
20210611,10597669.957877532,10338057.14981298,16197641.32634786
20210615,10597669.957877532,10338057.14981298,16303132.18164083
20210616,10597669.957877532,10338057.14981298,16042936.273589106
20210617,10597669.957877532,10338057.14981298,16034833.029595494
20210618,10597669.957877532,10338057.14981298,15544400.913762005
20210621,10597669.957877532,10338057.14981298,15475263.143908259
20210622,10597669.957877532,10338057.14981298,15425677.238002403
20210623,10597669.957877532,10338057.14981298,15150836.017411768
20210624,10597669.957877532,10338057.14981298,15374232.789896179
20210625,10597669.957877532,10338057.14981298,15699317.826274555
20210628,10597669.957877532,10338057.14981298,15781941.865121251
20210629,10597669.957877532,10338057.14981298,15474184.205438878
20210630,10597669.957877532,10338057.14981298,15434410.599091241
20210701,10597669.957877532,10338057.14981298,15796875.728636682
20210702,10597669.957877532,10338057.14981298,15106465.958073938
20210705,10597669.957877532,10338057.14981298,14963881.331544677
20210706,10597669.957877532,10338057.14981298,15105715.512671154
20210707,10597669.957877532,10338057.14981298,15038925.871823236
20210708,10597669.957877532,10338057.14981298,14896341.245293975
20210709,10597669.957877532,10338057.14981298,14799608.832874909
20210712,10597669.957877532,10338057.14981298,14716234.348625433
20210713,10597669.957877532,10338057.14981298,14880581.891835475
20210714,10597669.957877532,10338057.14981298,14723738.802653288
20210715,10597669.957877532,10338057.14981298,14993824.103115821
20210716,10597669.957877532,10338057.14981298,14677961.633083368
20210719,10597669.957877532,10338057.14981298,14821296.705015413
20210720,10597669.957877532,10338057.14981298,14858818.975154694
20210721,10597669.957877532,10338057.14981298,14776269.980848279
20210722,10597669.957877532,10338057.14981298,14558715.858580735
20210723,10597669.957877532,10338057.14981298,14258462.652926221
20210726,10597669.957877532,10338057.14981298,13538860.556195118
20210727,10597669.957877532,10338057.14981298,12854304.259774104
20210728,10597669.957877532,10338057.14981298,13274628.729874313
20210729,10597669.957877532,10338057.14981298,13131218.613401985
20210730,10597669.957877532,10338057.14981298,12599903.268229786
20210802,10597669.957877532,10338057.14981298,13170316.818887115
20210803,10597669.957877532,10338057.14981298,13127541.430928336
20210804,10597669.957877532,10338057.14981298,12937678.74402358
20210805,10597669.957877532,10338057.14981298,12750067.393327184
20210806,10597669.957877532,10338057.14981298,12539942.680547219
20210809,10597669.957877532,10338057.14981298,12711044.232382333
20210810,10597669.957877532,10338057.14981298,13500512.796112776
20210811,10597669.957877532,10338057.14981298,13136546.775761764
20210812,10597669.957877532,10338057.14981298,12682527.30707648
20210813,10597669.957877532,10338057.14981298,12757872.025516152
20210816,10597669.957877532,10338057.14981298,12751568.284132756
20210817,10597669.957877532,10338057.14981298,12269782.335544406
20210818,10597669.957877532,10338057.14981298,12157215.525126569
20210819,10597669.957877532,10338057.14981298,12156990.391505733
20210820,10597669.957877532,10338057.14981298,11616894.835120942
20210823,10597669.957877532,10338057.14981298,11783418.669999065
20210824,10597669.957877532,10338057.14981298,12196088.596990861
20210825,10597669.957877532,10338057.14981298,12495066.045460641
20210826,10597669.957877532,10338057.14981298,11969604.174430171
20210827,10597669.957877532,10338057.14981298,11977333.762078863
20210830,10597669.957877532,10338057.14981298,11902064.088179467
20210831,10597669.957877532,10338057.14981298,11691939.375399502
20210901,10597669.957877532,10338057.14981298,12172299.477722557
20210902,10597669.957877532,10338057.14981298,12148210.180293141
20210903,10597669.957877532,10338057.14981298,12444035.75807122
20210906,10597669.957877532,10338057.14981298,12537466.210718026
20210907,10597669.957877532,10338057.14981298,12524933.772491507
20210908,10597669.957877532,10338057.14981298,12255523.87289148
20210909,10597669.957877532,10338057.14981298,12262878.237838779
20210910,10597669.957877532,10338057.14981298,12476755.17763267
20210913,10597669.957877532,10338057.14981298,12412366.962073669
20210914,10597669.957877532,10338057.14981298,12434880.324157236
20210915,10597669.957877532,10338057.14981298,12125246.5509679
20210916,10597669.957877532,10338057.14981298,12292821.009409923
20210917,10597669.957877532,10338057.14981298,12652509.490965057
20210922,10597669.957877532,10338057.14981298,12289969.31687934
20210923,10597669.957877532,10338057.14981298,12269782.335544406
20210924,10597669.957877532,10338057.14981298,12712545.123187905
20210927,10597669.957877532,10338057.14981298,13920762.221672706
20210928,10597669.957877532,10338057.14981298,13673565.505995132
20210929,10597669.957877532,10338057.14981298,13658106.330697749
20210930,10597669.957877532,10338057.14981298,13733150.870976308
20211008,10597669.957877532,10338057.14981298,13805193.629643723
20211011,10597669.957877532,10338057.14981298,14011716.204490317
20211012,10597669.957877532,10338057.14981298,14040758.441578122
20211013,10937135.428720774,10655351.527384382,14482845.828359114
20211014,10830025.288504792,10551000.968356676,14341011.647232637
20211015,10863858.491525397,10583962.494144794,14385813.237778937
20211018,10200965.734855378,9938148.478828896,13508017.250140632
20211019,10269992.269661233,10005396.61686897,13599421.500199916
20211020,10433321.065482639,10164517.416402219,13815699.865282722
20211021,10450322.675040731,10181080.997200267,13838213.227366291
20211022,10773353.256644486,10495789.032363184,14265967.106954077
20211025,10614841.583531203,10341361.24738938,14056067.527794946
20211026,10546948.489362555,10275217.348069174,13966164.168541232
20211027,10308642.595389962,10043051.157216534,13650601.876669893
20211028,10345422.744067302,10078883.703676311,13699305.783310678
20211029,10348766.39394706,10082141.207899926,13703733.411187112
20211101,10217967.34441347,9954712.059626944,13530530.612224199
20211102,10227261.55763856,9963766.817129876,13542837.916829882
20211103,10002613.6233443,9744906.702851666,13245361.359165674
20211104,10224767.988236707,9961337.491946163,13539535.957057625
20211105,10313969.76638483,10048241.079199921,13657656.063456077
20211108,10314876.518894596,10049124.470175818,13658856.776100535
20211109,10144350.37502693,9882991.754771395,13433047.75440235
20211110,9940217.716266101,9684118.36132283,13162737.32031898
20211111,10028682.75800004,9770304.193408672,13279881.84769381
20211112,10052371.66731765,9793382.782653954,13311250.465530248
20211115,10051804.946999049,9775211.402364621,13216394.16661815
20211116,10051804.946999049,9775211.402364621,13568052.882363478
20211117,10051804.946999049,9775211.402364621,13470494.98000135
20211118,10051804.946999049,9775211.402364621,13447981.617917782
20211119,10051804.946999049,9775211.402364621,13721218.789072016
20211122,10051804.946999049,9775211.402364621,13915283.970232371
20211123,10051804.946999049,9775211.402364621,14231671.752046775
20211124,10051804.946999049,9775211.402364621,14566145.268068312
20211125,10051804.946999049,9775211.402364621,14678937.212106988
20211126,10051804.946999049,9775211.402364621,14566220.31260859
20211129,10051804.946999049,9775211.402364621,14896341.245293975
20211130,10051804.946999049,9775211.402364621,14489374.703363346
20211201,10051804.946999049,9775211.402364621,14506034.591305187
20211202,10051804.946999049,9775211.402364621,14513614.089873321
20211203,10051804.946999049,9775211.402364621,14797882.808448505
20211206,10051804.946999049,9775211.402364621,14763512.409000924
20211207,10051804.946999049,9775211.402364621,14677736.49946253
20211208,10051804.946999049,9775211.402364621,15331599.578909615
20211209,10051804.946999049,9775211.402364621,15658418.551822742
20211210,10051804.946999049,9775211.402364621,15684308.918218844
20211213,9884741.522160346,9600261.80858086,15895934.52180438
20211214,10033138.642547797,9744388.107095106,16134576.159890197
20211215,9963140.000855602,9676404.004022349,16022009.349472359
20211216,9888428.117289467,9603842.304676026,15901863.040486384
20211217,9569747.634545472,9294333.344753455,15389383.874924105
20211220,9608293.553237308,9331769.924178854,15451370.665194197
20211221,9511415.433135312,9237679.925526159,15295578.199575908
20211222,9557147.879040878,9282096.20620036,15369121.849048896
20211223,9893141.35916341,9608419.900949592,15909442.53905452
20211224,10238887.98336172,9944216.047393627,16465447.537978366
20211227,9948300.288816858,9661991.374170924,15998145.185663778
20211228,9977979.712894347,9690816.633873772,16045873.51328094
20211229,9524481.846251188,9250370.291433074,15316590.670853905
20211230,9683145.434086828,9404467.591731323,15571742.107801005
20211231,9566481.031266505,9291160.753276728,15384130.757104607
20220104,9572220.919885265,9296735.449728694,15393361.235558871
20220105,9445150.052333368,9173321.64128395,15189014.952380354
20220106,9250180.502340045,8983963.252858633,14875478.863096535
20220107,9062490.811082708,8801675.21115288,14573649.72209617
20220110,9174488.637790218,8910449.776069291,14753756.618764712
20220111,9055724.275719129,8795103.414522514,14562768.263755778
20220112,9179155.21390303,8914982.049607474,14761261.072792567
20220113,8760983.328433866,8508845.017850827,14088786.9473564
20220114,8712497.602621738,8461754.695789099,14010815.670006977
20220117,8687344.757373676,8437325.741418287,13970366.66279683
20220118,8830421.98099252,8576285.248099001,14200453.223290894
20220119,8922493.52769832,8665707.005007368,14348516.101260493
20220120,9190914.985707318,8926403.378923697,14780172.296942763
20220121,9263106.918172536,8996517.650559401,14896266.200753696
20220124,9100756.735207774,8838839.854165988,14635186.24512459
20220125,9067157.38719552,8806207.484691065,14581154.176124025
20220126,9123156.300549276,8860594.76714927,14671207.624458296
20220127,9169822.061677406,8905917.502531108,14746252.164736854
20220128,8805829.124877997,8552400.166552773,14160904.750564095
20220207,8716977.515690038,8466105.678385755,14018019.945873719
20220208,8581833.471462976,8334851.036719952,13800690.95722701
20220209,8847734.978371056,8593099.982925663,14228294.74773424
20220210,8740497.059298616,8488948.3370182,14055842.394174112
20220211,8665831.841493608,8401289.116024096,13883014.817912592
20220214,8665831.841493608,8401289.116024096,14023348.108233495
20220215,8665831.841493608,8401289.116024096,14188070.874144932
20220216,8665831.841493608,8401289.116024096,14202554.470418695
20220217,8665831.841493608,8401289.116024096,14160829.706023816
20220218,8665831.841493608,8401289.116024096,14310993.831121212
20220221,8665831.841493608,8401289.116024096,14085785.165745256
20220222,8665831.841493608,8401289.116024096,13567077.303339856
20220223,8665831.841493608,8401289.116024096,13710712.553433018
20220224,8665831.841493608,8401289.116024096,13238682.395080881
20220225,8665831.841493608,8401289.116024096,13500963.063354446
20220228,8665831.841493608,8401289.116024096,13435974.491473215
20220301,8665831.841493608,8401289.116024096,13946877.721689643
20220302,8665831.841493608,8401289.116024096,13844817.146910803
20220303,8665831.841493608,8401289.116024096,13508017.250140632
20220304,8665831.841493608,8401289.116024096,13361680.396597441
20220307,8665831.841493608,8401289.116024096,12810103.025550032
20220308,8665831.841493608,8401289.116024096,13156808.801636975
20220309,8665831.841493608,8401289.116024096,13351774.517280672
20220310,8665831.841493608,8401289.116024096,13466217.441205474
20220311,8665831.841493608,8401289.116024096,13275454.219817376
20220314,8665831.841493608,8401289.116024096,12757571.847355042
20220315,8665831.841493608,8401289.116024096,12029639.806653017
20220316,8665831.841493608,8401289.116024096,12569585.27395725
20220317,8665831.841493608,8401289.116024096,12908786.596016338
20220318,8665831.841493608,8401289.116024096,12816031.544232037
20220321,8665831.841493608,8401289.116024096,12789840.999674821
20220322,8665831.841493608,8401289.116024096,12720049.577215761
20220323,8665831.841493608,8401289.116024096,13149229.30306884
20220324,8665831.841493608,8401289.116024096,12914640.070158064
20220325,8665831.841493608,8401289.116024096,12682527.30707648
20220328,8665831.841493608,8401289.116024096,12463397.249463089
20220329,8665831.841493608,8401289.116024096,12509924.864435794
20220330,8665831.841493608,8401289.116024096,12983455.9135935
20220331,8665831.841493608,8401289.116024096,12900156.473884303
20220401,8665831.841493608,8401289.116024096,13358003.214123791
20220406,8665831.841493608,8401289.116024096,13245361.359165674
20220407,8665831.841493608,8401289.116024096,13245361.359165674
20220408,8665831.841493608,8401289.116024096,13387945.985694936
20220411,8665831.841493608,8401289.116024096,12907660.927912159
20220412,8665831.841493608,8401289.116024096,13372937.077639224
20220413,8665831.841493608,8401289.116024096,13275379.175277099
20220414,8665831.841493608,8401289.116024096,13575557.336391333
20220415,8665831.841493608,8401289.116024096,13552968.929767488
20220418,8665831.841493608,8401289.116024096,13439126.362164915
20220419,8665831.841493608,8401289.116024096,13435224.046070429
20220420,8665831.841493608,8401289.116024096,13485503.888057062
20220421,8665831.841493608,8401289.116024096,13357778.080502957
20220422,8665831.841493608,8401289.116024096,13305396.99138852
20220425,8665831.841493608,8401289.116024096,12817607.479577888
20220426,8665831.841493608,8401289.116024096,13001316.5141798
20220427,8665831.841493608,8401289.116024096,13469894.623679124
20220428,8665831.841493608,8401289.116024096,13770673.141115587
20220429,8665831.841493608,8401289.116024096,13720993.655451182
20220505,8665831.841493608,8401289.116024096,13785682.0491713
20220506,8560838.622691054,8288723.209046848,13455486.07194564
20220509,8365080.4612129,8099187.430145052,13147803.456803547
20220510,8432831.88344156,8164785.300940577,13254291.659458824
20220511,8441473.890082425,8173152.612155509,13267874.721249243
20220512,8416025.329090264,8148512.960898276,13227875.98128077
20220513,8490365.68455892,8220490.328642203,13344720.330494488
20220516,8393727.99703897,8126924.373398973,13192830.180970682
20220517,8441473.890082425,8173152.612155509,13267874.721249243
20220518,8408051.764952006,8140792.845025933,13215343.54305425
20220519,8384178.818430281,8117678.7256476665,13177821.272914972
20220520,8594308.493714515,8321129.20441518,13508092.29468091
20220523,8503543.551038912,8233249.3225390045,13365432.623611368
20220524,8403277.175647661,8136170.02115028,13207839.089026393
20220525,8381839.269671151,8115413.541948596,13174144.090441322
20220526,8321154.239612923,8056657.4504890395,13078762.479747273
20220527,8380168.163414631,8113795.5535921175,13171517.531531572
20220530,8491177.364740659,8221276.208701064,13345996.087679222
20220531,8613502.342717983,8339712.956395307,13538260.199872889
20220601,8538159.323495416,8266764.795637494,13419839.915313324
20220602,8527416.497560639,8256363.441917273,13402954.893750647
20220606,8536965.676169328,8265609.08966858,13417963.80180636
20220607,8679725.896369252,8403831.523550622,13642346.977239253
20220608,8907473.806186521,8624340.222419297,14000309.434367977
20220609,8847313.980951771,8566092.641586062,13905753.313616993
20220610,9074584.431838606,8786139.05806717,14262965.325342935
20220613,8861637.748864807,8579961.113213023,13928266.675700562
20220614,8933256.588429986,8649303.471347827,14040833.4861184
20220615,8952832.404577801,8668257.049238006,14071601.74763261
20220616,8961904.124256058,8677040.414601749,14085860.210285535
20220617,9315223.732777607,9019129.381400112,14641189.808346873
20220620,9272347.920824585,8977616.422996743,14573799.811176727
20220621,9290109.393036751,8994813.327814175,14601716.38016035
20220622,9243604.893212428,8949787.02326531,14528622.997929035
20220623,9344348.727534113,9047328.6070416,14686966.977916794
20220624,9592197.658322675,9287299.394426774,15076523.186502792
20220627,9599550.525851367,9294418.543195283,15088080.045705693
20220628,9721063.823646953,9412069.410830665,15279068.400714625
20220629,9692416.287820883,9384332.467576744,15234041.67654749
20220630,9869330.98385747,9555623.740743972,15512107.101368511
20220701,9792355.028262103,9481094.548242815,15391120.251360282
20220704,9739026.858398227,9429461.471306277,15307301.775335772
20220705,9811466.299996126,9499598.347760344,15421158.365845086
20220706,9661809.598866824,9354698.64497283,15185935.656205263
20220707,9603896.654218271,9298626.525222741,15094911.066857377
20220708,9647331.362704687,9340680.615035307,15163179.50886829
20220711,9476488.175991455,9175267.861772548,14894656.970292034
20220712,9403180.040223831,9104289.903522233,14779435.010942506
20220713,9453757.3452169,9153259.554770641,14858929.81897299
20220714,9425331.741551902,9125737.489326641,14814251.916368071
20220715,9408440.466029407,9109383.121066198,14787703.07780827
20220718,9418864.796066148,9119476.102621214,14804087.50389089
20220719,9377553.562216846,9079477.99053282,14739156.630156066
20220720,9411336.113261836,9112186.727053702,14792254.307275666
20220721,9357766.639461925,9060320.016284872,14708056.562128872
20220722,9396375.269227626,9097701.429451596,14768739.621694127
20220725,9385033.984233951,9086720.639333872,14750913.972946836
20220726,9411866.981921114,9112700.721484745,14793088.699344687
20220727,9264140.712280098,8969670.089355564,14560900.142683126
20220728,9159897.411912704,8868740.273805408,14397055.881856937
20220729,9162020.886549817,8870796.251529578,14400393.450133026
20220801,9122736.605763216,8832760.663632436,14338648.437025378
20220802,9073027.994939875,8768826.78411643,14260367.290186198
20220803,9073027.994939875,8768826.78411643,14298445.910063397
20220804,9073027.994939875,8768826.78411643,14533668.619703218
20220805,9073027.994939875,8768826.78411643,14593972.410146192
20220808,9073027.994939875,8768826.78411643,14499686.106346676
20220809,9073027.994939875,8768826.78411643,14488080.471204821
20220810,9073027.994939875,8768826.78411643,14230177.468052482
20220811,9073027.994939875,8768826.78411643,14464565.785623284
20220812,9073027.994939875,8768826.78411643,14624617.355226645
20220815,9073027.994939875,8768826.78411643,14563099.903592369
20220816,9073027.994939875,8768826.78411643,14547549.869578771
20220817,9073027.994939875,8768826.78411643,14548763.530770076
20220818,9073027.994939875,8768826.78411643,14378092.425742796
20220819,9073027.994939875,8768826.78411643,14374375.588344421
20220822,9073027.994939875,8768826.78411643,14366562.644425396
20220823,9073027.994939875,8768826.78411643,14184741.027202997
20220824,9073027.994939875,8768826.78411643,14064816.130737163
20220825,9073027.994939875,8768826.78411643,14298445.910063397
20220826,9073027.994939875,8768826.78411643,14397055.881856937
20220829,9073027.994939875,8768826.78411643,14251568.246549236
20220830,9073027.994939875,8768826.78411643,14184665.17337854
20220831,9073027.994939875,8768826.78411643,14594275.825444018
20220901,9073027.994939875,8768826.78411643,14267269.988211747
20220902,9073027.994939875,8768826.78411643,14222592.085606826
20220905,9073027.994939875,8768826.78411643,13919176.787780548
20220906,9073027.994939875,8768826.78411643,13995030.612237116
20220907,9073027.994939875,8768826.78411643,13790301.140028834
20220908,9073027.994939875,8768826.78411643,13767469.138867408
20220909,9073027.994939875,8768826.78411643,13993437.681923527
20220913,9073027.994939875,8768826.78411643,14252933.615389455
20220914,9073027.994939875,8768826.78411643,14177079.790932884
20220915,9073027.994939875,8768826.78411643,14260518.99783511
20220916,9073027.994939875,8768826.78411643,14101225.966476314
20220919,9073027.994939875,8768826.78411643,14197105.20058942
20220920,9073027.994939875,8768826.78411643,14245348.232943797
20220921,9073027.994939875,8768826.78411643,14017786.759574087
20220922,9073027.994939875,8768826.78411643,13811540.210876673
20220923,9073027.994939875,8768826.78411643,13914853.119786523
20220926,9073027.994939875,8768826.78411643,14131567.496258942
20220927,9073027.994939875,8768826.78411643,14321202.057400366
20220928,9073027.994939875,8768826.78411643,14283275.145172082
20220929,9073027.994939875,8768826.78411643,14263173.88169109
20220930,9073027.994939875,8768826.78411643,14203628.629492683
20221010,9073027.994939875,8768826.78411643,13547493.047943356
20221011,9073027.994939875,8768826.78411643,13501904.899444958
20221012,9073027.994939875,8768826.78411643,13350273.104356274
20221013,9073027.994939875,8768826.78411643,12895074.303792398
20221014,9073027.994939875,8768826.78411643,13180436.391398015
20221017,9073027.994939875,8768826.78411643,13035479.73286151
20221018,9073027.994939875,8768826.78411643,12939372.937275035
20221019,9073027.994939875,8768826.78411643,12500710.270442693
20221020,9073027.994939875,8768826.78411643,12466576.049437238
20221021,9073027.994939875,8768826.78411643,12318661.091746924
20221024,9073027.994939875,8768826.78411643,11387782.958015902
20221025,9073027.994939875,8768826.78411643,11224469.673960907
20221026,9073027.994939875,8768826.78411643,11105606.731037462
20221027,9073027.994939875,8768826.78411643,10627120.806365421
20221028,9073027.994939875,8768826.78411643,10316120.126093484
20221031,9073027.994939875,8768826.78411643,10240266.301636914
20221101,9073027.994939875,8768826.78411643,11089904.989374952
20221102,9073027.994939875,8768826.78411643,11165379.54470924
20221103,9073027.994939875,8768826.78411643,10919158.030523214
20221104,9073027.994939875,8768826.78411643,11503763.455609996
20221107,9073027.994939875,8768826.78411643,11432005.73767408
20221108,9073027.994939875,8768826.78411643,11263382.685907127
20221109,9073027.994939875,8768826.78411643,11073899.832414616
20221110,9073027.994939875,8768826.78411643,11188439.107344037
20221111,9073027.994939875,8768826.78411643,11591602.184330706
20221114,9073027.994939875,8768826.78411643,11628391.28919214
20221115,9073027.994939875,8768826.78411643,12045587.323703274
20221116,9073027.994939875,8768826.78411643,12024727.521977719
20221117,9073027.994939875,8768826.78411643,11886294.292344479
20221118,9073027.994939875,8768826.78411643,11887280.392062414
20221121,9073027.994939875,8768826.78411643,11529629.609749688
20221122,9073027.994939875,8768826.78411643,11681109.697189458
20221123,9073027.994939875,8768826.78411643,11749757.408322653
20221124,9073027.994939875,8768826.78411643,11529705.463574145
20221125,9073027.994939875,8768826.78411643,11545027.93611437
20221128,9073027.994939875,8768826.78411643,11453017.247048553
20221129,9073027.994939875,8768826.78411643,12129026.5306055
20221130,9073027.994939875,8768826.78411643,12129026.5306055
20221201,9073027.994939875,8768826.78411643,12370241.692377392
20221202,9066812.832032027,8751440.505599963,12393604.670310019
20221205,9238950.647569051,8917590.825380921,12628903.233774297
20221206,9367138.382543432,9041319.786919931,12804125.568268973
20221207,9344941.372158255,9019894.858514907,12773784.038486343
20221208,9361700.114999063,9036070.679460699,12796691.893472228
20221209,9600206.991587756,9266281.535172677,13122711.630986564
20221212,9650261.250006326,9314594.748726007,13191131.780646391
20221213,9711192.043513628,9373406.177197795,13274419.279899703
20221214,9827004.945198273,9485190.741151005,13432726.211540565
20221215,9916458.897050524,9571533.20262325,13555002.576564556
20221216,9915792.986738969,9570890.454771098,13554092.330671076
20221219,9838824.853228379,9496599.51552668,13448883.076149816
20221220,9516968.202643355,9185938.05365384,13008930.89430171
20221221,9650150.2649544,9314487.62408398,13190980.072997477
20221222,9811078.59024691,9469818.3550204,13410956.16392153
20221223,9827726.348035792,9485887.051324168,13433712.3112585
20221226,9667130.977899058,9330877.694313824,13214191.343281189
20221227,9739315.425903527,9400551.339710904,13312861.684059741
20221228,9739315.425903527,9400551.339710904,13312861.684059741
20221229,9660636.593841987,9324609.205402795,13205314.042065028
20221230,9705595.926448582,9368004.710721714,13266769.837490577
20230103,9722511.875341812,9384332.269597957,13289892.580519442
20230104,9694412.292462692,9357210.078773633,13251482.708378473
20230105,10121469.75305958,9769413.134921718,13835235.945176914
20230106,10137036.921974612,9784438.828638393,13856515.01434301
20230109,10347390.399407718,9987475.549149288,14144051.317190303
20230110,10421854.294037389,10059349.354833748,14245837.47836387
20230111,10368465.08656706,10007817.192267532,14172858.72129603
20230112,10306927.000061784,9948419.59436226,14088741.101307308
20230113,10604782.57858047,10235914.8171001,14495885.746001575
20230116,10750338.41789432,10376407.765570102,14694848.883691793
20230117,10722800.826672781,10349828.018562265,14657207.208993645
20230118,10638502.078035418,10268461.44608929,14541977.592570739
20230119,10566623.345030624,10199082.88196067,14443725.13963414
20230120,10453101.030198973,10089509.231030397,14288549.256184628
20230130,10610402.495156296,10241339.255264966,14503567.720429769
20230131,10373017.218993478,10012210.987181073,14179081.120582867
20230201,10368577.484898575,10007925.681030829,14173012.360784592
20230202,10318785.02403677,9959865.158890124,14104950.067350795
20230203,10217008.334848594,9861628.583724422,13965829.510456208
20230206,10087750.253604634,9736866.505932529,13789144.09860775
20230207,10098990.086756283,9747715.382262258,13804508.04746414
20230208,10025931.171270568,9677197.686119014,13704642.37989762
20230209,10217008.334848594,9861628.583724422,13965829.510456208
20230210,10172049.002241999,9818233.078405501,13904373.715030657
20230213,10432532.135531455,10069655.78734699,14260433.229777437
20230214,10361945.983339103,10001524.843996288,14163947.630959325
20230215,10346266.416092552,9986390.661516314,14142514.922304664
20230216,10463273.079201214,10099327.464108802,14302453.629899656
20230217,10232631.702929385,9876708.521822747,13987185.399366587
20230220,10537343.579670578,10170821.559121722,14403702.05286325
20230221,10492384.247063985,10127426.053802803,14342246.2574377
20230222,10318166.833213432,9959268.47069199,14104105.050163696
20230223,10217008.334848594,9861628.583724422,13965829.510456208
20230224,10048410.837573864,9698895.438778473,13735370.277610395
20230227,10174353.168038087,9820457.098053098,13907523.324546218
20230228,10193067.490235582,9838520.477142097,13933104.299392102
20230301,10332385.222150266,9972992.2992491,14123540.445467025
20230302,10273207.500606837,9915872.96537307,14042649.254738146
20230303,10217233.131511627,9861845.561251016,13966136.789433334
20230306,10155976.040835142,9802719.185253989,13882403.268166024
20230307,10050096.81254661,9700522.770227933,13737674.869938852
20230308,9949612.704170873,9603533.81584015,13600321.167162752
20230309,9947364.737540543,9601364.040574202,13597248.37739147
20230310,9834854.00769254,9492766.788513606,13443455.249339033
20230313,9902293.006602433,9557860.046491986,13535638.942477359
20230314,9924772.672905728,9579557.799151445,13566366.840190133
20230315,9840024.3309423,9497757.271625284,13450522.665812973
20230316,9846037.64167843,9503561.420461688,13458742.378451139
20230317,9789894.675085947,9449371.283194687,13381999.453913484
20230320,9720207.709545724,9382108.249950362,13286742.97100388
20230321,9975351.922088148,9628377.74263523,13635504.610043878
20230322,9966079.059738038,9619427.419663202,13622829.352237357
20230323,9974565.133767532,9627618.321292149,13634429.13362393
20230324,9995696.02009263,9648014.20879204,13663313.357473938
20230327,9934832.323576454,9589267.543466553,13580117.5744166
20230328,10013567.354803752,9665263.922156312,13687742.036155595
20230329,10059650.670725513,9709744.315108204,13750734.226466784
20230330,10115849.836483756,9763988.696756853,13827553.97074872
20230331,10228248.168000242,9872477.460054152,13981193.459312595
20230403,10127483.063795712,9775217.283758122,13843455.657815082
20230404,10197844.419325033,9843131.249582233,13939633.977656066
20230406,10098765.29009325,9747498.404735664,13804200.768487012
20230407,10065214.388135578,9715114.50889142,13758339.381150695
20230410,9956806.197387928,9610477.096691176,13610154.094430838
20230411,9809564.383101331,9468356.816771716,13408886.364412162
20230412,9520700.671103962,9189540.695097657,13014032.878803004
20230413,9683116.260145284,9346306.958062254,13236041.939777803
20230414,9629277.459348887,9294340.84044285,13162448.624755709
20230417,9851713.757420013,9509040.103008201,13466501.172623614
20230418,9879813.340299135,9536162.293832527,13504911.044764584
20230419,9885433.25687496,9541586.731997391,13512593.019192778
20230420,9789220.285096848,9448720.350614905,13381077.6169821
20230421,9696997.45408757,9359705.32032947,13255016.416615441
20230424,9581957.761780446,9248667.071094686,13097766.400070315
20230425,9724591.24447487,9386339.31171896,13292734.911057875
20230426,9800628.715745771,9459731.96008958,13396672.025071334
20230427,9879363.74697307,9535728.338779338,13504296.48681033
20230428,9893975.530070214,9549831.878007988,13524269.620323632
20230504,9834292.016034959,9492224.344697122,13442687.051896214
20230505,9834854.00769254,9492766.788513606,13443455.249339033
20230508,9669178.86703724,9332854.35141339,13216990.643195882
20230509,9677496.34356946,9340882.51989739,13228359.965349609
20230510,9694356.093296934,9357155.834391985,13251405.888634192
20230511,9649790.154850647,9314140.039744606,13190487.831418615
20230512,9589825.644986602,9256261.284525497,13108521.164269788
20230515,9645462.819087261,9309963.222357659,13184572.711108904
20230516,9572347.704435786,9239391.281832766,13084630.223798104
20230517,9559478.095477149,9226969.318435226,13067038.50235754
20230518,9503278.929718906,9172724.936786577,12990218.758075604
20230519,9551048.220613413,9218832.66118793,13055515.540715251
20230522,9812374.341389243,9471069.035854148,13412727.351626258
20230523,9691827.130837811,9354714.837217795,13247949.000141503
20230524,9615115.26957781,9280671.25626739,13143090.049196659
20230525,9559478.095477149,9226969.318435226,13067038.50235754
20230526,9500806.166425543,9170338.183994036,12986838.689327197
20230529,9492039.096567258,9161876.060456848,12974854.809219217
20230530,9375650.624281935,9049535.946062494,12815761.118811324
20230531,9154282.110360218,8835867.326748466,12513168.146084774
20230601,9193974.2586464,8874178.857018374,12567424.123735083
20230602,9388878.06035422,9062303.290218893,12833841.9611667
20230605,9357405.704830464,9031925.64241258,12790821.779805193
20230606,9368589.631168371,9042720.556543753,12806109.308539014
20230607,9278162.809672441,8955439.064900259,12682503.108877115
20230608,9374265.89528962,9048199.38230882,12813868.305534573
20230609,9363025.76831685,9037350.222377993,12798503.955048319
20230612,9531627.67290839,9200087.621340383,13028969.212342106
20230613,9548487.863367543,9216361.361236623,13052015.738071484
20230614,9705175.233367948,9367598.650672335,13266194.783849845
20230615,9863211.418605084,9520137.839299748,13482217.551686555
20230616,10103131.928838847,9751713.158023229,13810169.612815615
20230619,9801390.720254853,9460467.459680205,13397713.624012165
20230620,9798355.885972207,9457538.186498882,13393565.24938088
20230621,9755474.801571092,9416148.641362783,13334950.252275825
20230626,9604688.49823139,9270607.16089075,13128837.490502747
20230627,9616209.628378479,9281727.549819848,13144585.949751155
20230628,9713605.328597525,9375735.520620456,13277718.046714535
20230629,9631158.997252261,9296156.932527848,13165020.535897871
20230630,9503527.355476467,9172964.72151332,12990558.336126477
20230703,9837725.22768412,9495538.138424573,13447379.976379985
20230704,9874814.26775137,9531337.104783693,13498077.714241171
20230705,9787968.853932364,9447512.448170492,13379367.011126213
20230706,9717214.377496377,9379219.035423862,13282651.326591026
20230707,9643321.597670086,9307896.479369922,13181645.833467588
20230710,9705345.884674856,9367763.366188943,13266428.050475448
20230711,9757270.540769007,9417881.91909171,13337404.883481106
20230712,9778953.364192938,9438810.545578582,13367043.560999954
20230713,9919321.115832072,9574295.864414638,13558914.999674594
20230714,10002628.805829281,9654705.850390509,13672789.918562796
20230717,9871219.48386793,9527867.358813502,13493163.933494627
20230718,9830307.419670671,9488378.345152749,13437240.428807748
20230719,9831448.620903509,9489479.851809952,13438800.359203478
20230720,9837154.6270677,9494987.38509597,13446600.011182122
20230721,10107048.718634002,9755493.709524648,13815523.54977198
20230724,10106192.817709373,9754667.579531746,13814353.601975184
20230725,10433717.571534015,10070799.99014921,14262053.625549342
20230726,10433717.571534015,10070799.99014921,14262053.625549342
20230727,10487810.50997056,10123011.405700667,14335994.326306889
20230728,10824293.693472985,10447790.643577179,14795939.803487519
20230731,10730601.072256947,10357356.947020754,14667869.517998187
20230801,10778645.644159447,10403730.377289033,14733542.58765837
20230802,10727291.588681716,10354162.577714864,14663345.719850574
20230803,10718561.399250502,10345736.051787255,14651412.252323247
20230804,10804151.491713388,10428349.051077534,14768407.032002907
20230807,10772540.217563761,10397837.316672992,14725196.96004122
20230808,10784351.65032364,10409237.91057505,14741342.239637014
20230809,10785949.332049614,10410780.019895134,14743526.142191032
20230810,10698761.557860754,10326624.911284773,14624347.459957354
20230811,10464815.305128865,10100816.046558011,14304561.728832953
20230814,10287929.114038901,9930082.514691437,14062772.517494991
20230815,10344875.055557542,9985047.6968859,14140613.044241857
20230816,10384931.218830172,10023710.580553751,14195366.601131938
20230817,10430864.56845192,10068046.223506201,14258153.799560022
20230818,10285589.651511582,9927824.426044168,14059574.660183746
20230821,10219457.040068591,9863992.115259213,13969176.693751264
20230822,10202339.021576015,9847469.515401158,13945777.737815332
20230823,10122454.93527732,9770364.049396899,13836582.610114317
20230824,10363818.996022658,10003332.707395483,14166507.888810955
20230825,10413347.12952785,10051138.096318124,14234208.867985586
20230828,10470350.131108131,10106158.35384545,14312127.391252238
20230829,10563700.39195432,10196261.598404713,14439729.697622852
20230830,10590347.440741098,10221981.77885042,14476154.07236312
20230831,10538993.385263367,10172413.979276253,14405957.204555323
20230901,10562102.710228344,10194719.489084627,14437545.795068832
20230904,10647407.502383022,10277057.111710604,14554150.59214956
20230905,10605753.657384418,10236852.11872267,14497213.13270546
20230906,10618877.47156206,10249519.445280513,14515152.33225634
20230907,10487639.329785634,10122846.179702085,14335760.336747529
20230908,10376372.209583884,10015449.280624725,14183667.123163972
20230911,10397313.252206469,10035661.927784413,14212291.845925596
20230912,10384702.978583604,10023490.279222311,14195054.615052793
20230913,10384417.678275395,10023214.902558012,14194664.63245386
20230914,10377456.35075508,10016495.711949069,14185149.057039917
20230915,10168045.924529219,9814369.240352187,13898901.829423685
20230918,10437426.475540742,10074379.886785122,14267123.399335463
20230919,10424530.901609667,10061932.86155872,14249496.185863728
20230920,10407755.24348694,10045740.713697826,14226565.209046515
20230921,10261624.425621973,9904692.786242891,14026816.121873444
20230922,10550405.397591751,10183429.04584829,14421556.508512612
20230925,10455571.575142873,10091893.842634661,14291926.29262755
20230926,10362107.194173403,10001680.447409678,14164167.993217364
20230927,10350695.181845017,9990665.380837642,14148568.689260075
20230928,10262537.386608245,9905573.991568655,14028064.066190027
20231009,10139572.953769898,9786886.649254953,13859981.566050248
20231010,10099630.910620552,9748333.916252824,13805384.002199741
20231011,10148131.963016186,9795147.949183982,13871681.044018215
20231012,10190927.009247629,9836454.448829122,13930178.433858044
20231013,9991216.793500897,9643690.783818472,13657190.614605509
20231016,9870820.063436436,9527481.831483481,13492617.95785612
20231017,9848566.639396086,9506002.45166801,13462199.31513941
20231018,9859978.65172447,9517017.518240046,13477798.619096696
20231019,9300790.047633616,8977279.256210228,12713432.725189593
20231020,9300790.047633616,8961127.335372455,12830427.50486925
20231023,9300790.047633616,8961127.335372455,12822471.859851036
20231024,9300790.047633616,8961127.335372455,12814438.218313033
20231025,9300790.047633616,8961127.335372455,13083916.19417518
20231026,9300790.047633616,8961127.335372455,13042812.028247725
20231027,9300790.047633616,8961127.335372455,13077754.46911205
20231030,9300790.047633616,8961127.335372455,13111214.976100434
20231031,9300790.047633616,8961127.335372455,13139137.730183978
20231101,9300790.047633616,8961127.335372455,13891102.17744504
20231102,9300790.047633616,8961127.335372455,13879480.695996858
20231103,9300790.047633616,8961127.335372455,14127041.64979902
20231106,9300790.047633616,8961127.335372455,14132969.385302788
20231107,9300790.047633616,8961127.335372455,13970502.634587634
20231108,9300790.047633616,8961127.335372455,14026426.139274511
20231109,9300790.047633616,8961127.335372455,13993433.611404847
20231110,9300790.047633616,8961127.335372455,13850933.969755022
20231113,9300790.047633616,8961127.335372455,13758586.09032788
20231114,9300790.047633616,8961127.335372455,13768491.648340756
20231115,9300790.047633616,8961127.335372455,13828236.982497169
20231116,9300790.047633616,8961127.335372455,13727777.465012236
20231117,9300790.047633616,8961127.335372455,13676065.772393826
20231120,9300790.047633616,8961127.335372455,13746886.612359913
20231121,9300790.047633616,8961127.335372455,13961377.04177262
20231122,9300790.047633616,8961127.335372455,13895157.996473933
20231123,9300790.047633616,8961127.335372455,13930178.433858044
20231124,9300790.047633616,8961127.335372455,13859981.566050248
20231127,9300790.047633616,8961127.335372455,13750786.438349236
20231128,9300790.047633616,8961127.335372455,13797896.336300245
20231129,9300790.047633616,8961127.335372455,13842120.363019155
20231130,9300790.047633616,8961127.335372455,13973076.519740587
20231201,9300790.047633616,8961127.335372455,13729571.384967322
20231204,9300790.047633616,8961127.335372455,13654928.715531701
20231205,9300790.047633616,8961127.335372455,13329605.231502462
20231206,9300790.047633616,8961127.335372455,13282807.3196306
20231207,9300790.047633616,8961127.335372455,13259408.363694668
20231208,9300790.047633616,8961127.335372455,13297782.651429595
20231211,9300790.047633616,8961127.335372455,13243809.05973738
20231212,9300790.047633616,8961127.335372455,13337326.88696132
20231213,9300790.047633616,8961127.335372455,12947422.28454891
20231214,9300790.047633616,8961127.335372455,12759450.671863593
20231215,9300790.047633616,8961127.335372455,12830427.50486925
20231218,9300790.047633616,8961127.335372455,12963021.588506198
20231219,9300790.047633616,8961127.335372455,13064417.06422857
20231220,9300790.047633616,8961127.335372455,13016211.34328865
20231221,9300790.047633616,8961127.335372455,13175660.504241174
20231222,9300790.047633616,8961127.335372455,13180788.75533564
20231225,9300790.047633616,8961127.335372455,13191439.73837799
20231226,9300790.047633616,8961127.335372455,13175660.504241174
20231227,9300790.047633616,8961127.335372455,13152465.030060055
20231228,9300790.047633616,8961127.335372455,13609510.546832925
20231229,9300790.047633616,8961127.335372455,13617479.060072018
20240102,9300790.047633616,8961127.335372455,13294083.656437976
20240103,9300790.047633616,8961127.335372455,13365011.313882966
20240104,9300790.047633616,8961127.335372455,13167770.887172768
20240105,9300790.047633616,8961127.335372455,13123273.446906947
20240108,9300790.047633616,8961127.335372455,12970451.564291885
20240109,9300790.047633616,8961127.335372455,12946861.609257346
20240110,9300790.047633616,8961127.335372455,12950806.41779155
20240111,9300790.047633616,8961127.335372455,12990806.776328377
20240112,9300790.047633616,8961127.335372455,12963114.220418265
20240115,9300790.047633616,8961127.335372455,12938971.992188938
20240116,9300790.047633616,8961127.335372455,12934474.910459945
20240117,9300790.047633616,8961127.335372455,12441926.116879242
20240118,9300790.047633616,8961127.335372455,12709147.446986215
20240119,9300790.047633616,8961127.335372455,12899523.906846898
20240122,9300790.047633616,8961127.335372455,12954751.226325752
20240123,9300790.047633616,8961127.335372455,12773290.03375237
20240124,9300790.047633616,8961127.335372455,12828517.353231227
20240125,9300790.047633616,8961127.335372455,12923192.758052122
20240126,9300790.047633616,8961127.335372455,12917827.818445604
20240129,9300790.047633616,8961127.335372455,13017868.162873017
20240130,9300790.047633616,8961127.335372455,12725952.331341924
20240131,9300790.047633616,8961127.335372455,12662125.329258505
20240201,9300790.047633616,8961127.335372455,12702520.168648753
20240202,9300790.047633616,8961127.335372455,12591828.84117899
20240205,9300790.047633616,8961127.335372455,12860154.717675542
20240206,9300790.047633616,8961127.335372455,13222998.20665162
20240207,9300790.047633616,8961127.335372455,13499055.907875214
20240208,9300790.047633616,8961127.335372455,13459686.718703859
20240219,9300790.047633616,8961127.335372455,13376293.466290789
20240220,9300790.047633616,8961127.335372455,13175660.504241174
20240221,9300790.047633616,8961127.335372455,13551679.653721495
20240222,9300790.047633616,8961127.335372455,13557360.178010749
20240223,9300790.047633616,8961127.335372455,13523513.720787277
20240226,9300790.047633616,8961127.335372455,13372743.138610004
20240227,9300790.047633616,8961127.335372455,13329508.037075128
20240228,9300790.047633616,8961127.335372455,13266785.581381286
20240229,9300790.047633616,8961127.335372455,13372900.930951372
20240301,9300790.047633616,8961127.335372455,13294478.137291398
20240304,9300790.047633616,8961127.335372455,13225365.091772145
20240305,9300790.047633616,8961127.335372455,13373689.892658211
20240306,9300790.047633616,8961127.335372455,13258895.964312878
20240307,9300790.047633616,8961127.335372455,13283195.984883575
20240308,9300790.047633616,8961127.335372455,13186942.656649
20240311,9300790.047633616,8961127.335372455,13368877.226246484
20240312,9300790.047633616,8961127.335372455,13767381.784371765
20240313,9300790.047633616,8961127.335372455,13628919.004821207
20240314,9300790.047633616,8961127.335372455,13543553.348141035
20240315,9300790.047633616,8961127.335372455,13550338.418819865
20240318,9300790.047633616,8961127.335372455,13477517.25327846
20240319,9300790.047633616,8961127.335372455,13475623.745182043
20240320,9300790.047633616,8961127.335372455,13488089.340150125
20240321,9300790.047633616,8961127.335372455,13483355.569909083
20240322,9300790.047633616,8961127.335372455,13422999.999335762
20240325,9300790.047633616,8961127.335372455,13325642.124711609
20240326,9300790.047633616,8961127.335372455,13485643.55885892
20240327,9300790.047633616,8961127.335372455,13420238.633361818
20240328,9300790.047633616,8961127.335372455,13425287.988285601
20240329,9300790.047633616,8961127.335372455,13435228.905791795
20240401,9300790.047633616,8961127.335372455,13580634.548362551
20240402,9300790.047633616,8961127.335372455,13522724.759080438
20240403,9300790.047633616,8961127.335372455,13531561.130197054
20240408,9300790.047633616,8961127.335372455,13149309.183232693
20240409,9300790.047633616,8961127.335372455,13114279.283448962
20240410,9300790.047633616,8961127.335372455,13001931.136394832
20240411,9300790.047633616,8961127.335372455,13002088.928736202
20240412,9300790.047633616,8961127.335372455,12891870.978290543
20240415,9300790.047633616,8961127.335372455,13199171.56310503
20240416,9300790.047633616,8961127.335372455,13175660.504241174
20240417,9300790.047633616,8961127.335372455,13151991.65303595
20240418,9300790.047633616,8961127.335372455,13181814.405554533
20240419,9300790.047633616,8961127.335372455,12991359.049523167
20240422,9300790.047633616,8961127.335372455,13215581.966607317
20240423,9300790.047633616,8961127.335372455,13351441.172525303
20240424,9300790.047633616,8961127.335372455,13361855.4670556
20240425,9300790.047633616,8961127.335372455,13357437.281497292
20240426,9300790.047633616,8961127.335372455,13486748.105248498
20240429,9300790.047633616,8961127.335372455,13443907.484567042
20240430,9300790.047633616,8961127.335372455,13451797.10163545
20240506,9300790.047633616,8961127.335372455,13887303.963811567
20240507,9300790.047633616,8961127.335372455,13964622.211081963
20240508,9300790.047633616,8961127.335372455,13917047.820159465
20240509,9300790.047633616,8961127.335372455,13854167.572124252
20240510,9300790.047633616,8961127.335372455,13719886.28961995
20240513,9300790.047633616,8961127.335372455,13459686.718703859
20240514,9300790.047633616,8961127.335372455,13427970.458088858
20240515,9300790.047633616,8961127.335372455,13412349.016293412
20240516,9300790.047633616,8961127.335372455,13447852.293101246
20240517,9300790.047633616,8961127.335372455,13530693.27231953
20240520,9300790.047633616,8961127.335372455,13483355.569909083
20240521,9300790.047633616,8961127.335372455,13451797.10163545
20240522,9300790.047633616,8961127.335372455,13394281.793206757
20240523,9300790.047633616,8961127.335372455,13349310.975916833
20240524,9300790.047633616,8961127.335372455,13231518.993085502
20240527,9300790.047633616,8961127.335372455,13176607.258289384
20240528,9300790.047633616,8961127.335372455,13133372.15675451
20240529,9300790.047633616,8961127.335372455,13207218.972514806
20240530,9300790.047633616,8961127.335372455,13009978.545804609
20240531,9300790.047633616,8961127.335372455,13005639.256416986
20240603,9300790.047633616,8961127.335372455,12934159.32577721
20240604,9300790.047633616,8961127.335372455,13043114.937491924
20240605,9300790.047633616,8961127.335372455,12970530.46046257
20240606,9300790.047633616,8961127.335372455,12937472.96494594
20240607,9300790.047633616,8961127.335372455,12774710.164824687
20240611,9300790.047633616,8961127.335372455,12378809.180331977
20240612,9300790.047633616,8961127.335372455,12399953.35407531
20240613,9300790.047633616,8961127.335372455,12268433.437544951
20240614,9300790.047633616,8961127.335372455,12268354.541374268
20240617,9300790.047633616,8961127.335372455,12161844.71095076
20240618,9300790.047633616,8961127.335372455,12004052.369582603
20240619,9300790.047633616,8961127.335372455,12087673.715628617
20240620,9300790.047633616,8961127.335372455,12080425.943247491
20240621,9300790.047633616,8961127.335372455,11846081.302924514
20240624,9300790.047633616,8961127.335372455,11890775.899274772
20240625,9300790.047633616,8961127.335372455,11972112.011551822
20240626,9300790.047633616,8961127.335372455,11992210.313012555
20240627,9300790.047633616,8961127.335372455,12002437.215080434
20240628,9300790.047633616,8961127.335372455,11816420.334948158
20240701,9300790.047633616,8961127.335372455,11598917.480732886
20240702,9300790.047633616,8961127.335372455,12004128.27762709
20240703,9300790.047633616,8961127.335372455,12079018.190407619
20240704,9300790.047633616,8961127.335372455,11964186.99081081
20240705,9300790.047633616,8961127.335372455,11700542.28710818
20240708,9300790.047633616,8961127.335372455,11434803.886919212
20240709,9300790.047633616,8961127.335372455,11579993.685567912
20240710,9300790.047633616,8961127.335372455,11576450.506898725
20240711,9300790.047633616,8961127.335372455,11773741.13734205
20240712,9300790.047633616,8961127.335372455,11908462.453559063
20240715,9300790.047633616,8961127.335372455,11876895.952688131
20240716,9300790.047633616,8961127.335372455,11885753.899361096
20240717,9300790.047633616,8961127.335372455,12090291.940718668
20240718,9300790.047633616,8961127.335372455,12058967.020211542
20240719,9300790.047633616,8961127.335372455,12285327.82109978
20240722,9300790.047633616,8961127.335372455,12070965.511614013
20240723,9300790.047633616,8961127.335372455,11716647.64469539
20240724,9300790.047633616,8961127.335372455,11596018.516367186
20240725,9300790.047633616,8961127.335372455,11519276.48746413
20240726,9300790.047633616,8961127.335372455,11452439.253477208
20240729,9300790.047633616,8961127.335372455,11257806.007035773
20240730,9300790.047633616,8961127.335372455,11112616.208387073
20240731,9300790.047633616,8961127.335372455,11445111.315775026
20240801,9300790.047633616,8961127.335372455,11162301.236543616
20240802,9300790.047633616,8961127.335372455,11156583.834600156
20240805,9300790.047633616,8961127.335372455,11354357.625771098
20240806,9300790.047633616,8961127.335372455,11311597.901377054
20240807,9300790.047633616,8961127.335372455,11398566.83234799
20240808,9300790.047633616,8961127.335372455,11520887.02322285
20240809,9300790.047633616,8961127.335372455,11570088.890651777
20240812,9300790.047633616,8961127.335372455,11564452.015496254
20240813,9300790.047633616,8961127.335372455,11459042.450087963
20240814,9300790.047633616,8961127.335372455,11380850.939002058
20240815,9300790.047633616,8961127.335372455,11490286.843807153
20240816,9300790.047633616,8961127.335372455,11524993.88940759
20240819,9300790.047633616,8961127.335372455,11478610.459556425
20240820,9300790.047633616,8961127.335372455,11456707.173237817
20240821,9300790.047633616,8961127.335372455,11415316.404238688
20240822,9300790.047633616,8961127.335372455,11354679.73292284
20240823,9300790.047633616,8961127.335372455,11394459.96616325
20240826,9300790.047633616,8961127.335372455,11370382.456570372
20240827,9300790.047633616,8961127.335372455,11306524.713737082
20240828,9300790.047633616,8961127.335372455,11185170.844317455
20240829,9300790.047633616,8961127.335372455,11380850.939002058
20240830,9300790.047633616,8961127.335372455,11621545.508142915
20240902,9300790.047633616,8961127.335372455,11233486.917079085
20240903,9300790.047633616,8961127.335372455,11354277.098983161
20240904,9300790.047633616,8961127.335372455,11273750.31104711
20240905,9300790.047633616,8961127.335372455,11313047.383559903
20240906,9300790.047633616,8961127.335372455,11257644.9534599
20240909,9300790.047633616,8961127.335372455,11072433.341206985
20240910,9300790.047633616,8961127.335372455,11096591.377587799
20240911,9300790.047633616,8961127.335372455,11112696.735175008
20240912,9300790.047633616,8961127.335372455,10750809.350190397
20240913,9300790.047633616,8961127.335372455,10501739.995104194
20240918,9300790.047633616,8961127.335372455,10201938.763618276
20240919,9300790.047633616,8961127.335372455,10154427.958736004
20240920,9300790.047633616,8961127.335372455,10177941.780813333
20240923,9300790.047633616,8961127.335372455,10158776.405284552
20240924,9300790.047633616,8961127.335372455,11053106.91210233
20240925,9300790.047633616,8961127.335372455,11265697.632253505
20240926,9300790.047633616,8961127.335372455,12312545.875422167
20240927,9300790.047633616,8961127.335372455,13119424.290541396
20240930,9300790.047633616,8961127.335372455,14076082.531221678
20241008,9300790.047633616,8961127.335372455,13874765.56138155
20241009,9300790.047633616,8961127.335372455,12845230.577619141
20241010,9300790.047633616,8961127.335372455,13206393.221512329
20241011,9300790.047633616,8961127.335372455,12924468.936948216
20241014,9300790.047633616,8961127.335372455,12900310.9005674
20241015,9300790.047633616,8961127.335372455,12515876.014960693
20241016,9300790.047633616,8961127.335372455,12260203.463263733
20241017,9300790.047633616,8961127.335372455,12035533.72492215
20241018,9300790.047633616,8961127.335372455,12409178.020945428
20241021,9300790.047633616,8961127.335372455,12310935.339663444
20241022,9300790.047633616,8961127.335372455,12425283.378532637
20241023,9300790.047633616,8961127.335372455,12622574.00897596
20241024,9300790.047633616,8961127.335372455,12499368.023433805
20241025,9300790.047633616,8961127.335372455,12552918.337411277
20241028,9300790.047633616,8961127.335372455,12602442.311991949
20241029,9300790.047633616,8961127.335372455,12333643.89386141
20241030,9300790.047633616,8961127.335372455,12336703.911802981
20241031,9300790.047633616,8961127.335372455,12302802.134081904
20241101,9300790.047633616,8961127.335372455,12350796.09969179
20241104,9300790.047633616,8961127.335372455,12467157.308259385
20241105,9300790.047633616,8961127.335372455,12698993.930727273
20241106,9300790.047633616,8961127.335372455,12650758.38475358
20241107,9300790.047633616,8961127.335372455,13279994.705685882
20241108,9300790.047633616,8961127.335372455,12964571.27734037
20241111,9300790.047633616,8961127.335372455,12868261.238968853
20241112,9300790.047633616,8961127.335372455,12700684.993273932
20241113,9300790.047633616,8961127.335372455,12711153.475705618
20241114,9300790.047633616,8961127.335372455,12673305.885375673
20241115,9300790.047633616,8961127.335372455,12554126.239230318
20241118,9300790.047633616,8961127.335372455,12554126.239230318
20241119,9300790.047633616,8961127.335372455,12416586.485435544
20241120,9300790.047633616,8961127.335372455,12439858.727149062
20241121,9300790.047633616,8961127.335372455,12442435.584363017
20241122,9300790.047633616,8961127.335372455,12141990.138573611
20241125,9300790.047633616,8961127.335372455,12067502.859732762
20241126,9300790.047633616,8961127.335372455,12151492.299550064
20241127,9300790.047633616,8961127.335372455,12232421.721425794
20241128,9300790.047633616,8961127.335372455,12223966.408692509
20241129,9300790.047633616,8961127.335372455,12286294.142555013
20241202,9300790.047633616,8961127.335372455,12280335.160247747
20241203,9300790.047633616,8961127.335372455,12294346.821348619
20241204,9300790.047633616,8961127.335372455,12240071.76627972
20241205,9300790.047633616,8961127.335372455,12167597.657137275
20241206,9300790.047633616,8961127.335372455,12248204.97186126
20241209,9300790.047633616,8961127.335372455,12230408.551727394
20241210,9300790.047633616,8961127.335372455,12454192.495401677
20241211,9300790.047633616,8961127.335372455,12365693.55545996
20241212,9300790.047633616,8961127.335372455,12608884.455026831
20241213,9300790.047633616,8961127.335372455,12232019.087486114
20241216,9300790.047633616,8961127.335372455,12298051.053593678
20241217,9300790.047633616,8961127.335372455,12546073.560436714
20241218,9300790.047633616,8961127.335372455,12654784.72415038
20241219,9300790.047633616,8961127.335372455,12489785.335669413
20241220,9300790.047633616,8961127.335372455,12447813.609070536
20241223,9300790.047633616,8961127.335372455,12484208.333486019
20241224,9300790.047633616,8961127.335372455,12585377.488771303
20241225,9300790.047633616,8961127.335372455,12513242.327120842
20241226,9300790.047633616,8961127.335372455,12495167.643759444
20241227,9300790.047633616,8961127.335372455,12504818.379671864
20241230,9300790.047633616,8961127.335372455,12472349.3783394
20241231,9300790.047633616,8961127.335372455,12464170.788583113
20250102,9300790.047633616,8961127.335372455,12169741.55735674
20250103,9300790.047633616,8961127.335372455,12063419.890524995
20250106,9300790.047633616,8961127.335372455,11777169.249054909
20250107,9300790.047633616,8961127.335372455,11778804.967006167
20250108,9300790.047633616,8961127.335372455,11797615.723445632
20250109,9300790.047633616,8961127.335372455,11809883.608080061
20250110,9300790.047633616,8961127.335372455,11744454.890029758
20250113,9300790.047633616,8961127.335372455,11809720.036284937
20250114,9300790.047633616,8961127.335372455,12042973.416134274
20250115,9300790.047633616,8961127.335372455,12032913.75073404
20250116,9300790.047633616,8961127.335372455,11829348.65170003
20250117,9300790.047633616,8961127.335372455,11897803.447960159
20250120,9300790.047633616,8961127.335372455,12061784.172573736
20250121,9300790.047633616,8961127.335372455,12007396.550694421
20250122,9300790.047633616,8961127.335372455,11785347.838811198
20250123,9300790.047633616,8961127.335372455,11801705.018323774
20250124,9300790.047633616,8961127.335372455,11744454.890029758
20250127,9300790.047633616,8961127.335372455,11736194.514375906
20250205,9300790.047633616,8961127.335372455,11481104.299877279
20250206,9300790.047633616,8961127.335372455,11555038.751274122
20250207,9300790.047633616,8961127.335372455,11744454.890029758
20250210,9300790.047633616,8961127.335372455,11707733.022024022
20250211,9300790.047633616,8961127.335372455,11597240.27441657
20250212,9300790.047633616,8961127.335372455,11801705.018323774
20250213,9300790.047633616,8961127.335372455,11982124.70834749
20250214,9300790.047633616,8961127.335372455,12063419.890524995
20250217,9300790.047633616,8961127.335372455,12035776.257148739
20250218,9300790.047633616,8961127.335372455,12063419.890524995
20250219,9300790.047633616,8961127.335372455,12194277.326625604
20250220,9300790.047633616,8961127.335372455,12055241.300768707
20250221,9300790.047633616,8961127.335372455,12171459.061205562
20250224,9300790.047633616,8961127.335372455,12096706.750833087
20250225,9300790.047633616,8961127.335372455,11891669.505642945
20250226,9300790.047633616,8961127.335372455,11940822.830078235
20250227,9300790.047633616,8961127.335372455,12149785.798351396
20250228,9300790.047633616,8961127.335372455,12274345.720339665
20250303,9300790.047633616,8961127.335372455,12161726.539395578
20250304,9300790.047633616,8961127.335372455,12023426.586616745
20250305,9300790.047633616,8961127.335372455,11992838.660928227
20250306,9300790.047633616,8961127.335372455,12316792.6011748
20250307,9300790.047633616,8961127.335372455,12439635.019314248
20250310,9300790.047633616,8961127.335372455,12455174.339851195
20250311,9300790.047633616,8961127.335372455,12666018.383768305
20250312,9300790.047633616,8961127.335372455,12616128.986254945
20250313,9300790.047633616,8961127.335372455,12576789.9695272
20250314,9300790.047633616,8961127.335372455,13314825.909134641
20250317,9300790.047633616,8961127.335372455,13395385.018234078
20250318,9300790.047633616,8961127.335372455,13282029.764211927
20250319,9366181.709432911,9012412.069316901,13377801.05025806
20250320,9184608.189673223,8837696.755038673,13118457.969086163
20250321,9011394.724749524,8671025.728330495,12871055.628958449
20250324,9064360.82559396,8721991.248894151,12946707.584204111
20250325,9021415.338422794,8680667.853842538,12885368.16103195
20250326,9024278.370900873,8683422.74684598,12889457.455910096
20250327,9098717.215330891,8755049.964935444,12995779.12274184
20250328,9077015.429147063,8734167.875969362,12964782.26756551
20250331,8938387.396558542,8600775.956742749,12766778.609565774
20250401,8909871.593076888,8573337.222428476,12726049.23257946
20250402,8869789.1383838,8534768.720380303,12668799.104285441
20250403,8983508.788413046,8644193.070476979,12831225.896845324
20250407,8589097.434233064,8264679.010322949,12267884.634432197
20250408,8846770.357260056,8512619.380632637,12635921.173465163
20250409,8824095.140033681,8490800.628045386,12603533.958030263
20250410,8869674.617084678,8534658.524660166,12668635.532490317
20250411,8984081.394908661,8644744.049077667,12832043.755820952
20250414,8886795.551303582,8551132.784820743,12693089.515861617
20250415,8921209.201690076,8584246.598722102,12742242.84029691
20250416,8927908.697688777,8590693.048350155,12751811.790311767
20250417,8989921.98116394,8650364.030804686,12840385.917372366
20250418,8966674.15744195,8627994.299616747,12807180.842961838
20250421,8881126.746996988,8545678.096673928,12684992.712002892
20250422,8868529.404093446,8533556.56745879,12666999.814539058
20250423,8886852.811953144,8551187.882680811,12693171.301759182
20250424,8888284.328192182,8552565.329182532,12695215.949198252
20250425,8875400.682040833,8540168.310667047,12676814.122246604
20250428,8875400.682040833,8540168.310667047,12676814.122246604
20250429,8841044.292303901,8507109.594625756,12627742.583708875
20250430,8858222.487172367,8523638.9526464,12652278.35297774
20250506,8876545.895032065,8541270.267868424,12678449.840197863
20250507,8904031.006821608,8567717.240701457,12717707.071028044
20250508,9036818.453154853,8695489.17820105,12907368.567476368
20250509,9111200.03693531,8767061.298430447,13013608.44841055
20250512,9187471.222151302,8840451.648042114,13122547.263964308
20250513,9106161.099773893,8762212.68674439,13006411.289425015
20250514,9362058.942664478,9008445.023391945,13371912.465633532
20250515,9344995.269095134,8992025.861091437,13347540.268159794
20250516,9242613.227679078,8893510.887288388,13201307.083317364
20250519,9041342.044470215,8699841.909146486,12913829.653383834
20250520,9081539.020462425,8738520.606914798,12971243.353472976
20250521,9052736.913732966,8710806.383300183,12930105.04699885
20250522,9047182.630725494,8705461.890873507,12922171.814935248
20250523,9004809.750049943,8664689.47442258,12861650.250738714
20250526,8878263.71451891,8542923.203670489,12680903.41712475
20250527,8840471.685808286,8506558.616025068,12626924.724733246
20250528,8800961.837610813,8468541.092577582,12570492.45541486
20250529,8818140.032479279,8485070.450598229,12595028.224683724
20250530,8715070.863268482,8385894.3024743525,12447813.609070536
20250603,8640632.018838461,8314267.084384887,12341491.94223879
20250604,8646129.041196372,8319556.478951494,12349343.388404828
20250605,8669262.34361924,8341816.014419297,12382384.891020233
20250606,8625686.989302898,8299886.542906925,12320145.82297488
20250609,8509562.391992066,8188148.082687358,12154284.022717355
20250610,8446003.070978742,8126989.458010969,12063501.676422559
20250611,8474576.135109957,8154483.29018531,12104312.839306435
20250612,8354328.771030693,8038777.784040788,11932562.454424383
20250613,8170808.389185914,7862189.142520222,11670438.65273535
20250616,8144124.92649023,7836513.539728152,11632326.424471047
20250617,8131012.237740634,7809819.375855706,11670847.582223164
20250618,8131012.237740634,7809819.375855706,11654490.402710587
20250619,8131012.237740634,7809819.375855706,11662668.992466876
20250620,8131012.237740634,7809819.375855706,11684424.041218603
20250623,8131012.237740634,7809819.375855706,11613597.453929147
20250624,8131012.237740634,7809819.375855706,11754269.197737303
20250625,8131012.237740634,7809819.375855706,11743309.887463875
20250626,8131012.237740634,7809819.375855706,11841152.902850881
20250627,8131012.237740634,7809819.375855706,11700143.117226087
20250630,8131012.237740634,7809819.375855706,11753761.858891811
20250701,8131012.237740634,7809819.375855706,11716904.18577167
20250702,8131012.237740634,7809819.375855706,11754428.966097606
20250703,8131012.237740634,7809819.375855706,11804462.006532187
20250704,8131012.237740634,7809819.375855706,11859665.127811676
20250707,8131012.237740634,7809819.375855706,11763601.690177279
20250708,8131012.237740634,7809819.375855706,11808714.814969126
20250709,8131012.237740634,7809819.375855706,11831813.401969759
20250710,8131012.237740634,7809819.375855706,11895355.363321677
20250711,8131012.237740634,7809819.375855706,11899524.78335789
20250714,8131012.237740634,7809819.375855706,11871172.727111628
20250715,8131012.237740634,7809819.375855706,11766103.342199009
20250716,8131012.237740634,7809819.375855706,11766353.507401181
20250717,8131012.237740634,7809819.375855706,11810716.13658651
20250718,8131012.237740634,7809819.375855706,11982913.184082193
20250721,8131012.237740634,7809819.375855706,12032946.224516775
20250722,8131012.237740634,7809819.375855706,12216233.92930879
20250723,8131012.237740634,7809819.375855706,12303958.526870757
20250724,8131012.237740634,7809819.375855706,12437379.968029639
20250725,8131012.237740634,7809819.375855706,12133012.305385938
20250728,8131012.237740634,7809819.375855706,11996755.658602428
20250729,8131012.237740634,7809819.375855706,11999590.864227055
20250730,8131012.237740634,7809819.375855706,12086648.354583226
20250731,8131012.237740634,7809819.375855706,11855078.765771838
20250801,8131012.237740634,7809819.375855706,11816136.38263359
20250804,8131012.237740634,7809819.375855706,11832814.06277845
20250805,8131012.237740634,7809819.375855706,11905695.52501149
20250806,8131012.237740634,7809819.375855706,11873507.60233191
20250807,8131012.237740634,7809819.375855706,11860749.17702109
20250808,8131012.237740634,7809819.375855706,11849241.577721138
20250811,8131012.237740634,7809819.375855706,12049623.904661637
20250812,8131012.237740634,7809819.375855706,11983246.73768509
20250813,8131012.237740634,7809819.375855706,11841569.8448545
20250814,8131012.237740634,7809819.375855706,11899441.394957168
20250815,8131012.237740634,7809819.375855706,11858497.690201534
20250818,8131012.237740634,7809819.375855706,11912033.043466536
20250819,8131012.237740634,7809819.375855706,11991252.024154624
20250820,8131012.237740634,7809819.375855706,12091318.105023786
20250821,8131012.237740634,7809819.375855706,12076725.134897033
20250822,8131012.237740634,7809819.375855706,12207644.924034188
20250825,8131012.237740634,7809819.375855706,12427623.525144896
20250826,8131012.237740634,7809819.375855706,12354908.839713305
20250827,8131012.237740634,7809819.375855706,12074640.424878925
20250828,8131012.237740634,7809819.375855706,12058796.628741307
20250829,8131012.237740634,7809819.375855706,12341483.307196692
20250901,8131012.237740634,7809819.375855706,12308961.830914212
20250902,8131012.237740634,7809819.375855706,12435712.200015154
20250903,8131012.237740634,7809819.375855706,12346069.66923653
20250904,8131012.237740634,7809819.375855706,12280276.221065056
20250905,8131012.237740634,7809819.375855706,12366499.827413982
20250908,8131012.237740634,7809819.375855706,12518516.881934386
20250909,8131012.237740634,7809819.375855706,12549954.309007447
20250910,8131012.237740634,7809819.375855706,12691797.978639485
20250911,8131012.237740634,7809819.375855706,12704222.850347405
20250912,8131012.237740634,7809819.375855706,12641681.549804179
20250915,8126882.015872625,7795715.537919071,12634176.593738992
20250916,8045779.47737352,7717917.888302983,12508093.331843847
20250917,8008339.284336234,7682003.3648691,12449888.228138285
20250918,7874026.614758351,7553163.871060445,12241083.672724633
20250919,7874080.254003391,7553215.324532414,12241167.061125357
20250922,7795659.67775624,7477990.348514739,12119253.219266428
20250923,7763851.605448059,7447478.439637531,12069803.897636916
20250924,7734779.1346368715,7419590.657830705,12024607.384444345
20250925,7718687.361125145,7404154.616240212,11999590.864227055
20250926,7697231.663109508,7383573.227452885,11966235.503937332
20250929,7835942.750780596,7516631.905962942,12181877.908210378
20250930,7745453.344399651,7429829.898752399,12041201.67618848
20251009,7706779.448726467,7392731.945463246,11981078.639266258
20251010,7670412.040589963,7357846.491468729,11924541.303575182
20251013,7612481.655947746,7302276.741742952,11834481.830792937
20251014,7783161.733662131,7466001.689546122,12099823.721897664
20251015,7842057.6247150535,7522497.60176733,12191384.185892949
20251016,7964945.13509961,7640377.506046736,12382427.011952326
20251017,7804510.15318769,7486480.171389512,12133012.305385938
20251020,7820226.451984144,7501556.038676227,12157445.106798159
20251021,7843452.245086069,7523835.392038506,12193552.28431178
20251022,7824356.673852154,7505517.956017788,12163866.01365393
20251023,7874133.8932484295,7553266.778004382,12241250.44952608
20251024,7777690.530668145,7460753.435405355,12091318.105023786
20251027,7726250.494675657,7411409.555787743,12011348.628729181
20251028,7750870.9081486,7435026.699421199,12049623.904661637
20251029,7680603.497147391,7367622.651142709,11940385.0997128
20251030,7652925.64670722,7341072.659607059,11897356.68493906
20251031,7670465.679835002,7357897.944940697,11924624.691975906
20251103,7697231.663109508,7383573.227452885,11966235.503937332
20251104,7665048.116086054,7352701.144271898,11916202.463502752
20251105,7617201.909511184,7306804.647276162,11841820.010056673
20251106,7697928.973295017,7384242.122588474,11967319.55314675
20251107,7688273.90918798,7374980.497634177,11952309.641016373
20251110,7843666.8020662265,7524041.20592638,12193885.837914677
20251111,7825912.211958287,7507010.106704868,12166284.277274935
20251112,7858953.986902367,7538705.445437349,12217651.532121105
20251113,7887007.312057812,7565615.6112767765,12261263.665699914
20251114,7813092.432393944,7494712.726904441,12146354.449501824
20251117,7890332.945250235,7568805.726538812,12266433.74654482
20251118,7917152.567769781,7594532.462522969,12308127.946906973
20251119,7890386.584495274,7568857.180010781,12266517.134945545
20251120,7869467.278930028,7548790.3259431375,12233995.658663066
20251121,7866731.677433035,7546166.198872754,12229742.850226127
20251124,7788418.379675962,7471044.129799017,12107995.785168646
20251125,7748993.534572232,7433225.827902308,12046705.310636286
20251126,7773131.194839822,7456379.890288048,12084230.09096222
20251127,7763207.93450759,7446860.9979739105,12068803.236828225
20251128,7780372.4929201,7463326.109003771,12095487.525060002
20251201,7766962.681660326,7450462.741011692,12074640.424878925
20251202,7702756.505348534,7388872.9350656215,11974824.509211935
20251203,7665584.508536445,7353215.678991581,11917036.347509995
20251204,7638121.215076431,7326871.501343805,11874341.486339152
20251205,7670465.679835002,7357897.944940697,11924624.691975906
20251208,7607225.009933915,7297234.301490057,11826309.767521955
20251209,7514911.86922164,7208682.8762325905,11682798.32987543
20251210,7524513.294083636,7217893.047714918,11697724.85360508
20251211,7573807.760274562,7265178.788453799,11774358.793870715
20251212,7620259.346478414,7309737.495178358,11846573.14889796
20251215,7648956.342574327,7337265.102681405,11891185.943285462
20251216,7627500.6445586905,7316683.713894079,11857830.58299574
20251217,7687040.206552081,7373797.067778906,11950391.707799714
20251218,7675775.9650938725,7362991.838665561,11932880.143647613
20251219,7691902.615417547,7378461.335854927,11957950.883896682
20251222,7682410.480275116,7369356.000589404,11943194.26365698
20251223,7680228.380242373,7367262.820068593,11939801.937165093
20251224,7642259.839672654,7330841.479006503,11880775.456206286
20251225,7714651.0082588885,7400282.742784371,11993315.88757459
20251226,7714432.798255614,7400073.42473229,11992976.6549254
20251229,7648260.614762695,7336597.725438729,11890104.35405897
20251230,7581270.143757498,7272337.083449865,11785959.930758081
20251231,7512861.307731019,7206715.874122475,11679610.495237472
20260105,7779186.61672725,7462188.556687323,12093643.943572106
20260106,7790151.66939178,7472706.788804393,12110690.38419383
20260107,7764784.756511147,7448373.565249978,12071254.58872566
20260108,7704449.6906058155,7390497.123849584,11977456.761225022
20260109,7741545.391162438,7426081.192703351,12035126.311587077
20260112,7764075.574000507,7447693.2815807145,12070152.082615796
20260113,7697357.865499403,7383694.287156953,11966431.700126396
20260114,7626494.166936087,7315718.24974365,11856265.897302411
20260115,7576742.286189558,7267993.733869185,11778920.853287421
20260116,7539155.613125566,7231938.699398234,11720488.02946469
20260119,7506424.112634428,7200540.9915860845,11669603.132086406
20260120,7493058.749933879,7187720.260896123,11648825.132323606
20260121,7370370.175592929,7070031.186113588,11458091.575317342
20260122,7310362.424692509,7012468.721791314,11364802.596790487
20260123,7293669.359442028,6996455.890807119,11338851.299127562
20260126,7320945.60985131,7022620.647317243,11381255.380276132
20260127,7326455.412433986,7027905.928132288,11389821.004668145
20260128,7221059.980852519,6926805.308977169,11225971.63511007
20260129,7843122.147686605,7523518.745947054,12193039.109784352
20260130,7642805.364680839,7331364.774136704,11881623.537829258
20260202,7784641.866809105,7467421.507989348,12102124.759801818
20260203,8046057.450731666,7718184.534382376,12508525.473529713
20260204,8319256.374831034,7980250.735587776,12933244.750313787
20260205,8482913.877286727,8137239.274648518,13187669.237205205
20260206,8264758.426513289,7927973.552080548,12848521.396178946
20260209,8319038.16482776,7980041.417535695,12932905.5176646
20260210,8209060.323177534,7874545.119286874,12761932.262473565
20260211,8206496.355639061,7872085.632174923,12757946.278845599
20260212,8109774.771687748,7779305.405590025,12607581.40709277
20260213,8102682.946581334,7772502.568897392,12596556.345994143
20260224,8001760.82006699,7675692.969809934,12439661.245744433
20260225,8137378.337101942,7805784.1391782705,12650494.337215124
20260226,7998542.2225186955,7672605.52854174,12434657.564168904
20260227,7937497.9741027225,7614048.803472083,12339757.230558405
20260302,7856160.195382242,7536025.499558892,12213308.260573369
20260303,7780223.114242801,7463182.817434708,12095255.29865575
20260304,7643787.309695573,7332306.705371069,11883150.084750606
20260305,7632113.0745204,7321108.189584735,11865001.138019016
20260306,7648260.614762695,7336597.725438729,11890104.35405897
20260309,7620984.364353413,7310432.968928605,11847700.2729104
20260310,7647605.984752873,7335969.771282487,11889086.656111406
20260311,7637350.114598982,7326131.822834679,11873142.721599542
20260312,7593708.113944131,7284268.212418481,11805296.19176183
20260313,7711759.725715504,7397509.278594297,11988821.05497284
20260316,7965647.064525102,7641050.83219053,12383518.242303729
20260317,8101046.3715567775,7770932.683506785,12594012.101125227
20260318,8012671.320230704,7686158.872413984,12456622.878203863
20260319,7925769.18642673,7602797.958172728,12321523.475664517
20260320,7882836.36828252,7561614.631425794,12254779.45193667
20260323,7681373.982759563,7368361.739842019,11941582.908573333
20260324,7677337.097698989,7364489.355878521,11935307.104563346
20260325,7693375.532939647,7379874.232706473,11960240.704278704
20260326,7643787.309695573,7332306.705371069,11883150.084750606
20260327,7724743.220910322,7409963.702693116,12009005.39759956
20260330,7746455.11623611,7430790.848875174,12042759.046193821
20260331,7910112.618691803,7587779.387935918,12297183.53308524
20260401,7961610.179464527,7637178.448227032,12377242.43829374
20260402,7964010.489500545,7639480.946799924,12380973.997434815
20260403,7964665.119510367,7640108.900956165,12381991.695382379
20260407,7855669.222874875,7535554.53394171,12212544.987112693
20260408,7992050.474921287,7666378.31649233,12424565.392855544
20260409,7967338.192050477,7642673.047094158,12386147.29533494
20260410,7931715.4090159545,7608501.875091936,12330767.565354908
20260413,7873616.995644183,7552770.943725372,12240446.872508453
20260414,7893201.343438048,7571557.238899641,12270893.002773127
20260415,8005579.49512429,7679356.035721351,12445597.817105234
20260416,7980158.029742839,7654970.482653916,12406077.213474767
20260417,7676846.125191622,7364018.390261339,11934543.831102671
20260420,7696757.787990399,7383118.662513729,11965498.810341127
20260421,7702867.668082077,7388979.567971996,11974997.324518407
20260422,7689174.990376618,7375844.860203914,11953710.475781824
20260423,7740999.8661542535,7425557.89757315,12034278.229964107
20260424,7956427.691886764,7632207.144490109,12369185.662875513
20260427,7654806.914860923,7342877.2670011595,11900281.333534628
20260428,7664626.365008264,7352296.5793448035,11915546.802748112
20260429,7643732.757194755,7332254.375858049,11883065.276588308
20260430,7554375.760853946,7246538.633530882,11744149.506745594
20260506,7500968.862552572,7195308.04028406,11661122.315856693
20260507,7479420.624729238,7174637.882641061,11627623.091749322
20260508,7482748.327279171,7164915.63123,11644075.875234967
20260511,7482748.327279171,7164915.63123,11545189.557996502
20260512,7482748.327279171,7164915.63123,11487689.623959042
20260513,7482748.327279171,7164915.63123,11398980.286196234
20260514,7482748.327279171,7164915.63123,11382697.119035184
20260515,7482748.327279171,7164915.63123,11304503.993397223
20260518,7482748.327279171,7164915.63123,11220119.871911567
20260519,7482748.327279171,7164915.63123,11231144.933010194
20260520,7482748.327279171,7164915.63123,11152273.342073856
20260521,7482748.327279171,7164915.63123,11118350.077155
20260522,7482748.327279171,7164915.63123,10941949.099576948
20260525,7482748.327279171,7164915.63123,10905311.973464586
20260526,7482748.327279171,7164915.63123,10799301.770593163
20260527,7482748.327279171,7164915.63123,11050503.547317287
20260528,7482748.327279171,7164915.63123,10821351.892790418
20260529,7482748.327279171,7164915.63123,11245562.320600709
20260601,7482748.327279171,7164915.63123,11106476.9344334
20260602,7482748.327279171,7164915.63123,11086292.591806682
20260603,7482748.327279171,7164915.63123,10871643.133032622
20260604,7482748.327279171,7164915.63123,10753674.9792773
20260605,7482748.327279171,7164915.63123,10794891.746153709
20260608,7482748.327279171,7164915.63123,10711101.281804135
20260609,7482748.327279171,7164915.63123,10651905.184520733
20260610,7482748.327279171,7164915.63123,10820503.811167447
20260611,7482748.327279171,7164915.63123,10846963.957804153
20260612,7482748.327279171,7164915.63123,10956451.29532976
20260615,7482748.327279171,7164915.63123,10779965.509589411
20260616,7482748.327279171,7164915.63123,10649106.515164929
20260617,7482748.327279171,7164915.63123,10516212.124845307
20260618,7482748.327279171,7164915.63123,10304191.719102459
20260622,7482748.327279171,7164915.63123,10528170.075729206
20260623,7482748.327279171,7164915.63123,10367373.800013829
20260624,7482748.327279171,7164915.63123,10242112.144300954
20260625,7482748.327279171,7164915.63123,10279597.352036288
20260626,7482748.327279171,7164915.63123,10145497.285931157
20260629,7482748.327279171,7164915.63123,10374081.990703898
20260630,7482748.327279171,7164915.63123,10291867.894456353
20260701,7482748.327279171,7164915.63123,10357153.005732123
20260702,7482748.327279171,7164915.63123,10443881.49797214
20260703,7482748.327279171,7164915.63123,10369654.410018973
20260706,7482748.327279171,7164915.63123,10477826.28322324
20260707,7482748.327279171,7164915.63123,10320603.761254596
20260708,7482748.327279171,7164915.63123,10411759.83417954
20260709,7482748.327279171,7164915.63123,10263218.842965657
20260710,7482748.327279171,7164915.63123,10461070.928866558
20260713,7482748.327279171,7164915.63123,10513246.928702645
20260714,7482748.327279171,7164915.63123,10547018.08333865
20260715,7482748.327279171,7164915.63123,10861115.86604574
20260716,7482748.327279171,7164915.63123,10929960.404930959
20260717,7482748.327279171,7164915.63123,10877958.035709968
20260720,7482748.327279171,7164915.63123,11524732.076939331
20260721,7482748.327279171,7164915.63123,11355442.227221578
20260722,7482748.327279171,7164915.63123,11329397.63495731
20260723,7482748.327279171,7164915.63123,11216624.55045302
20260724,7482748.327279171,7164915.63123,11263504.816528708
20260727,7482748.327279171,7164915.63123,11194833.908258583
20260729,7482748.327279171,7164915.63123,11468302.127033414
20260730,7482748.327279171,7164915.63123,11822161.320597291
20260731,7482748.327279171,7164915.63123,11725275.437374208
20260803,7482748.327279171,7164915.63123,11798026.66509907
20260804,7362475.421851295,7040596.477451319,11532198.193388421
20260805,7241038.58508057,6924468.719297688,11341985.854551706
20260806,7252677.898509073,6935599.175350751,11360217.069136694
20260807,7256391.393745787,6939150.320853396,11366033.694742382
20260810,7476097.291034311,7149250.929397893,11710169.57386093
20260811,7463016.919752755,7136742.416881118,11689681.161279706
20260813,7511735.76024635,7183331.325788941,11765991.816614015
20260814,7438020.108532492,7112838.437452871,11650527.457575755
20260817,7166990.381554466,6853657.817931528,11226000.603668157
20260818,7194148.77955431,6879628.882055345,11268540.104366465
20260819,7248964.403272361,6932048.029848107,11354400.443531008
20260820,7158177.758530028,6845230.472634209,11212196.969768094
20260821,7054698.719620422,6746275.418105304,11050112.79057679
