date,nav_hold,nav_switch_A,nav_switch_B
20120228,1017578.2015996051,1017578.2015996051,1017578.2015996051
20120229,1008729.695498739,1008729.695498739,1008729.695498739
20120301,1016398.4007861563,1016398.4007861563,1016398.4007861563
20120302,1031145.9109542666,1031145.9109542666,1031145.9109542666
20120305,1018758.0024130538,1018758.0024130538,1018758.0024130538
20120306,999881.1893978728,999881.1893978728,999881.1893978728
20120307,991032.6832970068,991032.6832970068,991032.6832970068
20120308,1004600.3926516682,1004600.3926516682,1004600.3926516682
20120309,995161.9861440776,995161.9861440776,995161.9861440776
20120312,985133.6792297625,985133.6792297625,985133.6792297625
20120313,993982.1853306289,993982.1853306289,993982.1853306289
20120314,972155.8702818255,972155.8702818255,972155.8702818255
20120315,958588.1609271641,958588.1609271641,958588.1609271641
20120316,967436.6670280303,967436.6670280303,967436.6670280303
20120319,964487.1649944085,964487.1649944085,964487.1649944085
20120320,947969.9536061249,947969.9536061249,947969.9536061249
20120321,949739.654826298,949739.654826298,949739.654826298
20120322,955048.7584868177,955048.7584868177,955048.7584868177
20120323,944430.5511657784,944430.5511657784,944430.5511657784
20120326,946200.2523859516,946200.2523859516,946200.2523859516
20120327,947969.9536061249,947969.9536061249,947969.9536061249
20120328,930862.841811117,930862.841811117,930862.841811117
20120329,918474.9332699045,918474.9332699045,918474.9332699045
20120330,926733.5389640462,926733.5389640462,926733.5389640462
20120405,928503.2401842193,928503.2401842193,928503.2401842193
20120406,943250.7503523296,943250.7503523296,943250.7503523296
20120409,929093.1405909437,929093.1405909437,929093.1405909437
20120410,936761.8458783611,925654.9990386547,925654.9990386547
20120411,933812.343844739,925654.9990386547,925654.9990386547
20120412,963307.3641809594,925654.9990386547,925654.9990386547
20120413,961537.6629607863,925654.9990386547,925654.9990386547
20120416,954458.8580800933,925654.9990386547,925654.9990386547
20120417,943250.7503523296,925654.9990386547,925654.9990386547
20120418,959178.0613338888,925654.9990386547,925654.9990386547
20120419,965077.0654011327,925654.9990386547,925654.9990386547
20120420,978054.8743490697,925654.9990386547,940333.1059703374
20120423,968616.4678414793,925654.9990386547,931258.7213530124
20120424,988673.0816701092,925654.9990386547,950541.7886648286
20120425,994572.0857373531,925654.9990386547,956213.2790506567
20120426,978054.8743490697,925654.9990386547,940333.1059703374
20120427,976875.0735356208,925654.9990386547,939198.8078931718
20120502,989852.882483558,925654.9990386547,951676.0867419943
20120503,981004.3763826917,925654.9990386547,943168.8511632517
20120504,985723.5796364872,925654.9990386547,947706.0434719145
20120507,979234.6751625186,925654.9990386547,941467.4040475033
20120508,975695.272722172,925654.9990386547,938064.5098160062
20120509,953279.0572666446,925654.9990386547,916512.8463498584
20120510,951509.3560464713,925654.9990386547,914811.39923411
20120511,945020.4515725028,925654.9990386547,908572.7598096988
20120514,940301.2483187076,925654.9990386547,904035.5675010362
20120515,945020.4515725028,925654.9990386547,908572.7598096988
20120516,929683.0409976682,925654.9990386547,893826.8848065452
20120517,940301.2483187076,925654.9990386547,904035.5675010362
20120518,927323.4393707706,925654.9990386547,891558.2886522139
20120521,930272.9414043926,925654.9990386547,894394.033845128
20120522,942070.9495388807,925654.9990386547,905737.0146167846
20120524,926733.5389640462,925654.9990386547,890991.1396136311
20120525,921424.4353035265,925654.9990386547,885886.7982663856
20120528,932632.5430312903,925654.9990386547,896662.6299994594
20120529,939711.3479119831,925654.9990386547,903468.4184624533
20120530,926143.6385573217,925654.9990386547,890423.9905750483
20120531,925553.7381505973,925654.9990386547,889856.8415364653
20120601,930862.841811117,925654.9990386547,894961.1828837108
20120604,908446.6263555895,925654.9990386547,883726.782114912
20120605,900188.0206614478,925654.9990386547,883726.782114912
20120606,903727.4231017942,925654.9990386547,883726.782114912
20120607,897238.5186278258,925654.9990386547,883726.782114912
20120608,873642.5023588494,925654.9990386547,883726.782114912
20120611,872462.7015454004,925654.9990386547,883726.782114912
20120612,857125.2909705659,925654.9990386547,883726.782114912
20120613,875412.2035790224,925654.9990386547,883726.782114912
20120614,863614.1954445345,925654.9990386547,883726.782114912
20120615,894289.0165942038,925654.9990386547,883726.782114912
20120618,897238.5186278258,925654.9990386547,883726.782114912
20120619,899598.1202547234,925654.9990386547,883726.782114912
20120620,898418.3194412746,925654.9990386547,883726.782114912
20120621,878951.6060193691,925654.9990386547,883726.782114912
20120625,871282.9007319516,925654.9990386547,883726.782114912
20120626,878951.6060193691,925654.9990386547,883726.782114912
20120627,876592.0043924713,925654.9990386547,883726.782114912
20120628,868923.2991050542,925654.9990386547,883726.782114912
20120629,894289.0165942038,925654.9990386547,883726.782114912
20120702,893699.1161874793,925654.9990386547,883726.782114912
20120703,892519.3153740305,925654.9990386547,883726.782114912
20120704,901367.8214748964,925654.9990386547,883726.782114912
20120705,896058.7178143768,925654.9990386547,880261.1626823581
20120706,893109.2157807549,925654.9990386547,877363.660501047
20120709,867743.4982916054,925654.9990386547,852445.1417417703
20120710,879541.5064260935,925654.9990386547,864035.1504670153
20120711,876592.0043924713,925654.9990386547,861137.6482857038
20120712,877771.8052059202,925654.9990386547,862296.6491582285
20120713,883670.8092731644,925654.9990386547,868091.653520851
20120716,876002.1039857469,925654.9990386547,860558.1478494416
20120717,886620.3113067863,925654.9990386547,870989.1557021621
20120718,885440.5104933374,925654.9990386547,869830.1548296376
20120719,886030.4109000618,925654.9990386547,870409.6552658998
20120720,876002.1039857469,925654.9990386547,860558.1478494416
20120723,873642.5023588494,925654.9990386547,858240.1461043928
20120724,873052.6019521251,925654.9990386547,857660.6456681306
20120725,863614.1954445345,925654.9990386547,848388.6386879346
20120726,864204.095851259,925654.9990386547,848968.1391241968
20120727,870103.0999185028,925654.9990386547,854763.1434868191
20120730,876002.1039857469,925654.9990386547,860558.1478494416
20120731,890749.6141538571,925654.9990386547,875045.6587559979
20120801,894289.0165942038,925654.9990386547,878522.6613735715
20120802,894289.0165942038,925654.9990386547,878522.6613735715
20120803,893699.1161874793,925654.9990386547,877943.1609373093
20120806,890749.6141538571,925654.9990386547,875045.6587559979
20120807,882491.0084597155,925654.9990386547,866932.6526483266
20120808,887210.2117135107,925654.9990386547,871568.6561384243
20120809,887210.2117135107,925654.9990386547,871568.6561384243
20120810,889569.8133404085,925654.9990386547,873886.6578834736
20120813,886620.3113067863,925654.9990386547,870989.1557021621
20120814,900188.0206614478,925654.9990386547,884317.665736194
20120815,890749.6141538571,925654.9990386547,875045.6587559979
20120816,879541.5064260935,925654.9990386547,864035.1504670153
20120817,888390.0125269596,925654.9990386547,872727.657010949
20120820,876002.1039857469,925654.9990386547,860558.1478494416
20120821,872462.7015454004,925654.9990386547,857081.1452318681
20120822,865383.8966647076,925654.9990386547,850127.1399967212
20120823,862434.3946310855,925654.9990386547,847229.6378154099
20120824,847686.8844629753,925654.9990386547,832742.1269088537
20120827,832349.4738881408,925654.9990386547,817675.1155660352
20120828,847686.8844629753,925654.9990386547,832742.1269088537
20120829,842377.7808024556,925654.9990386547,827526.6229824934
20120830,842377.7808024556,925654.9990386547,827526.6229824934
20120831,837068.6771419359,925654.9990386547,822311.1190561331
20120903,838248.4779553849,925654.9990386547,823470.1199286578
20120904,818191.8641267549,925654.9990386547,803767.1050957411
20120905,803444.3539586447,925654.9990386547,789279.5941891848
20120906,809933.2584326132,925654.9990386547,795654.0989880697
20120907,838248.4779553849,925654.9990386547,823470.1199286578
20120910,829989.872261243,925654.9990386547,815357.1138209861
20120911,827040.370227621,925654.9990386547,812459.6116396749
20120912,824680.7686007235,925654.9990386547,810141.609894626
20120913,819371.6649402038,925654.9990386547,804926.1059682658
20120914,828810.0714477943,925654.9990386547,814198.1129484618
20120917,808753.4576191645,925654.9990386547,794495.0981155452
20120918,796955.4494846762,925654.9990386547,782905.0893903002
20120919,786927.1425703613,925654.9990386547,773053.5819738419
20120920,767460.4291484557,925654.9990386547,753930.0675771876
20120921,759791.7238610386,925654.9990386547,751995.1388005256
20120924,761561.4250812116,925654.9990386547,751995.1388005256
20120925,751533.1181668967,925654.9990386547,751995.1388005256
20120926,745634.1140996526,925654.9990386547,751995.1388005256
20120927,768640.2299619046,925654.9990386547,751995.1388005256
20120928,774539.2340291487,925654.9990386547,751995.1388005256
20121008,764510.9271148338,925654.9990386547,751995.1388005256
20121009,783977.6405367391,925654.9990386547,751995.1388005256
20121010,783977.6405367391,925654.9990386547,751995.1388005256
20121011,779848.3376896684,925654.9990386547,751995.1388005256
20121012,783977.6405367391,925654.9990386547,751995.1388005256
20121015,772769.5328089754,925654.9990386547,751995.1388005256
20121016,779848.3376896684,925654.9990386547,751995.1388005256
20121017,788106.94338381,925654.9990386547,751995.1388005256
20121018,796955.4494846762,925654.9990386547,751995.1388005256
20121019,798127.3807973503,925654.9990386547,751995.1388005256
20121022,800504.5286180424,925654.9990386547,751995.1388005256
20121023,790401.6503801012,925654.9990386547,751995.1388005256
20121024,789807.3634249282,925654.9990386547,751995.1388005256
20121025,785053.0677835441,925654.9990386547,744816.4838613912
20121026,768413.0330386999,925654.9990386547,729029.3063079325
20121029,769007.3199938728,925654.9990386547,729593.1340776988
20121030,777921.6243214679,925654.9990386547,738050.5506241946
20121031,782081.633007679,925654.9990386547,741997.3450125593
20121101,795155.9460214853,925654.9990386547,754401.5559474196
20121102,804070.2503490803,925654.9990386547,762858.9724939154
20121105,808824.5459904644,925654.9990386547,767369.5946520463
20121106,807041.6851249454,925654.9990386547,765678.1113427473
20121107,805258.8242594263,925654.9990386547,763986.6280334481
20121108,795155.9460214853,925654.9990386547,754401.5559474196
20121109,797533.0938421772,925654.9990386547,756656.8670264852
20121112,809418.8329456374,925654.9990386547,767933.4224218128
20121113,797533.0938421772,925654.9990386547,756656.8670264852
20121114,795155.9460214853,925654.9990386547,754401.5559474196
20121115,781487.346052506,925654.9990386547,741433.5172427929
20121116,778515.911276641,925654.9990386547,738614.3783939609
20121119,777921.6243214679,925654.9990386547,738050.5506241946
20121120,777327.3373662949,925654.9990386547,737486.7228544282
20121121,788024.502559409,925654.9990386547,747635.622710223
20121122,781487.346052506,925654.9990386547,741433.5172427929
20121123,788024.502559409,925654.9990386547,747635.622710223
20121126,780298.77214216,925654.9990386547,740305.8617032601
20121127,783270.206918025,925654.9990386547,743125.000552092
20121128,777921.6243214679,925654.9990386547,738050.5506241946
20121129,757121.5808904128,925654.9990386547,718316.5786823712
20121130,760687.3026214507,925654.9990386547,721699.5453009695
20121203,746424.4156972986,925654.9990386547,708167.6788265763
20121204,754744.4330697206,925654.9990386547,716061.2676033056
20121205,795750.2329766583,925654.9990386547,754965.383717186
20121206,802881.6764387343,925654.9990386547,761731.3169543826
20121207,833190.3111525577,925654.9990386547,790486.5332124681
20121210,851018.919807748,925654.9990386547,807401.3663054596
20121211,838538.8937491148,925654.9990386547,795560.9831403655
20121212,846264.6241663639,925654.9990386547,802890.7441473285
20121213,835567.4589732498,925654.9990386547,792741.8442915337
20121214,902127.5979526266,925654.9990386547,855890.5545053683
20121217,904504.7457733188,925654.9990386547,858145.8655844341
20121218,906287.6066388377,925654.9990386547,859837.3488937331
20121219,902127.5979526266,925654.9990386547,855890.5545053683
20121220,897967.5892664156,925654.9990386547,851943.7601170037
20121221,883704.7023422634,925654.9990386547,838411.8936426106
20121224,886676.1371181286,925654.9990386547,841231.0324914426
20121225,915796.1979216059,925654.9990386547,868858.5932099952
20121226,913419.0501009139,925654.9990386547,866603.2821309298
20121227,919956.2066078171,925654.9990386547,872805.3875983601
20121228,927087.6500698931,925654.9990386547,879571.3208355565
20121231,952047.7021871593,925654.9990386547,903252.0871657445
20130104,950264.8413216404,925654.9990386547,901560.6038564455
20130107,968687.7369320036,925654.9990386547,919039.2647192033
20130108,950859.1282768134,925654.9990386547,902124.4316262119
20130109,942539.1109043914,918660.6212804314,894230.8428494825
20130110,943133.3978595643,919239.85244139,894794.6706192489
20130111,923521.928338855,900125.2241297544,876188.3542169582
20130114,1015636.4063906714,989906.0540783464,963581.6585307475
20130115,1046539.3280596677,1020026.0744481965,992900.7025585993
20130116,1059019.354118301,1032189.9288283284,1004741.0857236935
20130117,1054265.0584769167,1027556.0795406591,1000230.4635655624
20130118,1089327.9888321243,1061730.7180372197,1033496.3019817788
20130121,1170745.3016908264,1141085.387088556,1110740.7064397733
20130122,1217099.6841943213,1186265.4176433315,1154719.2724815512
20130123,1191545.345121882,1161358.477722109,1130474.6783815967
20130124,1155888.1278115013,1126604.6080645896,1096645.0121956137
20130125,1138059.519156311,1109227.6732358297,1079730.1791026222
20130128,1252162.6145495286,1220440.0561398922,1187985.1108977676
20130129,1270585.5101598918,1238396.2221296106,1205463.7717605254
20130130,1267614.0753840266,1235500.066324817,1202644.6329116935
20130131,1253945.4754150477,1222177.749622768,1189676.5942070668
20130201,1332985.6404530578,1299215.4940302696,1264665.6875859958
20130204,1308025.5883357916,1274887.7852700062,1240984.9212558079
20130205,1294356.9883668125,1261565.468567957,1228016.882551181
20130206,1299111.2840081963,1266199.317855626,1232527.504709312
20130207,1239088.3015357226,1207696.9705988017,1175580.8999629074
20130208,1233145.4319839925,1201904.6589892153,1169942.6222652437
20130218,1242059.7363115875,1210593.126403595,1178400.0388117393
20130219,1236711.1537150303,1205380.045954967,1173325.5888838416
20130220,1206402.519001207,1175839.2567460756,1144570.3726257563
20130221,1164802.4321390965,1135293.0754789694,1105102.4287421096
20130222,1136276.658290792,1107489.9797529539,1078038.6957933232
20130225,1189168.1973011899,1159041.5530782745,1128219.3673025314
20130226,1239088.3015357226,1207696.9705988017,1175580.8999629074
20130227,1249191.1797736634,1217543.9003350988,1185165.9720489357
20130228,1366859.9968979193,1332231.6702049132,1296803.8704626795
20130301,1370425.7186289572,1335707.057170665,1300186.8370812777
20130304,1292574.1275012933,1259827.7750850809,1226325.399241882
20130305,1422128.683729009,1386100.1681740684,1349239.853050953
20130306,1441145.8662945454,1404635.5653247454,1367282.3416834772
20130307,1410837.231580722,1375094.7761158538,1338527.1254253918
20130308,1358539.9795254972,1324122.433951492,1288910.2816859502
20130311,1344871.379556518,1310800.1172494427,1275942.2429813233
20130312,1290791.2666357742,1258090.0816022048,1224633.9159325825
20130313,1312779.8839771757,1279521.6345576753,1245495.5434139387
20130314,1287819.8318599092,1255193.9257974117,1221814.7770837508
20130315,1319317.0404840787,1285893.1773282206,1251697.6488813688
20130318,1268802.6492943729,1236658.5286467348,1203772.2884512264
20130319,1277716.953621968,1245346.9960611144,1212229.704997722
20130320,1372802.8664496494,1338023.9818144997,1302442.1481603433
20130321,1364482.8490772273,1329914.7455610787,1294548.559383614
20130322,1368642.8577634383,1333969.363687789,1298495.3537719788
20130325,1352597.109973767,1318330.1223419055,1283272.0039882862
20130326,1315751.3187530406,1282417.7903624685,1248314.6822627706
20130327,1316345.6057082135,1282997.0215234272,1248878.510032537
20130328,1189762.4842563628,1159620.784239233,1128783.1950722975
20130329,1195705.353808093,1165413.0958488197,1134421.4727699615
20130401,1211751.101597764,1181052.3371947035,1149644.8225536537
20130402,1214722.5363736292,1183948.4929994969,1152463.9614024858
20130403,1215316.8233288021,1184527.7241604554,1153027.789172252
20130408,1184413.9016598058,1154407.7037906053,1123708.7451444
20130409,1185008.188614979,1154986.934951564,1124272.5729141666
20130410,1152916.6930356363,1149439.748408676,1118872.9017159212
20130411,1153510.9799908092,1149439.748408676,1118872.9017159212
20130412,1123202.3452769858,1149439.748408676,1118872.9017159212
20130415,1102996.5888011034,1149439.748408676,1118872.9017159212
20130416,1114288.0409493907,1149439.748408676,1118872.9017159212
20130417,1098836.5801148925,1149439.748408676,1118872.9017159212
20130418,1135088.084380446,1149439.748408676,1118872.9017159212
20130419,1202836.797270169,1149439.748408676,1118872.9017159212
20130422,1202242.510314996,1149439.748408676,1118872.9017159212
20130423,1133899.5104701,1149439.748408676,1118872.9017159212
20130424,1152916.6930356363,1149439.748408676,1118872.9017159212
20130425,1119042.3365907746,1149439.748408676,1118872.9017159212
20130426,1111316.6061735258,1149439.748408676,1118872.9017159212
20130502,1123796.632232159,1149439.748408676,1118872.9017159212
20130503,1172528.1625563456,1149439.748408676,1118872.9017159212
20130506,1206996.80595638,1149439.748408676,1118872.9017159212
20130507,1203431.084225342,1149439.748408676,1118872.9017159212
20130508,1211156.814642591,1149439.748408676,1118872.9017159212
20130509,1196299.640763266,1149439.748408676,1118872.9017159212
20130510,1199865.362494304,1149439.748408676,1128035.4098388094
20130513,1183819.6147046327,1149439.748408676,1112950.2409108016
20130514,1146379.536528733,1149439.748408676,1077751.5134121163
20130515,1146973.8234839062,1149439.748408676,1078310.223372413
20130516,1206996.80595638,1149439.748408676,1134739.9293623683
20130517,1211751.101597764,1149439.748408676,1139209.6090447411
20130520,1246814.0319529716,1149439.748408676,1172173.4967022398
20130521,1253945.4754150477,1149439.748408676,1178878.0162257988
20130522,1257511.1971460858,1149439.748408676,1182230.2759875783
20130523,1219476.832015013,1149439.748408676,1146472.8385285966
20130524,1229579.7102529544,1149439.748408676,1155970.9078536388
20130527,1213533.9624632832,1149439.748408676,1140885.738925631
20130528,1283659.823173698,1149439.748408676,1206813.514240628
20130529,1264642.640608162,1149439.748408676,1188934.7955111375
20130530,1259888.3449667778,1149439.748408676,1184465.1158287646
20130531,1247408.3189081445,1149439.748408676,1172732.2066625361
20130603,1242654.0232667604,1149439.748408676,1168262.5269801635
20130604,1255728.3362805666,1149439.748408676,1180554.1461066885
20130605,1236711.1537150303,1149439.748408676,1162675.4273771977
20130606,1196299.640763266,1149439.748408676,1124683.1500770298
20130607,1160642.4234528854,1149439.748408676,1091160.5524592346
20130613,1116665.1887700825,1149439.748408676,1049816.015397287
20130614,1132710.9365597537,1149439.748408676,1064901.1843252948
20130617,1143408.1017528682,1149439.748408676,1074957.9636106335
20130618,1172528.1625563456,1149439.748408676,1102334.7516651663
20130619,1143408.1017528682,1149439.748408676,1074957.9636106335
20130620,1072431.6777979555,1149439.748408676,1008230.5440287943
20130621,1082024.0899428388,1149439.748408676,1017248.706318855
20130624,973629.8327056572,1149439.748408676,915343.4724411684
20130625,957322.7320593555,1149439.748408676,900012.5965480651
20130626,936219.4253406122,1149439.748408676,880172.6395099313
20130627,920871.5659087987,1149439.748408676,865743.5798458339
20130628,956363.4908448673,1149439.748408676,899110.780319059
20130701,935260.1841261238,1149439.748408676,879270.8232809252
20130702,920871.5659087987,1149439.748408676,865743.5798458339
20130703,894972.0531176139,1149439.748408676,841394.54166267
20130704,898809.0179755673,1149439.748408676,845001.8065786943
20130705,898809.0179755673,1149439.748408676,845001.8065786943
20130708,862357.8518250106,1149439.748408676,810732.7898764634
20130709,863317.0930394989,1149439.748408676,811074.5068034113
20130710,901686.7416190322,1149439.748408676,811074.5068034113
20130711,991855.4157809354,1149439.748408676,811074.5068034113
20130712,991855.4157809354,1149439.748408676,811074.5068034113
20130715,1008162.5164272371,1149439.748408676,811074.5068034113
20130716,995692.3806388889,1149439.748408676,811074.5068034113
20130717,972670.5914911688,1149439.748408676,811074.5068034113
20130718,941974.8726275422,1149439.748408676,811074.5068034113
20130719,904564.4652624973,1149439.748408676,811074.5068034113
20130722,903605.2240480089,1149439.748408676,811074.5068034113
20130723,955404.2496303789,1149439.748408676,811074.5068034113
20130724,936219.4253406122,1149439.748408676,811074.5068034113
20130725,941015.6314130538,1149439.748408676,811074.5068034113
20130726,924708.5307667522,1149439.748408676,804181.7422112809
20130729,902645.9828335206,1149439.748408676,784994.8334240823
20130730,928545.4956247055,1149439.748408676,807518.5959134023
20130731,919912.3246943105,1149439.748408676,800010.675083629
20130801,951567.2847724254,1149439.748408676,827539.7181261312
20130802,941974.8726275422,1149439.748408676,819197.5838708277
20130805,953485.7672014021,1149439.748408676,829208.1449771919
20130806,951567.2847724254,1149439.748408676,827539.7181261312
20130807,952526.5259869138,1149439.748408676,828373.9315516617
20130808,948689.5611289606,1149439.748408676,825037.0778495403
20130809,944852.5962710071,1149439.748408676,821700.2241474186
20130812,990896.174566447,1149439.748408676,861742.4685728765
20130813,1007203.2752127487,1149439.748408676,875924.096806893
20130814,1000488.5867113305,1149439.748408676,870084.6028281803
20130815,978426.0387780986,1149439.748408676,850897.6940409817
20130816,1014877.2049286554,1149439.748408676,882597.804211136
20130819,1035021.2704329103,1149439.748408676,900116.2861472738
20130820,1055165.3359371654,1149439.748408676,917634.7680834119
20130821,1046532.1650067703,1149439.748408676,910126.8472536383
20130822,1050369.1298647237,1157460.4463616146,913463.7009557597
20130823,1018714.1697866087,1122578.0767452372,885934.6579132575
20130826,1045572.9237922821,1152175.2388439819,909292.6338281081
20130827,1043654.4413633054,1150061.1558369286,907624.2069770473
20130828,1019673.4110010971,1123635.118248764,886768.8713387878
20130829,1020632.6522155856,1124692.1597522907,887603.0847643183
20130830,1017754.9285721203,1121521.0352417105,885100.444487727
20130902,1031184.305574957,1136319.616291083,896779.4324451524
20130903,1074350.160226932,1183886.4839497795,934319.0365940192
20130904,1062839.265653072,1171201.9859074603,924308.4754876547
20130905,1058043.0595806304,1165916.7783898273,920137.4083600028
20130909,1163559.593174347,1282191.3437777522,1011900.885168344
20130910,1193296.070823485,1314959.6303870764,1037761.5013597854
20130911,1217277.1011856934,1341385.667975241,1058616.836998045
20130912,1292097.9159157835,1423834.905250315,1123685.4841894142
20130913,1267157.6443390867,1396351.826158624,1101995.9351256245
20130916,1266198.4031245983,1395294.7846550972,1101161.721700094
20130917,1226869.5133305767,1351956.083010507,1066958.9712533487
20130918,1226869.5133305767,1351956.083010507,1066958.9712533487
20130923,1235502.6842609718,1361469.4565422465,1074466.8920831222
20130924,1176988.9701771836,1296989.9248271245,1023579.8731257693
20130925,1153967.1810294634,1271620.9287424863,1003558.7509130401
20130926,1118475.2560933952,1232510.3931120026,972692.8541684164
20130927,1141497.0452411151,1257879.3891966406,992713.9763811454
20130930,1139578.5628121386,1255765.3061895876,991045.5495300846
20131008,1171233.5228902537,1290647.6758059652,1018574.5925725871
20131009,1203847.724182857,1326587.086925869,1046937.8490406199
20131010,1177948.2113916718,1298046.966330651,1024414.0865512996
20131011,1217277.1011856934,1341385.667975241,1058616.836998045
20131014,1198092.276895927,1320244.8379047096,1041932.5684874376
20131015,1171233.5228902537,1290647.6758059652,1018574.5925725871
20131016,1152048.6986004869,1269506.845735433,1001890.3240619794
20131017,1151089.4573859987,1268449.8042319065,1001056.1106364492
20131018,1170274.281675765,1289590.6343024382,1017740.3791470565
20131021,1182744.4174641136,1303332.173848284,1028585.1536789514
20131022,1155885.6634584402,1273735.0117495395,1005227.1777641011
20131023,1206725.447826322,1329758.2114364489,1049440.4893172109
20131024,1247013.5788348317,1374153.9545845655,1084477.4531894864
20131025,1288260.9510578301,1419606.7392362088,1120348.6304872928
20131028,1259483.7146231802,1387895.4941304114,1095322.2277213815
20131029,1354448.594857525,1492542.6029795434,1177909.3568488886
20131030,1381307.3488631984,1522139.765078288,1201267.3327637392
20131031,1333345.2881387817,1469287.6899019585,1159556.6614872203
20131101,1330467.5644953167,1466116.5653913787,1157054.021210629
20131104,1300731.0868461786,1433348.2787820545,1131193.4050191876
20131105,1310323.4989910617,1443918.6938173203,1139535.5392744911
20131106,1261402.1970521568,1390009.5771374642,1096990.6545724422
20131107,1272913.0916260167,1402694.0751797834,1107001.2156788066
20131108,1278668.5389129468,1409036.3242009429,1112006.496231989
20131111,1285383.2274143652,1416435.614725629,1117845.9902107015
20131112,1347733.9063561067,1485143.3124548574,1172069.8628701759
20131113,1278668.5389129468,1409036.3242009429,1112006.496231989
20131114,1260442.9558376686,1388952.5356339377,1096156.4411469118
20131115,1281546.2625564116,1412207.4487115226,1114509.13650858
20131118,1351570.8712140599,1489371.4784689636,1175406.7165722973
20131119,1325671.3584228752,1460831.357873746,1152882.9540829773
20131120,1341978.4590691768,1478801.063433698,1167064.5823169937
20131121,1337182.252996735,1473515.8559160647,1162893.5151893417
20131122,1311282.74020555,1444975.735320847,1140369.7527000217
20131125,1294975.6395592485,1427006.029760895,1126188.1244660052
20131126,1292097.9159157835,1423834.905250315,1123685.4841894142
20131127,1301690.3280606668,1434405.320285581,1132027.618444718
20131128,1306486.5341331083,1439690.5278032138,1136198.6855723697
20131129,1304568.0517041315,1437576.4447961608,1134530.258721309
20131202,1318956.6699214566,1453432.0673490595,1147043.4601042646
20131203,1298812.6044172018,1431234.1957750013,1129524.9781681267
20131204,1304568.0517041315,1437576.4447961608,1134530.258721309
20131205,1288260.9510578301,1419606.7392362088,1120348.6304872928
20131206,1274831.5740549935,1404808.1581868364,1108669.6425298674
20131209,1265239.16191011,1394237.7431515704,1100327.5082745636
20131210,1274831.5740549935,1404808.1581868364,1108669.6425298674
20131211,1231665.7194030185,1357241.29052814,1071130.0383810005
20131212,1220154.8248291584,1344556.792485821,1061119.477274636
20131213,1203847.724182857,1326587.086925869,1046937.8490406199
20131216,1223032.5484726236,1347727.9169964008,1063622.1175512273
20131217,1220154.8248291584,1344556.792485821,1061119.477274636
20131218,1223991.7896871117,1348784.9584999273,1064456.3309767575
20131219,1199051.5181104152,1321301.879408236,1042766.7819129678
20131220,1142456.2864556035,1258936.4307001673,993548.1898066758
20131223,1146293.251313557,1257726.4919485052,992593.3104123108
20131224,1122312.2209513485,1257726.4919485052,992593.3104123108
20131225,1124230.7033803253,1257726.4919485052,992593.3104123108
20131226,1098331.1905891402,1257726.4919485052,992593.3104123108
20131227,1127108.4270237903,1257726.4919485052,992593.3104123108
20131230,1126149.185809302,1257726.4919485052,992593.3104123108
20131231,1175070.487748207,1257726.4919485052,992593.3104123108
20140102,1173152.0053192303,1257726.4919485052,992593.3104123108
20140103,1144374.7688845803,1257726.4919485052,992593.3104123108
20140106,1119434.4973078836,1257726.4919485052,992593.3104123108
20140107,1115597.5324499304,1257726.4919485052,992593.3104123108
20140108,1128067.6682382787,1257726.4919485052,992593.3104123108
20140109,1133823.1155252086,1257726.4919485052,992593.3104123108
20140110,1133823.1155252086,1257726.4919485052,992593.3104123108
20140113,1112719.8088064652,1257726.4919485052,992593.3104123108
20140114,1124230.7033803253,1257726.4919485052,992593.3104123108
20140115,1119434.4973078836,1257726.4919485052,992593.3104123108
20140116,1121352.9797368604,1257726.4919485052,992593.3104123108
20140117,1101208.9142326054,1257726.4919485052,992593.3104123108
20140120,1083942.5723718153,1257726.4919485052,992593.3104123108
20140121,1089698.0196587453,1257726.4919485052,992593.3104123108
20140122,1130945.3918817434,1257726.4919485052,992593.3104123108
20140123,1122312.2209513485,1257726.4919485052,985408.7097432544
20140124,1118475.2560933952,1257726.4919485052,982039.7910774654
20140127,1092575.7433022105,1257726.4919485052,959299.5900833905
20140128,1103127.396661582,1257726.4919485052,968564.11641431
20140129,1108882.843948512,1257726.4919485052,973617.4944129933
20140130,1093534.9845166986,1257726.4919485052,960141.8197498376
20140207,1091616.502087722,1257726.4919485052,958457.3604169432
20140210,1109842.0851630003,1257726.4919485052,974459.7240794405
20140211,1151089.4573859987,1257726.4919485052,1010675.5997366712
20140212,1145334.0100990685,1257726.4919485052,1005622.2217379877
20140213,1172192.7641047419,1257726.4919485052,1029204.6523985101
20140214,1158763.3871019054,1257726.4919485052,1017413.437068249
20140217,1148211.7337425337,1257726.4919485052,1008148.9107373296
20140218,1118475.2560933952,1257726.4919485052,982039.7910774654
20140219,1151089.4573859987,1257726.4919485052,1010675.5997366712
20140220,1128067.6682382787,1257726.4919485052,990462.0877419377
20140221,1112719.8088064652,1257726.4919485052,976986.413078782
20140224,1070513.1953689787,1257726.4919485052,939928.3077551041
20140225,1057083.818366142,1257726.4919485052,928137.0924248429
20140226,1065716.9892965371,1257726.4919485052,935717.159422868
20140227,1078187.1250848854,1257726.4919485052,946666.145086682
20140228,1067635.471725514,1257726.4919485052,937401.6187557626
20140303,1059002.3007951186,1257726.4919485052,929821.5517577373
20140304,1053246.8535081889,1257726.4919485052,924768.1737590542
20140305,1026388.0995025154,1257726.4919485052,901185.7430985317
20140306,1033102.7880039337,1257726.4919485052,907081.3507636624
20140307,1035980.5116473988,1257726.4919485052,909608.039763004
20140310,988977.6921374705,1257726.4919485052,868338.78610709
20140311,982263.0036360521,1257726.4919485052,862443.1784419593
20140312,992814.6569954237,1257726.4919485052,871707.7047728788
20140313,1012958.7224996788,1257726.4919485052,889394.5277682707
20140314,989936.9333519589,1257726.4919485052,869181.0157735372
20140317,1004325.5515692838,1257726.4919485052,881814.4607702456
20140318,995692.3806388889,1257726.4919485052,880227.9001924279
20140319,982263.0036360521,1257726.4919485052,880227.9001924279
20140320,968833.6266332155,1257726.4919485052,880227.9001924279
20140321,1035021.2704329103,1257726.4919485052,880227.9001924279
20140324,1035021.2704329103,1257726.4919485052,880227.9001924279
20140325,1016795.6873576321,1257726.4919485052,880227.9001924279
20140326,1026388.0995025154,1257726.4919485052,880227.9001924279
20140327,1033102.7880039337,1257726.4919485052,880227.9001924279
20140328,1034062.0292184219,1257726.4919485052,880227.9001924279
20140331,1033102.7880039337,1257726.4919485052,880227.9001924279
20140401,1035980.5116473988,1257726.4919485052,880227.9001924279
20140402,1046532.1650067703,1257726.4919485052,880227.9001924279
20140403,1033102.7880039337,1257726.4919485052,863845.2169797306
20140404,1035021.2704329103,1257726.4919485052,865449.3863705937
20140408,1082024.0899428388,1257726.4919485052,904751.5364467375
20140409,1073390.9190124436,1257726.4919485052,897532.7741878538
20140410,1089698.0196587453,1257726.4919485052,911168.2140101894
20140411,1093534.9845166986,1257726.4919485052,914376.5527919155
20140414,1082024.0899428388,1257726.4919485052,904751.5364467375
20140415,1052287.6122937005,1257726.4919485052,879886.9108883608
20140416,1054206.094722677,1257726.4919485052,881491.0802792239
20140417,1045572.9237922821,1257726.4919485052,874272.3180203403
20140418,1035980.5116473988,1257726.4919485052,866251.4710660252
20140421,1025428.858288027,1257726.4919485052,857428.5394162786
20140422,1060920.7832240954,1257726.4919485052,887105.6731472444
20140423,1083942.5723718153,1257726.4919485052,906355.7058376004
20140424,1077227.883870397,1257726.4919485052,900741.1129695799
20140425,1079146.3662993736,1257726.4919485052,902345.2823604429
20140428,1058043.0595806304,1257726.4919485052,884699.4190609498
20140429,1070513.1953689787,1257726.4919485052,895126.5201015593
20140430,1068594.712940002,1257726.4919485052,893522.3507106964
20140505,1054206.094722677,1257726.4919485052,881491.0802792239
20140506,1050369.1298647237,1257726.4919485052,878282.7414974977
20140507,1040776.7177198405,1257726.4919485052,870261.8945431828
20140508,1048450.647435747,1257726.4919485052,876678.5721066347
20140509,1059961.5420096072,1257726.4919485052,886303.5884518129
20140512,1087779.5372297687,1257726.4919485052,909564.0446193264
20140513,1077227.883870397,1257726.4919485052,900741.1129695799
20140514,1084901.8135863037,1257726.4919485052,907157.790533032
20140515,1073390.9190124436,1257726.4919485052,897532.7741878538
20140516,1081064.8487283504,1257726.4919485052,903949.4517513058
20140519,1081064.8487283504,1257726.4919485052,903949.4517513058
20140520,1078187.1250848854,1257726.4919485052,901543.1976650115
20140521,1086820.2960152803,1257726.4919485052,908761.959923895
20140522,1092575.7433022105,1257726.4919485052,913574.4680964841
20140523,1110801.3263774887,1257726.4919485052,928814.0773096825
20140526,1110801.3263774887,1257726.4919485052,928814.0773096825
20140527,1110801.3263774887,1257726.4919485052,928814.0773096825
20140528,1112719.8088064652,1257726.4919485052,930418.2467005455
20140529,1103127.396661582,1257726.4919485052,922397.3997462306
20140530,1103127.396661582,1257726.4919485052,922397.3997462306
20140603,1104086.6378760703,1257726.4919485052,923199.484441662
20140604,1086820.2960152803,1257726.4919485052,908761.959923895
20140605,1096412.7081601638,1257726.4919485052,916782.80687821
20140606,1091616.502087722,1257726.4919485052,912772.3834010526
20140609,1101208.9142326054,1257726.4919485052,920793.2303553676
20140610,1127108.4270237903,1257726.4919485052,942449.5171320181
20140611,1129986.1506672553,1257726.4919485052,944855.7712183127
20140612,1133494.535117074,1257726.4919485052,947789.3623009169
20140613,1181355.7873722746,1257726.4919485052,987809.3044784013
20140616,1182523.1349882553,1257726.4919485052,988785.400629072
20140617,1172017.0064444307,1257726.4919485052,980000.5352730385
20140618,1151004.7493567814,1257726.4919485052,962430.8045609721
20140619,1141665.9684289373,1257726.4919485052,954622.0353556093
20140620,1149837.4017408008,1257726.4919485052,961454.7084103017
20140623,1140498.620812957,1257726.4919485052,953645.939204939
20140624,1144000.6636608983,1257726.4919485052,956574.22765695
20140625,1140498.620812957,1257726.4919485052,953645.939204939
20140626,1146335.3588928594,1257726.4919485052,958526.4199582909
20140627,1146335.3588928594,1257726.4919485052,958526.4199582909
20140630,1156841.487436684,1257726.4919485052,967311.2853143241
20140701,1151004.7493567814,1257726.4919485052,962430.8045609721
20140702,1154506.792204723,1257726.4919485052,965359.0930129832
20140703,1162678.2255165866,1257726.4919485052,972191.7660676758
20140704,1156841.487436684,1257726.4919485052,967311.2853143241
20140707,1151004.7493567814,1257726.4919485052,962430.8045609721
20140708,1159176.1826686452,1257726.4919485052,969263.4776156647
20140709,1126490.449421191,1257726.4919485052,941932.7853968947
20140710,1128825.1446531517,1257726.4919485052,943884.9776982353
20140711,1128825.1446531517,1257726.4919485052,943884.9776982353
20140714,1134661.8827330545,1257726.4919485052,948765.4584515872
20140716,1121821.0589572687,1257726.4919485052,938028.4007942132
20140717,1119486.3637253076,1257726.4919485052,936076.2084928725
20140718,1120653.7113412882,1257726.4919485052,937052.3046435429
20140721,1114816.973261386,1257726.4919485052,932171.8238901913
20140722,1135829.230349035,1257726.4919485052,949741.5546022577
20140723,1139331.2731969764,1257726.4919485052,952669.8430542685
20140724,1186025.1778361967,1257726.4919485052,991713.6890810828
20140725,1193029.26353208,1257726.4919485052,997570.2659851052
20140728,1258400.7300269883,1257726.4919485052,1052231.650422645
20140729,1263070.1204909103,1257726.4919485052,1056136.0350253265
20140730,1254898.6871790467,1257726.4919485052,1049303.361970634
20140731,1268906.8585708127,1257726.4919485052,1061016.5157786782
20140801,1249061.949099144,1257726.4919485052,1044422.8812172821
20140804,1275910.9442666958,1257726.4919485052,1066873.0926827004
20140805,1263070.1204909103,1257726.4919485052,1056136.0350253265
20140806,1243225.2110192415,1257726.4919485052,1039542.4004639303
20140807,1225714.996779534,1257726.4919485052,1024900.958203875
20140808,1230384.387243456,1257726.4919485052,1028805.3428065564
20140811,1250229.2967151247,1257726.4919485052,1045398.9773679527
20140812,1237388.4729393392,1257726.4919485052,1034661.9197105786
20140813,1243225.2110192415,1257726.4919485052,1039542.4004639303
20140814,1230384.387243456,1257726.4919485052,1028805.3428065564
20140815,1235053.7777073781,1257726.4919485052,1032709.727409238
20140818,1243225.2110192415,1257726.4919485052,1039542.4004639303
20140819,1235053.7777073781,1257726.4919485052,1032709.727409238
20140820,1222212.9539315926,1257726.4919485052,1021972.6697518642
20140821,1207037.4349238458,1257726.4919485052,1009283.4197931492
20140822,1208204.7825398264,1257726.4919485052,1010259.5159438197
20140825,1191861.9159160994,1257726.4919485052,996594.1698344348
20140826,1189527.2206841381,1257726.4919485052,994641.9775330939
20140827,1195363.9587640408,1257726.4919485052,999522.4582864458
20140828,1184857.8302202162,1257726.4919485052,990737.5929304126
20140829,1196531.3063800212,1257726.4919485052,1000498.554437116
20140901,1202368.0444599239,1257726.4919485052,1005379.035190468
20140902,1219878.2586996313,1257726.4919485052,1020020.4774505232
20140903,1225714.996779534,1257726.4919485052,1024900.958203875
20140904,1231551.7348594368,1257726.4919485052,1029781.4389572269
20140905,1233886.4300913976,1257726.4919485052,1031733.6312585676
20140909,1221045.606315612,1257726.4919485052,1020996.5736011937
20140910,1205870.0873078655,1257726.4919485052,1008307.323642479
20140911,1210539.4777717874,1257726.4919485052,1012211.7082451603
20140912,1210539.4777717874,1257726.4919485052,1012211.7082451603
20140915,1203535.3920759044,1257726.4919485052,1006355.1313411384
20140916,1196531.3063800212,1257726.4919485052,1000498.554437116
20140917,1197698.6539960017,1257726.4919485052,1001474.6505877865
20140918,1205870.0873078655,1257726.4919485052,1008307.323642479
20140919,1211706.825387768,1257726.4919485052,1013187.804395831
20140922,1174351.7016763918,1257726.4919485052,981952.7275743794
20140923,1179021.0921403137,1257726.4919485052,985857.1121770607
20140924,1200033.3492279628,1257726.4919485052,1003426.8428891271
20140925,1188359.8730681576,1257726.4919485052,993665.8813824236
20140926,1181355.7873722746,1257726.4919485052,987809.3044784013
20140929,1181355.7873722746,1257726.4919485052,987809.3044784013
20140930,1183690.4826042356,1257726.4919485052,989761.4967797422
20141008,1197698.6539960017,1257726.4919485052,1001474.6505877865
20141009,1190694.5683001187,1257726.4919485052,995618.0736837643
20141010,1186025.1778361967,1257726.4919485052,991713.6890810828
20141013,1179021.0921403137,1257726.4919485052,985857.1121770607
20141014,1181355.7873722746,1257726.4919485052,987809.3044784013
20141015,1186025.1778361967,1257726.4919485052,991713.6890810828
20141016,1190694.5683001187,1257726.4919485052,995618.0736837643
20141017,1181355.7873722746,1257726.4919485052,987809.3044784013
20141020,1187192.5254521773,1257726.4919485052,992689.7852317533
20141021,1177853.7445243332,1257726.4919485052,984881.0160263903
20141022,1179021.0921403137,1257726.4919485052,985857.1121770607
20141023,1195363.9587640408,1257726.4919485052,999522.4582864458
20141024,1188359.8730681576,1257726.4919485052,993665.8813824236
20141027,1169682.3112124696,1257726.4919485052,978048.3429716979
20141028,1187192.5254521773,1257726.4919485052,992689.7852317533
20141029,1202368.0444599239,1257726.4919485052,1005379.035190468
20141030,1217543.5634676705,1257726.4919485052,1018068.2851491824
20141031,1287584.4204265007,1257726.4919485052,1076634.0541894038
20141103,1296923.201354345,1257726.4919485052,1084442.8233947668
20141104,1266572.1633388516,1257726.4919485052,1059064.3234773374
20141105,1263070.1204909103,1257726.4919485052,1056136.0350253265
20141106,1265404.8157228713,1257726.4919485052,1058088.2273266672
20141107,1273576.249034735,1257726.4919485052,1064920.9003813597
20141110,1300425.2442022867,1257726.4919485052,1087371.111846778
20141111,1315600.7632100333,1257726.4919485052,1100060.3618054925
20141112,1307429.3298981695,1257726.4919485052,1093227.6887508
20141113,1289919.115658462,1257726.4919485052,1078586.2464907449
20141114,1275910.9442666958,1257726.4919485052,1066873.0926827004
20141117,1256066.0347950272,1257726.4919485052,1050279.4581213042
20141118,1238555.8205553195,1257726.4919485052,1035638.0158612488
20141119,1240890.5157872806,1257726.4919485052,1037590.2081625897
20141120,1240890.5157872806,1257726.4919485052,1037590.2081625897
20141121,1260735.4252589494,1257726.4919485052,1054183.842723986
20141124,1258400.7300269883,1257726.4919485052,1052231.650422645
20141125,1281747.6823465985,1257726.4919485052,1071753.5734360523
20141126,1308596.67751415,1257726.4919485052,1094203.7849014704
20141127,1320270.1536739552,1257726.4919485052,1103964.746408174
20141128,1452180.4342797527,1257726.4919485052,1214263.6114339242
20141201,1422996.7438802398,1257726.4919485052,1189861.2076671652
20141202,1531560.0721664273,1257726.4919485052,1280638.1496795085
20141203,1529225.3769344662,1254178.4177580706,1278685.957378168
20141204,1629617.27190879,1336513.7948017302,1362630.2263358186
20141205,1696156.086019679,1391084.9167957834,1418267.706924029
20141208,1777870.4191383147,1458102.084156902,1486594.4374709541
20141209,1600433.5815092775,1312579.0921727594,1338227.82256906
20141210,1656466.2670763417,1358533.7212203832,1385080.4378012368
20141211,1624947.881444868,1332684.2423810947,1358725.8417331371
20141212,1627282.5766768288,1334599.0185914123,1360678.0340344778
20141215,1585258.0625015306,1300133.0468056945,1325538.572610345
20141216,1679813.2193959518,1377681.4833235599,1404602.360814644
20141217,1793045.938146061,1470548.1295239665,1499283.6874296684
20141218,1738180.6001949771,1425550.8885815016,1453407.1683481617
20141219,1751021.4239707626,1436082.1577382486,1464144.2260055356
20141222,1790711.2429141002,1468633.353313649,1497331.495128328
20141223,1721837.73357125,1412147.4551092777,1439741.8222387766
20141224,1642458.0956845756,1347045.0639584772,1373367.2839931925
20141225,1714833.647875367,1406403.1264783246,1433885.2453347545
20141226,1762694.900130568,1445656.0387898372,1473905.1875122394
20141229,1741682.643042919,1428423.052896978,1456335.456800173
20141230,1809388.8047697882,1483951.5629961903,1512949.0335390535
20141231,1849078.6237131257,1516502.7585715908,1546136.302661846
20150105,1870090.8808007748,1533735.7444644496,1563706.0333739123
20150106,1842074.5380172422,1510758.4299406374,1540279.7257578233
20150107,1807054.1095378275,1482036.786785873,1510996.8412377131
20150108,1746352.033506841,1432252.6053176133,1460239.8414028543
20150109,1760360.204898607,1443741.2625795193,1471952.9952108986
20150112,1724172.428803211,1414062.2313195956,1441694.0145401175
20150113,1713666.3002593867,1405445.7383731662,1432909.1491840845
20150114,1728841.8192671335,1417891.783740231,1445598.3991427992
20150115,1791878.5905300807,1469590.741418808,1498307.5912789984
20150116,1794213.2857620416,1471505.5176291254,1500259.7835803388
20150119,1614441.7529010433,1324067.7494346653,1349940.976377104
20150120,1614441.7529010433,1324067.7494346653,1349940.976377104
20150121,1683315.2622438935,1380553.6476390364,1407530.649266655
20150122,1669307.0908521274,1369064.9903771305,1395817.4954586108
20150123,1680980.5670119324,1378638.8714287188,1405578.4569653145
20150126,1673976.4813160494,1372894.5427977657,1399721.880061292
20150127,1633119.3147567315,1339385.9591172065,1365558.5147878297
20150128,1641290.748068595,1346087.6758533185,1372391.1878425223
20150129,1622613.186212907,1330769.466170777,1356773.6494317965
20150130,1626115.2290608485,1333641.6304862536,1359701.9378838076
20150202,1591094.8005814333,1304919.9873314886,1330419.053363697
20150203,1628449.9242928093,1335556.4066965713,1361654.1301851482
20150204,1600433.5815092775,1312579.0921727594,1338227.82256906
20150205,1609772.3624371213,1320238.1970140298,1346036.5917744224
20150206,1577086.629189667,1308306.168725162,1333871.4031537413
20150209,1578253.9768056476,1308306.168725162,1333871.4031537413
20150210,1607437.6672051603,1308306.168725162,1333871.4031537413
20150211,1602768.2767412383,1308306.168725162,1333871.4031537413
20150212,1617943.795748985,1308306.168725162,1333871.4031537413
20150213,1628449.9242928093,1308306.168725162,1333871.4031537413
20150216,1624947.881444868,1308306.168725162,1333871.4031537413
20150217,1633119.3147567315,1308306.168725162,1333871.4031537413
20150225,1610939.7100531019,1308306.168725162,1309367.6118812817
20150226,1642458.0956845756,1308306.168725162,1334985.6738528719
20150227,1633119.3147567315,1308306.168725162,1327395.1369724008
20150302,1637788.7052206534,1308306.168725162,1331190.4054126362
20150303,1587592.7577334915,1308306.168725162,1290391.2696801035
20150304,1584090.7148855503,1308306.168725162,1287544.818349927
20150305,1561911.1101819205,1308306.168725162,1269517.2932588079
20150306,1568915.1958778035,1308306.168725162,1275210.1959191612
20150309,1651796.8766124197,1308306.168725162,1342576.2107333431
20150310,1607437.6672051603,1308306.168725162,1306521.160551105
20150311,1617943.795748985,1308306.168725162,1315060.514541635
20150312,1704327.5193315425,1308306.168725162,1385272.9806859936
20150313,1749854.0763547826,1308306.168725162,1422276.8479782909
20150316,1798882.6762259637,1308306.168725162,1462127.1666007645
20150317,1797715.3286099832,1308306.168725162,1461178.3494907056
20150318,1810556.1523857687,1308306.168725162,1471615.3377013535
20150319,1773201.0286743925,1282129.4041729125,1441253.1901794686
20150320,1788376.547682139,1293102.2035502975,1453587.8126102344
20150323,1801217.3714579246,1302386.8799465462,1464024.8008208822
20150324,1791878.5905300807,1295634.3880220018,1456434.2639404112
20150325,1740515.2954269384,1258495.6824370062,1414686.3110978196
20150326,1763862.2477465481,1275376.9122483677,1433662.6532989973
20150327,1760360.204898607,1272844.7277766636,1430816.2019688208
20150330,1828066.3666254766,1321800.2942296122,1485847.5943522372
20150331,1838572.495169301,1329396.8476447249,1494386.948342767
20150401,1863086.7951048918,1347122.1389466547,1514312.1076540041
20150402,1844409.2332492035,1333617.1550975651,1499131.0338930616
20150403,1850245.971329106,1337837.4625504056,1503875.1194433558
20150407,1962311.3424632347,1418867.365644941,1594961.5620090102
20150408,2091886.9278370715,1512558.1910979983,1700280.2612255483
20150409,2101225.7087649154,1519310.6830225426,1707870.7981060194
20150410,2311348.279641407,1671241.751324797,1878657.8779166215
20150413,2336766.537137817,1689620.657501808,1899317.7715852435
20150414,2302859.4047972444,1665103.7918548652,1871758.1424933174
20150415,2352307.3061272465,1700857.5542566567,1911949.2682523765
20150416,2401755.2074572486,1736611.3166584484,1952140.3940114353
20150417,2391865.6271912483,1729460.56417809,1944102.1688596236
20150420,2302859.4047972444,1665103.7918548652,1871758.1424933174
20150421,2339592.1314995317,1691663.729639053,1901614.407342904
20150422,2394691.2215529624,1731503.6363153353,1946398.804617284
20150423,2353720.1033081035,1701879.0903252794,1913097.5861312067
20150424,2280254.6499035293,1648759.2147569035,1853385.0564320334
20150427,2319812.970967531,1677362.2246783369,1885537.9570392808
20150428,2359371.2920315326,1705965.2345997698,1917690.8576465277
20150429,2352307.3061272465,1700857.5542566567,1911949.2682523765
20150430,2359371.2920315326,1705965.2345997698,1917690.8576465277
20150504,2333940.9427761026,1687577.5853645627,1897021.135827583
20150505,2240696.3288395274,1620156.20483547,1821232.1558247863
20150506,2220917.1683075265,1605854.6998747536,1805155.7055211628
20150507,2213853.1824032404,1600747.0195316402,1799414.1161270111
20150508,2239283.53165867,1619134.6687668473,1820083.8379459558
20150511,2264713.8809141,1637522.3180020547,1840753.5597649007
20150512,2254824.3006480993,1630371.5655216963,1832715.3346130888
20150513,2243521.923201242,1622199.2769727155,1823528.7915824468
20150514,2244934.720382099,1623220.813041338,1824677.1094612773
20150515,2182771.6444243817,1578273.2260219427,1774151.1227927457
20150518,2144626.1205412373,1550691.752169132,1743146.5400643286
20150519,2202550.8049563826,1592574.7309826594,1790227.5730963692
20150520,2223742.762669241,1607897.7720119988,1807452.3412788233
20150521,2230806.7485735267,1613005.4523551115,1813193.9306729743
20150522,2298621.0132546728,1662039.1836489975,1868313.1888568269
20150525,2345243.320222961,1695749.873913544,1906207.6788582255
20150526,2348068.914584675,1697792.946050789,1908504.3146158857
20150527,2328289.754052674,1683491.4410900723,1892427.864312262
20150528,2189835.630328668,1583380.9063650558,1779892.712186897
20150529,2164405.2810732382,1564993.2571298487,1759222.9903679523
20150601,2246347.517562956,1624242.3491099605,1825825.4273401073
20150602,2227981.154211812,1610962.3802178665,1810897.2949153138
20150603,2236457.937296956,1617091.5966296024,1817787.2021882955
20150604,2312748.985063245,1672254.5443352237,1879796.3676451293
20150605,2302859.4047972444,1665103.7918548652,1871758.1424933174
20150608,2442726.3257021075,1766235.862648504,1985441.6124975127
20150609,2398929.6130955345,1734568.2445212032,1949843.758253775
20150610,2356545.697669818,1703922.1624625248,1915394.2218888674
20150611,2328289.754052674,1683491.4410900723,1892427.864312262
20150612,2332528.145595246,1686556.0492959404,1895872.817948753
20150615,2249173.1119246706,1626285.421247206,1828122.0630977678
20150616,2209614.7908606688,1597682.4113257725,1795969.1624905206
20150617,2222329.9654883835,1606876.235943376,1806304.0233999928
20150618,2172882.0641583814,1571122.4735415846,1766112.897640934
20150619,2066922.275594091,1494507.2683948881,1679989.0567286648
20150623,2112131.7853815216,1527196.4225908117,1716735.2288512327
20150624,2136149.337456094,1544562.5357573966,1736256.6327913473
20150625,2100829.407934664,1519024.134041831,1707548.6858205907
20150626,1945421.7180403713,1406655.1664933432,1581233.7191492626
20150629,1915752.9772423701,1385202.9090522681,1557119.0436938272
20150630,2054207.1009663763,1485313.4437772846,1669654.1958191923
20150701,1966613.6757532295,1421978.2075226824,1598458.4873317166
20150702,1942596.123678657,1404612.094356098,1578937.0833916022
20150703,1846525.915380367,1335147.64168976,1500851.4676311447
20150706,1960962.4870298007,1417892.063248192,1593865.2158163956
20150707,2069747.8699558056,1496550.3405321336,1682285.6924863255
20150708,1863479.4815506532,1347406.0745132314,1514631.2821771076
20150709,2014648.7799023744,1456710.4338558514,1637501.2952119452
20150710,2099416.610753807,1518002.5979732084,1706400.3679417607
20150713,2040079.129157804,1475098.0830910585,1658171.0170308899
20150714,1959549.6898489434,1447971.3317176902,1627677.591929784
20150715,1918578.5716040847,1447971.3317176902,1627677.591929784
20150716,1921404.1659657988,1447971.3317176902,1627677.591929784
20150717,1952485.7039446572,1447971.3317176902,1627677.591929784
20150720,1921404.1659657988,1447971.3317176902,1627677.591929784
20150721,1917165.7744232274,1447971.3317176902,1627677.591929784
20150722,1910101.7885189413,1447971.3317176902,1627677.591929784
20150723,1931293.7462317995,1447971.3317176902,1627677.591929784
20150724,1890322.6279869408,1447971.3317176902,1627677.591929784
20150727,1757519.6929863628,1447971.3317176902,1627677.591929784
20150728,1782950.0422417927,1447971.3317176902,1627677.591929784
20150729,1780124.4478800786,1447971.3317176902,1627677.591929784
20150730,1732089.3437309335,1447971.3317176902,1627677.591929784
20150731,1746217.3155395053,1447971.3317176902,1627677.591929784
20150803,1811205.985858937,1447971.3317176902,1627677.591929784
20150804,1816857.1745823657,1447971.3317176902,1627677.591929784
20150805,1778711.650699221,1447971.3317176902,1627677.591929784
20150806,1770234.8676140779,1447971.3317176902,1627677.591929784
20150807,1781537.2450609354,1447971.3317176902,1627677.591929784
20150810,1825333.957667509,1447971.3317176902,1627677.591929784
20150811,1814031.580220651,1447971.3317176902,1627677.591929784
20150812,1775886.056337507,1447971.3317176902,1627677.591929784
20150813,1775886.056337507,1447971.3317176902,1627677.591929784
20150814,1785775.6366035072,1447971.3317176902,1627677.591929784
20150817,1771647.6647949351,1447971.3317176902,1627677.591929784
20150818,1733502.1409117905,1447971.3317176902,1627677.591929784
20150819,1727850.9521883617,1447971.3317176902,1627677.591929784
20150820,1702420.6029329323,1447971.3317176902,1627677.591929784
20150821,1624716.7579857858,1447971.3317176902,1627677.591929784
20150824,1462245.0821872072,1447971.3317176902,1627677.591929784
20150825,1336506.1330909163,1447971.3317176902,1627677.591929784
20150826,1400082.0062294903,1447971.3317176902,1627677.591929784
20150827,1525820.9553257816,1447971.3317176902,1627677.591929784
20150828,1530059.3468683532,1447971.3317176902,1627677.591929784
20150831,1563966.479208926,1447971.3317176902,1627677.591929784
20150901,1634606.3382517863,1447971.3317176902,1627677.591929784
20150902,1672751.862134931,1447971.3317176902,1627677.591929784
20150907,1538536.1299534966,1447971.3317176902,1627677.591929784
20150908,1554076.8989429255,1447971.3317176902,1627677.591929784
20150909,1568204.8707514976,1447971.3317176902,1627677.591929784
20150910,1561140.884847212,1447971.3317176902,1627677.591929784
20150911,1548425.7102194969,1447971.3317176902,1627677.591929784
20150914,1535710.5355917818,1447971.3317176902,1627677.591929784
20150915,1493326.6201660659,1447971.3317176902,1627677.591929784
20150916,1539948.9271343537,1447971.3317176902,1627677.591929784
20150917,1521582.5637832098,1447971.3317176902,1627677.591929784
20150918,1527233.7525066386,1447971.3317176902,1627677.591929784
20150921,1528646.5496874962,1447971.3317176902,1627677.591929784
20150922,1548425.7102194969,1447971.3317176902,1627677.591929784
20150923,1511692.9835172093,1447971.3317176902,1627677.591929784
20150924,1513105.7806980668,1447971.3317176902,1627677.591929784
20150925,1490501.0258043515,1447971.3317176902,1627677.591929784
20150928,1487675.431442637,1447971.3317176902,1627677.591929784
20150929,1466483.473729779,1447971.3317176902,1627677.591929784
20150930,1482024.2427192081,1447971.3317176902,1627677.591929784
20151008,1511692.9835172093,1447971.3317176902,1627677.591929784
20151009,1539948.9271343537,1447971.3317176902,1627677.591929784
20151012,1586571.2341026415,1447971.3317176902,1627677.591929784
20151013,1572443.2622940694,1447971.3317176902,1615404.0970328513
20151014,1551251.3045812112,1447971.3317176902,1593633.1523289045
20151015,1578094.4510174983,1447971.3317176902,1621209.6822872371
20151016,1586571.2341026415,1447971.3317176902,1629918.0601688158
20151019,1590809.6256452128,1447971.3317176902,1634272.249109605
20151020,1599286.4087303563,1447971.3317176902,1642980.626991184
20151021,1585158.4369217842,1447971.3317176902,1628466.6638552195
20151022,1600699.2059112133,1447971.3317176902,1644432.0233047802
20151023,1620478.3664432142,1447971.3317176902,1664751.5716951306
20151026,1627542.3523475002,1447971.3317176902,1672008.5532631127
20151027,1621891.1636240715,1447971.3317176902,1666202.968008727
20151028,1592222.42282607,1447971.3317176902,1635723.6454232016
20151029,1592222.42282607,1447971.3317176902,1635723.6454232016
20151030,1604937.597453785,1447971.3317176902,1648786.2122455696
20151102,1573856.0594749264,1447971.3317176902,1616855.4933464478
20151103,1561140.884847212,1447971.3317176902,1603792.9265240799
20151104,1651559.9044220727,1447971.3317176902,1696682.2905942525
20151105,1705246.1972946466,1447971.3317176902,1751835.3505109178
20151106,1750455.7070820772,1447971.3317176902,1798280.0325460043
20151109,1828159.5520292234,1447971.3317176902,1878106.829793809
20151110,1801316.4055929368,1440442.186727766,1850530.2998354768
20151111,1773060.4619757924,1417847.015171252,1821502.3735635474
20151112,1751868.5042629344,1400900.6365038666,1799731.4288596008
20151113,1729263.749369219,1382824.4992586554,1776509.0878420575
20151116,1743391.7211777912,1394122.0850369122,1791023.0509780222
20151117,1765996.4760715063,1412198.2222821233,1814245.391995565
20151118,1754694.0986246488,1403160.1536595179,1802634.2214867936
20151119,1765996.4760715063,1412198.2222821233,1814245.391995565
20151120,1773060.4619757924,1417847.015171252,1821502.3735635474
20151123,1758932.4901672204,1406549.4293929948,1806988.410427583
20151124,1734914.9380926478,1387343.533569958,1782314.6730964433
20151125,1740566.1268160767,1391862.5678812608,1788120.258350829
20151126,1727850.9521883617,1381694.7406808294,1775057.691528461
20151127,1657211.0931455018,1325206.8117895448,1702487.8758486386
20151130,1658623.8903263588,1326336.5703673703,1703939.2721622349
20151201,1660036.687507216,1327466.328945196,1705390.6684758312
20151202,1767409.2732523635,1413327.9808599493,1815696.7883091618
20151203,1758932.4901672204,1406549.4293929948,1806988.410427583
20151204,1712310.1831989323,1369267.3963247465,1759092.3320788997
20151207,1716548.5747415042,1372656.672058224,1763446.5210196893
20151208,1689705.4283052175,1351191.259079536,1735869.991061357
20151209,1693943.8198477891,1354580.534813013,1740224.1800021462
20151210,1689705.4283052175,1351191.259079536,1735869.991061357
20151211,1671339.0649540736,1336504.3975678016,1717001.838984603
20151214,1705246.1972946466,1363618.6034356183,1751835.3505109178
20151215,1684054.2395817884,1346672.2247682328,1730064.4058069708
20151216,1679815.8480392168,1343282.9490347558,1725710.2168661817
20151217,1705246.1972946466,1363618.6034356183,1751835.3505109178
20151218,1727850.9521883617,1381694.7406808294,1775057.691528461
20151221,1767409.2732523635,1413327.9808599493,1815696.7883091618
20151222,1756106.895805506,1404289.9122373436,1804085.61780039
20151223,1763170.8817097922,1409938.705126472,1811342.5993683725
20151224,1743391.7211777912,1394122.0850369122,1791023.0509780222
20151225,1753281.3014437915,1402030.3950816921,1801182.825173197
20151228,1692531.0226669319,1353450.7762351872,1738772.7836885497
20151229,1708071.7916563607,1365878.1205912696,1754738.1431381104
20151230,1709484.588837218,1367007.8791690953,1756189.539451707
20151231,1693943.8198477891,1354580.534813013,1740224.1800021462
20160104,1600699.2059112133,1280016.4686765166,1644432.0233047802
20160105,1610588.7861772138,1287924.7787212965,1654591.7974999554
20160106,1628955.1495283574,1302611.6402330305,1673459.9495767092
20160107,1545600.1158577823,1235955.8841413145,1587827.5670745187
20160108,1571030.465113212,1256291.5385421768,1613952.7007192546
20160111,1520169.7666023527,1215620.2297404518,1561702.4334297825
20160112,1527233.7525066386,1221269.0226295805,1568959.4149977649
20160113,1513105.7806980668,1209971.4368513233,1554445.4518618004
20160114,1521582.5637832098,1216749.9883182775,1563153.8297433788
20160115,1477785.8511766365,1181727.472405681,1518160.544021889
20160118,1470721.8652723506,1176078.6795165525,1510903.5624539068
20160119,1513105.7806980668,1209971.4368513233,1554445.4518618004
20160120,1489088.228623494,1190765.5410282863,1529771.7145306603
20160121,1458006.6906446356,1165910.852316121,1497840.9956315386
20160122,1469309.0680914933,1174948.9209387267,1509452.1661403105
20160125,1465070.6765489215,1171559.6452052495,1505097.9771995207
20160126,1394430.8175060614,1163813.1455106342,1495146.0801121986
20160127,1395843.614686919,1163813.1455106342,1495146.0801121986
20160128,1369000.4682506316,1163813.1455106342,1495146.0801121986
20160129,1412797.1808572053,1163813.1455106342,1495146.0801121986
20160201,1384541.2372400612,1163813.1455106342,1495146.0801121986
20160202,1405733.194952919,1163813.1455106342,1495146.0801121986
20160203,1391605.223144347,1163813.1455106342,1495146.0801121986
20160204,1405733.194952919,1163813.1455106342,1495146.0801121986
20160205,1401494.8034103476,1163813.1455106342,1495146.0801121986
20160215,1383128.4400592037,1163813.1455106342,1495146.0801121986
20160216,1414209.9780380623,1163813.1455106342,1495146.0801121986
20160217,1433989.1385700633,1163813.1455106342,1495146.0801121986
20160218,1425512.3554849199,1163813.1455106342,1495146.0801121986
20160219,1418448.3695806337,1163813.1455106342,1495146.0801121986
20160222,1453768.299102064,1163813.1455106342,1495146.0801121986
20160223,1429750.7470274915,1163813.1455106342,1495146.0801121986
20160224,1433989.1385700633,1163813.1455106342,1495146.0801121986
20160225,1366174.8738889173,1163813.1455106342,1495146.0801121986
20160226,1383128.4400592037,1163813.1455106342,1495146.0801121986
20160229,1350634.1048994882,1163813.1455106342,1495146.0801121986
20160301,1370413.2654314889,1163813.1455106342,1495146.0801121986
20160302,1426925.1526657771,1163813.1455106342,1495146.0801121986
20160303,1428337.9498466342,1163813.1455106342,1496164.2373383564
20160304,1469309.0680914933,1163813.1455106342,1539080.9167476667
20160307,1460832.2850063501,1163813.1455106342,1530201.60376643
20160308,1452355.5019212067,1163813.1455106342,1521322.2907851932
20160309,1436814.7329317776,1163813.1455106342,1505043.5503195932
20160310,1433989.1385700633,1163813.1455106342,1502083.7793258477
20160311,1435401.9357509203,1163813.1455106342,1503563.6648227202
20160314,1449529.9075594924,1163813.1455106342,1518362.519791448
20160315,1458006.6906446356,1163813.1455106342,1527241.8327726845
20160316,1462245.0821872072,1163813.1455106342,1531681.4892633026
20160317,1472134.6624532077,1163813.1455106342,1542040.6877414118
20160318,1489088.228623494,1163813.1455106342,1559799.3137038848
20160321,1525820.9553257816,1163813.1455106342,1598276.336622577
20160322,1514518.5778789239,1163813.1455106342,1586437.2526475948
20160323,1511692.9835172093,1163813.1455106342,1583477.4816538491
20160324,1486262.6342617797,1163813.1455106342,1556839.5427101396
20160325,1496152.2145277802,1163813.1455106342,1567198.7411882489
20160328,1480611.445538351,1163813.1455106342,1550920.0007226486
20160329,1473547.459634065,1163813.1455106342,1543520.5732382848
20160330,1511692.9835172093,1163813.1455106342,1583477.4816538491
20160331,1503216.2004320663,1163813.1455106342,1574598.1686726129
20160401,1506041.7947937807,1163813.1455106342,1577557.9396663583
20160405,1511692.9835172093,1163813.1455106342,1583477.4816538491
20160406,1514518.5778789239,1163813.1455106342,1586437.2526475948
20160407,1496152.2145277802,1163813.1455106342,1567198.7411882489
20160408,1493326.6201660659,1163813.1455106342,1564238.9701945034
20160411,1514518.5778789239,1163813.1455106342,1586437.2526475948
20160412,1507454.5919746377,1163813.1455106342,1579037.825163231
20160413,1527233.7525066386,1163813.1455106342,1599756.2221194496
20160414,1531472.1440492102,1163813.1455106342,1604195.8786100678
20160415,1537123.332772639,1163813.1455106342,1610115.4205975588
20160418,1515931.3750597811,1163813.1455106342,1587917.1381444675
20160419,1521582.5637832098,1163813.1455106342,1593836.6801319583
20160420,1486262.6342617797,1163813.1455106342,1556839.5427101396
20160421,1484849.8370809224,1163813.1455106342,1555359.6572132667
20160422,1490501.0258043515,1163813.1455106342,1561279.199200758
20160425,1483437.0399000654,1163813.1455106342,1553879.771716394
20160426,1496152.2145277802,1163813.1455106342,1567198.7411882489
20160427,1493326.6201660659,1163813.1455106342,1564238.9701945034
20160428,1506041.7947937807,1163813.1455106342,1577557.9396663583
20160429,1493326.6201660659,1163813.1455106342,1564238.9701945034
20160503,1508867.3891554952,1163813.1455106342,1580517.7106601037
20160504,1514518.5778789239,1163813.1455106342,1586437.2526475948
20160505,1514518.5778789239,1163813.1455106342,1586437.2526475948
20160506,1486262.6342617797,1163813.1455106342,1556839.5427101396
20160509,1462245.0821872072,1163813.1455106342,1531681.4892633026
20160510,1452355.5019212067,1163813.1455106342,1521322.2907851932
20160511,1465070.6765489215,1163813.1455106342,1534641.260257048
20160512,1466483.473729779,1163813.1455106342,1536121.1457539212
20160513,1462245.0821872072,1163813.1455106342,1531681.4892633026
20160516,1463657.8793680645,1163813.1455106342,1533161.3747601754
20160517,1455181.0962829213,1163813.1455106342,1524282.0617789389
20160518,1455181.0962829213,1163813.1455106342,1524282.0617789389
20160519,1448117.110378635,1163813.1455106342,1516882.634294575
20160520,1455181.0962829213,1163813.1455106342,1524282.0617789389
20160523,1452355.5019212067,1163813.1455106342,1521322.2907851932
20160524,1442465.9216552067,1163813.1455106342,1510963.0923070842
20160525,1445291.5160169208,1163813.1455106342,1513922.8633008297
20160526,1443878.7188360638,1163813.1455106342,1512442.977803957
20160527,1450942.7047403497,1163813.1455106342,1519842.4052883207
20160530,1452355.5019212067,1163813.1455106342,1521322.2907851932
20160531,1490501.0258043515,1163813.1455106342,1561279.199200758
20160601,1480611.445538351,1163813.1455106342,1550920.0007226486
20160602,1477785.8511766365,1163813.1455106342,1547960.2297289032
20160603,1483437.0399000654,1163813.1455106342,1553879.771716394
20160606,1484849.8370809224,1163813.1455106342,1555359.6572132667
20160607,1486262.6342617797,1163813.1455106342,1556839.5427101396
20160608,1483437.0399000654,1163813.1455106342,1553879.771716394
20160613,1459419.4878254929,1163813.1455106342,1528721.7182695572
20160614,1469309.0680914933,1163813.1455106342,1539080.9167476667
20160615,1474960.256814922,1163813.1455106342,1545000.4587351575
20160616,1474958.1210422693,1163813.1455106342,1544998.2215428583
20160617,1476679.1923620384,1163813.1455106342,1546801.01993439
20160620,1480121.335001577,1163813.1455106342,1550406.6167174538
20160621,1481842.4063213463,1163813.1455106342,1552209.4151089857
20160622,1502495.2621585776,1163813.1455106342,1573842.9958073688
20160623,1490447.7629201927,1163813.1455106342,1561223.4070666453
20160624,1474958.1210422693,1163813.1455106342,1544998.2215428583
20160627,1481842.4063213463,1163813.1455106342,1552209.4151089857
20160628,1485284.548960885,1163813.1455106342,1555815.0118920498
20160629,1495610.9768795006,1163813.1455106342,1566631.802241241
20160630,1497332.0481992697,1163813.1455106342,1568434.600632773
20160701,1499053.119519039,1163813.1455106342,1570237.3990243052
20160704,1516263.832716732,1163813.1455106342,1588265.3829396244
20160705,1516263.832716732,1163813.1455106342,1588265.3829396244
20160706,1512821.690077193,1163813.1455106342,1584659.7861565603
20160707,1511100.618757424,1163813.1455106342,1582856.9877650284
20160708,1504216.333478347,1163813.1455106342,1575645.794198901
20160711,1505937.404798116,1163813.1455106342,1577448.5925904326
20160712,1528311.3319551167,1163813.1455106342,1600884.9716803478
20160713,1547243.1164725788,1163813.1455106342,1620715.753987199
20160714,1538637.7598737322,1163813.1455106342,1611701.762029539
20160715,1547243.1164725788,1163813.1455106342,1620715.753987199
20160718,1555848.473071425,1163813.1455106342,1629729.7459448583
20160719,1543800.9738330403,1163813.1455106342,1617110.157204135
20160720,1542079.9025132712,1163813.1455106342,1615307.3588126034
20160721,1547243.1164725788,1163813.1455106342,1620715.753987199
20160722,1538637.7598737322,1163813.1455106342,1611701.762029539
20160725,1545522.0451528097,1163813.1455106342,1618912.955595667
20160726,1567895.9723098099,1163813.1455106342,1642349.3346855817
20160727,1550685.2591121173,1163813.1455106342,1624321.3507702628
20160728,1562732.7583505022,1163813.1455106342,1636940.9395109862
20160729,1583385.6141877335,1163813.1455106342,1658574.520209369
20160801,1597154.1847458875,1163813.1455106342,1672996.9073416244
20160802,1591990.97078658,1163813.1455106342,1667588.5121670288
20160803,1579943.471548195,1163813.1455106342,1654968.9234263054
20160804,1547243.1164725788,1163813.1455106342,1620715.753987199
20160805,1555848.473071425,1163813.1455106342,1629729.7459448583
20160808,1567895.9723098099,1163813.1455106342,1642349.3346855817
20160809,1574780.2575888874,1163813.1455106342,1649560.5282517096
20160810,1573059.186269118,1163813.1455106342,1647757.7298601777
20160811,1586827.7568272722,1163813.1455106342,1662180.1169924333
20160812,1635017.7537808118,1163813.1455106342,1712658.4719553269
20160815,1665997.0375366588,1163813.1455106342,1745108.8430029014
20160816,1638459.8964203503,1163813.1455106342,1716264.0687383907
20160817,1643623.1103796582,1165964.5202446787,1721672.4639129867
20160818,1635017.7537808118,1159859.993960675,1712658.4719553269
20160819,1636738.8251005812,1161080.899217476,1714461.2703468588
20160822,1617807.040583119,1147650.941392668,1694630.4880400077
20160823,1617807.040583119,1147650.941392668,1694630.4880400077
20160824,1622970.254542427,1151313.6571630703,1700038.8832146034
20160825,1624691.325862196,1152534.5624198709,1701841.6816061353
20160826,1626412.3971819654,1153755.4676766717,1703644.4799976673
20160829,1621249.1832226575,1150092.7519062695,1698236.0848230715
20160830,1629854.5398215041,1156197.278190273,1707250.0767807313
20160831,1633296.6824610427,1158639.0887038745,1710855.6735637952
20160901,1626412.3971819654,1153755.4676766717,1703644.4799976673
20160902,1626412.3971819654,1153755.4676766717,1703644.4799976673
20160905,1621249.1832226575,1150092.7519062695,1698236.0848230715
20160906,1619528.1119028884,1148871.8466494689,1696433.2864315398
20160907,1617807.040583119,1147650.941392668,1694630.4880400077
20160908,1617807.040583119,1147650.941392668,1694630.4880400077
20160909,1614364.8979435805,1145209.1308790667,1691024.891256944
20160912,1576501.3289086565,1118349.215229451,1651363.3266432416
20160913,1581664.5428679644,1122011.9309998532,1656771.7218178373
20160914,1559290.6157109637,1106140.162661444,1633335.3427279224
20160919,1569617.0436295792,1113465.5942022481,1644152.133077114
20160920,1562732.7583505022,1108581.9731750453,1636940.9395109862
20160921,1562732.7583505022,1108581.9731750453,1636940.9395109862
20160922,1576501.3289086565,1118349.215229451,1651363.3266432416
20160923,1574780.2575888874,1117128.3099726504,1649560.5282517096
20160926,1555848.473071425,1103698.3521478423,1629729.7459448583
20160927,1559290.6157109637,1106140.162661444,1633335.3427279224
20160928,1557569.5443911946,1104919.2574046433,1631532.5443363907
20160929,1559290.6157109637,1106140.162661444,1633335.3427279224
20160930,1561011.6870307329,1107361.0679182445,1635138.1411194543
20161010,1569617.0436295792,1113465.5942022481,1644152.133077114
20161011,1574780.2575888874,1117128.3099726504,1649560.5282517096
20161012,1571338.1149493488,1114686.499459049,1645954.931468646
20161013,1561011.6870307329,1107361.0679182445,1635138.1411194543
20161014,1564453.8296702714,1109802.878431846,1638743.737902518
20161017,1557569.5443911946,1104919.2574046433,1631532.5443363907
20161018,1564453.8296702714,1109802.878431846,1638743.737902518
20161019,1562732.7583505022,1108581.9731750453,1636940.9395109862
20161020,1561011.6870307329,1107361.0679182445,1635138.1411194543
20161021,1571338.1149493488,1114686.499459049,1645954.931468646
20161024,1590269.8994668107,1128116.4572838568,1665785.7137754972
20161025,1585106.6855075029,1124453.7415134546,1660377.3186009014
20161026,1574780.2575888874,1117128.3099726504,1649560.5282517096
20161027,1576501.3289086565,1118349.215229451,1651363.3266432416
20161028,1578222.4002284259,1119570.1204862518,1653166.1250347735
20161031,1574780.2575888874,1117128.3099726504,1649560.5282517096
20161101,1573059.186269118,1115907.4047158496,1647757.7298601777
20161102,1561011.6870307329,1107361.0679182445,1635138.1411194543
20161103,1571338.1149493488,1114686.499459049,1645954.931468646
20161104,1567895.9723098099,1112244.6889454473,1642349.3346855817
20161107,1569617.0436295792,1113465.5942022481,1644152.133077114
20161108,1574780.2575888874,1117128.3099726504,1649560.5282517096
20161109,1561011.6870307329,1107361.0679182445,1635138.1411194543
20161110,1573059.186269118,1115907.4047158496,1647757.7298601777
20161111,1579943.471548195,1120791.0257430524,1654968.9234263054
20161114,1586827.7568272722,1125674.6467702554,1662180.1169924333
20161115,1588548.8281470414,1126895.552027056,1663982.915383965
20161116,1588548.8281470414,1126895.552027056,1663982.915383965
20161117,1585106.6855075029,1124453.7415134546,1660377.3186009014
20161118,1579943.471548195,1120791.0257430524,1654968.9234263054
20161121,1590269.8994668107,1128116.4572838568,1665785.7137754972
20161122,1610922.755304042,1142767.3203654652,1687419.29447388
20161123,1626412.3971819654,1153755.4676766717,1703644.4799976673
20161124,1629854.5398215041,1156197.278190273,1707250.0767807313
20161125,1655670.609618043,1174510.8570422838,1734292.05265371
20161128,1657391.6809378127,1175731.7622990846,1736094.851045242
20161129,1655670.609618043,1174510.8570422838,1734292.05265371
20161130,1643623.1103796582,1165964.5202446787,1721672.4639129867
20161201,1652228.4669785046,1172069.0465286823,1730686.4558706463
20161202,1643623.1103796582,1165964.5202446787,1721672.4639129867
20161205,1628133.468501735,1154976.3729334725,1705447.2783891994
20161206,1633296.6824610427,1158639.0887038745,1710855.6735637952
20161207,1631575.6111412735,1157418.183447074,1709052.8751722632
20161208,1638459.8964203503,1162301.8044742765,1716264.0687383907
20161209,1660833.8235773512,1178173.572812686,1739700.447828306
20161212,1635017.7537808118,1159859.993960675,1712658.4719553269
20161213,1621249.1832226575,1150092.7519062695,1698236.0848230715
20161214,1617807.040583119,1147650.941392668,1694630.4880400077
20161215,1591990.97078658,1129337.3625406574,1667588.5121670288
20161216,1591990.97078658,1129337.3625406574,1667588.5121670288
20161219,1583385.6141877335,1123232.8362566538,1658574.520209369
20161220,1567895.9723098099,1112244.6889454473,1642349.3346855817
20161221,1576501.3289086565,1118349.215229451,1651363.3266432416
20161222,1573059.186269118,1115907.4047158496,1647757.7298601777
20161223,1562732.7583505022,1108581.9731750453,1636940.9395109862
20161226,1569617.0436295792,1113465.5942022481,1644152.133077114
20161227,1562732.7583505022,1108581.9731750453,1636940.9395109862
20161228,1559290.6157109637,1106140.162661444,1633335.3427279224
20161229,1562732.7583505022,1105368.7038848463,1632196.2005759522
20161230,1566174.9009900407,1105368.7038848463,1632196.2005759522
20170103,1576501.3289086565,1105368.7038848463,1632196.2005759522
20170104,1576501.3289086565,1105368.7038848463,1632196.2005759522
20170105,1578222.4002284259,1105368.7038848463,1632196.2005759522
20170106,1571338.1149493488,1105368.7038848463,1632196.2005759522
20170109,1574780.2575888874,1105368.7038848463,1632196.2005759522
20170110,1574780.2575888874,1105368.7038848463,1632196.2005759522
20170111,1573059.186269118,1105368.7038848463,1632196.2005759522
20170112,1574780.2575888874,1105368.7038848463,1632196.2005759522
20170113,1576501.3289086565,1105368.7038848463,1632196.2005759522
20170116,1573059.186269118,1105368.7038848463,1632196.2005759522
20170117,1574780.2575888874,1105368.7038848463,1632196.2005759522
20170118,1578222.4002284259,1105368.7038848463,1632196.2005759522
20170119,1579943.471548195,1105368.7038848463,1635421.1254392515
20170120,1586827.7568272722,1105368.7038848463,1642547.1434150222
20170123,1586827.7568272722,1105368.7038848463,1642547.1434150222
20170124,1595433.1134261184,1105368.7038848463,1651454.6658847346
20170125,1593712.042106349,1105368.7038848463,1649673.1613907919
20170126,1605759.5413447341,1105368.7038848463,1662143.6928483897
20170203,1593712.042106349,1105368.7038848463,1649673.1613907919
20170206,1602317.3987051956,1105368.7038848463,1658580.6838605048
20170207,1600596.3273854265,1105368.7038848463,1656799.1793665623
20170208,1600596.3273854265,1105368.7038848463,1656799.1793665623
20170209,1602317.3987051956,1105368.7038848463,1658580.6838605048
20170210,1605759.5413447341,1105368.7038848463,1662143.6928483897
20170213,1619528.1119028884,1105368.7038848463,1676395.7287999303
20170214,1617807.040583119,1105368.7038848463,1674614.2243059876
20170215,1626412.3971819654,1105368.7038848463,1683521.7467757002
20170216,1628133.468501735,1105368.7038848463,1685303.2512696432
20170217,1616085.96926335,1105368.7038848463,1672832.7198120453
20170220,1645344.1816994275,1105368.7038848463,1703118.2962090683
20170221,1647065.2530191967,1105368.7038848463,1704899.8007030108
20170222,1647065.2530191967,1105368.7038848463,1704899.8007030108
20170223,1636738.8251005812,1105368.7038848463,1694210.7737393556
20170224,1635017.7537808118,1105368.7038848463,1692429.269245413
20170227,1622970.254542427,1105368.7038848463,1679958.7377878153
20170228,1631575.6111412735,1105368.7038848463,1688866.2602575282
20170301,1633296.6824610427,1105368.7038848463,1690647.7647514704
20170302,1622970.254542427,1105368.7038848463,1679958.7377878153
20170303,1617807.040583119,1105368.7038848463,1674614.2243059876
20170306,1626412.3971819654,1105368.7038848463,1683521.7467757002
20170307,1626412.3971819654,1105368.7038848463,1683521.7467757002
20170308,1621249.1832226575,1105368.7038848463,1678177.2332938726
20170309,1614364.8979435805,1105368.7038848463,1671051.2153181026
20170310,1617807.040583119,1105368.7038848463,1674614.2243059876
20170313,1624691.325862196,1105368.7038848463,1681740.2422817578
20170314,1624691.325862196,1105368.7038848463,1681740.2422817578
20170315,1631575.6111412735,1105368.7038848463,1688866.2602575282
20170316,1638459.8964203503,1105368.7038848463,1695992.2782332979
20170317,1602317.3987051956,1105368.7038848463,1658580.6838605048
20170320,1591990.97078658,1105368.7038848463,1647891.6568968494
20170321,1590269.8994668107,1105368.7038848463,1646110.1524029071
20170322,1576501.3289086565,1105368.7038848463,1631858.1164513666
20170323,1583385.6141877335,1105368.7038848463,1638984.1344271367
20170324,1581664.5428679644,1105368.7038848463,1637202.6299331943
20170327,1573059.186269118,1105368.7038848463,1628295.1074634816
20170328,1569617.0436295792,1105368.7038848463,1624732.0984755964
20170329,1567895.9723098099,1105368.7038848463,1622950.5939816537
20170330,1562732.7583505022,1105368.7038848463,1617606.0804998265
20170331,1578222.4002284259,1105368.7038848463,1633639.6209453093
20170405,1585106.6855075029,1105368.7038848463,1640765.6389210795
20170406,1583385.6141877335,1105368.7038848463,1638984.1344271367
20170407,1583385.6141877335,1105368.7038848463,1638984.1344271367
20170410,1579943.471548195,1105368.7038848463,1635421.1254392515
20170411,1574780.2575888874,1105368.7038848463,1630076.6119574243
20170412,1569617.0436295792,1105368.7038848463,1624732.0984755964
20170413,1569617.0436295792,1105368.7038848463,1624732.0984755964
20170414,1562732.7583505022,1105368.7038848463,1617606.0804998265
20170417,1566174.9009900407,1105368.7038848463,1621169.0894877114
20170418,1557569.5443911946,1105368.7038848463,1612261.567017999
20170419,1533474.5459144246,1105368.7038848463,1587320.5041028033
20170420,1535195.6172341937,1105368.7038848463,1589102.0085967456
20170421,1543800.9738330403,1105368.7038848463,1598009.5310664584
20170424,1536916.688553963,1105368.7038848463,1590883.5130906883
20170425,1548964.1877923482,1105368.7038848463,1603354.0445482861
20170426,1547243.1164725788,1105368.7038848463,1601572.5400543434
20170427,1543800.9738330403,1105368.7038848463,1598009.5310664584
20170428,1547243.1164725788,1105368.7038848463,1601572.5400543434
20170502,1538637.7598737322,1105368.7038848463,1592665.0175846308
20170503,1533474.5459144246,1105368.7038848463,1587320.5041028033
20170504,1504216.333478347,1105368.7038848463,1557034.9277057801
20170505,1485284.548960885,1105368.7038848463,1537438.378272412
20170508,1474958.1210422693,1105368.7038848463,1526749.351308757
20170509,1487005.6202806544,1105368.7038848463,1539219.8827663548
20170510,1492168.834239962,1105368.7038848463,1544564.3962481823
20170511,1497332.0481992697,1105368.7038848463,1538228.8175643387
20170512,1531753.4745946552,1105368.7038848463,1538228.8175643387
20170515,1524869.1893155782,1105368.7038848463,1538228.8175643387
20170516,1521427.0466760397,1105368.7038848463,1538228.8175643387
20170517,1509379.5474376546,1105368.7038848463,1538228.8175643387
20170518,1502495.2621585776,1105368.7038848463,1538228.8175643387
20170519,1495610.9768795006,1105368.7038848463,1538228.8175643387
20170522,1493889.9055597312,1105368.7038848463,1538228.8175643387
20170523,1512821.690077193,1105368.7038848463,1538228.8175643387
20170524,1516263.832716732,1105368.7038848463,1538228.8175643387
20170525,1566174.9009900407,1105368.7038848463,1538228.8175643387
20170526,1566174.9009900407,1105368.7038848463,1539615.0253485616
20170531,1583385.6141877335,1105368.7038848463,1556533.8717809631
20170601,1581664.5428679644,1105368.7038848463,1554841.9871377232
20170602,1578222.4002284259,1105368.7038848463,1551458.217851243
20170605,1554127.4017516559,1105368.7038848463,1527771.8328458802
20170606,1555848.473071425,1105368.7038848463,1529463.7174891203
20170607,1571338.1149493488,1105368.7038848463,1544690.6792782822
20170608,1571338.1149493488,1105368.7038848463,1544690.6792782822
20170609,1574780.2575888874,1105368.7038848463,1548074.4485647625
20170612,1567895.9723098099,1105368.7038848463,1541306.9099918017
20170613,1569617.0436295792,1105368.7038848463,1542998.7946350418
20170614,1562732.7583505022,1105368.7038848463,1536231.2560620813
20170615,1555848.473071425,1105368.7038848463,1529463.7174891203
20170616,1552406.3304318867,1105368.7038848463,1526079.9482026403
20170619,1571338.1149493488,1105368.7038848463,1544690.6792782822
20170620,1569617.0436295792,1105368.7038848463,1542998.7946350418
20170621,1574780.2575888874,1105368.7038848463,1548074.4485647625
20170622,1591990.97078658,1105368.7038848463,1564993.2949971643
20170623,1591990.97078658,1105368.7038848463,1564993.2949971643
20170626,1600596.3273854265,1105368.7038848463,1573452.7182133652
20170627,1610922.755304042,1105368.7038848463,1583604.0260728062
20170628,1622970.254542427,1105368.7038848463,1595447.2185754874
20170629,1622970.254542427,1105368.7038848463,1595447.2185754874
20170630,1616085.96926335,1105368.7038848463,1588679.6800025268
20170703,1617807.040583119,1105368.7038848463,1590371.564645767
20170704,1607480.6126645035,1105368.7038848463,1580220.256786326
20170705,1612643.8266238112,1105368.7038848463,1585295.910716046
20170706,1617807.040583119,1105368.7038848463,1590371.564645767
20170707,1629854.5398215041,1105368.7038848463,1602214.7571484484
20170710,1650507.3956587352,1105368.7038848463,1622517.3728673302
20170711,1764098.1027635073,1105368.7038848463,1734181.7593211818
20170712,1779587.744641431,1105368.7038848463,1749408.7211103435
20170713,1875967.7385485105,1105368.7038848463,1844154.2611317937
20170714,1875967.7385485105,1105368.7038848463,1844154.2611317937
20170717,1860478.096670587,1105368.7038848463,1828927.299342632
20170718,1901783.8083450496,1105368.7038848463,1869532.5307803964
20170719,1908668.0936241266,1113978.1480887395,1876300.069353357
20170720,1888015.2377868954,1101924.2817433248,1855997.453634475
20170721,1901995.9234275213,1110083.9918317266,1869741.0487229773
20170724,1912475.2398100416,1116200.1570759783,1880042.652297208
20170725,1921208.0034621423,1121296.9614461882,1888627.321942401
20170726,1875797.632471219,1094793.5787210965,1843987.039787399
20170727,1849599.3415149173,1079503.1656104669,1818233.0308518207
20170728,1875797.632471219,1094793.5787210965,1843987.039787399
20170731,1863571.7633582782,1087658.0526028026,1831968.502284129
20170801,1928194.2143838226,1125374.404942356,1895495.057658555
20170802,1947406.2944184444,1136587.3745568183,1914381.3308779793
20170803,1922954.5561925627,1122316.3223202303,1890344.2558714396
20170804,1950899.3998792847,1138626.096304902,1917815.1987360565
20170807,1921208.0034621423,1121296.9614461882,1888627.321942401
20170808,1929940.767114243,1126393.7658163982,1897211.9915875937
20170809,1874051.079740799,1093774.2178470548,1842270.1058583604
20170810,1854838.9997061773,1082561.2482325926,1823383.8326389361
20170811,1750045.8358809697,1021399.5957900733,1720367.7968966234
20170814,1784976.8904893727,1041786.8132709133,1754706.4754773946
20170815,1800695.8650631537,1050961.0611372911,1770158.8808387415
20170816,1805935.5232544139,1054019.143759417,1775309.682625857
20170817,1819907.9450977747,1062174.030751753,1789045.1540581651
20170818,1823401.050558615,1064212.7524998367,1792479.0219162423
20170821,1826894.1560194555,1066251.474247921,1795912.8897743197
20170822,1860078.657897438,1085619.3308547186,1828534.6344260518
20170823,1903742.4761579412,1111103.3527057685,1871457.9826520155
20170824,1908982.1343492013,1114161.4353278943,1876608.784439131
20170825,1940420.0834967636,1132509.9310606502,1907513.595161825
20170828,1982337.3490268472,1156974.592037658,1948720.0094587503
20170829,2038227.036400291,1189594.1400070016,2003661.8951879835
20170830,1996309.770870208,1165129.4790299938,1962455.4808910585
20170831,1970111.4799139062,1149839.065919364,1936701.4719554803
20170901,1957885.6108009652,1142703.53980107,1924682.9344522106
20170904,2046959.8000523918,1194690.9443772116,2012246.5648331763
20170905,2032987.378209031,1186536.0573848756,1998511.0934008681
20170906,2043466.6945915516,1192652.2226291276,2008812.6969750994
20170907,1998056.323600628,1166148.8399040357,1964172.414820097
20170908,2006789.0872527286,1171245.6442742457,1972757.0844652897
20170911,1987577.0072181076,1160032.674659784,1953870.8112458661
20170912,2015521.8509048293,1176342.4486444558,1981341.7541104825
20170913,1996309.770870208,1165129.4790299938,1962455.4808910585
20170914,1977097.6908355865,1153916.509415532,1943569.2076716344
20170915,1971858.032644326,1150858.426793406,1938418.4058845188
20170918,1964871.8217226455,1146780.9832972381,1931550.6701683647
20170919,1943913.1889576043,1134548.6528087342,1910947.4630199024
20170920,1971858.032644326,1150858.426793406,1938418.4058845188
20170921,2001549.4290614685,1168187.56165212,1967606.2826781743
20170922,1998056.323600628,1166148.8399040357,1964172.414820097
20170925,1971858.032644326,1150858.426793406,1938418.4058845188
20170926,1929940.767114243,1126393.7658163982,1897211.9915875937
20170927,1908982.1343492013,1114161.4353278943,1876608.784439131
20170928,1900249.3706971009,1109064.6309576845,1868024.1147939386
20170929,1940420.0834967636,1132509.9310606502,1907513.595161825
20171009,1973604.5853747462,1151877.787667448,1940135.3398135575
20171010,2003295.9817918888,1169206.922526162,1969323.216607213
20171011,2013775.298174409,1175323.0877704136,1979624.8201814438
20171012,2017268.4036352497,1177361.809518498,1983058.6880395212
20171013,1984083.901757267,1157993.9529117,1950436.9433877885
20171016,2024254.61455693,1181439.2530146658,1989926.4237556753
20171017,2010282.192713569,1173284.3660223298,1976190.9523233667
20171018,2041720.1418611312,1191632.8617550854,2007095.7630460605
20171019,2031240.8254786106,1185516.6965108337,1996794.1594718294
20171020,2005042.5345223087,1170226.2834002038,1971040.1505362513
20171023,1954392.505340125,1140664.8180529862,1921249.0665941334
20171024,1989323.5599485275,1161052.0355338259,1955587.7451749044
20171025,1968364.9271834858,1148819.705045322,1934984.5380264416
20171026,1952645.9526097046,1139645.457178944,1919532.1326650947
20171027,2019014.9563656696,1178381.1703925396,1984775.6219685595
20171030,2019014.9563656696,1178381.1703925396,1984775.6219685595
20171031,2015521.8509048293,1176342.4486444558,1981341.7541104825
20171101,1991070.1126789479,1162071.396407868,1957304.679103943
20171102,2015521.8509048293,1176342.4486444558,1981341.7541104825
20171103,1989323.5599485275,1161052.0355338259,1955587.7451749044
20171106,1970111.4799139062,1149839.065919364,1936701.4719554803
20171107,2081890.8546607944,1215078.1618580513,2046585.2434139473
20171108,2118568.461999617,1236484.7402129332,2082640.855923757
20171109,2153499.51660802,1256871.9576937729,2116979.5345045277
20171110,2148259.8584167594,1253813.8750716469,2111828.732717412
20171113,2253053.022241967,1314975.5275141662,2214844.7684597247
20171114,2261785.785894068,1320072.3318843762,2223429.4381049178
20171115,2253053.022241967,1314975.5275141662,2214844.7684597247
20171116,2287984.0768503696,1335362.7449950061,2249183.447040496
20171117,2301956.4986937307,1343517.631987342,2262918.918472804
20171120,2488837.6408486846,1452589.245509835,2446630.8488799287
20171121,2523768.695457087,1472976.4629906744,2480969.5274606994
20171122,2637294.6229343954,1539234.9198034038,2592570.2328482047
20171123,2506303.168152886,1462782.8542502548,2463800.188170314
20171124,2542980.775491709,1484189.4326051367,2499855.8006801237
20171127,2432947.9534752406,1419969.6975404911,2391688.963150695
20171128,2392777.2406755774,1396524.3974375254,2352199.4827828086
20171129,2413735.873440619,1408756.7279260294,2372802.689931271
20171130,2336887.5533021335,1363904.8494681818,2297257.5970535753
20171201,2270518.5495461687,1325169.1362545863,2232014.1077501103
20171204,2322915.1314587723,1355749.9624758458,2283522.1256212667
20171205,2322915.1314587723,1355749.9624758458,2283522.1256212667
20171206,2284490.9713895293,1333324.023246922,2245749.5791824185
20171207,2240827.153129026,1307840.0013958723,2202826.2309564548
20171208,2286237.5241199494,1334343.3841209642,2247466.513111457
20171211,2357846.1860671747,1376137.1799566855,2317860.8042020374
20171212,2274011.6550070085,1327207.8580026703,2235447.9756081873
20171213,2293223.73504163,1338420.827617132,2254334.2488276116
20171214,2270518.5495461687,1325169.1362545863,2232014.1077501103
20171215,2221615.073094405,1296627.0317814103,2183939.957737031
20171218,2226854.731285665,1299685.1144035365,2189090.7595241466
20171219,2319422.025997932,1353711.240727762,2280088.2577631897
20171220,2315928.920537092,1351672.518979678,2276654.3899051123
20171221,2364832.396988855,1380214.6234528536,2324728.5399181917
20171222,2361339.291528015,1378175.9017047696,2321294.672060115
20171225,2314182.367806671,1350653.1581056358,2274937.4559760736
20171226,2385791.029753897,1392446.9539413576,2345331.7470666543
20171227,2321168.5787283517,1354730.6016018037,2281805.191692228
20171228,2307196.1568849916,1346575.7146094681,2268069.72025992
20171229,2322915.1314587723,1355749.9624758458,2283522.1256212667
20180102,2392777.2406755774,1396524.3974375254,2352199.4827828086
20180103,2328154.7896500328,1358808.0450979718,2288672.9274083823
20180104,2314182.367806671,1350653.1581056358,2274937.4559760736
20180105,2322915.1314587723,1355749.9624758458,2283522.1256212667
20180108,2263532.338624488,1321091.6927584184,2225146.3720339565
20180109,2284490.9713895293,1333324.023246922,2245749.5791824185
20180110,2352606.5278759147,1373079.0973345598,2312710.002414922
20180111,2340380.6587629737,1365943.571216266,2300691.4649116523
20180112,2366578.9497192753,1381233.9843268956,2326445.4738472304
20180115,2480104.8771965834,1447492.4411396247,2438046.1792347357
20180116,2480104.8771965834,1447492.4411396247,2438046.1792347357
20180117,2485344.5353878443,1450550.523761751,2443196.9810218518
20180118,2570925.6191784306,1500499.2065898085,2527326.7435447406
20180119,2584898.0410217918,1508654.0935821442,2541062.214977049
20180122,2522022.1427266668,1471957.1021166327,2479252.5935316607
20180123,2558699.7500654897,1493363.6804715146,2515308.2060414706
20180124,2556953.1973350695,1492344.3195974724,2513591.272112432
20180125,2480104.8771965834,1447492.4411396247,2438046.1792347357
20180126,2453906.5862402823,1432202.0280289953,2412292.170299158
20180129,2399763.451597258,1400601.8409336936,2359067.218498963
20180130,2384044.4770234767,1391427.5930673156,2343614.813137616
20180131,2453906.5862402823,1432202.0280289953,2412292.170299158
20180201,2450413.4807794415,1430163.306280911,2408858.3024410806
20180202,2453906.5862402823,1432202.0280289953,2412292.170299158
20180205,2541234.2227612883,1483170.0717310945,2498138.866751085
20180206,2445173.8225881816,1427105.2236587852,2403707.500653965
20180207,2256546.127702807,1317014.2492622503,2218278.6363178017
20180208,2190177.1239468423,1278278.5360486547,2153035.147014337
20180209,2041720.1418611312,1191632.8617550854,2007095.7630460605
20180212,2046959.8000523918,1194690.9443772116,2012246.5648331763
20180213,2085383.9601216344,1217116.8836061354,2050019.1112720242
20180214,2095863.2765041555,1223233.0488503873,2060320.7148462557
20180222,2176204.702103481,1270123.6490563187,2139299.675582029
20180223,2202402.9930597832,1285414.0621669486,2165053.684517607
20180226,2205896.098520624,1287452.7839150329,2168487.5523756845
20180227,2144766.752955919,1251775.153323563,2108394.864859335
20180228,2104596.0401562564,1228329.8532205974,2068905.3844914488
20180301,2102849.487425836,1227310.492346555,2067188.4505624096
20180302,2087130.5128520546,1218136.244480177,2051736.0452010627
20180305,2071411.5382782735,1208961.9966137994,2036283.639839716
20180306,2113328.8038083566,1233426.6575908072,2077490.054136641
20180307,2104596.0401562564,1228329.8532205974,2068905.3844914488
20180308,2115075.356538777,1234446.018464849,2079206.9880656796
20180309,2111582.2510779365,1232407.296716765,2075773.1202076024
20180312,2101102.9346954157,1226291.131472513,2065471.5166333711
20180313,2099356.3819649955,1225271.7705984712,2063754.5827043324
20180314,2081890.8546607944,1215078.1618580513,2046585.2434139473
20180315,2045213.2473219717,1193671.5835031697,2010529.630904138
20180316,2032987.378209031,1186536.0573848756,1998511.0934008681
20180319,2066171.8800870131,1205903.9139916734,2031132.8380526004
20180320,2064425.3273565932,1204884.5531176315,2029415.904123562
20180321,2078397.749199954,1213039.4401099673,2043151.3755558701
20180322,2036480.483669871,1188574.7791329597,2001944.961258945
20180323,1980590.7962964268,1155955.2311636158,1947003.0755297116
20180326,1908982.1343492013,1114161.4353278943,1876608.784439131
20180327,1910728.6870796217,1115180.7962019364,1878325.7183681696
20180328,1901995.9234275213,1110083.9918317266,1869741.0487229773
20180329,1929940.767114243,1111139.309233495,1871518.5450926549
20180330,1903742.4761579412,1111139.309233495,1871518.5450926549
20180402,1870557.974279959,1111139.309233495,1871518.5450926549
20180403,1844359.6833236567,1111139.309233495,1871518.5450926549
20180404,1898502.8179666807,1111139.309233495,1871518.5450926549
20180409,1924701.1089229826,1111139.309233495,1871518.5450926549
20180410,1994563.2181397877,1111139.309233495,1871518.5450926549
20180411,2066171.8800870131,1111139.309233495,1871518.5450926549
20180412,2012028.745443989,1111139.309233495,1871518.5450926549
20180413,2020761.50909609,1111139.309233495,1871518.5450926549
20180416,1938673.5307663437,1111139.309233495,1871518.5450926549
20180417,1957885.6108009652,1111139.309233495,1871518.5450926549
20180418,2008535.639983149,1111139.309233495,1871518.5450926549
20180419,2003295.9817918888,1111139.309233495,1871518.5450926549
20180420,1982337.3490268472,1111139.309233495,1871518.5450926549
20180423,2020761.50909609,1111139.309233495,1871518.5450926549
20180424,2071411.5382782735,1111139.309233495,1871518.5450926549
20180425,2039973.5891307113,1111139.309233495,1856373.2842370623
20180426,1994563.2181397877,1111139.309233495,1815049.9063345247
20180427,1895009.7125058405,1111139.309233495,1724456.3470866545
20180502,1900249.3706971009,1111139.309233495,1729224.429152332
20180503,1877544.1852016393,1111139.309233495,1708562.7402010635
20180504,1865318.3160886983,1111139.309233495,1697437.2153811494
20180507,1888023.50158416,1111139.309233495,1718098.904332418
20180508,1922954.5561925627,1111139.309233495,1749886.1181036006
20180509,1915968.3452708821,1111139.309233495,1743528.675349364
20180510,1922954.5561925627,1111139.309233495,1749886.1181036006
20180511,1922954.5561925627,1111139.309233495,1749886.1181036006
20180514,1952645.9526097046,1111139.309233495,1776905.2498091056
20180515,1942166.636227184,1111139.309233495,1767369.0856777509
20180516,1903742.4761579412,1111139.309233495,1732403.1505294503
20180517,1889770.0543145803,1111139.309233495,1719688.2650209772
20180518,1914221.7925404622,1111139.309233495,1741939.3146608053
20180521,1912475.2398100416,1111139.309233495,1740349.9539722456
20180522,1896756.2652362604,1111139.309233495,1726045.7077752135
20180523,1860078.657897438,1111139.309233495,1692669.133315472
20180524,1853092.4469757574,1111139.309233495,1686311.6905612354
20180525,1849599.3415149173,1111139.309233495,1683132.9691841172
20180528,1849599.3415149173,1111139.309233495,1683132.9691841172
20180529,1812921.7341760946,1111139.309233495,1649756.3947243758
20180530,1760525.1522634907,1111139.309233495,1602075.5740676017
20180531,1777990.6795676916,1111139.309233495,1617969.1809531928
20180601,1779737.2322981118,1111139.309233495,1619558.5416417518
20180604,1793709.654141473,1111139.309233495,1632273.427150225
20180605,1791963.1014110527,1111139.309233495,1630684.0664616658
20180606,1771004.4686460113,1111139.309233495,1611611.7381989565
20180607,1811175.181445674,1111139.309233495,1648167.034035816
20180608,1767511.3631851708,1111139.309233495,1608433.0168218378
20180611,1753538.94134181,1111139.309233495,1595718.131313365
20180612,1757032.0468026504,1111139.309233495,1598896.8526904834
20180613,1737819.9667680287,1111139.309233495,1581413.8851163327
20180614,1758778.5995330703,1111139.309233495,1578568.6052542317
20180615,1776244.1268372717,1111139.309233495,1578568.6052542317
20180619,1723847.5449246678,1111139.309233495,1578568.6052542317
20180620,1730833.7558463481,1111139.309233495,1578568.6052542317
20180621,1722100.9921942474,1111139.309233495,1578568.6052542317
20180622,1720354.4394638275,1111139.309233495,1578568.6052542317
20180625,1652238.8829774426,1111139.309233495,1578568.6052542317
20180626,1634773.355673241,1111139.309233495,1578568.6052542317
20180627,1587616.4319518977,1111139.309233495,1578568.6052542317
20180628,1557925.0355347553,1111139.309233495,1578568.6052542317
20180629,1587616.4319518977,1111139.309233495,1578568.6052542317
20180702,1503781.9008917315,1111139.309233495,1578568.6052542317
20180703,1514261.2172742523,1111139.309233495,1578568.6052542317
20180704,1503781.9008917315,1111139.309233495,1578568.6052542317
20180705,1502035.3481613114,1111139.309233495,1578568.6052542317
20180706,1512514.6645438322,1111139.309233495,1578568.6052542317
20180709,1577137.1155693769,1111139.309233495,1578568.6052542317
20180710,1568404.3519172762,1111139.309233495,1578568.6052542317
20180711,1533473.2973088734,1111139.309233495,1578568.6052542317
20180712,1576061.031161756,1111139.309233495,1578568.6052542317
20180713,1576061.031161756,1111139.309233495,1578568.6052542317
20180716,1549438.378608348,1111139.309233495,1578568.6052542317
20180717,1547663.5351047874,1111139.309233495,1578568.6052542317
20180718,1544113.8480976662,1111139.309233495,1578568.6052542317
20180719,1549438.378608348,1111139.309233495,1578568.6052542317
20180720,1616882.4317436484,1111139.309233495,1578568.6052542317
20180723,1671902.580354025,1111139.309233495,1578568.6052542317
20180724,1668352.8933469038,1111139.309233495,1578197.5916513181
20180725,1664803.2063397828,1111139.309233495,1574839.7244350386
20180726,1641730.240793496,1111139.309233495,1553013.5875292225
20180727,1641730.240793496,1111139.309233495,1553013.5875292225
20180730,1666578.0498433434,1111139.309233495,1576518.6580431785
20180731,1671902.580354025,1111139.309233495,1581555.4588675972
20180801,1623981.8057578905,1111139.309233495,1536224.2514478255
20180802,1586710.0921831192,1111139.309233495,1500966.6456768918
20180803,1581385.5616724377,1111139.309233495,1495929.8448524727
20180806,1586710.0921831192,1111139.309233495,1500966.6456768918
20180807,1627531.4927650115,1111139.309233495,1539582.1186641047
20180808,1606233.3707222852,1111139.309233495,1519434.9153664287
20180809,1648829.6148077378,1111139.309233495,1559729.321961781
20180810,1638180.5537863749,1111139.309233495,1549655.7203129432
20180813,1606233.3707222852,1111139.309233495,1519434.9153664287
20180814,1597359.1532044823,1111139.309233495,1511040.2473257298
20180815,1560087.439629711,1111139.309233495,1475782.6415547961
20180816,1558312.5961261503,1111139.309233495,1474103.7079466563
20180817,1563637.1266368323,1111139.309233495,1479140.5087710756
20180820,1597359.1532044823,1111139.309233495,1511040.2473257298
20180821,1638180.5537863749,1111139.309233495,1549655.7203129432
20180822,1648829.6148077378,1111139.309233495,1559729.321961781
20180823,1661253.5193326615,1111139.309233495,1571481.8572187591
20180824,1780168.0340712173,1111139.309233495,1683970.4089641187
20180827,1851161.7742136389,1111139.309233495,1751127.753289707
20180828,1826313.9651637913,1111139.309233495,1727622.682775751
20180829,1822764.2781566705,1111139.309233495,1724264.8155594717
20180830,1796141.625603262,1111139.309233495,1699080.811437376
20180831,1797916.4691068232,1111139.309233495,1700759.7450455162
20180903,1808565.530128186,1111139.309233495,1710833.3466943542
20180904,1851161.7742136389,1111139.309233495,1751127.753289707
20180905,1783717.721078339,1111139.309233495,1687328.2761803987
20180906,1769518.9730498546,1111139.309233495,1673896.8073152811
20180907,1776618.3470640965,1111139.309233495,1680612.5417478397
20180910,1753545.3815178098,1111139.309233495,1658786.4048420237
20180911,1758869.9120284913,1111139.309233495,1663823.2056664429
20180912,1753545.3815178098,1111139.309233495,1658786.4048420237
20180913,1767744.129546294,1111139.309233495,1672217.8737071413
20180914,1746446.0075035673,1111139.309233495,1652070.6704094647
20180917,1719823.3549501596,1111139.309233495,1626886.6662873693
20180918,1789042.2515890205,1111139.309233495,1692365.0770048178
20180919,1817439.747645989,1111139.309233495,1719228.0147350528
20180920,1815664.9041424284,1111139.309233495,1717549.081126913
20180921,1893758.018299092,1111139.309233495,1791422.15988506
20180925,1872459.8962563658,1111139.309233495,1771274.9565873838
20180926,1900857.3923133342,1111139.309233495,1798137.8943176188
20180927,1906181.9228240156,1111139.309233495,1803174.6951420377
20180928,1961202.0714343924,1111139.309233495,1855221.6369943686
20181008,1854711.46122076,1111139.309233495,1754485.6205059863
20181009,1874234.739759926,1111139.309233495,1772953.8901955232
20181010,1854711.46122076,1111139.309233495,1754485.6205059863
20181011,1749995.6945106885,1111139.309233495,1655428.5376257442
20181012,1828088.8086673524,1111139.309233495,1729301.616383891
20181015,1794366.782099702,1111139.309233495,1697401.8778292367
20181016,1840512.7131922755,1111139.309233495,1741054.1516408685
20181017,1833413.3391780339,1111139.309233495,1734338.4172083102
20181018,1790817.0950925807,1111139.309233495,1694044.0106129572
20181019,1909731.6098311367,1111139.309233495,1806532.562358317
20181022,1978950.5064699976,1111139.309233495,1872010.9730757654
20181023,1923930.3578596208,1111139.309233495,1819964.0312234345
20181024,1959427.2279308315,1111139.309233495,1853542.7033862285
20181025,2003798.3155198449,1111139.309233495,1895516.043589721
20181026,1984275.036980679,1098884.448915157,1877047.7739001843
20181029,1907956.7663275762,1056619.6624184204,1804853.6287501776
20181030,1934579.4188809842,1071363.1925917005,1830037.632872273
20181031,1936354.2623845448,1072346.0946032526,1831716.5664804126
20181101,1922155.5143560607,1064482.8785108365,1818285.097615295
20181102,1968301.4454486347,1090038.330811189,1861937.3714269274
20181105,1938129.1058881055,1073328.9966148047,1833395.5000885525
20181106,1923930.3578596208,1065465.7805223884,1819964.0312234345
20181107,1918605.8273489394,1062517.0744877323,1814927.2303990156
20181108,1932804.575377424,1070380.2905801486,1828358.6992641336
20181109,1872459.8962563658,1036961.62218738,1771274.9565873838
20181112,1874234.739759926,1037944.5241989319,1772953.8901955232
20181113,1870685.0527528047,1035978.7201758277,1769596.0229792434
20181114,1852936.6177171995,1026149.7000603077,1752806.6868978466
20181115,1884883.8007812889,1043841.9362682439,1783027.4918443612
20181116,1876009.5832634866,1038927.426210484,1774632.8238036628
20181119,1925705.2013631815,1066448.6825339403,1821642.9648315744
20181120,1876009.5832634866,1038927.426210484,1774632.8238036628
20181121,1883108.9572777287,1042859.034256692,1781348.5582362216
20181122,1872459.8962563658,1036961.62218738,1771274.9565873838
20181123,1831638.4956744732,1014354.8759216835,1732659.4836001704
20181126,1835188.182681594,1016320.6799447874,1736017.3508164496
20181127,1806790.6866246255,1000594.2477599551,1709154.4130862146
20181128,1824539.1216602311,1010423.2678754755,1725943.7491676116
20181129,1810340.3736317465,1002560.0517830591,1712512.2803024936
20181130,1838737.8696887153,1002718.512886397,1712782.9539493578
20181203,1879559.2702706074,1002718.512886397,1712782.9539493578
20181204,1879559.2702706074,1002718.512886397,1712782.9539493578
20181205,1854711.46122076,1002718.512886397,1712782.9539493578
20181206,1819214.5911495495,1002718.512886397,1712782.9539493578
20181207,1824539.1216602311,1002718.512886397,1712782.9539493578
20181210,1805015.843121065,1002718.512886397,1712782.9539493578
20181211,1815664.9041424284,1002718.512886397,1712782.9539493578
20181212,1817439.747645989,1002718.512886397,1712782.9539493578
20181213,1844062.4001993972,1002718.512886397,1712782.9539493578
20181214,1805015.843121065,1002718.512886397,1712782.9539493578
20181217,1826313.9651637913,1002718.512886397,1712782.9539493578
20181218,1796141.625603262,1002718.512886397,1712782.9539493578
20181219,1764194.4425391727,1002718.512886397,1712782.9539493578
20181220,1723373.0419572806,1002718.512886397,1712782.9539493578
20181221,1677227.1108647063,1002718.512886397,1712782.9539493578
20181224,1671902.580354025,1002718.512886397,1712782.9539493578
20181225,1657703.8323255405,1002718.512886397,1712782.9539493578
20181226,1650604.4583112986,1002718.512886397,1712782.9539493578
20181227,1647054.7713041774,1002718.512886397,1712782.9539493578
20181228,1664803.2063397828,1002718.512886397,1712782.9539493578
20190102,1631081.1797721325,1002718.512886397,1712782.9539493578
20190103,1647054.7713041774,1002718.512886397,1712782.9539493578
20190104,1730472.4159715225,1002718.512886397,1712782.9539493578
20190107,1728697.5724679623,1002718.512886397,1712782.9539493578
20190108,1714498.8244394779,1002718.512886397,1712782.9539493578
20190109,1764194.4425391727,1002718.512886397,1712782.9539493578
20190110,1792591.9385961413,1002718.512886397,1712782.9539493578
20190111,1810340.3736317465,1002718.512886397,1712782.9539493578
20190114,1794366.782099702,1002718.512886397,1712782.9539493578
20190115,1817439.747645989,1002718.512886397,1712782.9539493578
20190116,1860035.9917314418,1002718.512886397,1750649.934322946
20190117,1819214.5911495495,1002718.512886397,1712229.1819475382
20190118,1851161.7742136389,1002718.512886397,1742297.5968500313
20190121,1835188.182681594,1002718.512886397,1727263.3893987844
20190122,1824539.1216602311,1002718.512886397,1717240.584431287
20190123,1836963.0261851547,1002718.512886397,1728933.8568933676
20190124,1867135.365745684,1002718.512886397,1757331.804301278
20190125,1952327.8539165896,1002718.512886397,1837514.2440412603
20190128,1941678.7928952263,1002718.512886397,1827491.4390737624
20190129,1952327.8539165896,1002718.512886397,1837514.2440412603
20190130,1943453.636398787,1002718.512886397,1829161.9065683454
20190131,1970076.2889521949,1002718.512886397,1854218.9189870898
20190201,1987824.7239878003,1002718.512886397,1870923.5939329194
20190211,1989599.567491361,1002718.512886397,1872594.0614275024
20190212,1986049.8804842397,1000522.249418972,1869253.1264383364
20190213,2019771.9070518902,1017510.5628586151,1900992.008835413
20190214,1996698.941505603,1005886.9799788593,1879275.9314058344
20190215,1943453.636398787,979063.3271794231,1829161.9065683454
20190218,2016222.2200447689,1015722.3193386525,1897651.0738462468
20190219,2000248.628512724,1007675.2234988216,1882616.8663950001
20190220,2025096.4375625716,1020192.9281385586,1906003.4113191618
20190221,2016222.2200447689,1015722.3193386525,1897651.0738462468
20190222,2048169.4031088585,1031816.5110183143,1927719.4887487402
20190225,2227428.596968473,1122122.8087764164,2096436.7057016196
20190226,2165309.0743438536,1090828.547177074,2037970.343391216
20190227,2200805.944415065,1108710.9823766984,2071379.6932828752
20190228,2193706.5704008224,1105134.4953367733,2064697.823304543
20190301,2264700.310543244,1140899.3657360217,2131516.523087862
20190304,2305521.7111251364,1161464.1662155895,2169937.27546327
20190305,2317945.61565006,1167723.018535458,2181630.5479253507
20190306,2321495.302657181,1169511.2620554203,2184971.4829145167
20190307,2261150.623536123,1139111.1222160594,2128175.588098696
20190308,2183057.5093794595,1099769.7647768862,2054675.0183370456
20190311,2186607.196386581,1101558.0082968487,2058015.9533262115
20190312,2193706.5704008224,1105134.4953367733,2064697.823304543
20190313,2195481.413904383,1106028.6170967545,2066368.2907991263
20190314,2206130.474925746,1111393.3476566419,2076391.0957666242
20190315,2218554.37945067,1117652.1999765104,2088084.3682287047
20190318,2291322.9630966517,1154311.1921357398,2156573.535506606
20190319,2270024.8410539255,1143581.7310159653,2136527.9255716107
20190320,2262925.4670396834,1140005.2439760405,2129846.0555932787
20190321,2252276.40601832,1134640.5134161531,2119823.250625781
20190322,2234527.970982715,1125699.2958163412,2103118.5756799513
20190325,2149335.482811809,1082781.4513372432,2022936.135939969
20190326,2147560.639308248,1081887.3295772618,2021265.668445386
20190327,2197256.2574079437,1106922.7388567359,2068038.7582937093
20190328,2168858.761350975,1092616.7906970365,2041311.2783803819
20190329,2275349.371564607,1146264.096295909,2141539.32805536
20190401,2339243.7376927864,1178452.4796552325,2201676.157860346
20190402,2371190.920756876,1194546.6713348941,2231744.5727628395
20190403,2385389.6687853606,1201699.645414744,2245108.3127195034
20190404,2459933.095934903,1239252.7593339547,2315267.947491988
20190408,2477681.5309705087,1248193.9769337669,2331972.6224378175
20190409,2451058.8784171003,1234782.1505340487,2306915.610019073
20190410,2436860.130388616,1227629.176454199,2293551.8700624094
20190411,2403138.1038209656,1210640.863014556,2261812.987665333
20190412,2381839.9817782394,1199911.4018947815,2241767.3777303374
20190415,2429760.756374374,1224052.6894142742,2286870.0000840775
20190416,2587721.8281912617,1303629.5260526016,2435541.6071019615
20190417,2546900.427609369,1283064.7255730338,2397120.854726553
20190418,2545125.5841058083,1282170.6038130526,2395450.38723197
20190419,2614344.4807446697,1317041.3524523198,2460598.6195207057
20190422,2511403.5575381583,1265182.2903734096,2363711.5048348936
20190423,2497204.809509674,1258029.31629356,2350347.76487823
20190424,2562874.019141414,1291111.8214128646,2412155.0621777996
20190425,2507853.8705310374,1263394.0468534473,2360370.569845728
20190426,2447509.191409979,1232993.9070140861,2303574.675029907
20190429,2502529.340020356,1260711.6815735037,2355359.167361979
20190430,2458158.2524313424,1238358.6375739735,2313597.479997405
20190506,2284223.5890824096,1150734.705095815,2149891.665528274
20190507,2298422.337110894,1157887.6791756647,2163255.405484938
20190508,2236302.8144862754,1126593.4175763223,2104789.0431745346
20190509,2158209.7003296115,1087252.0601371492,2031288.473412884
20190510,2250501.5625147596,1133746.391656172,2118152.783131198
20190513,2183057.5093794595,1099769.7647768862,2054675.0183370456
20190514,2216779.5359471096,1116758.078216529,2086413.9007341217
20190515,2293097.8066002126,1155205.313895721,2158244.0030011893
20190516,2280673.902075289,1148946.4615758527,2146550.7305391086
20190517,2207905.3184293066,1112287.469416623,2078061.5632612067
20190520,2197256.2574079437,1106922.7388567359,2068038.7582937093
20190521,2229203.4404720333,1123016.9305363977,2098107.1731962026
20190522,2200805.944415065,1108710.9823766984,2071379.6932828752
20190523,2181282.6658758987,1098875.6430169048,2053004.5508424626
20190524,2191931.726897262,1104240.3735767922,2063027.3558099605
20190527,2195481.413904383,1106028.6170967545,2066368.2907991263
20190528,2216779.5359471096,1116758.078216529,2086413.9007341217
20190529,2200805.944415065,1108710.9823766984,2071379.6932828752
20190530,2168858.761350975,1099576.085128321,2054313.1710229872
20190531,2161759.387336733,1099576.085128321,2054313.1710229872
20190603,2112063.769237038,1099576.085128321,2054313.1710229872
20190604,2103189.551719235,1099576.085128321,2054313.1710229872
20190605,2124487.6737619615,1099576.085128321,2054313.1710229872
20190606,2115613.456244159,1099576.085128321,2054313.1710229872
20190610,2190156.8833937016,1099576.085128321,2054313.1710229872
20190611,2245177.0320040784,1099576.085128321,2054313.1710229872
20190612,2230978.2839755937,1099576.085128321,2041898.8824428553
20190613,2234527.970982715,1099576.085128321,2045147.7271245462
20190614,2216779.5359471096,1099576.085128321,2028903.5037160907
20190617,2248726.719011199,1099576.085128321,2058143.1058513105
20190618,2271799.6845574863,1099576.085128321,2079260.5962823026
20190619,2319720.4591536205,1099576.085128321,2123119.9994851328
20190620,2449284.03491354,1099576.085128321,2241702.830366858
20190621,2420886.538856571,1099576.085128321,2215712.0729133287
20190624,2429760.756374374,1099576.085128321,2223834.1846175566
20190625,2383614.8252818,1099576.085128321,2181599.2037555724
20190626,2397962.617383414,1099576.085128321,2194730.994803579
20190627,2458942.96816205,1099576.085128321,2250543.1517394967
20190628,2471497.7462635334,1099576.085128321,2262033.8899321854
20190701,2498400.8421952846,1099576.085128321,2286656.9003450903
20190702,2543239.3354148697,1099576.085128321,2327695.2510332647
20190703,2512749.160025552,1099576.085128321,2299789.172565306
20190704,2509162.0805679853,1099576.085128321,2296506.1045102524
20190705,2496607.3024665015,1099576.085128321,2285015.366317563
20190708,2437420.491416649,1079872.1806184393,2230844.7434091726
20190709,2437420.491416649,1079872.1806184393,2230844.7434091726
20190710,2432039.872230299,1077488.3568201647,2225920.141326592
20190711,2428452.7927727317,1075899.1409546481,2222637.0732715377
20190712,2532478.0970421694,1121986.4010546256,2317846.0468681026
20190715,2510955.6202967684,1112451.105861527,2298147.638537779
20190716,2466117.127077183,1092585.907542571,2257109.2878496046
20190717,2455355.888704483,1087818.2599460215,2247260.0836844426
20190718,2451768.8092469163,1086229.0440805051,2243977.015629389
20190719,2509162.0805679853,1111656.4979287686,2296506.1045102524
20190722,2484052.524365017,1100531.9868701533,2273524.6281248746
20190723,2467910.6668059668,1093380.5154753292,2258750.8218771317
20190724,2489433.143551368,1102915.8106684282,2278449.2302074553
20190725,2546826.4148724363,1128343.2645166914,2330978.319088319
20190726,2552207.034058787,1130727.0883149663,2335902.9211708996
20190729,2562968.272431487,1135494.7359115155,2345752.1253360617
20190730,2577316.590261754,1141851.5993735814,2358884.3975562775
20190731,2534271.636770953,1122781.008987384,2319487.58089563
20190801,2528891.0175846023,1120397.185189109,2314562.978813049
20190802,2464323.5873484,1091791.299609813,2255467.7538220775
20190805,2394375.5379258473,1060801.5902322417,2191447.9267485254
20190806,2397962.617383414,1062390.8060977582,2194730.994803579
20190807,2428452.7927727317,1075899.1409546481,2222637.0732715377
20190808,2579110.129990538,1142646.2073063399,2360525.9315838045
20190809,2604219.6861935053,1153770.718364955,2383507.4079691824
20190812,2711832.06992051,1201447.194330449,2481999.4496208015
20190813,2670580.6561584915,1183171.2118770096,2444244.166987681
20190814,2684928.973988759,1189528.0753390754,2457376.4392078966
20190815,2679548.3548024083,1187144.2515408006,2452451.8371253153
20190816,2672374.195887275,1183965.8198097679,2445885.701015208
20190819,2675961.2753448416,1185555.0356752842,2449168.7690702616
20190820,2688516.0534463255,1191117.291204592,2460659.5072629503
20190821,2591664.9080920215,1148208.4628356472,2372016.669776493
20190822,2566555.3518890543,1137083.951777032,2349035.193391116
20190823,2627535.70266769,1164100.621490812,2404847.350327033
20190826,2555794.1135163535,1132316.3041804826,2339185.989225954
20190827,2566555.3518890543,1137083.951777032,2349035.193391116
20190828,2559381.19297392,1133905.5200459992,2342469.0572810075
20190829,2534271.636770953,1122781.008987384,2319487.58089563
20190830,2539652.255957303,1125164.8327856585,2324412.182978211
20190902,2591664.9080920215,1148208.4628356472,2372016.669776493
20190903,2564761.8121602708,1136289.3438442738,2347393.659363589
20190904,2589871.3683632384,1147413.854902889,2370375.135748966
20190905,2614980.924566206,1158538.3659615044,2393356.6121343444
20190906,2656232.338328224,1176814.3484149438,2431111.894767465
20190909,2634709.861582823,1167279.0532218448,2411413.486437141
20190910,2609600.305379856,1156154.5421632298,2388432.010051763
20190911,2611393.8451086394,1156949.1500959878,2390073.5440792902
20190912,2632916.32185404,1166484.4452890866,2409771.952409614
20190916,2591664.9080920215,1148208.4628356472,2372016.669776493
20190917,2554000.5737875705,1131521.6962477244,2337544.4551984267
20190918,2584490.7491768883,1145030.0311046145,2365450.5336663853
20190919,2661612.9575145743,1179198.1722132184,2436036.496850046
20190920,2751289.943953745,1218928.56885113,2518113.198226395
20190923,2758464.1028688787,1222107.0005821632,2524679.3343365034
20190924,2722593.3082932103,1206214.8419269985,2491848.6537859635
20190925,2824825.0728338645,1251507.4940942177,2585416.0933550014
20190926,2817650.9139187313,1248329.0623631848,2578849.957244894
20190927,2851728.1687656157,1263426.6130855912,2610039.1037679063
20190930,2796128.43717333,1238793.767170086,2559151.54891457
20191008,2905534.3606291176,1287264.8510683381,2659285.1245937156
20191009,2914502.059273035,1291237.8907321293,2667492.7947313506
20191010,2912708.5195442513,1290443.282799371,2665851.2607038235
20191011,3014940.2840849054,1335735.9349665905,2759418.700272862
20191014,3088475.4129650253,1368314.8602096778,2826721.595401468
20191015,3081301.2540498916,1365136.4284786452,2820155.4592913603
20191016,3011353.204627339,1334146.719101074,2756135.632217808
20191017,2995211.347068288,1326995.2477062498,2741361.825970065
20191018,2961134.0922214035,1311897.6969838436,2710172.6794470525
20191021,3029288.6019151728,1342092.7984286563,2772550.9724930776
20191022,2944992.234662353,1304746.2255890195,2695398.8731993097
20191023,2950372.8538487027,1307130.0493872939,2700323.47528189
20191024,3025701.522457606,1340503.5825631397,2769267.904438024
20191025,3027495.062186389,1341298.190495898,2770909.438465551
20191028,2988037.188153154,1323816.815975217,2734795.689859957
20191029,3032875.68137274,1343682.0142941729,2775834.040548132
20191030,2946785.774391136,1305540.8335217775,2697040.4072268363
20191031,2916295.5990018183,1292032.4986648876,2669134.328758878
20191101,3023907.9827288226,1339708.9746303817,2767626.370410497
20191104,3034669.2211015234,1344476.6222269312,2777475.574575659
20191105,3075920.634863541,1362752.6046803703,2815230.857208779
20191106,3041843.3800166566,1347655.0539579638,2784041.710685767
20191107,3029288.6019151728,1342092.7984286563,2772550.9724930776
20191108,2986243.6484243707,1323022.2080424584,2733154.15583243
20191111,2919882.6784593854,1293621.7145304042,2672417.396813932
20191112,2928850.3771033017,1297594.7541941951,2680625.0669515664
20191113,2928850.3771033017,1297594.7541941951,2680625.0669515664
20191114,2927056.8373745186,1296800.146261437,2678983.5329240398
20191115,2930643.9168320852,1298389.3621269534,2682266.6009790935
20191118,2950372.8538487027,1307130.0493872939,2700323.47528189
20191119,2943198.694933569,1303951.617656261,2693757.3391717826
20191120,2842760.4701216985,1259453.5734218,2601831.4336302713
20191121,2844554.009850482,1260248.181354558,2603472.9676577984
20191122,2796128.43717333,1238793.767170086,2559151.54891457
20191125,2833792.7714777817,1255480.5337580089,2593623.7634926364
20191126,2801509.0563596804,1241177.5909683607,2564076.1509971507
20191127,2774605.9604279296,1229258.4719769873,2539453.1405842463
20191128,2778193.0398854963,1230847.6878425037,2542736.2086393
20191129,2742322.245309828,1214955.529187339,2509905.52808876
20191202,2754877.0234113117,1220517.7847166467,2521396.2662814492
20191203,2771018.880970362,1227669.2561114707,2536170.072529192
20191204,2745909.324767395,1216544.7450528555,2513188.5961438143
20191205,2767431.8015127955,1226080.0402459542,2532887.004474138
20191206,2797921.9769021133,1227046.7901342064,2534884.156493707
20191209,2763844.722055229,1227046.7901342064,2534884.156493707
20191210,2749496.4042249615,1227046.7901342064,2534884.156493707
20191211,2808683.215274814,1227046.7901342064,2534884.156493707
20191212,2797921.9769021133,1227046.7901342064,2534884.156493707
20191213,2891186.0427988507,1227046.7901342064,2534884.156493707
20191216,2892979.5825276338,1227046.7901342064,2534884.156493707
20191217,2959340.55249262,1227046.7901342064,2534884.156493707
20191218,2952166.3935774863,1227046.7901342064,2536214.8327614465
20191219,2968308.251136537,1227046.7901342064,2550082.350073022
20191220,2975482.4100516704,1227046.7901342064,2556245.6911003883
20191223,2912708.5195442513,1227046.7901342064,2502316.4571109284
20191224,2941405.1552047855,1227046.7901342064,2526969.8212203956
20191225,2923469.757916952,1227046.7901342064,2511561.468651979
20191226,2953959.9333062693,1227046.7901342064,2537755.6680182875
20191227,2982656.568966804,1227046.7901342064,2562409.0321277548
20191230,2971895.330594104,1227046.7901342064,2553164.020586705
20191231,2950372.8538487027,1227046.7901342064,2534673.9975046045
20200102,3025712.6087605767,1241645.5093390455,2599398.602567449
20200103,3081312.544072715,1264461.7575841611,2647164.670545867
20200106,3061583.5347684077,1256365.6694971847,2630215.4206180414
20200107,3075931.90517154,1262253.7335604401,2642542.147838278
20200108,2988048.1364523536,1226189.3411729992,2567040.9436143273
20200109,3011364.238357444,1235757.4452757896,2587071.8753472124
20200110,2993428.7753535286,1228397.36519672,2571663.4663219163
20200113,3047235.164365275,1250477.6054339288,2617888.693397804
20200114,3005983.5994562698,1233549.421252069,2582449.352639624
20200115,2962938.4882468716,1215885.2290623018,2545469.170978913
20200116,2928861.1085394314,1201901.0769120692,2516193.19383085
20200117,2939622.3863417814,1206317.1249595112,2525438.239246028
20200120,2950383.6641441304,1210733.1730069527,2534683.2846612055
20200121,2869674.08062651,1177612.8126511397,2465345.4440473733
20200122,2885815.9973300337,1184236.8847223022,2479213.0121701397
20200123,2787170.9508084976,1143756.4442874193,2394466.7625310114
20200203,2509171.2742478047,1029675.2030618403,2155636.422638922
20200204,2618577.5985716903,1074571.691544165,2249627.7176932283
20200205,2623958.2374728653,1076779.715567886,2254250.2404008172
20200206,2649067.885678347,1087083.8276785833,2275822.0130362315
20200207,2622164.691172473,1076043.7075599788,2252709.399498287
20200210,2600642.1355677745,1067211.6114650953,2234219.308667932
20200211,2652654.97827913,1088555.8436943972,2278903.694841291
20200212,2649067.885678347,1087083.8276785833,2275822.0130362315
20200213,2627545.330073648,1078251.7315836998,2257331.922205876
20200214,2695700.0894885277,1106220.0358841643,2315883.876502001
20200217,2756680.663701841,1131244.308153001,2368272.467188008
20200218,2726190.376595184,1118732.1720185827,2342078.1718450044
20200219,2733364.561796751,1121676.2040502105,2348241.535455123
20200220,2796138.6823104555,1147436.4843269542,2402170.9670436596
20200221,2794345.1360100643,1146700.4763190472,2400630.12614113
20200224,2731571.015496359,1120940.1960423035,2346700.6945525934
20200225,2697493.635788919,1106956.0438920711,2317424.717404531
20200226,2688525.9042869615,1103276.0038525364,2309720.512891883
20200227,2710048.4598916606,1112108.09994742,2328210.6037222384
20200228,2600642.1355677745,1067211.6114650953,2234219.308667932
20200302,2652654.97827913,1088555.8436943972,2278903.694841291
20200303,2640100.1541763893,1083403.7876390486,2268117.8085235837
20200304,2634719.5152752143,1081195.7636153274,2263495.2858159943
20200305,2760267.7563026245,1132716.324168815,2371354.1489930674
20200306,2695700.0894885277,1106220.0358841643,2315883.876502001
20200309,2591674.4040658167,1063531.5714255604,2226515.104155284
20200310,2647274.3393779555,1086347.8196706763,2274281.172133702
20200311,2634719.5152752143,1081195.7636153274,2263495.2858159943
20200312,2632925.9689748227,1080459.7556074206,2261954.444913465
20200313,2604229.228168558,1068683.6274809092,2237300.9904729915
20200316,2466126.163038407,1012011.0108720731,2118656.2409782116
20200317,2405145.5888250936,986986.7386032364,2066267.650292205
20200318,2279597.347797684,935466.178049749,1958408.7871151322
20200319,2193507.1253788886,900137.7936702148,1884448.423793711
20200320,2245519.968090244,921482.0258995168,1929132.8099670697
20200323,2179158.754975756,894249.7296069593,1872121.6965734742
20200324,2261661.884793768,928106.0979706794,1943000.378089836
20200325,2308294.0886039487,946272.7116012874,1981032.3845921773
20200326,2342371.468311389,946272.7116012874,1981032.3845921773
20200327,2358513.385014913,946272.7116012874,1981032.3845921773
20200330,2320848.91270669,946272.7116012874,1981032.3845921773
20200331,2295739.264501208,946272.7116012874,1981032.3845921773
20200401,2311881.181204732,946272.7116012874,1981032.3845921773
20200402,2326229.551607865,946272.7116012874,1981032.3845921773
20200403,2261661.884793768,946272.7116012874,1981032.3845921773
20200407,2310087.6349043404,946272.7116012874,1981032.3845921773
20200408,2292152.1719004246,946272.7116012874,1981032.3845921773
20200409,2284977.986698859,946272.7116012874,1981032.3845921773
20200410,2293945.7182008163,946272.7116012874,1981032.3845921773
20200413,2258074.792192985,946272.7116012874,1981032.3845921773
20200414,2306500.542303557,946272.7116012874,1981032.3845921773
20200415,2308294.0886039487,946272.7116012874,1981032.3845921773
20200416,2274216.708896509,946272.7116012874,1981032.3845921773
20200417,2311881.181204732,946272.7116012874,1981032.3845921773
20200420,2329816.644208648,946272.7116012874,1998459.77568155
20200421,2412319.77402666,946272.7116012874,2069228.9440274707
20200422,2372861.7554180454,946272.7116012874,2035382.8200359435
20200423,2372861.7554180454,946272.7116012874,2035382.8200359435
20200424,2374655.301718437,946272.7116012874,2036921.2802173765
20200427,2421287.505528618,946272.7116012874,2076921.2449346364
20200428,2424874.598129401,946272.7116012874,2079998.1652975024
20200429,2514551.913148979,946272.7116012874,2156921.1743691554
20200430,2498409.996445455,946272.7116012874,2143075.032736258
20200506,2469713.2556391903,946272.7116012874,2118459.669833329
20200507,2455364.8852360575,946272.7116012874,2106151.988381864
20200508,2501997.0890462385,946272.7116012874,2146151.953099124
20200511,2510964.8205481963,946272.7116012874,2153844.2540062894
20200512,2473300.348239973,946272.7116012874,2121536.590196195
20200513,2444603.6074337084,946272.7116012874,2096921.2272932662
20200514,2385416.579520786,946272.7116012874,2046152.0413059748
20200515,2372861.7554180454,946272.7116012874,2035382.8200359435
20200518,2367481.1165168704,946272.7116012874,2030767.4394916443
20200519,2396177.8573231357,946272.7116012874,2055382.8023945733
20200520,2423081.0518290093,946272.7116012874,2078459.7051160694
20200521,2403352.0425247024,946272.7116012874,2061536.6431203056
20200522,2317261.820105907,946272.7116012874,1987690.5544115186
20200525,2324436.0053074732,946272.7116012874,1993844.395137251
20200526,2338784.375710605,946272.7116012874,2006152.076588715
20200527,2331610.1905090394,946272.7116012874,1999998.235862983
20200528,2384518.7154836357,946272.7116012874,2045381.87547909
20200529,2371747.765974542,946272.7116012874,2034427.2671176873
20200601,2430129.2494446845,946272.7116012874,2084505.476769815
20200602,2472090.9406888494,946272.7116012874,2120499.1899572816
20200603,2470266.5193304075,946272.7116012874,2118934.2459056526
20200604,2475739.7834057338,946272.7116012874,2123629.07806054
20200605,2479388.626122617,946272.7116012874,2126758.966163798
20200608,2484861.890197943,946272.7116012874,2131453.7983186846
20200609,2493983.996990153,946272.7116012874,2139278.5185768297
20200610,2461144.412538198,946272.7116012874,2111109.525647508
20200611,2386343.1368420776,946272.7116012874,2046946.8195307194
20200612,2369923.3446161,946272.7116012874,2032862.3230660583
20200615,2338908.181522587,946272.7116012874,2006258.2741883656
20200616,2351679.1310316804,946272.7116012874,2017212.8825497683
20200617,2344381.4455979127,946272.7116012874,2010953.1063432521
20200618,2327961.653371935,946272.7116012874,1996868.6098785913
20200619,2335259.338805703,946272.7116012874,2003128.3860851075
20200622,2306068.597070632,946272.7116012874,1978089.2812590438
20200623,2298770.911636864,946272.7116012874,1971829.5050525276
20200624,2335259.338805703,946272.7116012874,2003128.3860851075
20200629,2335259.338805703,946272.7116012874,2003128.3860851075
20200630,2335259.338805703,946272.7116012874,2003128.3860851075
20200701,2393640.8222758453,946272.7116012874,2053206.5957372352
20200702,2450197.884387546,946272.7116012874,2101719.861337734
20200703,2599800.435779786,946272.7116012874,2230045.273571311
20200706,2860692.690036986,946272.7116012874,2453832.2729542567
20200707,2824204.262868147,946272.7116012874,2422533.3919216767
20200708,2875288.060904522,946272.7116012874,2466351.8253672887
20200709,2833326.3696603565,946272.7116012874,2430358.1121798214
20200710,2711090.1386447456,946272.7116012874,2325506.860720679
20200713,2716563.402720072,946272.7116012874,2330201.6928755664
20200714,2678250.5541927903,946272.7116012874,2297337.8677913575
20200715,2603449.2784966705,946272.7116012874,2233175.161674569
20200716,2581556.222195367,946272.7116012874,2214395.8330550212
20200717,2579731.800836925,946272.7116012874,2212830.8890033923
20200720,2687372.6609850004,946272.7116012874,2305162.5880495026
20200721,2643586.5483823936,946272.7116012874,2267603.930810407
20200722,2628991.1775148576,946272.7116012874,2255084.378397375
20200723,2556014.3231771793,946272.7116012874,2192486.6163322153
20200724,2462968.8338966398,946272.7116012874,2112674.469699137
20200727,2415533.878577149,946272.7116012874,2071985.924356783
20200728,2433778.0921615683,946272.7116012874,2087635.3648730728
20200729,2470266.5193304075,946272.7116012874,2118934.2459056526
20200730,2439251.356236894,946272.7116012874,2092330.1970279596
20200731,2433778.0921615683,946272.7116012874,2087635.3648730728
20200803,2479388.626122617,946272.7116012874,2126758.966163798
20200804,2561487.587252505,946272.7116012874,2197181.448487102
20200805,2510403.7892161305,946272.7116012874,2153363.0150414906
20200806,2535945.688234318,946272.7116012874,2175272.2317642965
20200807,2499457.261065479,946272.7116012874,2143973.3507317165
20200810,2545067.7950265273,946272.7116012874,2183096.952022441
20200811,2577907.379478483,946272.7116012874,2211265.944951763
20200812,2623517.913439532,946272.7116012874,2250389.546242488
20200813,2587029.4862706927,946272.7116012874,2219090.665209908
20200814,2639937.7056655097,946272.7116012874,2264474.042707149
20200817,2771296.0434733303,946272.7116012874,2377150.0144244363
20200818,2763998.3580395626,946272.7116012874,2370890.2382179205
20200819,2754876.2512473525,946272.7116012874,2363065.5179597754
20200820,2661830.761966813,946272.7116012874,2283253.3713266966
20200821,2636288.8629486253,946272.7116012874,2261344.1546038906
20200824,2638113.2843070677,946272.7116012874,2262909.09865552
20200825,2663655.183325255,946272.7116012874,2284818.3153783255
20200826,2621693.49208109,946272.7116012874,2248824.6021908587
20200827,2638113.2843070677,946272.7116012874,2262909.09865552
20200828,2760349.5153226787,946272.7116012874,2367760.350114662
20200831,2751227.4085304686,946272.7116012874,2359935.629856517
20200901,2762173.93668112,946272.7116012874,2369325.294166291
20200902,2795013.521133076,946272.7116012874,2397494.2870956133
20200903,2718387.824078514,919135.3576194993,2331766.6369271954
20200904,2729334.3522291654,922836.5738246785,2341156.3012369694
20200907,2725685.509512281,921602.8350896187,2338026.413133711
20200908,2815082.156075937,951829.4340985821,2414708.6716635316
20200909,2774944.886190214,938258.3080129252,2380279.902527694
20200910,2798662.3638499593,946277.6097908134,2400624.1751988707
20200911,2738456.4590213746,925920.9206623278,2348981.021495114
20200914,2791364.6784161916,943810.1323206939,2394364.398992355
20200915,2800486.7852084013,946894.4791583432,2402189.1192504996
20200916,2816906.5774343787,952446.303466112,2416273.6157151605
20200917,2840624.0550941243,960465.6052440002,2436617.8883863376
20200918,2931845.1230162224,991309.0736204936,2514865.0909677874
20200921,2893532.2744889413,978354.8169023664,2482001.2658835785
20200922,2840624.0550941243,960465.6052440002,2436617.8883863376
20200923,2851570.5832447764,964166.8214491796,2446007.552696112
20200924,2758525.0939642363,932706.4837051562,2366195.406063033
20200925,2771296.0434733303,937024.5692778655,2377150.0144244363
20200928,2793189.0997746335,944427.0016882238,2395929.343043984
20200929,2700143.610494094,912966.6639442007,2316117.1964109056
20200930,2767647.200756446,935790.8305428056,2374020.126321178
20201009,2769471.622114888,936407.6999103355,2375585.070372807
20201012,2900829.959922709,980822.2943724858,2488261.0420900946
20201013,2930020.70165778,990692.2042529635,2513300.146916158
20201014,2924547.4375824546,988841.5961503742,2508605.3147612717
20201015,3021241.769579878,1021535.6726294569,2591547.3494976074
20201016,3119760.522935744,1054846.6184760698,2676054.3282855735
20201019,3189088.5345565383,1078287.6544422046,2735522.202247475
20201020,3200035.0627071895,1081988.8706473836,2744911.8665572484
20201021,3267538.652969542,1104813.0372459886,2802814.796467521
20201022,3203683.9054240733,1083222.6093824434,2748041.7546605067
20201023,3307675.922855265,1118384.1633316458,2837243.565603359
20201026,3229225.804442261,1091858.7805278616,2769950.9713833127
20201027,3240172.332592913,1095559.9967330408,2779340.635693087
20201028,3216454.854933167,1087540.6949551525,2758996.3630219093
20201029,3241996.7539513544,1096176.8661005707,2780905.5797447152
20201030,3238347.911234471,1094943.127365511,2777775.691641458
20201102,3216454.854933167,1087540.6949551525,2758996.3630219093
20201103,3276660.759761752,1107897.3840836382,2810639.516725667
20201104,3342339.928665662,1130104.6813147133,2866977.5025843102
20201105,3229225.804442261,1091858.7805278616,2769950.9713833127
20201106,3218279.2762916093,1088157.5643226823,2760561.3070735387
20201109,3254767.7034604484,1100494.9516732797,2791860.1881061187
20201110,3304027.080138381,1117150.424596586,2834113.6775001013
20201111,3249294.439385122,1098644.34357069,2787165.3559512314
20201112,3221928.119008493,1089391.303057742,2763691.195176797
20201113,3134355.8938032794,1059781.5734163085,2688573.880698605
20201116,3169019.8996136766,1071502.091399376,2718307.817679556
20201117,3252943.282102006,1099878.0823057496,2790295.2440544893
20201118,3367881.8276838497,1138740.8524601315,2888886.719307116
20201119,3439034.260663086,1162798.7577937962,2949919.537320647
20201120,3440858.682021528,1163415.6271613261,2951484.481372276
20201123,3579514.7052631164,1210297.6990935958,3070420.229296079
20201124,3532079.749943625,1194259.0955378192,3029731.683953725
20201125,3477347.1091903667,1175753.0145119233,2982783.362404855
20201126,3557621.648961813,1202895.2666832374,3051640.900676531
20201127,3594110.076130652,1215232.6540338346,3082939.7817091104
20201130,3601407.76156442,1217700.131503954,3089199.5579156266
20201201,3657964.823676121,1236823.08189738,3137712.823516126
20201202,3581339.1266215583,1210914.5684611255,3071985.173347708
20201203,3564919.3343955805,1205362.7441533566,3057900.6768830465
20201204,3521133.2217929745,1190557.8793326402,3020342.0196439517
20201207,3449980.7888137377,1166499.9739989755,2959309.2016304205
20201208,3413492.3616448985,1154162.586648378,2928010.3205978405
20201209,3413492.3616448985,1154162.586648378,2928010.3205978405
20201210,3402545.8334942465,1150461.3704431988,2918620.656288067
20201211,3378828.3558345013,1142442.0686653105,2898276.38361689
20201214,3444507.524738412,1164649.3658963856,2954614.3694755333
20201215,3418965.625720224,1156013.1947509674,2932705.1527527273
20201216,3468225.0023981575,1172668.6676742742,2974958.642146711
20201217,3457278.4742475054,1168967.4514690947,2965568.9778369362
20201218,3349637.61409943,1132572.1587848328,2873237.278790826
20201221,3335042.2432318944,1127637.2038445938,2860717.7263777945
20201222,3265714.2316110996,1104196.1678784587,2801249.8524158923
20201223,3283958.44519552,1110364.8615537577,2816899.2929321826
20201224,3331393.4005150106,1126403.465109534,2857587.838274536
20201225,3291256.130629287,1112832.339023877,2823159.069138698
20201228,3439034.260663086,1162798.7577937962,2949919.537320647
20201229,3497415.7441332284,1182538.5775547517,2999997.746972774
20201230,3502889.008208554,1184389.1856573413,3004692.579127661
20201231,3528430.907226742,1193025.3568027595,3026601.795850467
20210104,3393423.7267020377,1147377.0236055497,2910795.936029922
20210105,3314973.608289033,1120851.6408017653,2843503.3418098753
20210106,3568568.177112465,1206596.4828884166,3061030.564986305
20210107,3630608.3114246735,1227573.3576863103,3114247.075911757
20210108,3621486.1799889337,1224489.0025162443,3106422.3345149946
20210111,3718180.773207782,1257183.1673189453,3189364.5933206845
20210112,3831295.203010963,1295429.171427765,3286391.3866405482
20210113,3776562.4143965202,1276923.0404073682,3239442.938259969
20210114,3679867.821177673,1244228.8756046677,3156500.6794542796
20210115,3831295.203010963,1295429.171427765,3286391.3866405482
20210118,4141447.671826136,1400297.2472100125,3552432.5941304974
20210119,4075768.325488805,1378089.8899855365,3496094.4560738024
20210120,4099485.86722173,1386109.2134277083,3516438.7837053863
20210121,4055699.636330176,1371304.308611391,3478880.0250009233
20210122,4019211.1105872146,1358966.8879311266,3447581.0594138703
20210125,4103134.719796026,1387342.9554957347,3519568.6802640916
20210126,4081241.6043502493,1379940.5030875762,3500789.30091186
20210127,4210775.870737763,1423738.346502515,3611900.628745898
20210128,4161516.3609847645,1407082.8285841579,3569647.025203376
20210129,4212600.297024911,1424355.2175365281,3613465.5770252505
20210201,4478966.534948531,1514418.3885024583,3841948.025810736
20210202,4247264.396480724,1436075.7671827795,3643199.594332951
20210203,4551943.586434454,1539093.2298629873,3904545.956984842
20210204,4488088.66638427,1517502.7436725246,3849772.7672074996
20210205,4548294.733860157,1537859.4877949608,3901416.060426137
20210208,4524577.192127232,1529840.164352789,3881071.7327945526
20210209,4484439.813809974,1516269.0016044981,3846642.8706487943
20210210,4345783.415986721,1469386.8030194934,3727706.801417994
20210218,4433355.877769829,1498996.612652128,3802824.3188269204
20210219,4351256.694848166,1471237.4161215331,3732401.646256052
20210222,4083066.0306373974,1380557.3741215894,3502354.249191213
20210223,4000966.847715734,1352798.1775909946,3431931.576620344
20210224,4042928.6523201396,1366986.2113732984,3467925.3870454547
20210225,4030157.6683101035,1362668.114135206,3456970.7490899866
20210226,3900623.4019225896,1318870.2707202672,3345859.421255949
20210301,3913394.3859326257,1323188.3679583597,3356814.059211417
20210302,3949882.9116755878,1335525.7886386241,3388113.02479847
20210303,4198004.886727727,1419420.2492644226,3600945.99079043
20210304,4181585.0501433937,1413868.4099583034,3586861.4562762557
20210305,4075768.325488805,1378089.8899855365,3496094.4560738024
20210308,3940760.7802398475,1332441.4334685584,3380288.283401707
20210309,3803928.8087037425,1286176.1059175667,3262917.162450259
20210310,3721829.625782078,1258416.9093869717,3192494.4898793898
20210311,3880554.712763961,1312084.6893461219,3328644.99018307
20210312,3918867.664794071,1325038.9810603997,3361508.9040494757
20210315,3940760.7802398475,1332441.4334685584,3380288.283401707
20210316,3951707.3379627354,1336142.6596726375,3389677.9730778225
20210317,3867783.7287539244,1320807.6874467293,3350774.479356084
20210318,3964478.3219727725,1320807.6874467293,3350774.479356084
20210319,3734600.6097921142,1320807.6874467293,3350774.479356084
20210322,3931638.648804107,1320807.6874467293,3350774.479356084
20210323,3873257.007615369,1320807.6874467293,3350774.479356084
20210324,3745547.167515003,1320807.6874467293,3350774.479356084
20210325,3785684.545832261,1320807.6874467293,3350774.479356084
20210326,3856837.1710310364,1320807.6874467293,3350774.479356084
20210329,3920692.0910812183,1320807.6874467293,3350774.479356084
20210330,4000966.847715734,1320807.6874467293,3432509.7820056193
20210331,4015562.258012919,1320807.6874467293,3445031.477516812
20210401,3973600.453408513,1320807.6874467293,3409031.6029221336
20210402,3922516.5173683665,1320807.6874467293,3365205.6686329595
20210406,3955356.1905370317,1320807.6874467293,3393379.4835331426
20210407,3948058.48538844,1320807.6874467293,3387118.635777547
20210408,3933463.0750912554,1320807.6874467293,3374596.940266354
20210409,3886027.9916254054,1320807.6874467293,3333901.4298549793
20210412,3776562.4143965202,1320807.6874467293,3239988.713521036
20210413,3791157.8246937054,1320807.6874467293,3252510.4090322284
20210414,3771089.1355350767,1320807.6874467293,3235293.077704339
20210415,3714531.920633486,1320807.6874467293,3186771.507598468
20210416,3696287.6577620055,1320807.6874467293,3171119.3882094775
20210419,3858661.5973181836,1320807.6874467293,3310423.2507714927
20210420,3957180.616824181,1320807.6874467293,3394944.695472042
20210421,4198004.886727727,1320807.6874467293,3601552.671406717
20210422,4192531.6078662826,1320807.6874467293,3596857.0355900195
20210423,4249088.822767872,1320807.6874467293,3645378.6056958903
20210426,4185233.90271769,1320807.6874467293,3590596.1878344235
20210427,4185233.90271769,1320807.6874467293,3590596.1878344235
20210428,4260035.380490761,1320807.6874467293,3654769.877329285
20210429,4303821.611382315,1320807.6874467293,3692334.9638628615
20210430,4249088.822767872,1320807.6874467293,3645378.6056958903
20210506,4287401.774797982,1320807.6874467293,3678248.05641277
20210507,4387745.220591126,1320807.6874467293,3764334.713052218
20210510,4353081.121135313,1320807.6874467293,3734595.6862131357
20210511,4292875.053659427,1320807.6874467293,3682943.6922294674
20210512,4296523.906233722,1320807.6874467293,3686074.116107265
20210513,4208951.444450615,1320807.6874467293,3610943.9430401106
20210514,4288008.892818092,1320807.6874467293,3678768.915150715
20210517,4339494.419833061,1320807.6874467293,3722939.3823995227
20210518,4394657.4844919555,1320807.6874467293,3770264.8830232453
20210519,4339494.419833061,1320807.6874467293,3722939.3823995227
20210520,4379947.333916251,1320807.6874467293,3757644.749523586
20210521,4319267.962791466,1320807.6874467293,3705586.698837491
20210524,4317429.193969503,1319092.47150603,3704009.182150034
20210525,4523371.302029377,1382013.4071144948,3880691.0511452653
20210526,4598760.823729867,1405046.9638997365,3945369.2353310203
20210527,4558307.909646677,1392687.4944052165,3910663.868206956
20210528,4504983.613809746,1376395.4664351677,3864915.884270691
20210531,4449820.549150851,1359541.644397186,3817590.3836469683
20210601,4398335.022135883,1343811.41049507,3773419.916398161
20210602,4392818.715669993,1342126.0282912718,3768687.3663357883
20210603,4370753.489806434,1335384.499476079,3749757.166086299
20210604,4512338.689097598,1378642.6427068985,3871225.95102052
20210607,4468208.237370483,1365159.5850765132,3833365.550521543
20210608,4510499.920275635,1378080.848638966,3869648.4343330637
20210609,4532565.146139192,1384822.3774541584,3888578.634582552
20210610,4449820.549150851,1359541.644397186,3817590.3836469683
20210611,4297202.736927908,1312912.7367587702,3686656.498588002
20210615,4269621.20459846,1304485.8257397793,3662993.74827614
20210616,4276976.279886314,1306733.0020115103,3669303.815025971
20210617,4247555.978734903,1297744.2969245869,3644063.5480266516
20210618,4164811.3817465603,1272463.5638676141,3573075.297091067
20210621,4074711.7094703657,1244935.6545389108,3495776.9794056537
20210622,4223651.984049382,1290440.9740414612,3623555.831089705
20210623,4254911.0540227555,1299991.4731963174,3650373.614776481
20210624,4243878.441090976,1296620.7087887211,3640908.5146517362
20210625,4295363.968105945,1312350.9426908374,3685078.9819005444
20210628,4188715.376432082,1279766.8867507398,3593583.014028014
20210629,4107809.548265703,1255047.9477617,3524172.2797798878
20210630,4159295.075280671,1270778.181663816,3568342.747028695
20210701,4265943.666954535,1303362.237603914,3659838.714901226
20210702,4010354.800701655,1225272.8621612655,3440563.8953446434
20210705,4056324.021250734,1239317.7138595837,3480001.812531079
20210706,4188715.376432082,1279766.8867507398,3593583.014028014
20210707,4146423.6935269292,1266845.623188287,3557300.1302164933
20210708,3955191.7360427603,1208419.0401232839,3393238.394720921
20210709,3911061.2843156443,1194935.9824928986,3355377.9942219425
20210712,3890834.8272740496,1188756.2477456387,3338025.310659911
20210713,3883479.751986197,1186509.071473908,3331715.2439100817
20210714,3817284.0743955234,1177644.9048959636,3306824.6808100385
20210715,3975418.193084355,1177644.9048959636,3306824.6808100385
20210716,3923932.666069387,1177644.9048959636,3306824.6808100385
20210719,3900028.6713838656,1177644.9048959636,3306824.6808100385
20210720,3787863.773244113,1177644.9048959636,3306824.6808100385
20210721,3760282.2409146647,1177644.9048959636,3306824.6808100385
20210722,3747410.859160923,1177644.9048959636,3306824.6808100385
20210723,3695925.3321459545,1177644.9048959636,3306824.6808100385
20210726,3456885.385290744,1177644.9048959636,3306824.6808100385
20210727,3265653.4278065753,1177644.9048959636,3306824.6808100385
20210728,3263814.6589846113,1177644.9048959636,3306824.6808100385
20210729,3302428.804245838,1177644.9048959636,3306824.6808100385
20210730,3252782.046052833,1177644.9048959636,3306824.6808100385
20210802,3311622.648355654,1177644.9048959636,3306824.6808100385
20210803,3289557.4224920957,1177644.9048959636,3306824.6808100385
20210804,3274847.2719163904,1177644.9048959636,3306824.6808100385
20210805,3250943.277230869,1177644.9048959636,3306824.6808100385
20210806,3284041.1160262064,1177644.9048959636,3306824.6808100385
20210809,3504693.3746617856,1177644.9048959636,3306824.6808100385
20210810,3627890.8857333176,1177644.9048959636,3306824.6808100385
20210811,3642601.0363090225,1177644.9048959636,3306824.6808100385
20210812,3657311.1868847283,1177644.9048959636,3306824.6808100385
20210813,3657311.1868847283,1177644.9048959636,3306824.6808100385
20210816,3668343.799816507,1177644.9048959636,3306824.6808100385
20210817,3616858.272801539,1177644.9048959636,3306824.6808100385
20210818,3791541.310888039,1177644.9048959636,3306824.6808100385
20210819,3740055.7838730705,1177644.9048959636,3279954.509120355
20210820,3570889.0522524593,1177644.9048959636,3131598.6512840358
20210823,3548823.8263889016,1177644.9048959636,3112247.887218429
20210824,3559856.43932068,1177644.9048959636,3121923.269251232
20210825,3523081.062881417,1177644.9048959636,3089671.9958085543
20210826,3394367.245343996,1177644.9048959636,2976792.5387591813
20210827,3381495.8635902535,1177644.9048959636,2965504.593054244
20210830,3258298.352518722,1177644.9048959636,2857462.8270212724
20210831,3273008.5030944278,1177644.9048959636,2870363.336398344
20210901,3287718.653670132,1177644.9048959636,2883263.8457754147
20210902,3383334.632412217,1177644.9048959636,2967117.1567263776
20210903,3317138.9548215433,1177644.9048959636,2909064.8645295575
20210906,3392528.476522033,1177644.9048959636,2975179.9750870476
20210907,3537791.213457122,1177644.9048959636,3102572.505185625
20210908,3535952.44463516,1177644.9048959636,3100959.941513492
20210909,3493660.761730007,1177644.9048959636,3063870.977054412
20210910,3782347.4667782234,1177644.9048959636,3317043.4735794347
20210913,3716151.7891875496,1177644.9048959636,3258991.181382614
20210914,3561695.2081426443,1177644.9048959636,3123535.8329233667
20210915,3589276.740472091,1177644.9048959636,3147724.288005375
20210916,3508370.912305712,1177644.9048959636,3076771.486431483
20210917,3407238.627097738,1177644.9048959636,2988080.4844641187
20210922,3306106.341889764,1177644.9048959636,2899389.482496754
20210923,3250943.277230869,1177644.9048959636,2851012.572332737
20210924,3190263.9061060855,1177644.9048959636,2797797.9711523186
20210927,3230716.820189275,1177644.9048959636,2833274.3719392642
20210928,3304267.573067801,1177644.9048959636,2897776.91882462
20210929,3337365.4118631375,1177644.9048959636,2926803.06492303
20210930,3296912.4977799486,1177644.9048959636,2891326.6641360847
20211008,3427465.084139333,1177644.9048959636,3005818.6848575915
20211011,3567211.514608533,1177644.9048959636,3128373.523939768
20211012,3558017.6704987176,1177644.9048959636,3120310.705579099
20211013,3600309.3534038696,1177644.9048959636,3157399.6700381776
20211014,3532274.906991233,1177644.9048959636,3097734.814169224
20211015,3615019.5039795754,1177644.9048959636,3170300.1794152497
20211018,3546985.0575669385,1177644.9048959636,3110635.323546295
20211019,3598470.5845819074,1177644.9048959636,3155787.1063660444
20211020,3537791.213457122,1177644.9048959636,3102572.505185625
20211021,3677537.643926323,1177644.9048959636,3225127.3442678023
20211022,3684892.7192141754,1177644.9048959636,3231577.598956337
20211025,3699602.869789881,1177644.9048959636,3244478.1083334093
20211026,3686731.4880361385,1177644.9048959636,3233190.1626284714
20211027,3662827.493350618,1177644.9048959636,3212226.834890731
20211028,3626052.116911354,1177644.9048959636,3179975.5614480525
20211029,3585599.2028281647,1177644.9048959636,3144499.160661107
20211101,3565372.74578657,1177644.9048959636,3126760.9602676337
20211102,3342881.7183290273,1177644.9048959636,2931640.755939432
20211103,3315300.18599958,1177644.9048959636,2907452.300857424
20211104,3285879.88484817,1177644.9048959636,2881651.2821032815
20211105,3243588.201943017,1177644.9048959636,2844562.3176442017
20211108,3203135.2878598277,1177644.9048959636,2809085.9168572556
20211109,3223361.7449014224,1177644.9048959636,2826824.117250729
20211110,3199457.7502159006,1177644.9048959636,2805860.7895129877
20211111,3374140.7883024015,1177644.9048959636,2959054.3383657085
20211112,3359430.637726696,1177644.9048959636,2946153.8289886373
20211115,3388850.9388781064,1177644.9048959636,2971954.8477427796
20211116,3350236.7936168797,1177644.9048959636,2938091.0106279673
20211117,3330010.336575285,1177644.9048959636,2920352.8102344945
20211118,3273008.5030944278,1177644.9048959636,2870363.336398344
20211119,3337365.4118631375,1177644.9048959636,2926803.06492303
20211122,3331849.1053972486,1177644.9048959636,2921965.3739066287
20211123,3287718.653670132,1177644.9048959636,2883263.8457754147
20211124,3285879.88484817,1177644.9048959636,2881651.2821032815
20211125,3250943.277230869,1177644.9048959636,2851012.572332737
20211126,3232555.5890112375,1177644.9048959636,2834886.935611398
20211129,3219684.2072574957,1177644.9048959636,2823598.989906461
20211130,3206812.825503754,1177644.9048959636,2812311.0442015235
20211201,3243588.201943017,1177644.9048959636,2844562.3176442017
20211202,3234394.357833201,1177644.9048959636,2836499.4992835317
20211203,3245426.9707649797,1177644.9048959636,2846174.881316335
20211206,3328171.5677533224,1177644.9048959636,2918740.2465623613
20211207,3394367.245343996,1177644.9048959636,2976792.5387591813
20211208,3396206.014165959,1177644.9048959636,2978405.102431315
20211209,3438497.6970711118,1177644.9048959636,3015494.066890395
20211210,3379657.0947682904,1177644.9048959636,2963892.0293821096
20211213,3359430.637726696,1177644.9048959636,2946153.8289886373
20211214,3232555.5890112375,1177644.9048959636,2834886.935611398
20211215,3227039.282545348,1177644.9048959636,2830049.2445949963
20211216,3258298.352518722,1177644.9048959636,2857462.8270212724
20211217,3230716.820189275,1177644.9048959636,2833274.3719392642
20211220,3221522.976079459,1177644.9048959636,2825211.5535785942
20211221,3234394.357833201,1177644.9048959636,2836499.4992835317
20211222,3197618.981393938,1177644.9048959636,2804248.225840854
20211223,3184747.5996401957,1177644.9048959636,2792960.2801359165
20211224,3182908.8308182326,1177644.9048959636,2791347.7164637824
20211227,3166359.9114205637,1177644.9048959636,2776834.6434145775
20211228,3157166.0673107486,1177644.9048959636,2768771.8250539084
20211229,3079937.7767882952,1177644.9048959636,2701044.150824284
20211230,3092809.1585420375,1177644.9048959636,2712332.0965292216
20211231,3030291.0185952904,1177644.9048959636,2657504.931676669
20220104,3063388.857390627,1177644.9048959636,2686531.0777750793
20220105,3153488.5296668215,1177644.9048959636,2765546.69770964
20220106,3147972.2232009326,1177644.9048959636,2760709.006693239
20220107,3162682.3737766375,1177644.9048959636,2773609.5160703096
20220110,3160843.604954675,1177644.9048959636,2771996.952398176
20220111,3201296.519037864,1177644.9048959636,2807473.353185122
20220112,3125906.9973373744,1177644.9048959636,2741358.242627632
20220113,3122229.459693448,1177644.9048959636,2738133.115283364
20220114,3002709.4862658423,1177644.9048959636,2633316.47659466
20220117,2982483.0292242477,1177644.9048959636,2615578.276201187
20220118,3037646.0938831423,1177644.9048959636,2663955.1863652044
20220119,3033968.5562392166,1177644.9048959636,2660730.0590209365
20220120,3186586.3684621584,1177644.9048959636,2651113.886456021
20220121,3190263.9061060855,1177644.9048959636,2651113.886456021
20220124,3162682.3737766375,1177644.9048959636,2626294.305583859
20220125,3098325.4650079273,1177644.9048959636,2572852.2702958155
20220126,3061550.0885686637,1177644.9048959636,2542313.9644169332
20220127,2997193.1797999535,1177644.9048959636,2488871.92912889
20220128,2910771.0451676846,1177644.9048959636,2417106.910313517
20220207,3013742.0991976215,1177644.9048959636,2502614.1667743865
20220208,3094647.9273640006,1177644.9048959636,2569798.439707927
20220209,3100164.23382989,1177644.9048959636,2574379.1855897596
20220210,3124068.228515411,1177644.9048959636,2594229.0844110325
20220211,3144294.6855570064,1177644.9048959636,2611025.152644418
20220214,3048678.7068149215,1177644.9048959636,2531625.5573593243
20220215,2993515.642156027,1177644.9048959636,2485818.098541002
20220216,3017419.636841548,1177644.9048959636,2505667.997362275
20220217,3019258.4056635113,1177644.9048959636,2507194.912656219
20220218,3083615.314432222,1177644.9048959636,2560636.9479442625
20220221,3035807.32506118,1177644.9048959636,2520937.1503017163
20220222,2984321.7980462112,1177644.9048959636,2478183.522071281
20220223,2976966.7227583583,1177644.9048959636,2472075.8608955047
20220224,2925481.19574339,1177644.9048959636,2429322.23266507
20220225,2923642.426921427,1177644.9048959636,2427795.317371126
20220228,2896060.8945919797,1177644.9048959636,2404891.5879619643
20220301,2927319.964565353,1177644.9048959636,2430849.1479590135
20220302,2883189.5128382375,1177644.9048959636,2406661.379288692
20220303,2888705.819304127,1177644.9048959636,2406661.379288692
20220304,2818832.6040695263,1177644.9048959636,2406661.379288692
20220307,2706667.705929774,1177644.9048959636,2406661.379288692
20220308,2631278.184229284,1177644.9048959636,2406661.379288692
20220309,2544856.0495970156,1177644.9048959636,2406661.379288692
20220310,2679086.1736003263,1177644.9048959636,2406661.379288692
20220311,2739765.5447251108,1177644.9048959636,2406661.379288692
20220314,2664376.023024621,1177644.9048959636,2406661.379288692
20220315,2515435.748445605,1177644.9048959636,2406661.379288692
20220316,2631278.184229284,1177644.9048959636,2406661.379288692
20220317,2657020.947736768,1177644.9048959636,2406661.379288692
20220318,2702990.168285847,1177644.9048959636,2406661.379288692
20220321,2682763.7112442525,1177644.9048959636,2406661.379288692
20220322,2791251.071740079,1177644.9048959636,2406661.379288692
20220323,2758153.2329447423,1177644.9048959636,2406661.379288692
20220324,2794928.6093840054,1177644.9048959636,2406661.379288692
20220325,2754475.695300816,1177644.9048959636,2406661.379288692
20220328,2730571.7006152947,1177644.9048959636,2406661.379288692
20220329,2699312.630641921,1177644.9048959636,2406661.379288692
20220330,2796767.378205969,1177644.9048959636,2406661.379288692
20220331,2828026.448179343,1177644.9048959636,2406661.379288692
20220401,2896060.8945919797,1177644.9048959636,2406661.379288692
20220406,3013742.0991976215,1177644.9048959636,2518795.1435738946
20220407,2993515.642156027,1177644.9048959636,2501890.478180781
20220408,3015580.8680195846,1177644.9048959636,2520331.9313369044
20220411,2951223.959250874,1177644.9048959636,2466544.359631544
20220412,2927319.964565353,1177644.9048959636,2446566.11871241
20220413,2905254.738701795,1169454.1540659368,2428124.6655562865
20220414,2949385.190428911,1187218.014634027,2465007.5718685337
20220415,3019258.4056635113,1215344.1272001697,2523405.506862926
20220418,2923642.426921427,1176855.7626359742,2443492.5431863894
20220419,2907093.5075237583,1170194.3149229405,2429661.4533192967
20220420,2914448.5828116112,1173154.9583509555,2435808.604371338
20220421,2907093.5075237583,1170194.3149229405,2429661.4533192967
20220422,2953062.728072837,1188698.3363480342,2468081.147394554
20220425,2730571.7006152947,1099138.8726505798,2282129.828070307
20220426,2708506.474751737,1090256.9423665346,2263688.3749141833
20220427,2877673.206372348,1158351.7412108805,2405072.849111132
20220428,2877673.206372348,1158351.7412108805,2405072.849111132
20220429,2816993.835247563,1133926.4329297564,2354358.8529317915
20220505,2816993.835247563,1133926.4329297564,2354358.8529317915
20220506,2750798.1576568894,1107280.642077621,2299034.493463421
20220509,2675408.6359564,1076934.046940467,2236026.195179998
20220510,2682763.7112442525,1079894.690368482,2242173.346232039
20220511,2690118.7865321054,1082855.3337964972,2248320.4972840804
20220512,2644149.5659830263,1064351.3123714032,2209900.803208823
20220513,2686441.2488881787,1071302.2814052626,2224333.022977295
20220516,2649665.8724489156,1071302.2814052626,2224333.022977295
20220517,2704828.9371078108,1071302.2814052626,2224333.022977295
20220518,2712184.012395663,1071302.2814052626,2224333.022977295
20220519,2688280.017710142,1071302.2814052626,2224333.022977295
20220520,2761830.7705886685,1071302.2814052626,2224333.022977295
20220523,2726894.1629713685,1071302.2814052626,2224333.022977295
20220524,2647827.1036269525,1071302.2814052626,2224333.022977295
20220525,2645988.3348049894,1071302.2814052626,2224333.022977295
20220526,2609212.9583657263,1071302.2814052626,2224333.022977295
20220527,2607374.189543763,1071302.2814052626,2224333.022977295
20220530,2588986.5013241316,1071302.2814052626,2224333.022977295
20220531,2603696.6518998365,1071302.2814052626,2224333.022977295
20220601,2588986.5013241316,1071302.2814052626,2224333.022977295
20220602,2565082.5066386103,1071302.2814052626,2224333.022977295
20220606,2605535.4207217996,1071302.2814052626,2224333.022977295
20220607,2603696.6518998365,1071302.2814052626,2224333.022977295
20220608,2603696.6518998365,1071302.2814052626,2224333.022977295
20220609,2638633.2595171365,1071302.2814052626,2224333.022977295
20220610,2633116.9530512476,1071302.2814052626,2224333.022977295
20220613,2557727.431350758,1071302.2814052626,2224333.022977295
20220614,2596341.576611984,1071302.2814052626,2224333.022977295
20220615,2710345.2435737,1071302.2814052626,2224333.022977295
20220616,2655182.178914805,1071302.2814052626,2176231.904527822
20220617,2657020.947736768,1071302.2814052626,2177738.990334282
20220620,2636794.4906951734,1071302.2814052626,2161161.046463225
20220621,2642310.7971610627,1071302.2814052626,2165682.303882604
20220622,2588986.5013241316,1071302.2814052626,2121976.8154952726
20220623,2611051.727187689,1071302.2814052626,2140061.845172789
20220624,2616568.0336535787,1071302.2814052626,2144583.1025921684
20220627,2664376.023024621,1071302.2814052626,2183767.333560121
20220628,2690118.7865321054,1071302.2814052626,2204866.534850557
20220629,2691957.5553540685,1071302.2814052626,2206373.6206570165
20220630,2754475.695300816,1071302.2814052626,2257614.538076647
20220701,2743443.082369037,1071302.2814052626,2248572.0232378887
20220704,2747120.620012963,1071302.2814052626,2251586.194850808
20220705,2741604.313547074,1071302.2814052626,2247064.937431429
20220706,2671731.0983124734,1071302.2814052626,2189795.6767859594
20220707,2651504.641270879,1071302.2814052626,2173217.732914903
20220708,2673569.8671344365,1071302.2814052626,2191302.7625924195
20220711,2658859.7165587316,1071302.2814052626,2179246.076140742
20220712,2651504.641270879,1071302.2814052626,2173217.732914903
20220713,2568760.0442825365,1071302.2814052626,2105398.871624216
20220714,2458433.9149647467,1071302.2814052626,2014973.723236633
20220715,2434529.920279226,1071302.2814052626,1995381.607752657
20220718,2462111.4526086734,1071302.2814052626,2017987.894849553
20220719,2467627.7590745627,1071302.2814052626,2022509.152268932
20220720,2462111.4526086734,1071302.2814052626,2017987.894849553
20220721,2392238.237374073,1071302.2814052626,1960718.6342040836
20220722,2355462.86093481,1071302.2814052626,1930576.9180748896
20220725,2399724.718538747,1071302.2814052626,1966854.679893374
20220726,2416571.4599325447,1071302.2814052626,1980662.552061112
20220727,2394109.1380741475,1071302.2814052626,1962252.055837461
20220728,2410955.8794679455,1071302.2814052626,1976059.9280051994
20220729,2373518.676370617,1071302.2814052626,1945375.7676324476
20220801,2324850.3123440905,1071302.2814052626,1905486.359147871
20220802,2294900.5498662274,1071302.2814052626,1880939.0308496694
20220803,2251847.7663043,1071302.2814052626,1845652.246421005
20220804,2276181.948317563,1071302.2814052626,1865596.9506632937
20220805,2304259.85064056,1071302.2814052626,1857646.0256149492
20220808,2283669.388937029,1071302.2814052626,1857646.0256149492
20220809,2268694.5076980977,1071302.2814052626,1857646.0256149492
20220810,2257463.3467688994,1071302.2814052626,1857646.0256149492
20220811,2311747.2912600255,1071302.2814052626,1857646.0256149492
20220812,2317362.8717246247,1071302.2814052626,1857646.0256149492
20220815,2266822.6475432315,1071302.2814052626,1857646.0256149492
20220816,2270566.3678529644,1071302.2814052626,1857646.0256149492
20220817,2321106.5920343576,1071302.2814052626,1857646.0256149492
20220818,2293028.689711361,1071302.2814052626,1857646.0256149492
20220819,2352928.2146670865,1071302.2814052626,1857646.0256149492
20220822,2339825.193583022,1071302.2814052626,1857646.0256149492
20220823,2309875.431105159,1071302.2814052626,1857646.0256149492
20220824,2321106.5920343576,1071302.2814052626,1857646.0256149492
20220825,2362287.5154414186,1071302.2814052626,1857646.0256149492
20220826,2360415.655286552,1071302.2814052626,1857646.0256149492
20220829,2324850.3123440905,1071302.2814052626,1857646.0256149492
20220830,2336081.473273289,1071302.2814052626,1857646.0256149492
20220831,2386621.697454682,1071302.2814052626,1910680.8749854455
20220901,2360415.655286552,1071302.2814052626,1889700.8496914876
20220902,2341697.053737888,1071302.2814052626,1874715.1173386609
20220905,2352928.2146670865,1071302.2814052626,1883706.5567503572
20220906,2339825.193583022,1071302.2814052626,1873216.5441033782
20220907,2308003.5709502925,1071302.2814052626,1847740.799103572
20220908,2313619.1514148917,1071302.2814052626,1852236.5188094203
20220909,2381006.116990083,1071302.2814052626,1906185.1552795975
20220913,2424058.9005520106,1071302.2814052626,1940652.3396910997
20220914,2382877.9771449496,1071302.2814052626,1907683.7285148804
20220915,2433418.2013263423,1071302.2814052626,1948145.205867513
20220916,2351056.3545122202,1071302.2814052626,1882207.9835150745
20220919,2352928.2146670865,1071302.2814052626,1883706.5567503572
20220920,2309875.431105159,1071302.2814052626,1849239.372338855
20220921,2326722.172498957,1071302.2814052626,1862726.5314563992
20220922,2300516.1303308266,1071302.2814052626,1841746.5061624413
20220923,2300516.1303308266,1071302.2814052626,1841746.5061624413
20220926,2246232.185839701,1071302.2814052626,1798287.882339243
20220927,2274310.088162697,1071302.2814052626,1820766.4808684837
20220928,2266822.6475432315,1071302.2814052626,1814772.1879273527
20220929,2220026.143671571,1071302.2814052626,1777307.8570452852
20220930,2216282.423361838,1071302.2814052626,1774310.7105747198
20221010,2147023.597631781,1071302.2814052626,1718863.50086926
20221011,2148895.457786647,1071302.2814052626,1720362.0741045424
20221012,2171357.7796450444,1071302.2814052626,1738344.952927935
20221013,2122689.415618517,1071302.2814052626,1699382.0488105845
20221014,2158254.7585609793,1071302.2814052626,1727854.940280956
20221017,2148895.457786647,1071302.2814052626,1720362.0741045424
20221018,2148895.457786647,1071302.2814052626,1720362.0741045424
20221019,2113330.1148441853,1071302.2814052626,1691889.182634171
20221020,2096483.3734503873,1071302.2814052626,1678402.0235166266
20221021,2075892.9117468568,1071302.2814052626,1661917.717928517
20221024,1987915.4844681353,1071302.2814052626,1591484.77587023
20221025,1993531.0649327347,1071302.2814052626,1600588.392480027
20221026,1995402.925087601,1071302.2814052626,1600588.392480027
20221027,1999146.6453973337,1071302.2814052626,1600588.392480027
20221028,1950478.281370807,1071302.2814052626,1600588.392480027
20221031,1935503.4001318756,1071302.2814052626,1600588.392480027
20221101,1997274.7852424672,1071302.2814052626,1600588.392480027
20221102,1989787.3446230018,1071302.2814052626,1600588.392480027
20221103,1954222.0016805395,1071302.2814052626,1600588.392480027
20221104,2025352.6875654636,1071302.2814052626,1600588.392480027
20221107,2036583.8484946622,1071302.2814052626,1600588.392480027
20221108,2030968.2680300628,1071302.2814052626,1600588.392480027
20221109,2038455.7086495284,1071302.2814052626,1600588.392480027
20221110,2034711.9883397957,1071302.2814052626,1600588.392480027
20221111,2139536.157012315,1071302.2814052626,1600588.392480027
20221114,2236872.8850653684,1071302.2814052626,1600588.392480027
20221115,2248104.045994567,1071302.2814052626,1618727.0910593746
20221116,2212538.7030521054,1071302.2814052626,1593118.585871924
20221117,2188204.521038842,1071302.2814052626,1575596.977059458
20221118,2169485.9194901777,1071302.2814052626,1562118.8164344837
20221121,2145151.737476914,1071302.2814052626,1544597.2076220177
20221122,2212538.7030521054,1071302.2814052626,1593118.585871924
20221123,2212538.7030521054,1071302.2814052626,1593118.585871924
20221124,2203179.4022777732,1071302.2814052626,1586379.505559437
20221125,2278053.80847243,1071302.2814052626,1640292.148059333
20221128,2210666.842897239,1071302.2814052626,1591770.7698094267
20221129,2431546.341171476,1071302.2814052626,1750813.0651841196
20221130,2439033.7817909415,1071302.2814052626,1756204.329434109
20221201,2452136.8028750066,1071302.2814052626,1765639.041871591
20221202,2414699.5997776785,1050369.3212197071,1738682.7206216431
20221205,2532626.7895342624,1101666.4276048555,1823595.1325589789
20221206,2513908.1879855986,1093524.029765943,1810116.9719340052
20221207,2461496.103649339,1070725.3158169882,1772378.122184078
20221208,2500805.1669015335,1087824.3512787044,1800682.259496523
20221209,2564448.4121669917,1115508.5039310066,1846508.0056214347
20221212,2454008.663029873,1067468.3566814233,1766986.8579340882
20221213,2478342.8450431367,1078053.4738720094,1784508.4667465545
20221214,2476470.98488827,1077239.2340881182,1783160.650684057
20221215,2452136.8028750066,1066654.116897532,1765639.041871591
20221216,2497061.4465918005,1086195.8717109219,1797986.6273715284
20221219,2440905.641945808,1061768.6781941846,1757552.1454966064
20221220,2388493.557609549,1038969.9642452296,1719813.2957466794
20221221,2412827.739622812,1049555.081435816,1737334.9045591454
20221222,2424058.9005520106,1054440.5201391634,1745421.8009341299
20221223,2429674.48101661,1056883.239490837,1749465.2491216224
20221226,2390365.4177644146,1039784.2040291209,1721161.1118091766
20221227,2454008.663029873,1067468.3566814233,1766986.8579340882
20221228,2459624.2434944725,1069911.076033097,1771030.3061215805
20221229,2439033.7817909415,1060954.438410293,1756204.329434109
20221230,2463367.9638042054,1071539.5556008795,1773725.9382465754
20230103,2577551.433251057,1121208.1824182456,1855942.7180589165
20230104,2680503.7417687094,1165991.370532264,1930072.6014962734
20230105,2710453.5042465725,1179019.207074524,1951637.6584962318
20230106,2736659.546414702,1190418.5640490013,1970507.0833711952
20230109,2770353.029202298,1205074.8801590437,1994767.7724961485
20230110,2702966.0636271066,1175762.247938959,1946246.3942462422
20230111,2746018.8471890343,1194489.7629684575,1977246.1636836824
20230112,2746018.8471890343,1194489.7629684575,1977246.1636836824
20230113,2798430.9315252937,1217288.4769174124,2014985.0134336094
20230116,2822765.113538557,1227873.5941079985,2032506.6222460757
20230117,2802174.6518350267,1218916.9564851949,2017680.6455586043
20230118,2828380.6940031564,1230316.3134596723,2036550.0704335677
20230119,2824636.973693424,1228687.83389189,2033854.438308573
20230120,2832124.41431289,1231944.793027455,2039245.7025585626
20230130,2835868.1346226223,1233573.2725952375,2041941.3346835575
20230131,2805918.3721447596,1220545.4360529773,2020376.2776835992
20230201,2751634.4276536335,1196932.4823201313,1981289.6118711745
20230202,2732915.8261049693,1188790.0844812188,1967811.4512462004
20230203,2680503.7417687094,1165991.370532264,1930072.6014962734
20230206,2620604.216812984,1139935.6974477442,1886942.4874963567
20230207,2659913.280065179,1157034.7329094603,1915246.624808802
20230208,2628091.6574324495,1143192.656583309,1892333.751746346
20230209,2644938.3988262475,1150520.8146383304,1904464.0963088227
20230210,2616860.4965032516,1138307.2178799617,1884246.8553713618
20230213,2586910.7340253885,1125279.3813377016,1862681.7983714035
20230214,2613116.7761935187,1136678.7383121792,1881551.2232463672
20230215,2558832.8317023925,1113065.784579333,1842464.5574339426
20230216,2545729.8106183275,1107366.1060920942,1833029.844996461
20230217,2513908.1879855986,1093524.029765943,1810116.9719340052
20230220,2648682.1191359805,1152149.2942061129,1907159.7284338176
20230221,2639322.8183616484,1148078.0952866564,1900420.6481213304
20230222,2624347.937122717,1141564.1770155267,1889638.1196213516
20230223,2629963.5175873167,1144006.8963672004,1893681.567808844
20230224,2594398.1746448544,1128536.3404732666,1868073.062621393
20230227,2562576.5520121255,1114694.2641471154,1845160.1895589374
20230228,2579423.293405923,1122022.4222021366,1857290.534121414
20230301,2652425.8394457134,1153777.7737738953,1909855.3605588125
20230302,2665528.860529778,1159477.452261134,1919290.0729962941
20230303,2674888.16130411,1163548.65118059,1926029.153308781
20230306,2592526.314489988,1127722.1006893755,1866725.2465588958
20230307,2562576.5520121255,1114694.2641471154,1845160.1895589374
20230308,2532626.7895342624,1101666.4276048555,1823595.1325589789
20230309,2470855.4044236704,1074796.5147364442,1779117.2024965647
20230310,2459624.2434944725,1069911.076033097,1771030.3061215805
20230313,2442777.502100675,1062582.9179780758,1758899.961559104
20230314,2409084.019313079,1047926.6018680333,1734639.2724341508
20230315,2442777.502100675,1062582.9179780758,1758899.961559104
20230316,2399724.718538747,1043855.4029485772,1727900.1921216638
20230317,2386621.697454682,1038155.7244613384,1718465.479684182
20230320,2352928.2146670865,1023499.408351296,1694204.790559229
20230321,2377262.39668035,1034084.5255418821,1711726.399371695
20230322,2394109.1380741475,1041412.6835969033,1723856.7439341715
20230323,2414699.5997776785,1050369.3212197071,1738682.7206216431
20230324,2399724.718538747,1043855.4029485772,1727900.1921216638
20230327,2358543.7951316857,1025942.1277029697,1698248.238746721
20230328,2366031.2357511516,1029199.0868385347,1703639.5029967106
20230329,2345440.774047621,1020242.449215731,1688813.5263092392
20230330,2373518.676370617,1032456.0459740997,1709030.7672467001
20230331,2345440.774047621,1020242.449215731,1688813.5263092392
20230403,2371646.8162157508,1031641.8061902085,1707682.951184203
20230404,2367903.0959060183,1027347.3518414949,1700574.3148029193
20230406,2354800.0748219527,1027347.3518414949,1700574.3148029193
20230407,2362287.5154414186,1027347.3518414949,1700574.3148029193
20230410,2373518.676370617,1027347.3518414949,1700574.3148029193
20230411,2347312.6342024873,1027347.3518414949,1700574.3148029193
20230412,2336081.473273289,1027347.3518414949,1700574.3148029193
20230413,2351056.3545122202,1027347.3518414949,1700574.3148029193
20230414,2375390.5365254832,1027347.3518414949,1700574.3148029193
20230417,2420315.1802422777,1027347.3518414949,1700574.3148029193
20230418,2433418.2013263423,1027347.3518414949,1707560.4860480158
20230419,2405340.2990033464,1027347.3518414949,1687857.865055154
20230420,2386621.697454682,1027347.3518414949,1674722.7843932463
20230421,2339825.193583022,1027347.3518414949,1641885.082738477
20230424,2264950.787388365,1027347.3518414949,1589344.7600908454
20230425,2298644.2701759604,1027347.3518414949,1612987.9052822797
20230426,2268694.5076980977,1027347.3518414949,1591971.7762232271
20230427,2294900.5498662274,1027347.3518414949,1610360.889149898
20230428,2349184.494357354,1027347.3518414949,1648452.6230694307
20230504,2382877.9771449496,1027347.3518414949,1672095.768260865
20230505,2416571.4599325447,1027347.3518414949,1695738.9134522988
20230508,2493317.726282068,1027347.3518414949,1749592.7441661211
20230509,2463367.9638042054,1027347.3518414949,1728576.6151070686
20230510,2403468.43884848,1027347.3518414949,1686544.3569889634
20230511,2405340.2990033464,1027347.3518414949,1687857.865055154
20230512,2362287.5154414186,1027347.3518414949,1657647.179532766
20230515,2401596.5786936134,1027347.3518414949,1685230.8489227726
20230516,2362287.5154414186,1027347.3518414949,1657647.179532766
20230517,2337953.333428155,1027347.3518414949,1640571.5746722862
20230518,2337953.333428155,1027347.3518414949,1640571.5746722862
20230519,2309875.431105159,1027347.3518414949,1620868.9536794245
20230522,2317362.8717246247,1027347.3518414949,1626122.9859441875
20230523,2285541.2490918958,1027347.3518414949,1603793.3488189443
20230524,2248104.045994567,1027347.3518414949,1577523.1874951285
20230525,2233129.164755636,1027347.3518414949,1567015.1229656022
20230526,2264950.787388365,1027347.3518414949,1589344.7600908454
20230529,2242488.465529968,1027347.3518414949,1573582.6632965563
20230530,2221898.003826437,1027347.3518414949,1559134.0745684574
20230531,2171357.7796450444,1027347.3518414949,1523669.3567813067
20230601,2169482.1112432475,1027347.3518414949,1522353.1764198337
20230602,2233125.244791367,1027347.3518414949,1567012.3722768433
20230605,2229381.5310532423,1027347.3518414949,1564385.3607558426
20230606,2216278.532969806,1027347.3518414949,1555190.8204323407
20230607,2234997.1016604295,1027347.3518414949,1568325.8780373437
20230608,2268690.5253035515,1027347.3518414949,1591968.9817263489
20230609,2223765.9604460555,1027347.3518414949,1560444.8434743418
20230612,2206919.2486244943,1027347.3518414949,1548623.2916298392
20230613,2203175.5348863695,1027347.3518414949,1545996.2801088388
20230614,2199349.8567654355,1027347.3518414949,1543311.7531384707
20230615,2226194.5803876813,1027347.3518414949,1562149.0369605618
20230616,2230029.5409051455,1027347.3518414949,1564840.0775065748
20230619,2195514.896247972,1027347.3518414949,1540620.7125924574
20230620,2178257.5739193847,1027347.3518414949,1528511.0301353987
20230621,2176340.093660653,1027347.3518414949,1527165.5098623924
20230626,2143742.9292622115,1027347.3518414949,1504291.6652212816
20230627,2162917.7318495302,1027347.3518414949,1517746.8679513468
20230628,2166752.692366994,1027347.3518414949,1520437.9084973598
20230629,2143742.9292622115,1027347.3518414949,1504291.6652212816
20230630,2153330.330555871,1027347.3518414949,1511019.2665863142
20230703,2203184.8172828993,1027347.3518414949,1546002.7936844835
20230704,2185927.4949543127,1027347.3518414949,1533893.1112274248
20230705,2174422.6134019215,1027347.3518414949,1525819.989589386
20230706,2155247.8108146028,1027347.3518414949,1512364.7868593207
20230707,2147577.8897796753,1027347.3518414949,1506982.7057672944
20230710,2147577.8897796753,1027347.3518414949,1506982.7057672944
20230711,2149495.3700384074,1027347.3518414949,1508328.2260403014
20230712,2155247.8108146028,1027347.3518414949,1512364.7868593207
20230713,2191679.935730508,1027347.3518414949,1537929.6720464444
20230714,2197432.376506704,1027347.3518414949,1541966.232865464
20230717,2168670.172625726,1027347.3518414949,1521783.4287703664
20230718,2157165.291073335,1027347.3518414949,1513710.3071323272
20230719,2168670.172625726,1027347.3518414949,1521783.4287703664
20230720,2170587.6528844577,1027347.3518414949,1523128.9490433726
20230721,2174422.6134019215,1027347.3518414949,1525819.989589386
20230724,2159082.7713320665,1027347.3518414949,1515055.8274053335
20230725,2247286.863233732,1027347.3518414949,1576949.7599636333
20230726,2237699.4619400725,1027347.3518414949,1570222.158598601
20230727,2253039.3040099274,1027347.3518414949,1580986.3207826528
20230728,2350830.7972052516,1027347.3518414949,1649607.854705985
20230731,2362335.6787576433,1027347.3518414949,1657680.9763440243
20230801,2331655.9946179334,1027347.3518414949,1636152.65197592
20230802,2306728.7512544193,1023460.9551340678,1618660.8884268352
20230803,2364253.1590163745,1048983.6722197053,1659026.4966170306
20230804,2358500.718240179,1046431.4005111416,1654989.935798011
20230807,2331655.9946179334,1034520.7992045108,1636152.65197592
20230808,2320151.113065542,1029416.2557873831,1628079.5303378806
20230809,2333573.474876665,1035371.5564406986,1637498.1722489262
20230810,2331655.9946179334,1034520.7992045108,1636152.65197592
20230811,2279884.0276321736,1011550.3538274369,1599823.6046047441
20230814,2237699.4619400725,992833.6946313027,1570222.158598601
20230815,2249204.3434924637,997938.2380484302,1578295.28023664
20230816,2249204.3434924637,997938.2380484302,1578295.28023664
20230817,2218524.6593527542,984326.1222694234,1556766.9558685357
20230818,2216607.179094022,983475.3650332355,1555421.4355955292
20230821,2170587.6528844577,963057.1913647254,1523128.9490433726
20230822,2180175.054178117,967310.977545665,1529856.5504084053
20230823,2157165.291073335,957101.8907114101,1513710.3071323272
20230824,2134155.5279685524,946892.803877155,1497564.063856249
20230825,2153330.330555871,955400.3762390341,1511019.2665863142
20230828,2208937.2580590947,980072.3360884838,1550039.3545035028
20230829,2168670.172625726,962206.4341285375,1521783.4287703664
20230830,2134155.5279685524,946892.803877155,1497564.063856249
20230831,2134155.5279685524,946892.803877155,1497564.063856249
20230901,2170587.6528844577,963057.1913647254,1523128.9490433726
20230904,2216607.179094022,983475.3650332355,1555421.4355955292
20230905,2184010.0146955806,969012.4920180409,1532547.5909544183
20230906,2191679.935730508,972415.5209627926,1537929.6720464444
20230907,2172505.1331431894,963907.9486009133,1524474.4693163792
20230908,2161000.251590798,958803.4051837858,1516401.34767834
20230911,2174422.6134019215,964758.7058371013,1525819.989589386
20230912,2162917.7318495302,959654.1624199738,1517746.8679513468
20230913,2157165.291073335,957101.8907114101,1513710.3071323272
20230914,2164835.212108262,960504.9196561616,1519092.388224353
20230915,2151412.8502971395,954549.6190028464,1509673.746313308
20230918,2153330.330555871,955400.3762390341,1511019.2665863142
20230919,2149495.3700384074,953698.8617666584,1508328.2260403014
20230920,2137990.488486016,948594.3183495309,1500255.1044022623
20230921,2118815.685898698,940086.7459876516,1486799.901672197
20230922,2155247.8108146028,956251.1334752222,1512364.7868593207
20230925,2151412.8502971395,954549.6190028464,1509673.746313308
20230926,2139907.968744748,949445.0755857186,1501600.6246752685
20230927,2141825.44900348,950295.8328219067,1502946.144948275
20230928,2147577.8897796753,952848.1045304703,1506982.7057672944
20231009,2130320.5674510887,945191.2894047791,1494873.023310236
20231010,2113063.245122502,937534.4742790879,1482763.3408531775
20231011,2105393.3240875746,934131.4453343363,1477381.2597611514
20231012,2130320.5674510887,945191.2894047791,1494873.023310236
20231013,2109228.2846050384,935832.9598067119,1480072.3003071642
20231016,2111145.76486377,936683.7170428999,1481417.8205801707
20231017,2113063.245122502,937534.4742790879,1482763.3408531775
20231018,2099640.883311379,931579.1736257724,1473344.6989421316
20231019,2032529.0742557643,901802.6703591952,1426251.4893869038
20231020,2032529.0742557643,901802.6703591952,1426251.4893869038
20231023,2013354.2716684458,893295.097997316,1412796.2866568388
20231024,2022941.6729621051,897548.8841782556,1419523.8880218712
20231025,1990344.5085636633,883086.0111630609,1396650.0433807606
20231026,1996096.9493398592,875552.5769353966,1384735.494732191
20231027,2003766.8703747862,875552.5769353966,1384735.494732191
20231030,2003766.8703747862,875552.5769353966,1384735.494732191
20231031,2005684.3506335185,875552.5769353966,1384735.494732191
20231101,2009519.311150982,875552.5769353966,1384735.494732191
20231102,2009519.311150982,875552.5769353966,1384735.494732191
20231103,2009519.311150982,875552.5769353966,1384735.494732191
20231106,2049786.3965843508,875552.5769353966,1384735.494732191
20231107,2032529.0742557643,875552.5769353966,1384735.494732191
20231108,2013354.2716684458,875552.5769353966,1384735.494732191
20231109,2011436.791409714,875552.5769353966,1384735.494732191
20231110,1975004.6664938089,875552.5769353966,1384735.494732191
20231113,1965417.2652001495,875552.5769353966,1384735.494732191
20231114,1969252.225717613,875552.5769353966,1384735.494732191
20231115,1988427.0283049315,875552.5769353966,1384735.494732191
20231116,1963499.7849414176,875552.5769353966,1384735.494732191
20231117,1946242.462612831,875552.5769353966,1384735.494732191
20231120,1953912.383647758,875552.5769353966,1384735.494732191
20231121,1971169.7059763449,875552.5769353966,1384735.494732191
20231122,1948159.9428715627,875552.5769353966,1384735.494732191
20231123,1946242.462612831,875552.5769353966,1384735.494732191
20231124,1936655.0613191715,875552.5769353966,1384735.494732191
20231127,1919397.7389905849,875552.5769353966,1384735.494732191
20231128,1907892.8574381936,875552.5769353966,1384735.494732191
20231129,1863790.8114873613,875552.5769353966,1384735.494732191
20231130,1856120.8904524336,875552.5769353966,1384735.494732191
20231201,1852285.92993497,875552.5769353966,1384735.494732191
20231204,1846533.4891587747,875552.5769353966,1384735.494732191
20231205,1817771.2852777967,875552.5769353966,1384735.494732191
20231206,1821606.2457952604,875552.5769353966,1384735.494732191
20231207,1810101.3642428694,875552.5769353966,1384735.494732191
20231208,1783256.6406206235,875552.5769353966,1384735.494732191
20231211,1792844.0419142824,875552.5769353966,1384735.494732191
20231212,1806266.4037254055,875552.5769353966,1384735.494732191
20231213,1756411.9169983773,875552.5769353966,1384735.494732191
20231214,1754494.4367396454,875552.5769353966,1384735.494732191
20231215,1765999.318292037,875552.5769353966,1384735.494732191
20231218,1750659.476222182,875552.5769353966,1384735.494732191
20231219,1744907.035445986,875552.5769353966,1384735.494732191
20231220,1731484.673634863,875552.5769353966,1384735.494732191
20231221,1758329.3972571092,875552.5769353966,1384735.494732191
20231222,1764081.8380333048,875552.5769353966,1384735.494732191
20231225,1762164.3577745727,875552.5769353966,1384735.494732191
20231226,1744907.035445986,875552.5769353966,1384735.494732191
20231227,1748741.9959634496,875552.5769353966,1384735.494732191
20231228,1812018.8445016008,875552.5769353966,1384735.494732191
20231229,1800513.96294921,875552.5769353966,1384735.494732191
20240102,1765999.318292037,875552.5769353966,1384735.494732191
20240103,1764081.8380333048,875552.5769353966,1384735.494732191
20240104,1746824.5157047182,875552.5769353966,1384735.494732191
20240105,1777504.1998444279,875552.5769353966,1384735.494732191
20240108,1754494.4367396454,875552.5769353966,1384735.494732191
20240109,1760246.8775158413,875552.5769353966,1384735.494732191
20240110,1742989.5551872542,875552.5769353966,1384735.494732191
20240111,1758329.3972571092,875552.5769353966,1384735.494732191
20240112,1762164.3577745727,875552.5769353966,1384735.494732191
20240115,1765999.318292037,875552.5769353966,1390486.0455891872
20240116,1790926.561655551,875552.5769353966,1410112.8844520093
20240117,1769834.2788095004,875552.5769353966,1393505.5592603905
20240118,1764081.8380333048,875552.5769353966,1388976.288753585
20240119,1758329.3972571092,875552.5769353966,1384447.01824678
20240122,1744907.035445986,875552.5769353966,1373878.7203975678
20240123,1756411.9169983773,875552.5769353966,1382937.2614111782
20240124,1789009.0813968189,875552.5769353966,1408603.1276164076
20240125,1821606.2457952604,875552.5769353966,1434268.993821637
20240126,1844616.0089000424,875552.5769353966,1452386.0758488574
20240129,1859955.8509698976,875552.5769353966,1464464.1305336712
20240130,1821606.2457952604,875552.5769353966,1434268.993821637
20240131,1813936.3247603332,875552.5769353966,1428229.9664792302
20240201,1804348.9234666736,875552.5769353966,1420681.1823012212
20240202,1777504.1998444279,875552.5769353966,1399544.5866027973
20240205,1798596.4826904782,875552.5769353966,1416151.9117944161
20240206,1856120.8904524336,875552.5769353966,1461444.6168624677
20240207,1842698.5286413105,875552.5769353966,1450876.3190132556
20240208,1854203.4101937017,875552.5769353966,1459934.860026866
20240219,1881048.133815948,875552.5769353966,1481071.4557252903
20240220,1882965.6140746798,875552.5769353966,1482581.212560892
20240221,2070878.6794304017,875552.5769353966,1630537.3824498612
20240222,2090053.4820177197,875552.5769353966,1645634.950805878
20240223,2080466.0807240605,875552.5769353966,1638086.1666278695
20240226,2019106.7124446412,875552.5769353966,1589773.9478886141
20240227,2013354.2716684458,875552.5769353966,1585244.677381809
20240228,2011436.791409714,875552.5769353966,1583734.9205462073
20240229,2030611.5939970324,875552.5769353966,1598832.4889022247
20240301,2011436.791409714,875552.5769353966,1583734.9205462073
20240304,1980757.1072700042,875552.5769353966,1559578.81117658
20240305,1999931.9098573227,875552.5769353966,1574676.379532597
20240306,1980757.1072700042,875552.5769353966,1559578.81117658
20240307,1990344.5085636633,875552.5769353966,1567127.5953545885
20240308,1990344.5085636633,875552.5769353966,1567127.5953545885
20240311,2007601.8308922504,875552.5769353966,1580715.406875004
20240312,2024859.153220837,875552.5769353966,1594303.2183954197
20240313,1980757.1072700042,875552.5769353966,1559578.81117658
20240314,1961582.3046826858,875552.5769353966,1544481.2428205626
20240315,2032529.0742557643,875552.5769353966,1600342.2457378265
20240318,2021024.192703373,875552.5769353966,1591283.704724216
20240319,1994179.4690811273,875552.5769353966,1570147.109025792
20240320,2003766.8703747862,875552.5769353966,1577695.8932038003
20240321,2007601.8308922504,875552.5769353966,1580715.406875004
20240322,1986509.5480461996,875552.5769353966,1564108.081683385
20240325,1994179.4690811273,875552.5769353966,1570147.109025792
20240326,2032529.0742557643,875552.5769353966,1600342.2457378265
20240327,2019106.7124446412,875552.5769353966,1589773.9478886141
20240328,2011436.791409714,875552.5769353966,1583734.9205462073
20240329,2017189.2321859093,875552.5769353966,1588264.1910530124
20240401,2040198.9952906915,875552.5769353966,1606381.2730802333
20240402,2022941.6729621051,875552.5769353966,1592793.461559818
20240403,2005684.3506335185,875552.5769353966,1579205.6500394023
20240408,1999931.9098573227,875552.5769353966,1574676.379532597
20240409,1994179.4690811273,875552.5769353966,1570147.109025792
20240410,1971169.7059763449,875552.5769353966,1552030.0269985714
20240411,1965417.2652001495,875552.5769353966,1547500.7564917663
20240412,1928985.1402842442,875552.5769353966,1518815.3766153334
20240415,1973087.1862350765,875552.5769353966,1553539.7838341726
20240416,1971169.7059763449,875552.5769353966,1552030.0269985714
20240417,2036364.0347732278,875552.5769353966,1603361.7594090297
20240418,2070878.6794304017,875552.5769353966,1630537.3824498612
20240419,2049786.3965843508,875552.5769353966,1613930.0572582418
20240422,2013354.2716684458,875552.5769353966,1585244.677381809
20240423,2021024.192703373,875552.5769353966,1591283.704724216
20240424,2019106.7124446412,875552.5769353966,1589773.9478886141
20240425,2034446.554514496,875552.5769353966,1601852.002573428
20240426,2032529.0742557643,875552.5769353966,1600342.2457378265
20240429,2072796.159689133,875552.5769353966,1632047.1392854624
20240430,2068961.1991716693,875552.5769353966,1629027.625614259
20240506,2088136.0017589882,875552.5769353966,1644125.1939702765
20240507,2086218.5215002561,875552.5769353966,1642615.4371346748
20240508,2057456.3176192786,875552.5769353966,1619969.0846006488
20240509,2063208.758395474,875552.5769353966,1624498.355107454
20240510,2097723.403052647,875552.5769353966,1651673.9781482848
20240513,2103475.843828843,875552.5769353966,1656203.24865509
20240514,2091970.9622764518,875552.5769353966,1647144.7076414798
20240515,2076631.120206597,875552.5769353966,1635066.6529566662
20240516,2141825.44900348,875552.5769353966,1686398.3853671246
20240517,2189762.455471776,875552.5769353966,1724142.3062571676
20240520,2182092.534436849,875552.5769353966,1718103.278914761
20240521,2214689.6988352905,892181.9685428261,1743769.14511999
20240522,2216607.179094022,892954.4204636425,1745278.9019555917
20240523,2185927.4949543127,880595.1897305817,1721122.7925859643
20240524,2168670.172625726,873643.122443235,1707534.9810655487
20240527,2207019.777800363,889092.160859561,1737730.1177775832
20240528,2185927.4949543127,880595.1897305817,1721122.7925859643
20240529,2159082.7713320665,869780.8628391534,1699986.19688754
20240530,2132238.0477098203,858966.5359477252,1678849.601189116
20240531,2130320.5674510887,858194.0840269089,1677339.8443535143
20240603,2105393.3240875746,848152.2090562971,1657713.0054906919
20240604,2113063.245122502,851242.0167395623,1663752.0328330987
20240605,2084301.041241524,839655.2379273176,1641105.6802990725
20240606,2090053.4820177197,841972.5936897666,1645634.950805878
20240607,2107310.8043463067,848924.6609771134,1659222.7623262936
20240611,2084301.041241524,839655.2379273176,1641105.6802990725
20240612,2086218.5215002561,840427.6898481341,1642615.4371346748
20240613,2070878.6794304017,834248.0744816038,1630537.3824498612
20240614,2091422.3939992664,842524.0563109638,1646712.7841822924
20240617,2074986.854557229,835903.0421159858,1633772.0157407813
20240618,2070877.96969672,834247.7885672414,1630536.823630404
20240619,2085259.0667085026,840041.1759878471,1641859.996016726
20240620,2064714.6424059558,831764.9082441245,1625684.035464837
20240621,2054442.4302546824,827626.7743722632,1617596.0551888929
20240624,2050333.5453941731,825971.5208235187,1614360.863078515
20240625,2070877.96969672,825311.5705715328,1613070.9906900304
20240626,2070868.0334251781,825311.5705715328,1613070.9906900304
20240627,2081140.19628939,825311.5705715328,1613070.9906900304
20240628,2085249.061435075,825311.5705715328,1613070.9906900304
20240701,2126337.7128919237,825311.5705715328,1613070.9906900304
20240702,2136609.875756136,825311.5705715328,1613070.9906900304
20240703,2118119.982600554,825311.5705715328,1597035.0977637446
20240704,2107847.819736342,825311.5705715328,1589290.0196950554
20240705,2048269.2751239112,825311.5705715328,1544368.566896657
20240708,2040051.5448325414,825311.5705715328,1538172.5044417055
20240709,2068813.6008523353,825311.5705715328,1559858.7230340356
20240710,2083194.628862233,825311.5705715328,1570701.832330201
20240711,2081140.19628939,825311.5705715328,1569152.8167164628
20240712,2118119.982600554,825311.5705715328,1597035.0977637446
20240715,2122228.847746239,825311.5705715328,1600133.1289912204
20240716,2116065.550027712,825311.5705715328,1595486.082150007
20240717,2136609.875756136,825311.5705715328,1610976.2382873856
20240718,2138664.3083289783,825311.5705715328,1612525.2539011233
20240719,2130446.5780376084,825311.5705715328,1606329.1914461716
20240722,2101684.5220178147,825311.5705715328,1584642.9728538417
20240723,2091412.3591536023,825311.5705715328,1576897.8947851523
20240724,2081140.19628939,825311.5705715328,1569152.8167164628
20240725,2072922.4659980203,825311.5705715328,1562956.7542615114
20240726,2060595.8705609655,825311.5705715328,1553662.660579084
20240729,2077031.3311437052,825311.5705715328,1566054.785488987
20240730,2070868.0334251781,825311.5705715328,1561407.7386477736
20240731,2109902.252309184,825311.5705715328,1590839.0353087932
20240801,2109902.252309184,825311.5705715328,1590839.0353087932
20240802,2083194.628862233,825311.5705715328,1570701.832330201
20240805,2064704.735706651,825311.5705715328,1556760.6918065601
20240806,2040051.5448325414,825311.5705715328,1538172.5044417055
20240807,2040051.5448325414,825311.5705715328,1538172.5044417055
20240808,2042105.9774053835,825311.5705715328,1539721.5200554433
20240809,2062650.303133808,825311.5705715328,1555211.6761928222
20240812,2056487.005415281,825311.5705715328,1550564.6293516085
20240813,2044160.4099782263,825311.5705715328,1541270.5356691813
20240814,2037997.112259699,825311.5705715328,1536623.4888279678
20240815,2060595.8705609655,825311.5705715328,1553662.660579084
20240816,2081140.19628939,825311.5705715328,1569152.8167164628
20240819,2114011.117454869,825311.5705715328,1593937.066536269
20240820,2124283.280319081,825311.5705715328,1601682.1446049581
20240821,2126337.7128919237,825311.5705715328,1603231.1602186959
20240822,2132501.010610451,825311.5705715328,1607878.2070599096
20240823,2150990.9037660332,825311.5705715328,1621819.3475835505
20240826,2155099.768911718,825311.5705715328,1624917.3788110262
20240827,2142773.1734746634,825311.5705715328,1615623.285128599
20240828,2122228.847746239,825311.5705715328,1600133.1289912204
20240829,2081140.19628939,825311.5705715328,1569152.8167164628
20240830,2087303.4940079174,825311.5705715328,1573799.8635576766
20240902,2077031.3311437052,825311.5705715328,1566054.785488987
20240903,2070868.0334251781,825311.5705715328,1561407.7386477736
20240904,2058541.4379881232,825311.5705715328,1552113.6449653462
20240905,2068813.6008523353,825311.5705715328,1559858.7230340356
20240906,2070868.0334251781,825311.5705715328,1561407.7386477736
20240909,2023616.0842498017,825311.5705715328,1525780.3795318024
20240910,2033888.247114014,825311.5705715328,1533525.457600492
20240911,1982527.4327929532,825311.5705715328,1494800.0672570453
20240912,2001017.3259485352,825311.5705715328,1508741.207780686
20240913,1992799.5956571654,825311.5705715328,1502545.1453257345
20240918,2007180.6236670623,825311.5705715328,1513388.2546218995
20240919,2015398.353958432,825311.5705715328,1519584.3170768511
20240920,2033888.247114014,825311.5705715328,1533525.457600492
20240923,2062650.303133808,825311.5705715328,1555211.6761928222
20240924,2130446.5780376084,825311.5705715328,1606329.1914461716
20240925,2157154.20148456,825311.5705715328,1626466.394424764
20240926,2290692.318719319,825311.5705715328,1727152.4093177258
20240927,2346161.998186065,825311.5705715328,1768975.8308886483
20240930,2508462.1714406176,825311.5705715328,1891348.06437394
20241008,2646109.153821061,825311.5705715328,1995132.1104943776
20241009,2399577.245079968,825311.5705715328,1809250.2368458328
20241010,2515042.368695182,825311.5705715328,1896309.4480783916
20241011,2460458.811444702,825311.5705715328,1855154.1512085772
20241014,2523439.8390414095,825311.5705715328,1902641.0322122094
20241015,2498247.4280027263,825311.5705715328,1883646.2798107564
20241016,2531837.3093876373,825311.5705715328,1908972.6163460272
20241017,2508744.265935511,825311.5705715328,1891560.7599780285
20241018,2527638.574214523,825311.5705715328,1905806.8242791183
20241021,2479353.1197237144,825311.5705715328,1869400.2155096668
20241022,2475154.3845506003,825311.5705715328,1866234.4234427577
20241023,2489849.9576564985,825311.5705715328,1877314.6956769386
20241024,2466756.9142043726,825311.5705715328,1859902.83930894
20241025,2458359.4438581453,825311.5705715328,1853571.2551751225
20241028,2443663.870752247,825311.5705715328,1842490.9829409418
20241029,2422670.1948866774,825311.5705715328,1826662.0226063973
20241030,2376484.1079824255,825311.5705715328,1791838.3098704005
20241031,2389080.3135017673,825311.5705715328,1801335.686071127
20241101,2399577.1514345515,825311.5705715328,1809250.166238399
20241104,2405875.2541942224,825311.5705715328,1813998.8543387621
20241105,2445763.238338804,825311.5705715328,1844073.878974396
20241106,2424769.5624732347,825311.5705715328,1828244.918639852
20241107,2500346.7955892836,825311.5705715328,1885229.175844211
20241108,2460458.811444702,825311.5705715328,1855154.1512085772
20241111,2435266.400406019,825311.5705715328,1836159.3988071238
20241112,2422670.1948866774,825311.5705715328,1826662.0226063973
20241113,2437365.767992576,825311.5705715328,1837742.2948405782
20241114,2422670.1948866774,825311.5705715328,1826662.0226063973
20241115,2401676.5190211083,825311.5705715328,1810833.0622718532
20241118,2466756.9142043726,825311.5705715328,1859902.83930894
20241119,2452061.3410984743,825311.5705715328,1848822.5670747594
20241120,2443663.870752247,825311.5705715328,1842490.9829409418
20241121,2433167.032819462,825311.5705715328,1834576.5027736695
20241122,2368086.6376361977,825311.5705715328,1785506.7257365827
20241125,2347092.9617706286,825311.5705715328,1769677.7654020383
20241126,2365987.270049641,825311.5705715328,1783923.829703128
20241127,2391179.6810883237,825311.5705715328,1802918.5821045812
20241128,2380682.8431555396,825311.5705715328,1795004.1019373091
20241129,2389080.3135017673,825311.5705715328,1801335.686071127
20241202,2391179.6810883237,825311.5705715328,1802918.5821045812
20241203,2412173.3569538933,825311.5705715328,1818747.5424391255
20241204,2405875.2541942224,825311.5705715328,1813998.8543387621
20241205,2401676.5190211083,825311.5705715328,1810833.0622718532
20241206,2447862.6059253607,825311.5705715328,1845656.7750078505
20241209,2449961.9735119175,825311.5705715328,1847239.6710413047
20241210,2475154.3845506003,825311.5705715328,1866234.4234427577
20241211,2462558.179031259,825311.5705715328,1856737.0472420314
20241212,2487750.590069942,825311.5705715328,1875731.7996434844
20241213,2426868.9300597915,825311.5705715328,1829827.8146733062
20241216,2428968.2976463484,825311.5705715328,1831410.7107067609
20241217,2420570.8273001206,825311.5705715328,1825079.126572943
20241218,2445763.238338804,825311.5705715328,1844073.878974396
20241219,2433167.032819462,825311.5705715328,1834576.5027736695
20241220,2439465.135579133,825311.5705715328,1839325.1908740327
20241223,2462558.179031259,825311.5705715328,1856737.0472420314
20241224,2489849.9576564985,825311.5705715328,1877314.6956769386
20241225,2502446.1631758404,825311.5705715328,1886812.0718776651
20241226,2489849.9576564985,825311.5705715328,1877314.6956769386
20241227,2483551.854896828,825311.5705715328,1872566.0075765757
20241230,2508744.265935511,825311.5705715328,1891560.7599780285
20241231,2456260.076271588,825311.5705715328,1851988.359141668
20250102,2399577.1514345515,825311.5705715328,1809250.166238399
20250103,2389080.3135017673,825311.5705715328,1801335.686071127
20250106,2401676.5190211083,825311.5705715328,1810833.0622718532
20250107,2416372.092127007,825311.5705715328,1821913.3345060342
20250108,2414272.7245404497,825311.5705715328,1820330.4384725797
20250109,2393279.048674881,825311.5705715328,1804501.4781380356
20250110,2372285.372809312,825311.5705715328,1788672.5178034916
20250113,2351291.696943742,825311.5705715328,1772843.557468947
20250114,2389080.3135017673,825311.5705715328,1801335.686071127
20250115,2410073.989367336,825311.5705715328,1817164.646405671
20250116,2428968.2976463484,825311.5705715328,1831410.7107067609
20250117,2403775.8866076656,825311.5705715328,1812415.9583053077
20250120,2397477.7838479946,825311.5705715328,1807667.2702049443
20250121,2378583.4755689823,825311.5705715328,1793421.2059038547
20250122,2328198.6534916167,825311.5705715328,1755431.7011009487
20250123,2376484.1079824255,825311.5705715328,1791838.3098704005
20250124,2380682.8431555396,825311.5705715328,1795004.1019373091
20250127,2407974.6217807797,825311.5705715328,1815581.7503722168
20250205,2386980.9459152096,825311.5705715328,1799752.790037672
20250206,2384881.5783286532,825311.5705715328,1798169.8940042178
20250207,2389080.3135017673,825311.5705715328,1801335.686071127
20250210,2399577.1514345515,825311.5705715328,1809250.166238399
20250211,2397477.7838479946,825311.5705715328,1807667.2702049443
20250212,2397477.7838479946,825311.5705715328,1807667.2702049443
20250213,2414272.7245404497,825311.5705715328,1820330.4384725797
20250214,2424769.5624732347,825311.5705715328,1828244.918639852
20250217,2473055.0169640435,825311.5705715328,1864651.5274093035
20250218,2479353.1197237144,825311.5705715328,1869400.2155096668
20250219,2458359.4438581453,825311.5705715328,1853571.2551751225
20250220,2447862.6059253607,825311.5705715328,1845656.7750078505
20250221,2443663.870752247,825311.5705715328,1842490.9829409418
20250224,2433167.032819462,825311.5705715328,1834576.5027736695
20250225,2407974.6217807797,825311.5705715328,1815581.7503722168
20250226,2418471.459713564,825311.5705715328,1823496.2305394884
20250227,2439465.135579133,825311.5705715328,1839325.1908740327
20250228,2420570.8273001206,825311.5705715328,1825079.126572943
20250303,2416372.092127007,825311.5705715328,1821913.3345060342
20250304,2416372.092127007,825311.5705715328,1821913.3345060342
20250305,2447862.6059253607,825311.5705715328,1845656.7750078505
20250306,2441564.5031656898,825311.5705715328,1840908.0869074874
20250307,2449961.9735119175,825311.5705715328,1847239.6710413047
20250310,2433167.032819462,825311.5705715328,1834576.5027736695
20250311,2437365.767992576,825311.5705715328,1837742.2948405782
20250312,2487750.590069942,825311.5705715328,1875731.7996434844
20250313,2485651.222483385,825311.5705715328,1874148.90361003
20250314,2512943.001108625,825311.5705715328,1894726.5520449374
20250317,2414272.7245404497,825311.5705715328,1820330.4384725797
20250318,2412173.3569538933,825311.5705715328,1818747.5424391255
20250319,2418471.459713564,825311.5705715328,1823496.2305394884
20250320,2412173.3569538933,825311.5705715328,1818747.5424391255
20250321,2397477.7838479946,825311.5705715328,1807667.2702049443
20250324,2389080.3135017673,825311.5705715328,1801335.686071127
20250325,2399577.1514345515,825311.5705715328,1809250.166238399
20250326,2389080.3135017673,825311.5705715328,1801335.686071127
20250327,2391179.6810883237,825311.5705715328,1802918.5821045812
20250328,2382782.210742096,825311.5705715328,1796586.9979707634
20250331,2363887.902463084,825311.5705715328,1782340.9336696737
20250401,2365987.270049641,825311.5705715328,1783923.829703128
20250402,2386980.9459152096,825311.5705715328,1799752.790037672
20250403,2380682.8431555396,825311.5705715328,1795004.1019373091
20250407,2246323.317615897,825311.5705715328,1693698.7557962262
20250408,2271515.7286545797,825311.5705715328,1712693.5081976794
20250409,2267316.993481466,825311.5705715328,1709527.7161307705
20250410,2288310.6693470352,825311.5705715328,1725356.6764653148
20250411,2286211.3017604784,825311.5705715328,1723773.7804318604
20250414,2294608.7721067057,825311.5705715328,1730105.364565678
20250415,2298807.5072798193,825311.5705715328,1733271.1566325866
20250416,2309304.3452126044,825311.5705715328,1741185.6367998589
20250417,2321900.550731946,825311.5705715328,1750683.0130005854
20250418,2347092.9617706286,825311.5705715328,1769677.7654020383
20250421,2313503.080385718,825311.5705715328,1744351.4288667678
20250422,2317701.8155588317,825311.5705715328,1747517.2209336765
20250423,2311403.712799161,825311.5705715328,1742768.532833313
20250424,2315602.447972275,825311.5705715328,1745934.324900222
20250425,2311403.712799161,825311.5705715328,1742768.532833313
20250428,2309304.3452126044,825311.5705715328,1741185.6367998589
20250429,2305105.6100394907,825311.5705715328,1738019.8447329502
20250430,2290410.036933592,825311.5705715328,1726939.572498769
20250506,2300906.874866377,825311.5705715328,1734854.0526660415
20250507,2315602.447972275,825311.5705715328,1745934.324900222
20250508,2326099.2859050594,825311.5705715328,1753848.8050674943
20250509,2340794.859010958,825311.5705715328,1764929.0773016752
20250512,2342894.226597515,825311.5705715328,1766511.9733351294
20250513,2370186.0052227546,825311.5705715328,1787089.6217700369
20250514,2399577.1514345515,825311.5705715328,1809250.166238399
20250515,2391179.6810883237,825311.5705715328,1802918.5821045812
20250516,2389080.3135017673,825311.5705715328,1801335.686071127
20250519,2386980.9459152096,825311.5705715328,1799752.790037672
20250520,2391179.6810883237,825311.5705715328,1802918.5821045812
20250521,2410073.989367336,825311.5705715328,1817164.646405671
20250522,2424769.5624732347,825311.5705715328,1828244.918639852
20250523,2405875.2541942224,825311.5705715328,1813998.8543387621
20250526,2397477.7838479946,825311.5705715328,1807667.2702049443
20250527,2412173.3569538933,825311.5705715328,1818747.5424391255
20250528,2420570.8273001206,825311.5705715328,1825079.126572943
20250529,2405875.2541942224,825311.5705715328,1813998.8543387621
20250530,2426868.9300597915,825311.5705715328,1829827.8146733062
20250603,2479353.1197237144,825311.5705715328,1869400.2155096668
20250604,2485651.222483385,825311.5705715328,1874148.90361003
20250605,2449961.9735119175,825311.5705715328,1847239.6710413047
20250606,2456260.076271588,825311.5705715328,1851988.359141668
20250609,2458359.4438581453,822834.4580722122,1853571.2551751225
20250610,2479353.1197237144,829861.2254340586,1869400.2155096668
20250611,2487750.590069942,832671.9323787971,1875731.7996434844
20250612,2528888.724093354,846441.2264906997,1906749.4211340453
20250613,2507237.27953776,839194.298181704,1890424.511706528
20250616,2552705.3131045066,854412.8476305949,1924706.8215043144
20250617,2546209.879737829,852238.7691378964,1919809.3486760596
20250618,2548375.024193388,852963.4619687957,1921441.8396188112
20250619,2533219.0130044725,847890.6121524988,1910014.4030195489
20250620,2563531.035382304,858036.3117850928,1932869.2762180732
20250623,2583017.3354823384,864558.547263189,1947561.6947028392
20250624,2583017.3354823384,864558.547263189,1947561.6947028392
20250625,2611164.2134046108,873979.5540648835,1968784.076958612
20250626,2686944.2693491885,899343.8031463684,2025921.259954923
20250627,2641476.2357824417,884125.2536974774,1991638.9501571364
20250630,2613329.35786017,874704.246895783,1970416.5679013638
20250701,2663127.6803380353,891372.1820064732,2007963.8595846542
20250702,2667457.969249154,892821.5676682723,2011228.8414701575
20250703,2673953.402615832,894995.646160971,2016126.3142984128
20250704,2728082.0140048168,913112.9669334603,2056938.5878672064
20250707,2767054.6142048854,926157.4378896526,2086323.424836738
20250708,2747568.314104851,919635.2024115564,2071631.0063519722
20250709,2780045.480938242,930505.59487505,2096118.3704932486
20250710,2853660.392427261,955145.1511256355,2151623.0625468083
20250711,2795201.4921271573,935578.444691347,2107545.8070925106
20250714,2810357.503316073,940651.2945076441,2118973.243691773
20250715,2756228.891927089,922533.9737351548,2078160.9701229795
20250716,2736742.591827054,916011.7382570587,2063468.5516382137
20250717,2725916.869549257,912388.2741025607,2055306.0969244547
20250718,2749733.4585604104,920359.895242456,2073263.497294724
20250721,2730247.158460376,913837.6597643598,2058571.0788099582
20250722,2704265.4249936636,905141.345793565,2038981.1874969373
20250723,2712926.002815901,908040.1171171633,2045511.1512679444
20250724,2673953.402615832,894995.646160971,2016126.3142984128
20250725,2673953.402615832,894995.646160971,2016126.3142984128
20250728,2697769.9916269854,902967.2673008663,2034083.714668682
20250729,2671788.2581602726,894270.9533300714,2014493.823355661
20250730,2704265.4249936636,905141.345793565,2038981.1874969373
20250731,2647971.66914912,886299.3321901762,1996536.422985392
20250801,2658797.3914269167,889922.796344674,2004698.8776991505
20250804,2663127.6803380353,891372.1820064732,2007963.8595846542
20250805,2699935.136082545,903691.9601317659,2035716.2056114338
20250806,2697769.9916269854,902967.2673008663,2034083.714668682
20250807,2699935.136082545,903691.9601317659,2035716.2056114338
20250808,2684779.1248936295,898619.1103154689,2024288.7690121715
20250811,2663127.6803380353,891372.1820064732,2007963.8595846542
20250812,2669623.1137047135,893546.2604991719,2012861.3324129093
20250813,2654467.102515798,888473.410682875,2001433.8958136472
20250814,2641476.2357824417,884125.2536974774,1991638.9501571364
20250815,2615494.502315729,875428.9397266826,1972049.0588441156
20250818,2615494.502315729,875428.9397266826,1972049.0588441156
20250819,2611164.2134046108,873979.5540648835,1968784.076958612
20250820,2613329.35786017,874704.246895783,1970416.5679013638
20250821,2630650.513504645,880501.7895429796,1983476.4954433779
20250822,2611164.2134046108,873979.5540648835,1968784.076958612
20250825,2695604.847171426,902242.5744699667,2032451.2237259303
20250826,2676118.5470713917,895720.3389918706,2017758.8052411645
20250827,2611164.2134046108,873979.5540648835,1968784.076958612
20250828,2615494.502315729,875428.9397266826,1972049.0588441156
20250829,2608999.068949051,873254.8612339839,1967151.5860158603
20250901,2574356.7576601007,861659.7759395908,1941031.7309318322
20250902,2593843.0577601353,868182.0114176869,1955724.149416598
20250903,2544044.73528227,851514.0763069968,1918176.8577333076
20250904,2541879.59082671,850789.3834760971,1916544.3667905559
20250905,2537549.3019155916,849339.997814298,1913279.3849050524
20250908,2533219.0130044725,847890.6121524988,1910014.4030195489
20250909,2544044.73528227,851514.0763069968,1918176.8577333076
20250910,2548375.024193388,852963.4619687957,1921441.8396188112
20250911,2565696.1798378634,858761.0046159924,1934501.7671608252
20250912,2537549.3019155916,849339.997814298,1913279.3849050524
20250915,2522393.2907266757,844267.147998001,1901851.9483057903
20250916,2520228.1462711166,843542.4551671015,1900219.4573630383
20250917,2520228.1462711166,843542.4551671015,1900219.4573630383
20250918,2470429.8237932506,826874.5200564113,1862672.1656797482
20250919,2479090.401615488,829773.2913800095,1869202.129450755
20250922,2463934.390426573,824700.4415637127,1857774.6928514931
20250923,2494246.412804404,834846.1411963064,1880629.5660500173
20250924,2481255.546071048,830497.9842109092,1870834.6203935072
20250925,2468264.6793376915,826149.8272255117,1861039.6747369964
20250926,2468264.6793376915,826149.8272255117,1861039.6747369964
20250929,2461769.245971013,823975.7487328129,1856142.201908741
20250930,2455273.812604335,821801.6702401143,1851244.729080486
20251009,2468264.6793376915,826149.8272255117,1861039.6747369964
20251010,2474760.1127043692,828323.9057182104,1865937.1475652517
20251013,2468264.6793376915,826149.8272255117,1861039.6747369964
20251014,2505072.1350822006,838469.6053508044,1888792.020763776
20251015,2520548.7881765906,843649.7768239019,1900461.2172166174
20251016,2551502.896101566,854010.3881182305,1923800.2146210317
20251017,2520548.7881765906,843649.7768239019,1900461.2172166174
20251020,2524970.803594444,845129.8641516631,1903795.3597029622
20251021,2527181.811303371,845869.9078155438,1905462.4309461347
20251022,2547080.880683712,852530.3007904693,1920466.0721346869
20251023,2571401.9654819076,860670.7810931561,1938803.8558095843
20251024,2555924.91151942,855490.4754459917,1927134.357107377
20251027,2547080.880683712,852530.3007904693,1920466.0721346869
20251028,2536025.8421390783,848830.0824710663,1912130.7159188248
20251029,2518337.7804676634,842909.7331600212,1898794.1459734447
20251030,2516126.772758737,842169.6894961408,1897127.0747302724
20251031,2502860.7265051757,837729.427512857,1887124.6472712373
20251103,2527181.811303371,845869.9078155438,1905462.4309461347
20251104,2562557.9346462004,857710.6064376336,1932135.5708368942
20251105,2547080.880683712,852530.3007904693,1920466.0721346869
20251106,2544869.8729747855,851790.2571265886,1918799.0008915144
20251107,2553713.903810493,854750.4317821113,1925467.2858642046
20251110,2571401.9654819076,860670.7810931561,1938803.8558095843
20251111,2580245.996317615,863630.9557486784,1945472.1407822738
20251112,2582457.0040265415,864370.9994125591,1947139.2120254464
20251113,2586879.0194443953,865851.0867403203,1950473.3545117911
20251114,2597934.0579890297,869551.3050597234,1958808.7107276537
20251117,2580245.996317615,863630.9557486784,1945472.1407822738
20251118,2562557.9346462004,857710.6064376336,1932135.5708368942
20251119,2608989.096533664,873251.5233791266,1967144.0669435163
20251120,2620044.135078298,876951.7416985296,1975479.4231593783
20251121,2584668.0117354686,865111.0430764398,1948806.2832686189
20251124,2564768.942355127,858450.6501015142,1933802.6420800665
20251125,2608989.096533664,873251.5233791266,1967144.0669435163
20251126,2584668.0117354686,865111.0430764398,1948806.2832686189
20251127,2589090.0271533225,866591.1304042011,1952140.4257549641
20251128,2566979.9500640538,859190.6937653949,1935469.713323239
20251201,2584668.0117354686,865111.0430764398,1948806.2832686189
20251202,2573612.9731908347,861410.8247570368,1940470.9270527568
20251203,2553713.903810493,854750.4317821113,1925467.2858642046
20251204,2540447.857556932,850310.1697988275,1915464.8584051696
20251205,2549291.888392639,853270.3444543498,1922133.1433778591
20251208,2547080.880683712,852530.3007904693,1920466.0721346869
20251209,2527181.811303371,845869.9078155438,1905462.4309461347
20251210,2505071.734214103,838469.4711767376,1888791.71851441
20251211,2513915.7650498096,841429.64583226,1895460.0034870997
20251212,2509493.749631956,839949.5585044988,1892125.8610007549
20251215,2544869.8729747855,851790.2571265886,1918799.0008915144
20251216,2538236.8498480055,849570.126134947,1913797.7871619973
20251217,2549291.888392639,853270.3444543498,1922133.1433778591
20251218,2573612.9731908347,861410.8247570368,1940470.9270527568
20251219,2569190.957772981,859930.7374292754,1937136.7845664115
20251222,2547080.880683712,852530.3007904693,1920466.0721346869
20251223,2555924.91151942,855490.4754459917,1927134.357107377
20251224,2551502.896101566,854010.3881182305,1923800.2146210317
20251225,2555924.91151942,855490.4754459917,1927134.357107377
20251226,2551502.896101566,854010.3881182305,1923800.2146210317
20251229,2555924.91151942,855490.4754459917,1927134.357107377
20251230,2538236.8498480055,849570.126134947,1913797.7871619973
20251231,2522759.7958855177,844389.8204877826,1902128.28845979
20260105,2542658.865265859,851050.2134627082,1917131.929648342
20260106,2580245.996317615,863630.9557486784,1945472.1407822738
20260107,2573612.9731908347,861410.8247570368,1940470.9270527568
20260108,2544869.8729747855,851790.2571265886,1918799.0008915144
20260109,2533814.8344301516,848090.0388071856,1910463.644675652
20260112,2538236.8498480055,849570.126134947,1913797.7871619973
20260113,2536025.8421390783,848830.0824710663,1912130.7159188248
20260114,2511704.757340883,840689.6021683795,1893792.9322439274
20260115,2500649.718796249,836989.3838489765,1885457.5760280653
20260116,2474117.626289127,828108.859882409,1865452.7211099954
20260119,2458640.572326639,822928.5542352446,1853783.222407788
20260120,2467484.6031623464,825888.7288907671,1860451.5073804779
20260121,2447585.533782005,819228.3359158416,1845447.8661919257
20260122,2447585.533782005,819228.3359158416,1845447.8661919257
20260123,2429897.47211059,813307.9866047966,1832111.2962465459
20260126,2423264.44898381,811087.8556131549,1827110.0825170288
20260127,2418842.4335659556,809607.7682853935,1823775.9400306833
20260128,2396732.356476688,802207.3316465875,1807105.2275989589
20260129,2423264.44898381,811087.8556131549,1827110.0825170288
20260130,2394521.348767761,801467.2879827068,1805438.1563557864
20260202,2401154.371894541,803687.4189743487,1810439.3700853037
20260203,2396732.356476688,802207.3316465875,1807105.2275989589
20260204,2425475.4566927366,811827.8992770355,1828777.153760201
20260205,2452007.5491998587,820708.4232436029,1848782.0086782705
20260206,2443163.5183641515,817748.2485880804,1842113.723705581
20260209,2447585.533782005,819228.3359158416,1845447.8661919257
20260210,2445374.526073078,818488.292251961,1843780.7949487532
20260211,2447585.533782005,819228.3359158416,1845447.8661919257
20260212,2423264.44898381,811087.8556131549,1827110.0825170288
20260213,2412209.4104391756,807387.6372937518,1818774.7263011662
20260224,2412209.4104391756,807387.6372937518,1818774.7263011662
20260225,2401154.371894541,803687.4189743487,1810439.3700853037
20260226,2403365.379603468,804427.4626382291,1812106.441328476
20260227,2409998.402730249,806647.5936298711,1817107.6550579937
20260302,2398943.3641856145,802947.375310468,1808772.2988421312
20260303,2405576.3873123955,805167.5063021099,1813773.512571649
20260304,2367989.256260639,792586.7640161394,1785433.301437717
20260305,2390099.3333499073,799987.2006549457,1802104.0138694416
20260306,2392310.3410588345,800727.2443188262,1803771.085112614
20260309,2379044.294805273,796286.9823355424,1793768.657653579
20260310,2390099.3333499073,799987.2006549457,1802104.0138694416
20260311,2407787.395021322,805907.5499659906,1815440.5838148214
20260312,2418842.4335659556,809607.7682853935,1823775.9400306833
20260313,2416631.4258570294,808867.7246215129,1822108.868787511
20260316,2414420.4181481022,808127.6809576324,1820441.7975443385
20260317,2438741.5029462976,816268.1612603192,1838779.581219236
20260318,2423264.44898381,811087.8556131549,1827110.0825170288
20260319,2405576.3873123955,805167.5063021099,1813773.512571649
20260320,2381255.3025142,797027.0259994231,1795435.7288967515
20260323,2310503.055828541,773345.6287552434,1742089.4491152323
20260324,2405576.3873123955,805167.5063021099,1813773.512571649
20260325,2418842.4335659556,809607.7682853935,1823775.9400306833
20260326,2418842.4335659556,809607.7682853935,1823775.9400306833
20260327,2436530.4952373705,815528.1175964385,1837112.5099760634
20260330,2429897.47211059,813307.9866047966,1832111.2962465459
20260331,2449796.5414909315,819968.3795797222,1847114.937435098
20260401,2465273.5954534197,825148.6852268866,1858784.4361373056
20260402,2491805.6879605413,834029.2091934538,1878789.291055375
20260403,2458640.572326639,822928.5542352446,1853783.222407788
20260407,2438741.5029462976,816268.1612603192,1838779.581219236
20260408,2480750.649415908,830328.9908740509,1870453.934839513
20260409,2454218.5569087854,821448.4669074834,1850449.0799214432
20260410,2452007.5491998587,820708.4232436029,1848782.0086782705
20260413,2447585.533782005,819228.3359158416,1845447.8661919257
20260414,2469695.6108712736,826628.7725546478,1862118.5786236506
20260415,2478539.6417069808,829588.9472101703,1868786.8635963404
20260416,2452007.5491998587,820708.4232436029,1848782.0086782705
20260417,2434319.487528444,814788.0739325578,1835445.4387328906
20260420,2445374.526073078,818488.292251961,1843780.7949487532
20260421,2449796.5414909315,819968.3795797222,1847114.937435098
20260422,2427686.4644016637,812567.9429409162,1830444.2250033736
20260423,2432108.479819517,814048.0302686773,1833778.3674897184
20260424,2432108.479819517,814048.0302686773,1833778.3674897184
20260427,2516126.772758737,842169.6894961408,1897127.0747302724
20260428,2533814.8344301516,848090.0388071856,1910463.644675652
20260429,2547080.880683712,852530.3007904693,1920466.0721346869
20260430,2540447.857556932,850310.1697988275,1915464.8584051696
20260506,2511704.757340883,840689.6021683795,1893792.9322439274
20260507,2513915.7650498096,841429.64583226,1895460.0034870997
20260508,2498438.7110873223,836249.3401850958,1883790.5047848925
20260511,2494016.6956694685,834769.2528573344,1880456.3622985475
20260512,2487383.672542688,832549.1218656927,1875455.1485690302
20260513,2463062.587744493,824408.641563006,1857117.364894133
20260514,2443163.5183641515,817748.2485880804,1842113.723705581
20260515,2429897.47211059,813307.9866047966,1832111.2962465459
20260518,2401154.371894541,803687.4189743487,1810439.3700853037
20260519,2401154.371894541,803687.4189743487,1810439.3700853037
20260520,2381255.3025142,797027.0259994231,1795435.7288967515
20260521,2365778.248551712,791846.7203522588,1783766.2301945442
20260522,2361356.233133858,790366.6330244975,1780432.0877081992
20260525,2361356.233133858,790366.6330244975,1780432.0877081992
20260526,2385677.3179320535,798507.1133271843,1798769.8713830966
20260527,2379044.294805273,796286.9823355424,1793768.657653579
20260528,2356934.2177160047,788886.5456967363,1777097.9452218544
20260529,2416631.4258570294,808867.7246215129,1822108.868787511
20260601,2429897.47211059,813307.9866047966,1832111.2962465459
20260602,2449796.5414909315,819968.3795797222,1847114.937435098
20260603,2429897.47211059,813307.9866047966,1832111.2962465459
20260604,2392310.3410588345,800727.2443188262,1803771.085112614
20260605,2427686.4644016637,812567.9429409162,1830444.2250033736
20260608,2438741.5029462976,816268.1612603192,1838779.581219236
20260609,2460851.580035566,823668.5978991253,1855450.2936509605
20260610,2502860.7265051757,837729.427512857,1887124.6472712373
20260611,2498438.7110873223,836249.3401850958,1883790.5047848925
20260612,2566952.1620189385,859181.3928630794,1935448.761496283
20260615,2525844.3871823363,845422.2602371583,1904454.0304402928
20260616,2498439.203957935,836249.5051532107,1883790.8764029657
20260617,2461898.959658732,824019.1650412807,1856240.0043531964
20260618,2402521.0626725294,804144.8623593946,1811469.8372723218
20260622,2432210.011165631,814082.0137003377,1833854.9208127593
20260623,2445912.6027778317,818668.3912423115,1844186.4978314228
20260624,2400237.2974038296,803380.466102399,1809747.9077692113
20260625,2379683.4099855283,796500.8997894385,1794250.5422412162
20260626,2336291.869880226,781977.3709065216,1761533.8816821151
20260629,2338575.635148926,782741.7671635172,1763255.8111852258
20260630,2295184.095043624,768218.2382806003,1730539.1506261248
20260701,2320305.512999325,776626.5971075522,1749480.3751603412
20260702,2347710.6962237265,785799.3521914997,1770143.529197668
20260703,2349994.461492426,786563.7484484952,1771865.4587007784
20260706,2397953.532135129,802616.0698454033,1808025.9782661006
20260707,2391102.236329029,800322.8810744165,1802860.189756769
20260708,2420791.18482213,810260.0324153595,1825245.2732972063
20260709,2395669.7668664292,801851.6735884078,1806304.0487629902
20260710,2386534.7057916285,798794.0885604252,1799416.3307505478
20260713,2407088.5932099293,805673.6548733857,1814913.6962785427
20260714,2441345.0722404313,817139.5987283201,1840742.6388252012
20260715,2475601.5512709334,828605.5425832544,1866571.5813718599
20260716,2459615.1943900324,823254.768784285,1854518.074850086
20260717,2461898.959658732,824019.1650412807,1856240.0043531964
20260720,2507574.265032735,839307.0901811932,1890678.594415408
20260721,2475601.5512709334,828605.5425832544,1866571.5813718599
20260722,2507574.265032735,839307.0901811932,1890678.594415408
20260723,2530411.917719736,846951.0527511494,1907897.8894465137
20260724,2534979.4482571366,848479.8452651406,1911341.748452735
20260727,2537263.2135258364,849244.2415221363,1913063.6779558454
20260729,2576087.223093739,862238.9778910618,1942336.4795087252
20260730,2651451.476960843,887464.0543719174,1999160.1531113742
20260731,2656019.0074982434,888992.8468859086,2002604.0121175954
20260803,2653735.2422295427,888228.450628913,2000882.0826144845
20260804,2612627.4673929405,874469.3180029917,1969887.3515584944
20260805,2569235.9272876387,859945.7891200751,1937170.6909993936
20260806,2573803.4578250386,861474.5816340662,1940614.5500056145
20260807,2555533.3356754375,855359.4115781012,1926839.11398073
20260810,2578370.9883624385,863003.3741480574,1944058.4090118357
20260811,2571519.6925563384,860710.1853770706,1938892.620502504
20260813,2569235.9272876387,859945.7891200751,1937170.6909993936
20260814,2537263.2135258364,849244.2415221363,1913063.6779558454
20260817,2534979.4482571366,848479.8452651406,1911341.748452735
20260818,2523560.621913636,844657.8639801625,1902732.100937182
20260819,2573803.4578250386,861474.5816340662,1940614.5500056145
20260820,2603492.40631814,871411.7329750094,1962999.6335460523
20260821,2605776.1715868404,872176.129232005,1964721.5630491627
