date,nav_hold,nav_switch_A,nav_switch_B
20120215,1009427.8550108742,1009427.8550108742,1009427.8550108742
20120216,993467.7020671705,993467.7020671705,993467.7020671705
20120217,992016.7790722882,992016.7790722882,992016.7790722882
20120220,989011.2957257467,989011.2957257467,989011.2957257467
20120221,994659.5316701093,994659.5316701093,994659.5316701093
20120222,998856.8446195899,998856.8446195899,998856.8446195899
20120223,1006888.7397698304,1006888.7397698304,1006888.7397698304
20120224,1026424.381522351,1026424.381522351,1026424.381522351
20120227,1028600.7660146741,1028600.7660146741,1028600.7660146741
20120228,1040208.1499737315,1040208.1499737315,1040208.1499737315
20120229,1059484.6983343086,1059484.6983343086,1059484.6983343086
20120301,1049742.786797243,1049742.786797243,1049742.786797243
20120302,1041037.2488279497,1041037.2488279497,1041037.2488279497
20120305,1035544.4689187531,1035544.4689187531,1035544.4689187531
20120306,1015905.1898094553,1015905.1898094553,1015905.1898094553
20120307,1000774.1357199699,1000774.1357199699,1000774.1357199699
20120308,1007562.3825888828,1007562.3825888828,1007562.3825888828
20120309,1036010.837024251,1036010.837024251,1036010.837024251
20120312,1039171.7764059583,1039171.7764059583,1039171.7764059583
20120313,1044975.4683854871,1044975.4683854871,1044975.4683854871
20120314,1029481.6835472812,1029481.6835472812,1029481.6835472812
20120315,1030828.9691853862,1030828.9691853862,1030828.9691853862
20120316,1075703.9446699556,1075703.9446699556,1075703.9446699556
20120319,1075963.038061899,1075963.038061899,1075963.038061899
20120320,1076533.043524174,1076533.043524174,1076533.043524174
20120321,1062801.0937511823,1062801.0937511823,1062801.0937511823
20120322,1064096.5607108984,1064096.5607108984,1064096.5607108984
20120323,1098659.6191961272,1098659.6191961272,1098659.6191961272
20120326,1115137.9589237173,1115137.9589237173,1115137.9589237173
20120327,1044146.3695312687,1044146.3695312687,1044146.3695312687
20120328,1043628.1827473823,1043628.1827473823,1043628.1827473823
20120329,1042332.715787666,1042332.715787666,1042332.715787666
20120330,1020620.6895428223,1020620.6895428223,1020620.6895428223
20120405,1067464.7748061607,1067464.7748061607,1067464.7748061607
20120406,1077673.0544487243,1077673.0544487243,1077673.0544487243
20120409,1084357.66396086,1084357.66396086,1084357.66396086
20120410,1078398.5159461657,1078398.5159461657,1078398.5159461657
20120411,1082233.0981469254,1082233.0981469254,1082233.0981469254
20120412,1100732.366331673,1100732.366331673,1100732.366331673
20120413,1103893.3057133807,1103893.3057133807,1103893.3057133807
20120416,1102856.9321456077,1102856.9321456077,1102856.9321456077
20120417,1089124.9823726157,1089124.9823726157,1089124.9823726157
20120418,1108194.2560196384,1108194.2560196384,1108194.2560196384
20120419,1085497.6748854103,1085497.6748854103,1085497.6748854103
20120420,1101146.915758782,1101146.915758782,1101146.915758782
20120423,1097726.8829851313,1097726.8829851313,1097726.8829851313
20120424,1096068.6852766946,1096068.6852766946,1096068.6852766946
20120425,1103323.3002511053,1103323.3002511053,1103323.3002511053
20120426,1122858.942003626,1122858.942003626,1122858.942003626
20120427,1163640.2418954924,1163640.2418954924,1163640.2418954924
20120502,1170998.4942266804,1170998.4942266804,1170998.4942266804
20120503,1174677.6203922746,1174677.6203922746,1174677.6203922746
20120504,1212557.0742943767,1212557.0742943767,1212557.0742943767
20120507,1215199.8268921976,1215199.8268921976,1215199.8268921976
20120508,1213127.0797566518,1213127.0797566518,1213127.0797566518
20120509,1196130.5532451752,1196130.5532451752,1196130.5532451752
20120510,1179911.3069095279,1179911.3069095279,1179911.3069095279
20120511,1179859.4882311393,1179859.4882311393,1179859.4882311393
20120514,1151307.3964389942,1151307.3964389942,1151307.3964389942
20120515,1156126.5335291384,1156126.5335291384,1156126.5335291384
20120516,1140114.561907046,1140114.561907046,1140114.561907046
20120517,1139544.556444771,1139544.556444771,1139544.556444771
20120518,1129232.6394454297,1129232.6394454297,1129232.6394454297
20120521,1156541.0829562475,1156541.0829562475,1156541.0829562475
20120522,1188098.6580949347,1188098.6580949347,1188098.6580949347
20120523,1194265.0808231838,1194265.0808231838,1194265.0808231838
20120524,1141254.5728315962,1141254.5728315962,1141254.5728315962
20120525,1132652.6722190806,1132652.6722190806,1132652.6722190806
20120528,1168459.3789856366,1168459.3789856366,1168459.3789856366
20120530,1184885.9000348381,1184885.9000348381,1184885.9000348381
20120531,1226444.4801025344,1226444.4801025344,1226444.4801025344
20120601,1245565.5724279457,1245565.5724279457,1245565.5724279457
20120604,1225667.1999267046,1225667.1999267046,1225667.1999267046
20120605,1247793.7755986578,1247793.7755986578,1247793.7755986578
20120606,1225926.2933186481,1225926.2933186481,1225926.2933186481
20120607,1233180.9082930586,1233180.9082930586,1233180.9082930586
20120608,1238362.7761319235,1238362.7761319235,1238362.7761319235
20120611,1220588.9694446172,1220588.9694446172,1220588.9694446172
20120612,1211779.7941185469,1211779.7941185469,1211779.7941185469
20120613,1238414.5948103121,1238414.5948103121,1238414.5948103121
20120614,1267433.0547079553,1267433.0547079553,1267433.0547079553
20120615,1261162.9946229288,1261162.9946229288,1261162.9946229288
20120618,1277123.1475666328,1277123.1475666328,1277123.1475666328
20120619,1262821.1923313658,1262821.1923313658,1262821.1923313658
20120620,1262095.7308339246,1262095.7308339246,1262095.7308339246
20120621,1242508.2704030154,1242508.2704030154,1242508.2704030154
20120625,1231211.79851429,1231211.79851429,1231211.79851429
20120626,1232507.2654740063,1232507.2654740063,1232507.2654740063
20120627,1253493.830221409,1253493.830221409,1253493.830221409
20120628,1223646.2714695472,1223646.2714695472,1223646.2714695472
20120629,1239243.6936645305,1239243.6936645305,1239243.6936645305
20120702,1253234.7368294657,1253234.7368294657,1253234.7368294657
20120703,1321065.3868402068,1321065.3868402068,1321065.3868402068
20120704,1340341.9352007841,1340341.9352007841,1340341.9352007841
20120705,1324515.9330516541,1324515.9330516541,1324515.9330516541
20120706,1368357.6946439624,1368357.6946439624,1368357.6946439624
20120709,1340673.7011294917,1340673.7011294917,1340673.7011294917
20120710,1317884.4060881117,1317884.4060881117,1317884.4060881117
20120711,1357936.7237012528,1357936.7237012528,1357936.7237012528
20120712,1347673.6462576753,1347673.6462576753,1347673.6462576753
20120713,1382620.7407322163,1382620.7407322163,1382620.7407322163
20120716,1380252.338245237,1380252.338245237,1380252.338245237
20120717,1335568.4779908913,1335568.4779908913,1335568.4779908913
20120718,1289253.0515788493,1289253.0515788493,1289253.0515788493
20120719,1295831.9473760142,1295831.9473760142,1295831.9473760142
20120720,1279358.3922999129,1279358.3922999129,1279358.3922999129
20120723,1276726.833981047,1276726.833981047,1276726.833981047
20120724,1312516.027117625,1312516.027117625,1312516.027117625
20120725,1344989.456772432,1344989.456772432,1344989.456772432
20120726,1318094.930753621,1318094.930753621,1318094.930753621
20120727,1312884.4452822662,1312884.4452822662,1312884.4452822662
20120730,1314937.060770982,1314937.060770982,1314937.060770982
20120731,1297042.4642026927,1297042.4642026927,1297042.4642026927
20120801,1279200.4988007809,1279200.4988007809,1279200.4988007809
20120802,1274516.3249931994,1274516.3249931994,1274516.3249931994
20120803,1299779.2848543134,1299779.2848543134,1299779.2848543134
20120806,1309621.3129668725,1309621.3129668725,1309621.3129668725
20120807,1325779.0810447098,1325779.0810447098,1325779.0810447098
20120808,1330515.8860186688,1330515.8860186688,1330515.8860186688
20120809,1373252.3931170534,1373252.3931170534,1373252.3931170534
20120810,1306358.1806514787,1306358.1806514787,1306358.1806514787
20120813,1305252.9261575546,1305252.9261575546,1305252.9261575546
20120814,1302621.3678386887,1302621.3678386887,1302621.3678386887
20120815,1284884.6647695317,1284884.6647695317,1284884.6647695317
20120816,1259358.549076531,1259358.549076531,1259358.549076531
20120817,1208516.8423560392,1208516.8423560392,1208516.8423560392
20120820,1224464.0857683674,1224464.0857683674,1224464.0857683674
20120821,1240990.272010846,1240990.272010846,1240990.272010846
20120822,1221990.4209486335,1221990.4209486335,1221990.4209486335
20120823,1201411.634895101,1201411.634895101,1201411.634895101
20120824,1220411.4859573138,1220411.4859573138,1220411.4859573138
20120827,1202622.1517217793,1202622.1517217793,1202622.1517217793
20120828,1186990.695307715,1186990.695307715,1186990.695307715
20120829,1153464.6423253617,1153464.6423253617,1153464.6423253617
20120830,1146727.8530290646,1146727.8530290646,1146727.8530290646
20120831,1156622.5123080008,1156622.5123080008,1156622.5123080008
20120904,1228569.3167457983,1228569.3167457983,1228569.3167457983
20120905,1231885.0802275697,1231885.0802275697,1231885.0802275697
20120906,1219727.2807944086,1219727.2807944086,1219727.2807944086
20120907,1271568.9796760695,1271568.9796760695,1271568.9796760695
20120910,1271990.029007088,1271990.029007088,1271990.029007088
20120911,1261726.9515635106,1261726.9515635106,1261726.9515635106
20120912,1264516.4033815085,1264516.4033815085,1264516.4033815085
20120913,1263042.7307229436,1263042.7307229436,1263042.7307229436
20120914,1288200.4282513028,1288200.4282513028,1288200.4282513028
20120917,1269990.04468475,1269990.04468475,1269990.04468475
20120918,1264884.82154615,1264884.82154615,1264884.82154615
20120919,1218727.2886332395,1218727.2886332395,1218727.2886332395
20120920,1205464.2347061546,1205464.2347061546,1205464.2347061546
20120921,1213622.0654946393,1213622.0654946393,1213622.0654946393
20120924,1222937.781943425,1222937.781943425,1222937.781943425
20120925,1255305.9492654772,1255305.9492654772,1255305.9492654772
20120926,1241411.3213418648,1241411.3213418648,1241411.3213418648
20120927,1266779.5435357334,1266779.5435357334,1266779.5435357334
20120928,1293674.0695545443,1293674.0695545443,1293674.0695545443
20121008,1262832.2060574342,1262832.2060574342,1262832.2060574342
20121009,1284989.9271022864,1284989.9271022864,1284989.9271022864
20121010,1283253.0986118347,1283253.0986118347,1283253.0986118347
20121011,1273305.8081665211,1273305.8081665211,1273305.8081665211
20121012,1281621.5324541377,1281621.5324541377,1281621.5324541377
20121015,1293200.3890571482,1293200.3890571482,1293200.3890571482
20121016,1314779.16727185,1314779.16727185,1314779.16727185
20121017,1309358.1571349858,1309358.1571349858,1309358.1571349858
20121018,1322200.161731052,1322200.161731052,1322200.161731052
20121019,1331568.5093462153,1331568.5093462153,1331568.5093462153
20121022,1318621.2424173944,1318621.2424173944,1318621.2424173944
20121023,1287884.6412530388,1287884.6412530388,1287884.6412530388
20121024,1296200.3655406558,1296200.3655406558,1296200.3655406558
20121025,1295095.1110467317,1295095.1110467317,1295095.1110467317
20121026,1268884.7901908262,1268884.7901908262,1268884.7901908262
20121029,1272726.8653363704,1272726.8653363704,1272726.8653363704
20121030,1287253.067256511,1287253.067256511,1287253.067256511
20121031,1301779.2691766515,1301779.2691766515,1301779.2691766515
20121101,1312621.2894503796,1312621.2894503796,1312621.2894503796
20121102,1307147.6481471383,1307147.6481471383,1307147.6481471383
20121105,1278516.293637876,1278516.293637876,1278516.293637876
20121106,1241727.1083401286,1241727.1083401286,1241727.1083401286
20121107,1249832.307962236,1249832.307962236,1249832.307962236
20121108,1232095.6048930788,1232095.6048930788,1232095.6048930788
20121109,1235832.4177058688,1235832.4177058688,1235832.4177058688
20121112,1218200.9769694663,1218200.9769694663,1218200.9769694663
20121113,1200306.3804011773,1200306.3804011773,1200306.3804011773
20121114,1213937.8524929034,1213937.8524929034,1213937.8524929034
20121115,1196043.2559246144,1196043.2559246144,1196043.2559246144
20121116,1181043.3735070778,1181043.3735070778,1181043.3735070778
20121119,1126570.116306551,1126570.116306551,1126570.116306551
20121120,1136622.669084619,1136622.669084619,1136622.669084619
20121121,1150780.4528401184,1133999.7563821916,1133999.7563821916
20121122,1143622.6142128026,1133999.7563821916,1133999.7563821916
20121123,1169622.4104031993,1133999.7563821916,1133999.7563821916
20121126,1142359.4662197472,1133999.7563821916,1133999.7563821916
20121127,1156622.5123080008,1133999.7563821916,1133999.7563821916
20121128,1149412.042514308,1133999.7563821916,1133999.7563821916
20121129,1154096.2163218895,1133999.7563821916,1133999.7563821916
20121130,1136885.8249165057,1133999.7563821916,1133999.7563821916
20121203,1053623.319707584,1133999.7563821916,1133999.7563821916
20121204,1036570.8218013323,1133999.7563821916,1133999.7563821916
20121205,1034939.2556436354,1133999.7563821916,1133999.7563821916
20121206,1022149.8822139464,1133999.7563821916,1133999.7563821916
20121207,1046254.9564147592,1133999.7563821916,1133999.7563821916
20121211,1064781.1269795762,1133999.7563821916,1133999.7563821916
20121212,1115043.8908699176,1133999.7563821916,1133999.7563821916
20121213,1082623.092381488,1133999.7563821916,1133999.7563821916
20121214,1094307.2113172533,1133999.7563821916,1133999.7563821916
20121217,1110991.291058864,1133999.7563821916,1133999.7563821916
20121218,1129096.412292662,1133999.7563821916,1133999.7563821916
20121219,1154990.946150304,1133999.7563821916,1166110.256535824
20121220,1149464.6736806855,1133999.7563821916,1160530.7816241693
20121221,1139991.0637327675,1133999.7563821916,1150965.9674899043
20121224,1076728.401747228,1133999.7563821916,1087094.2642155339
20121225,1077465.2380765104,1133999.7563821916,1087838.1942037542
20121226,1080254.6898945086,1133999.7563821916,1090654.5005877325
20121227,1092517.7516604243,1133999.7563821916,1103035.6211059757
20121228,1117359.6621905197,1133999.7563821916,1128116.6892802708
20121231,1100096.6396187586,1133999.7563821916,1110687.4724133876
20130104,1089149.3570122756,1133999.7563821916,1099634.7983026812
20130107,1075202.0979222856,1133999.7563821916,1085553.2663827909
20130108,1109675.5118994308,1133999.7563821916,1120358.5622602557
20130109,1139201.5962371076,1133999.7563821916,1150168.8996453818
20130110,1128938.51879353,1133999.7563821916,1139807.0176665948
20130111,1111886.0208872783,1133999.7563821916,1122590.3522249176
20130114,1102201.8862738514,1133999.7563821916,1112812.9866654465
20130115,1109728.1430658083,1133999.7563821916,1120411.7001165573
20130116,1084202.0273728077,1133999.7563821916,1094639.839810343
20130117,1079623.1158979808,1133999.7563821916,1090016.8463121147
20130118,1072412.6461042876,1133999.7563821916,1082736.9599988128
20130121,1038465.5437909159,1133999.7563821916,1048463.0426843629
20130122,1046465.4810802686,1133999.7563821916,1056539.9968421867
20130123,1047254.9485759283,1133999.7563821916,1057337.0646867086
20130124,1031360.3363299775,1133999.7563821916,1049706.1407675198
20130125,994992.200363249,1133999.7563821916,1049706.1407675198
20130128,939466.3198351754,1133999.7563821916,1049706.1407675198
20130129,937676.8601783466,1133999.7563821916,1049706.1407675198
20130130,947992.5687883015,1133999.7563821916,1049706.1407675198
20130131,941571.5664902685,1133999.7563821916,1049706.1407675198
20130201,941992.6158212868,1133999.7563821916,1049706.1407675198
20130204,921729.6167660184,1133999.7563821916,1049706.1407675198
20130205,970676.6014969267,1133999.7563821916,1049706.1407675198
20130206,968045.0431780608,1133999.7563821916,1049706.1407675198
20130207,974571.3078088483,1133999.7563821916,1049706.1407675198
20130208,988729.0915643479,1133999.7563821916,1049706.1407675198
20130218,945729.4286340767,1133999.7563821916,1049706.1407675198
20130219,936413.7121852909,1133999.7563821916,1049706.1407675198
20130220,936308.4498525362,1133999.7563821916,1049706.1407675198
20130221,947466.2571245283,1133999.7563821916,1049706.1407675198
20130222,976781.816796696,1133999.7563821916,1049706.1407675198
20130225,953097.7919269016,1133999.7563821916,1049706.1407675198
20130226,933518.9980345384,1133999.7563821916,1049706.1407675198
20130227,930361.128051899,1133999.7563821916,1049706.1407675198
20130228,921045.4116031133,1133999.7563821916,1049706.1407675198
20130301,914834.9339705893,1133999.7563821916,1049706.1407675198
20130304,919571.7389445482,1133999.7563821916,1049706.1407675198
20130305,921045.4116031133,1133999.7563821916,1049706.1407675198
20130306,932729.5305388785,1133999.7563821916,1049706.1407675198
20130307,967676.6250134195,1133999.7563821916,1049706.1407675198
20130308,969097.6665056071,1133999.7563821916,1037747.395189681
20130311,974729.2013079803,1133999.7563821916,1043777.861234611
20130312,958834.5890620296,1133999.7563821916,1026757.2935190143
20130313,967518.7315142875,1133999.7563821916,1036056.6103172709
20130314,941782.0911557776,1133999.7563821916,1008496.8168969832
20130315,931413.7513794454,1133999.7563821916,997393.9962348224
20130318,891835.1142637001,1133999.7563821916,955011.6554330714
20130319,869361.6062205844,1133999.7563821916,930946.1507490986
20130320,894256.1479170569,1133999.7563821916,957604.1922374339
20130321,877782.5928409556,1133999.7563821916,939963.67006862
20130322,889729.8676086074,1133999.7563821916,952757.2756031911
20130325,889624.6052758527,1133999.7563821916,952644.5566116971
20130326,894098.2544179249,1133999.7563821916,957435.1137501928
20130327,877835.2240073329,1133999.7563821916,940020.029564367
20130328,877993.1175064648,1133999.7563821916,940189.1080516081
20130329,888729.8754474383,1133999.7563821916,951686.445183998
20130401,868151.0893939058,1133999.7563821916,929649.8823469173
20130402,861624.8247631182,1133999.7563821916,922661.3048742883
20130403,862361.6610924006,1133999.7563821916,923450.3378147462
20130408,864835.3259121346,1133999.7563821916,926099.2341148556
20130409,861045.8819329676,1133999.7563821916,922041.350421071
20130410,894519.3037489436,1133999.7563821916,957885.989716169
20130411,889045.6624457022,1133999.7563821916,956387.5936184409
20130412,906466.5785165954,1133999.7563821916,956387.5936184409
20130415,909150.7680018388,1133999.7563821916,956387.5936184409
20130416,911361.2769896862,1133999.7563821916,956387.5936184409
20130417,939413.6886687983,1133999.7563821916,956387.5936184409
20130418,942887.3456497014,1133999.7563821916,965656.5317369726
20130419,943308.3949807198,1133999.7563821916,966087.7487201651
20130422,914255.991140439,1133999.7563821916,936333.7768798745
20130423,904256.0695287479,1133999.7563821916,926092.3735290498
20130424,920361.2064402081,1133999.7563821916,942586.4231361676
20130425,929992.7098872577,1133999.7563821916,952450.5116266985
20130426,915729.6637990038,1133999.7563821916,937843.0363210487
20130502,900571.8878823356,1133999.7563821916,922319.2249261145
20130503,907624.4641768964,1133999.7563821916,929542.1093945906
20130506,935782.138188763,1133999.7563821916,958379.7451455973
20130507,987834.3617359333,1133999.7563821916,1011688.9446927848
20130508,994150.1017012116,1133999.7563821916,1018157.1994406739
20130509,1037781.3386280107,1133999.7563821916,1062842.0593240093
20130510,1037412.9204633696,1133999.7563821916,1062464.744463716
20130513,1040412.8969468767,1133999.7563821916,1065537.165468963
20130514,1006255.2699679955,1104170.6386712703,1030554.6877074619
20130515,1024518.2847009258,1124210.7669007243,1049258.7243534417
20130516,1025518.2768620949,1125308.0649882162,1050282.8646885243
20130517,1031097.1804980909,1131429.8332658014,1055996.4897158265
20130520,1026307.7443577547,1126174.3529520254,1051091.3965320105
20130521,1026413.0066905095,1126289.8580138667,1051199.2007778087
20130522,1049833.8757284172,1151989.734273541,1075185.6454678979
20130523,1065465.3321424813,1169142.235956964,1091194.575968924
20130524,1057518.026019506,1160421.6037879512,1083055.3554111633
20130527,1061202.2076659184,1164464.2809523942,1086828.5040140988
20130528,1063886.3971511617,1167409.6600293457,1089577.5122819515
20130529,1060465.371336636,1163655.7455195056,1086073.8742935117
20130530,1053939.1067058481,1156494.4316853492,1079390.011054026
20130531,1037360.2892969922,1138302.384445355,1062410.8423408167
20130603,1063570.610152898,1167063.144843822,1089254.0995445573
20130604,1061570.6258305598,1164868.5486688386,1087205.8188743922
20130605,1058781.1740125618,1161807.6645300458,1084349.0063607413
20130606,1061360.1011650502,1164637.538545156,1086990.210382796
20130607,1066799.6781570627,1170606.4227643295,1092561.1442557112
20130613,1058374.42848243,1161361.3399390737,1083932.4385918146
20130614,1054623.8334659806,1157245.7869394436,1080091.2728446606
20130617,1029946.0053867332,1130166.641115791,1054817.5156097633
20130618,1041741.3549312194,1143109.7570711493,1066897.7035392188
20130619,1059026.7058765953,1162077.0882868355,1084600.4674174066
20130620,1042230.5629768433,1143646.5683319706,1067398.725158413
20130621,1039132.2453545588,1140246.7636801023,1064225.5882368507
20130624,1008964.4158744218,1107143.4025961217,1033329.2550532209
20130625,1031902.8375692288,1132313.8861590764,1056821.6020865396
20130626,1025814.9152236875,1125633.5682466333,1050586.666381014
20130627,1030489.569881871,1130763.0980722592,1055374.2062977569
20130628,1045655.01929621,1147404.2471577197,1070905.8764927706
20130701,1056091.457602852,1158856.2207219074,1081594.3377022424
20130702,1075985.9181248883,1180686.5453286406,1101969.2168827986
20130703,1076094.631023916,1180805.8367199341,1102080.555020397
20130704,1068756.5103395584,1172753.667807615,1094565.2307324873
20130705,1071474.3328152464,1175735.9525899554,1097348.6841724538
20130708,1060820.4687105494,1164045.3962431804,1086437.5466877846
20130709,1043915.6129117698,1145495.5848970218,1069124.466291192
20130710,1053645.417374733,1156172.164417801,1079089.2296062727
20130711,1065223.3411211637,1168876.6975905718,1090946.7412605304
20130712,1026304.1232693114,1126170.3795074548,1051087.6880002082
20130715,1021629.4686111279,1121040.8496818289,1046300.1480834654
20130716,1037936.4034652561,1138934.5583758724,1063000.8687232654
20130717,1016030.7543112106,1114897.343030207,1040566.2339971341
20130718,1005974.8111511649,1103862.8893355469,1030267.4562692575
20130719,956727.8678916979,1049823.8890795354,979831.2799370617
20130722,950585.589096643,1043083.9254714457,973540.675162737
20130723,976187.4768176242,1071177.048121094,999760.8065672229
20130724,949172.3214092853,1041533.1373846286,972093.2793739544
20130725,971567.1786089547,1066107.163991115,995028.9357192797
20130726,951074.7971422669,1043620.7367322671,974041.6967819311
20130729,931234.6930697444,1021850.0578211808,953722.4866701745
20130730,915525.6791602676,1004612.4517792522,937634.1257871673
20130731,915906.1743068639,1005029.9716487798,938023.8092687626
20130801,934333.0106920286,1025249.862473049,956895.6235917364
20130802,956836.5807907255,1049943.1804708291,979942.6180746604
20130805,953955.6889664963,1046781.9586015481,976992.1574282958
20130806,952488.0648296246,1035551.0626671732,966510.0344239632
20130807,958739.0565237071,1035551.0626671732,966510.0344239632
20130808,952107.5696830283,1035551.0626671732,966510.0344239632
20130809,939442.5169463223,1035551.0626671732,966510.0344239632
20130812,969229.8512798629,1035551.0626671732,966510.0344239632
20130813,978144.3090001196,1035551.0626671732,966510.0344239632
20130814,971295.3963613857,1035551.0626671732,966510.0344239632
20130815,964609.5530711933,1035551.0626671732,966510.0344239632
20130816,947976.4795199826,1035551.0626671732,966510.0344239632
20130819,952161.926132542,1035551.0626671732,966510.0344239632
20130820,943682.3200083956,1035551.0626671732,962261.8749686426
20130821,949552.8165558816,1035551.0626671732,968247.9519513401
20130822,951672.7180869184,1035551.0626671732,970409.5908617588
20130823,940312.2201385424,1035551.0626671732,958825.4233674643
20130826,945476.0828423495,1035551.0626671732,964090.954046689
20130827,941181.9233307625,1035551.0626671732,959712.2495871232
20130828,923516.0772387903,1035551.0626671732,941698.5920003017
20130829,915797.4614078363,1035551.0626671732,933828.0093008288
20130830,917428.1548932492,1035551.0626671732,935490.8084626893
20130902,825783.1810130489,1035551.0626671732,842041.4955661319
20130903,824369.9133256912,1035551.0626671732,840600.4029591862
20130904,826761.5971042967,1035551.0626671732,843039.1750632483
20130905,816814.3668432786,1035551.0626671732,832896.1001758996
20130906,816868.7232927923,1035551.0626671732,832951.5268146282
20130909,820510.6054102143,1035551.0626671732,836665.1116094498
20130910,824152.4875276362,1035551.0626671732,840378.6964042715
20130911,829316.3502314434,1035551.0626671732,845644.2270834963
20130912,824750.4084722875,1035551.0626671732,840988.389430287
20130913,826326.7455081866,1035551.0626671732,842595.7619534188
20130916,813444.2669734254,1035551.0626671732,829459.6485747213
20130917,768056.6316294355,1035551.0626671732,783178.4052362721
20130918,771318.0186002611,1035551.0626671732,786504.003559993
20130923,765393.1656032611,1035551.0626671732,780462.4999385666
20130924,743596.2293482432,1035551.0626671732,780109.5031959625
20130925,734681.7716279865,1035551.0626671732,780109.5031959625
20130926,736095.0393153442,1035551.0626671732,780109.5031959625
20130927,728702.5621814729,1035551.0626671732,780109.5031959625
20130930,738921.5746900598,1035551.0626671732,780109.5031959625
20131008,742889.5955045642,1035551.0626671732,780109.5031959625
20131009,744629.0018890046,1035551.0626671732,780109.5031959625
20131010,744900.7841365734,1035551.0626671732,780109.5031959625
20131011,747509.893713234,1035551.0626671732,780109.5031959625
20131014,759087.8174596649,1035551.0626671732,780109.5031959625
20131015,784091.7842359948,1035551.0626671732,780109.5031959625
20131016,784037.4277864811,1035551.0626671732,780109.5031959625
20131017,783765.6455389122,1035551.0626671732,780109.5031959625
20131018,777188.5151477471,1035551.0626671732,780109.5031959625
20131021,788657.7259951506,1035551.0626671732,780109.5031959625
20131022,779580.1989263525,1035551.0626671732,780109.5031959625
20131023,781047.8230632241,1035551.0626671732,780109.5031959625
20131024,781156.5359622517,1035551.0626671732,780109.5031959625
20131025,743215.7342016469,1035551.0626671732,744883.9717529295
20131028,728213.3541358489,1035551.0626671732,729847.9170316679
20131029,721853.649542739,1035551.0626671732,723473.9373128724
20131030,720712.16410295,1035551.0626671732,722329.8896710372
20131031,734409.9893804177,1035551.0626671732,736058.4613730587
20131101,734790.484527014,1035551.0626671732,736439.8105870036
20131104,741095.8326706103,1035551.0626671732,742759.3118466643
20131105,750716.9242345459,1035551.0626671732,752401.9991135603
20131106,759087.8174596649,1035551.0626671732,760791.681820351
20131107,755391.5788927291,1035551.0626671732,757087.1465991706
20131108,740008.703680335,1035551.0626671732,741669.7426639642
20131111,758544.2529645273,1035551.0626671732,760246.897229001
20131112,787298.8147573066,1035551.0626671732,789066.0021114189
20131113,786646.5373631415,1035551.0626671732,788412.2606017989
20131114,783113.368144747,1035551.0626671732,784871.1607580234
20131115,779688.9118253802,1035551.0626671732,781439.0178325181
20131118,779960.694072949,1035551.0626671732,781711.4101281932
20131119,776318.8119555269,1035551.0626671732,778061.3533661478
20131120,772187.7217924813,1035551.0626671732,773920.9904718874
20131121,753706.5289578026,1035551.0626671732,755398.3143659855
20131122,752673.7564170412,1035551.0626671732,754363.2236424205
20131125,766045.4429974263,1035551.0626671732,767764.9245896318
20131126,760881.580293619,1035551.0626671732,762589.4709718062
20131127,760718.5109450776,1035551.0626671732,762426.0355944012
20131128,770937.5234536647,1035551.0626671732,772667.9859117824
20131129,768817.621922628,1035551.0626671732,770543.326005517
20131202,743487.5164492156,1035551.0626671732,745156.3640486045
20131203,747836.0324103165,1035551.0626671732,749514.640779405
20131204,752728.1128665549,1035551.0626671732,754417.7021015554
20131205,744629.0018890046,1035551.0626671732,746300.4116904397
20131206,754195.7370034264,1035551.0626671732,755888.6204982005
20131209,749792.8645928119,1035551.0626671732,751475.8653082652
20131210,744411.5760909496,1035551.0626671732,746082.4978538996
20131211,741367.6149181789,1035551.0626671732,743031.7041423392
20131212,741421.9713676928,1035551.0626671732,743086.1826014743
20131213,741421.9713676928,1035551.0626671732,743086.1826014743
20131216,722777.7091844729,1035551.0626671732,724400.0711181674
20131217,724082.2639728033,1035551.0626671732,725707.5541374077
20131218,720168.5996078125,1035551.0626671732,721785.1050796872
20131219,712884.8353729685,1035551.0626671732,724836.9046379342
20131220,688424.4330917763,1035551.0626671732,724836.9046379342
20131223,687663.4427985837,1035551.0626671732,724836.9046379342
20131224,688207.0072937212,1035551.0626671732,724836.9046379342
20131225,686304.5315607397,1035551.0626671732,724836.9046379342
20131226,678042.351234648,1035551.0626671732,724836.9046379342
20131227,685978.3928636571,1035551.0626671732,724836.9046379342
20131230,676520.3706482628,1035551.0626671732,724836.9046379342
20131231,697828.0988576568,1035551.0626671732,724836.9046379342
20140102,684782.5509743544,1035551.0626671732,724836.9046379342
20140103,673911.2610716023,1035551.0626671732,724836.9046379342
20140106,656245.4149796301,1035551.0626671732,724836.9046379342
20140107,655321.3553378962,1035551.0626671732,724836.9046379342
20140108,649016.0071943,1035551.0626671732,724836.9046379342
20140109,648689.8684972174,1035551.0626671732,724836.9046379342
20140110,648309.3733506211,1035551.0626671732,724836.9046379342
20140113,651679.4732204742,1035551.0626671732,724836.9046379342
20140114,659398.0890514283,1035551.0626671732,724836.9046379342
20140115,645537.1944254193,1035551.0626671732,724836.9046379342
20140116,663094.3276183639,1035551.0626671732,724836.9046379342
20140117,653908.0876505384,1035551.0626671732,724836.9046379342
20140120,689185.423384969,1035551.0626671732,724836.9046379342
20140121,690272.5523752441,1035551.0626671732,729583.3744839622
20140122,729300.4831261241,1035551.0626671732,770833.9345973163
20140123,728865.6315300141,1035551.0626671732,770374.3183286439
20140124,736529.8909114543,1035551.0626671732,778475.0550639962
20140127,765067.0269061786,1035551.0626671732,808637.3726956272
20140128,756750.4901305733,1035551.0626671732,799847.2115572661
20140129,744737.7147880321,1035551.0626671732,787150.312135189
20140130,718592.2625719133,1035551.0626671732,759515.8839812567
20140207,727778.5025397388,1035551.0626671732,769225.2776569626
20140210,722179.7882398217,1035551.0626671732,763307.7181978048
20140211,728593.8492824453,1035551.0626671732,770087.0581607235
20140212,729191.7702270967,1035551.0626671732,770719.0305301483
20140213,737453.9505531882,1035551.0626671732,779451.7396349252
20140214,776753.6635516371,1035551.0626671732,820989.5599161998
20140217,815238.0298073795,1035551.0626671732,861665.5996937132
20140218,799094.1643017926,1035551.0626671732,844602.3457192478
20140219,812791.9895792602,1035551.0626671732,859080.2581824306
20140220,809856.7413055173,1030678.2226641411,855977.8483688915
20140221,810345.9493511411,1031300.8217650189,856494.916671148
20140224,802409.907722132,1021200.8807952246,848106.9197678755
20140225,773872.7717274078,984882.5999106904,817944.6021362446
20140226,772024.6524439398,982530.55886293,815991.2329943866
20140227,787896.735701958,1002730.4408025185,832767.2268009317
20140228,815455.4556054346,1037803.5234852973,861895.4078280496
20140303,842144.472316691,1071769.7633220712,890104.3563178224
20140304,833827.9355410855,1061185.5786071497,881314.1951794614
20140305,868833.4890279473,1105736.003158845,918313.3048075953
20140306,880574.4821229195,1120678.3815799104,930722.944061752
20140307,899544.883003222,1144821.3911583913,950773.7037825885
20140310,853070.1186689567,1085674.476575007,901652.2150682182
20140311,881552.8982141672,1121923.579781666,931757.080666265
20140312,861712.7941416446,1096673.72735718,910787.0884080835
20140313,896174.7831333688,1140532.3751301225,947211.6777003768
20140314,890739.1381819928,1133614.6073425922,941466.474341971
20140317,904871.8150555704,1151600.8035901708,956404.0030738262
20140318,931234.6930697444,1185151.9773596928,984268.2393620947
20140319,947813.4101714413,1206251.1691116604,1001791.1096052327
20140320,919602.4128737997,1170347.9542943782,971973.5041751062
20140321,931669.5446658544,1185705.3987826954,984727.8556307672
20140324,931071.623721203,1184944.4443260669,984095.8832613424
20140325,906719.9343390383,1153952.844637931,958357.3722156842
20140326,861495.3683435897,1096397.016645679,910557.2802737474
20140327,856983.7830339475,1090655.2693820288,905788.7614862705
20140328,829696.8453780398,1055928.0750886267,876947.8406270728
20140331,840894.2739778743,1070178.676730939,888782.9595453889
20140401,883237.9481490939,1124068.0877958003,933538.0937073709
20140402,900360.2297459283,1145859.0563265206,951635.4842863493
20140403,898566.4669119744,1143576.1929566357,949739.5671780754
20140404,891771.9107227542,1134928.983222223,942558.062980068
20140408,894381.0202994146,1138249.5117602372,945315.7605921028
20140409,887912.6028072772,1130017.3680930764,938478.9685955999
20140410,921396.1757077536,1172630.817664263,973869.42128338
20140411,957108.3630382944,1218080.5520283373,1011615.4073481067
20140414,947759.0537219276,1206181.991433785,1001733.6575716487
20140415,948465.6875656064,1207081.301246164,1002480.5340082414
20140416,929603.9995843315,1183076.6470234338,982544.678354573
20140417,952324.9954810833,1211992.9163753104,1006559.6283927094
20140418,952922.9164257348,1212753.870831939,1007191.6007621342
20140421,935202.7138842489,1190201.94784459,988462.237813731
20140422,935637.5654803589,1190755.3692675924,988921.8540824034
20140423,956999.6501392667,1217942.1966725865,1011500.5032809386
20140424,955368.9566538539,1215866.8663363275,1009776.9422734168
20140425,895196.367042121,1139287.1769283668,946177.5410958637
20140428,884868.6416345065,1126143.4181320593,935261.6547148925
20140429,889217.1575956075,1131677.6323620835,939857.8174016173
20140430,890793.4946315065,1133683.7850204674,941523.926375555
20140505,871062.1034580115,1108572.2879517323,920668.8381845417
20140506,873997.3517317545,1112307.8825569986,923771.2479980808
20140507,873290.7178880756,1111408.5727446198,923024.371561488
20140508,873345.0743375893,1111477.750422495,923081.823595072
20140509,873073.2920900206,1111131.8620331185,922794.5634271519
20140512,874649.6291259197,1113138.0146915023,924460.6724010896
20140513,873725.5694841859,1111961.9941676224,923483.9878301607
20140514,843992.5916001588,1074121.8043698315,892057.7254596804
20140515,848775.9591573697,1080209.440022858,897113.5044150775
20140516,843394.6706555074,1073360.849913203,891425.7530902557
20140519,804366.7399046273,1053061.5043083655,874567.1547498235
20140520,788059.8050504992,1053061.5043083655,874567.1547498235
20140521,820782.387657783,1053061.5043083655,874567.1547498235
20140522,815618.5249539758,1053061.5043083655,874567.1547498235
20140523,827848.726094572,1053061.5043083655,874567.1547498235
20140526,834751.9951828194,1053061.5043083655,874567.1547498235
20140527,832740.8065508102,1053061.5043083655,874567.1547498235
20140528,836763.1838148286,1053061.5043083655,874567.1547498235
20140529,838665.6595478102,1053061.5043083655,874567.1547498235
20140530,832849.5194498379,1053061.5043083655,874567.1547498235
20140603,830403.4792217187,1053061.5043083655,874567.1547498235
20140604,821597.7344004895,1053061.5043083655,874567.1547498235
20140605,841274.7691244708,1053061.5043083655,874567.1547498235
20140606,834860.708081847,1053061.5043083655,874567.1547498235
20140609,832903.8758993517,1053061.5043083655,874567.1547498235
20140610,841437.8384730121,1053061.5043083655,874567.1547498235
20140611,836763.1838148286,1053061.5043083655,874567.1547498235
20140612,829642.488928526,1053061.5043083655,874567.1547498235
20140613,830620.9050197736,1053061.5043083655,874567.1547498235
20140616,839372.2933914891,1053061.5043083655,874567.1547498235
20140617,832686.4501012965,1053061.5043083655,874567.1547498235
20140618,834806.3516323332,1053061.5043083655,872182.0500968904
20140619,830186.0534236636,1053061.5043083655,867354.893288827
20140620,832632.0936517828,1053061.5043083655,869910.446893096
20140623,849645.6623495899,1053061.5043083655,887685.7419627877
20140624,889108.44469658,1053061.5043083655,928915.3401116575
20140625,873834.5933354065,1053061.5043083655,912957.6524790524
20140626,870209.7433735989,1053061.5043083655,909170.5118268508
20140627,862468.5383704167,1053061.5043083655,901082.7199255389
20140630,872298.6399617592,1053061.5043083655,911352.9318637127
20140701,871008.4391278956,1053061.5043083655,910004.9665468276
20140702,872913.0213112183,1053061.5043083655,911994.8201098489
20140703,880162.7212348332,1053061.5043083655,919569.101414252
20140704,880531.3500445086,1053061.5043083655,919954.2343619334
20140707,885692.1533799635,1053061.5043083655,925346.0956294748
20140708,873527.4026606771,1053061.5043083655,912636.7083559847
20140709,867752.2179757634,1053061.5043083655,906602.9588423073
20140710,866523.4552768455,1053061.5043083655,905319.1823500356
20140711,871622.8204773545,1053061.5043083655,910646.8547929634
20140714,920158.9470846084,1053061.5043083655,961356.0262376975
20140715,944979.9536027482,1053061.5043083655,987288.3113815867
20140716,949649.2518586358,1053061.5043083655,992166.6620522192
20140717,944611.3247930729,1049373.4210036402,986903.1784339051
20140718,989031.0963589519,1098719.5662644943,1033311.6986295286
20140721,989031.0963589519,1098719.5662644943,1033311.6986295286
20140722,1002670.3623169396,1113871.4946848394,1047561.6176937451
20140723,1006909.5936282062,1118580.8778425143,1051990.6465920827
20140724,1004697.8207701542,1116123.808368945,1049679.8489059936
20140725,1006848.1554932604,1118512.625912693,1051926.457767469
20140728,1009121.3664862583,1121037.9473160838,1054301.4442781718
20140729,989522.6014385192,1099265.5817030654,1033825.2092264375
20140730,973855.877027317,1081861.3395986147,1017457.0589499726
20140731,984668.9887777938,1093873.6792471767,1028754.2920819641
20140801,1001318.7233481301,1112369.9522287692,1046149.4635522461
20140804,1010042.9385104467,1122061.7262634046,1055264.2766473757
20140805,1021408.9934754365,1134688.333280359,1067139.2092008893
20140806,1003407.6199362904,1114690.517842696,1048331.8835891081
20140807,986696.4472310081,1096125.992931282,1030872.5232942124
20140808,996157.9200126753,1106636.7901237737,1040757.6022847048
20140811,1001871.6665626431,1112984.2195971615,1046727.1629737684
20140812,995543.5386632164,1105954.27082556,1040115.714038569
20140813,998308.2547357816,1109025.607667522,1043004.2111461804
20140814,991980.1268363547,1101995.6588959203,1036392.7622109809
20140815,992471.6319159219,1102541.6743344914,1036906.2728078896
20140818,981474.2057606074,1090324.5788964652,1025416.4732020575
20140819,974900.3253213972,1083021.6224055781,1018548.2689684037
20140820,995297.7861234329,1105681.2631062747,1039858.9587401146
20140821,982825.844729417,1091826.1213525354,1026828.6273435564
20140822,978525.1752832048,1087048.4862650393,1022335.4096206054
20140825,975330.3922660183,1083499.3859143276,1018997.5907406987
20140826,969002.2643665915,1076469.437142726,1012386.1418054992
20140827,960708.1161488963,1067255.4266168405,1003720.650482665
20140828,958557.7814257902,1064866.6090730925,1001474.0416211894
20140829,972135.609248832,1079950.285563616,1015659.7718607922
20140901,973487.2482176415,1081451.8280196863,1017071.926002291
20140902,998738.3216804028,1109503.3711762717,1043453.5329184756
20140903,1012623.3401781741,1124928.3073159023,1057960.2072811462
20140904,1014097.8554168756,1126566.3536316154,1059500.7390718723
20140905,1029150.1984786188,1143288.076437852,1075227.0011022012
20140909,1008076.9181921782,1119877.6645091206,1053210.234259741
20140910,1007032.469898098,1118717.3817021572,1052119.0242413098
20140911,995174.9098535411,1105544.7592466318,1039730.5810908874
20140912,998062.5021959979,1108752.5999482363,1042747.455847726
20140915,979385.3091724472,1088004.0132825384,1023234.0531651955
20140916,967404.8728579984,1074694.8869673703,1010717.2323655459
20140917,972135.609248832,1079950.285563616,1015659.7718607922
20140918,978402.2990133129,1086911.9824053964,1022207.0319713781
20140919,988232.4006046554,1097832.2911768164,1032477.243909552
20140922,964210.089840812,1071145.7866166588,1007379.4134856394
20140923,967527.7491278901,1074831.390827013,1010845.6100147731
20140924,984177.4836982265,1093327.6638086056,1028240.7814850552
20140925,996465.1106874048,1106978.0497728805,1041078.5464077727
20140926,997202.3683067556,1107797.0729307372,1041848.8123031359
20140929,998185.3784658897,1108889.1038078791,1042875.8334969532
20140930,996096.4818777294,1106568.5381939525,1040693.4134600912
20141008,987495.1429853047,1097013.2680189598,1031706.9780141889
20141009,983071.5972692006,1092099.129071821,1027085.3826420107
20141010,976989.2219095575,1085342.1880195048,1020730.6890052657
20141013,959049.2865053571,1065412.6245116633,1001987.5522180981
20141014,951738.1484467962,1057290.6448629198,994349.0820890813
20141015,966544.7389687558,1073739.359949871,1009818.5888209557
20141016,966544.7389687558,1073739.359949871,1009818.5888209557
20141017,973057.1812730203,1080974.0645109368,1016622.604229996
20141020,964087.2135709202,1071009.282757016,1007251.0358364121
20141021,973548.6863525874,1081520.0799495077,1017136.1148269047
20141022,977357.8507192328,1085751.6995984332,1021115.8219529473
20141023,977173.5363143951,1085546.943808969,1020923.2554791064
20141024,976129.0880203149,1084386.6610020055,1019832.0454606754
20141027,967650.625397782,1074967.8946866558,1010973.9876640004
20141028,975268.9541310725,1083431.1339845064,1018933.4019160852
20141029,972565.6761934534,1080428.049072366,1016109.0936330875
20141030,954871.4933290365,1060771.4932838096,997622.712144374
20141031,962612.6983322189,1069371.236441303,1005710.5040456862
20141103,955854.503488171,1061863.524160952,998649.7333381918
20141104,930111.9249458426,1033265.9655657957,971754.6158250985
20141105,897918.3422341958,997501.9543393953,938119.6717275787
20141106,904062.1557287849,1004327.1473215328,944538.5541889375
20141107,909530.1497389692,1002656.4201799702,942967.2870944013
20141110,944734.2010629647,1002656.4201799702,942967.2870944013
20141111,942153.7993952372,1002656.4201799702,942967.2870944013
20141112,939327.6451877262,1002656.4201799702,942967.2870944013
20141113,931279.2495098147,1002656.4201799702,942967.2870944013
20141114,966360.4245639183,1002656.4201799702,942967.2870944013
20141117,983317.3498089842,1002656.4201799702,942967.2870944013
20141118,956284.5704327922,1002656.4201799702,910448.803273548
20141119,940433.5316167522,1002656.4201799702,895357.5221142434
20141120,925749.8173646844,1002656.4201799702,881377.6143736474
20141121,940802.1604264276,1002656.4201799702,895708.482141204
20141124,945840.0874919905,1002656.4201799702,900504.9358429983
20141125,950079.3188032571,1002656.4201799702,904540.976153045
20141126,958127.7144811688,1002656.4201799702,912203.6034083507
20141127,962612.6983322189,1002656.4201799702,916473.6170697045
20141128,957451.894996764,1002656.4201799702,911560.1766922564
20141201,983378.7879439301,1002656.4201799702,936244.36525515
20141202,990014.1065180862,1002656.4201799702,942561.6457404401
20141203,1012684.7783131201,1002656.4201799702,964145.6873985154
20141204,1069822.2438127985,1002656.4201799702,1018544.4915774037
20141205,1050100.6024951676,1002656.4201799702,999768.1301350133
20141208,1062695.4201590752,1025848.51631549,1011759.2643894996
20141209,1062019.6006746707,1025196.1295617485,1011115.8376734052
20141210,1105394.9239464693,1067067.4975746253,1052412.134179099
20141211,1080635.3555632753,1043166.4192329971,1028839.3190349138
20141212,1084936.0250094878,1047317.9713022626,1032933.8526827872
20141215,1130707.4355441763,1091502.3468965876,1076511.3893637247
20141216,1109757.0315276275,1071278.3575305946,1056565.1611647988
20141217,1100172.6824760686,1062026.3272048032,1047440.2004638242
20141218,1101831.5121196078,1063627.6401458054,1049019.5205851467
20141219,1110924.3560915997,1072405.2073779667,1057676.5345835076
20141222,1131076.0643538518,1091858.1942168104,1076862.3493906853
20141223,1160320.6165880961,1120088.7482878156,1104705.1781962242
20141224,1124686.4983194792,1085690.1739996162,1070779.0422567022
20141225,1141704.861699491,1102118.4586165664,1086981.696834715
20141226,1152395.097180076,1112438.0309030262,1097159.5376165716
20141229,1127266.8999872063,1088181.1052411753,1073235.7624454258
20141230,1147910.113329026,1108108.5551736495,1092889.523955218
20141231,1164989.9148439837,1124596.1476773038,1109150.671871058
20150105,1244245.108924183,1201103.3215251954,1184607.077667581
20150106,1215430.62363456,1173287.9226611168,1157173.7022268292
20150107,1185387.3756460194,1144286.3660629625,1128570.4600295427
20150108,1178137.6757224042,1137288.0354319152,1121668.246165985
20150109,1169229.14615525,1128688.3918598653,1113186.7121811046
20150112,1145391.1497962445,1105676.931818794,1090491.2971043207
20150113,1135868.2388796313,1096484.209379706,1081424.8297411727
20150114,1125423.7559388299,1086401.8686400615,1071480.9623106231
20150115,1143179.3769381924,1103541.8478974574,1088385.5369425574
20150116,1143425.1294779761,1103779.079444273,1088619.5102938646
20150119,1078116.3920304936,1040734.7958781417,1026441.0921840165
20150120,1094090.3071164254,1056154.8464211277,1041649.3600189748
20150121,1120385.828873267,1081538.6219303508,1066684.508608829
20150122,1113443.319624381,1074836.830732822,1060074.7614344046
20150123,1112153.1187905176,1073591.3651120428,1058846.401340043
20150126,1123089.1068108862,1084148.1689453176,1069258.2154732065
20150127,1106562.2485104415,1068194.3474219977,1053523.5075978076
20150128,1090342.5808847263,1052537.0653321964,1038081.2664115423
20150129,1082232.7470718685,1044708.4242872959,1030360.1458184097
20150130,1088560.8749712952,1050817.1366177865,1036384.9596145662
20150202,1074061.475124065,1036820.4753556915,1022580.5318874504
20150203,1095872.0130298564,1057874.7751355378,1043345.666815951
20150204,1088990.9419159165,1051232.291824713,1036794.4129793535
20150205,1069330.7387332316,1032253.7680794996,1018076.5448747898
20150206,1072709.8361552553,1035515.701848208,1021293.6784552616
20150209,1132304.8270527697,1093044.3519508864,1078032.2161472207
20150210,1123580.611890453,1084622.6320389477,1069726.1621758202
20150211,1125239.4415339923,1086223.9449799503,1071305.482297143
20150212,1127819.8432017197,1088714.8762215094,1073762.202485867
20150213,1121184.5246275633,1082309.6244575,1067444.9220005767
20150216,1126222.4516931265,1087172.8711672109,1072241.3757023711
20150217,1119525.6949840244,1080708.3115164977,1065865.6018792542
20150225,1130215.9304646095,1091027.8838029574,1076043.4426611108
20150226,1146681.350630108,1106922.3974395734,1091719.6571986827
20150227,1173775.568141246,1133077.175475946,1117515.219180285
20150302,1171809.5478229774,1131179.3231014244,1115643.4323698282
20150303,1142442.1193188415,1102830.153257012,1087683.6168886363
20150304,1150060.448052132,1110184.3312082822,1094936.7907791547
20150305,1139800.2795161684,1100279.9141287492,1085168.4033620858
20150306,1128127.033876449,1089011.4156550285,1074054.6691750009
20150309,1176908.9130234865,1136101.8776978394,1120498.3794094496
20150310,1153992.4886886692,1113980.0359573248,1098680.3644000676
20150311,1179489.3146912137,1138592.8089393983,1122955.0995981735
20150312,1184220.0510820474,1143159.5162155905,1127459.0866108343
20150313,1166771.6207574145,1126316.0763917137,1110846.978668034
20150316,1190425.3027115825,1149149.6127726736,1133366.9137313373
20150317,1208918.1813302957,1167001.286670515,1150973.4084171928
20150318,1225383.6014957943,1182895.8003071311,1166649.6229547646
20150319,1199763.8992233577,1158164.41155165,1142257.901081005
20150320,1186677.5764798832,1145531.8316837423,1129798.8201239049
20150323,1198535.13652444,1156978.2538175741,1141088.03432447
20150324,1202282.8627561394,1160596.0349065054,1144656.1279319022
20150325,1184404.365486885,1143337.439875702,1127634.5666243145
20150326,1219915.60748561,1177617.3983904938,1161443.715888183
20150327,1195278.9153723079,1153834.9358222731,1137987.8874196515
20150330,1208918.1813302957,1167001.286670515,1150973.4084171928
20150331,1203941.6923996785,1162197.3478475078,1146235.448053225
20150401,1200132.5280330332,1158520.2588718727,1142608.8611079657
20150402,1195463.2297771454,1154012.8594823845,1138163.3674331317
20150403,1209163.9338700792,1167238.51821733,1151207.3817684997
20150407,1232879.053959193,1190131.3624849939,1173785.8101696298
20150408,1256409.8596434693,1212846.283092546,1196188.7585572796
20150409,1228762.6989178183,1186157.7340758396,1169866.7565352367
20150410,1230114.337886628,1187462.5075833232,1171153.6099674255
20150413,1252723.571546716,1209287.8098903187,1192679.1582876737
20150414,1265625.5798853529,1221742.4660981148,1204962.7592312938
20150415,1263782.4358369762,1219963.229497001,1203207.9590964909
20150416,1390160.679420674,1341959.5524467013,1323528.75500614
20150417,1428805.2663016391,1379264.2131833865,1360321.0644991733
20150420,1437836.6721386851,1387982.4725288437,1368919.585159707
20150421,1581601.90791207,1526762.9274157172,1505793.9956743298
20150422,1621290.9430871152,1565075.8222263665,1543580.691910418
20150423,1573062.0071545911,1518519.13116389,1497663.4217164102
20150424,1588114.3502163345,1533049.5634063191,1511994.2894839668
20150427,1571526.0537809436,1517036.433996295,1496201.0882707408
20150428,1522989.9271736897,1470183.2035002995,1449991.351387599
20150429,1534601.7346784633,1481392.3940873162,1461046.592236857
20150430,1549654.0777402064,1495922.8263297451,1475377.4600044135
20150504,1566488.1267153807,1512173.1872865844,1491404.6345689467
20150505,1480351.8615212415,1429023.5301278678,1409396.9749358264
20150506,1490980.6588668807,1439283.7945276238,1419516.3223798561
20150507,1504804.239229706,1452628.0690359771,1432677.3233908776
20150508,1561573.0759197094,1507428.556350281,1486725.1675428054
20150511,1581663.3460470156,1526822.2353024208,1505852.4890121566
20150512,1563109.0292933567,1508911.2535178757,1488187.5009884746
20150513,1575273.780012643,1520654.2150852263,1499769.1818781733
20150514,1544616.1506746437,1491059.5796200344,1470581.0063026194
20150515,1506278.7544684077,1454051.4583168682,1434081.16349872
20150518,1481519.1860852134,1430150.3799752397,1410508.3483545347
20150519,1536199.1261870563,1482934.3991416148,1462567.419020353
20150520,1560221.4369508997,1506123.7828427975,1485438.3141106167
20150521,1588728.731565793,1533642.6422733567,1512579.222862234
20150522,1694832.390617347,1636067.3626108058,1613597.2172890522
20150525,1762230.024652989,1701128.1143248656,1677764.4088850096
20150526,1754304.5052449694,1693477.3969400765,1670218.7683053575
20150527,1701221.9566517193,1642235.382828,1619680.524423035
20150528,1604211.1415721579,1548588.2297227127,1527319.5439945783
20150529,1620922.31427744,1564719.974906144,1543229.7318834574
20150601,1667799.6112411548,1609971.8924611371,1587860.1486452767
20150602,1638063.5539273438,1581266.8752965021,1559549.373137124
20150603,1614532.7482430676,1558551.9546889497,1537146.4247494743
20150604,1586394.0824378494,1531388.9425786128,1510356.4760248172
20150605,1559545.6174664951,1505471.3960890558,1484794.8873945223
20150608,1625898.803208057,1569523.913729151,1547967.692247425
20150609,1591432.0095034123,1536252.1892883237,1515152.9297266116
20150610,1603842.5127624825,1548232.38240249,1526968.5839676177
20150611,1597760.1374028393,1542360.9016188143,1521177.7435227684
20150612,1634254.3895606983,1577589.7863208668,1555922.7861918649
20150615,1602859.502603348,1547283.456215229,1526032.6905623893
20150616,1560221.4369508997,1506123.7828427975,1485438.3141106167
20150617,1567225.3843347314,1512884.8819270297,1492106.5546228676
20150618,1498906.178274901,1446934.5119124132,1427061.9629595086
20150619,1445700.7534117592,1395573.8820269292,1376406.7324015328
20150623,1549776.9540100985,1496041.4421031529,1475494.4466800673
20150624,1604825.5229216164,1549181.3085897504,1527904.4773728456
20150625,1546950.7998025874,1493313.2793147783,1472803.753140036
20150626,1489567.5817631253,1437919.7131334366,1418170.9756098406
20150629,1515310.1603054535,1470379.7065183555,1450185.1555856233
20150630,1582953.5468808792,1470379.7065183555,1450185.1555856233
20150701,1581970.5367217453,1470379.7065183555,1450185.1555856233
20150702,1599234.6526415406,1470379.7065183555,1450185.1555856233
20150703,1534786.049083301,1470379.7065183555,1450185.1555856233
20150706,1560774.3801654128,1470379.7065183555,1450185.1555856233
20150707,1500196.3791087645,1470379.7065183555,1450185.1555856233
20150708,1455223.6643283723,1470379.7065183555,1450185.1555856233
20150709,1584735.2527943102,1470379.7065183555,1450185.1555856233
20150710,1631735.4260279166,1470379.7065183555,1450185.1555856233
20150713,1583567.9282303385,1470379.7065183555,1446898.535246226
20150714,1530116.7508274133,1470379.7065183555,1398060.4469566348
20150715,1543694.5786504552,1470379.7065183555,1410466.444096864
20150716,1545722.0371036695,1470379.7065183555,1412318.9233078486
20150717,1570192.7509608169,1470379.7065183555,1434677.6989594263
20150720,1548320.514121466,1470379.7065183555,1414693.139483799
20150721,1524591.2005693403,1470379.7065183555,1393011.777788543
20150722,1493433.580166114,1470379.7065183555,1364543.2072147718
20150723,1510009.7093431063,1470379.7065183555,1379688.7381381246
20150724,1507739.9489163812,1470379.7065183555,1377614.8687585783
20150727,1386067.0339201184,1470379.7065183555,1266442.9011095695
20150728,1415711.4807055278,1470379.7065183555,1293528.8920969763
20150729,1428848.5789329368,1470379.7065183555,1305532.1966876835
20150730,1416605.6287524195,1470379.7065183555,1294345.8709434643
20150731,1422589.5426046946,1470379.7065183555,1299813.344762268
20150803,1441366.6515894204,1470379.7065183555,1316969.900538514
20150804,1457942.7807664126,1470379.7065183555,1332115.431461867
20150805,1425065.6448883947,1470379.7065183555,1302075.7477217729
20150806,1409727.5668532525,1470379.7065183555,1288061.4182781726
20150807,1423277.3487946114,1470379.7065183555,1300441.7900287972
20150810,1460212.5411931379,1470379.7065183555,1334189.3008414132
20150811,1449551.545249429,1470379.7065183555,1324448.3992102111
20150812,1440747.6260184953,1470379.7065183555,1316404.2997986379
20150813,1441022.7484944619,1470379.7065183555,1316655.6779052494
20150814,1444255.4375870705,1470379.7065183555,1319609.3706579364
20150817,1418393.9248462028,1470379.7065183555,1295979.82863644
20150818,1382903.1254465014,1470379.7065183555,1263552.0528835352
20150819,1386754.8401100351,1470379.7065183555,1267071.3463760987
20150820,1341703.5346704917,1470379.7065183555,1225908.1814184384
20150821,1281589.273671773,1470379.7065183555,1170982.0651237897
20150824,1166794.4205746767,1470379.7065183555,1066094.5501400721
20150825,1214596.9507738869,1470379.7065183555,1050500.9752472977
20150826,1264738.0220188138,1470379.7065183555,1050500.9752472977
20150827,1355459.6584688255,1470379.7065183555,1050500.9752472977
20150828,1325058.6248745078,1470379.7065183555,1050500.9752472977
20150831,1343766.9532402419,1470379.7065183555,1050500.9752472977
20150901,1336888.8913410748,1470379.7065183555,1050500.9752472977
20150902,1338539.626196875,1470379.7065183555,1050500.9752472977
20150907,1297959.0609917901,1470379.7065183555,1050500.9752472977
20150908,1302154.678750282,1470379.7065183555,1050500.9752472977
20150909,1319624.955974166,1470379.7065183555,1050500.9752472977
20150910,1328910.3395380413,1470379.7065183555,1050500.9752472977
20150911,1326846.9209682911,1470379.7065183555,1050500.9752472977
20150914,1393013.8764382768,1470379.7065183555,1050500.9752472977
20150915,1389368.5036317185,1470379.7065183555,1050500.9752472977
20150916,1406907.5614745943,1470379.7065183555,1050500.9752472977
20150917,1361856.2560350508,1470379.7065183555,1050500.9752472977
20150918,1371691.8845508595,1470379.7065183555,1050500.9752472977
20150921,1370797.7365039678,1470379.7065183555,1050500.9752472977
20150922,1370591.394646993,1470379.7065183555,1041298.4344592855
20150923,1339296.2130057833,1470379.7065183555,1017522.1114965226
20150924,1334344.008438383,1470379.7065183555,1013759.704346371
20150925,1330629.8550128331,1470379.7065183555,1010937.8989837575
20150928,1316323.4862625657,1470379.7065183555,1000068.7227722087
20150929,1308001.0313645736,1470379.7065183555,993745.7885337597
20150930,1308963.9600304572,1470379.7065183555,994477.3677018447
20151008,1358554.7863234507,1470379.7065183555,1032153.6948582229
20151009,1354634.2910409253,1470379.7065183555,1029175.1225310194
20151012,1362475.2816059757,1470379.7065183555,1035132.267185426
20151013,1366946.0218404343,1470379.7065183555,1038528.8847515349
20151014,1360686.9855121924,1470379.7065183555,1033773.6201589825
20151015,1375543.5992143932,1470379.7065183555,1045060.8416094369
20151016,1380702.1456387683,1470379.7065183555,1048980.015724178
20151019,1394320.7081991187,1470379.7065183555,1059326.6353870945
20151020,1389162.1617747436,1470379.7065183555,1055407.4612723533
20151021,1377744.5790221263,1470379.7065183555,1046733.0225650596
20151022,1393013.8764382768,1470379.7065183555,1058333.7779446933
20151023,1451133.4994862373,1470379.7065183555,1102489.80630411
20151026,1497560.417305614,1470379.7065183555,1137762.3733367801
20151027,1480502.8237956802,1470379.7065183555,1124802.970930703
20151028,1461175.469859021,1470379.7065183555,1110119.1319141395
20151029,1465027.1845225545,1470379.7065183555,1113045.4485864795
20151030,1470942.3177558382,1470379.7065183555,1117539.434904716
20151102,1462000.8372869212,1470379.7065183555,1110746.199772498
20151103,1442398.3608742955,1470379.7065183555,1095853.3381364818
20151104,1478645.7470829051,1470379.7065183555,1123392.068249396
20151105,1489513.0848835888,1470379.7065183555,1131648.461717784
20151106,1502306.2800160393,1470379.7065183555,1141368.013522342
20151109,1518882.4091930317,1470379.7065183555,1153961.626344377
20151110,1529543.4051367403,1484356.4328555942,1162061.2528481751
20151111,1514205.3271015983,1469471.4843653166,1150408.2418136783
20151112,1513242.3984357147,1468537.0032941778,1149676.662645593
20151113,1479539.895129797,1435830.16580433,1124071.391762618
20151116,1470392.0728039048,1426952.595628514,1117121.3896658104
20151117,1474381.3487054217,1430824.017208945,1120152.2176478768
20151118,1476444.7672751716,1432826.4766470988,1121719.8872937732
20151119,1478989.6501778634,1435296.1766208222,1123653.3465237122
20151120,1469979.3890899548,1426552.103740883,1116807.855736631
20151123,1462413.5210008712,1419209.7524676519,1111059.7337016773
20151124,1456016.9234346459,1413002.1282093746,1106199.9577993983
20151125,1464889.623284571,1421612.7037934365,1112940.937276753
20151126,1463926.694618688,1420678.2227222982,1112209.3581086681
20151127,1428848.5789329368,1386636.412273681,1085558.9741284286
20151130,1474037.4456104632,1430490.2739692526,1119890.9393735607
20151201,1470529.6340418882,1427086.092924391,1117225.9009755368
20151202,1524040.9556174069,1479016.541020517,1157880.800459118
20151203,1514549.2301965563,1469805.2276050088,1150669.5200879942
20151204,1480915.5075096302,1437165.1387630992,1125116.5048598822
20151207,1475413.0579902967,1431825.246928022,1120936.052470825
20151208,1457736.4389094377,1414670.8444078364,1107506.3491709786
20151209,1475137.93551433,1431558.252336268,1120727.0298513721
20151210,1464752.062046588,1421479.2064975598,1112836.4259670267
20151211,1454091.0661028794,1411133.1660670978,1104736.7994632283
20151214,1472593.052611638,1429088.5523625447,1118793.570621433
20151215,1475413.0579902967,1431825.246928022,1120936.052470825
20151216,1471286.2208507964,1427820.328051714,1117800.713179032
20151217,1484698.4415541722,1440836.314399715,1127990.5658773591
20151218,1491714.0646913222,1447644.6764894382,1133320.642673407
20151221,1561526.3929678665,1515394.5541469806,1186360.1323595701
20151222,1547770.2691695327,1502044.8245592874,1175909.0013869272
20151223,1533807.8035142238,1488494.8490277792,1165301.1034496946
20151224,1546050.7536947408,1500376.1083608258,1174602.6100153467
20151225,1544124.8963629743,1498507.146218549,1173139.451679177
20151228,1507120.9233454561,1462596.3736276545,1145025.9093627671
20151229,1512004.3472938647,1467335.5276312856,1148736.0608580555
20151230,1505332.6272516728,1460860.9087812544,1143667.2623363235
20151231,1500724.325779231,1456388.7493693773,1140166.1334604882
20160104,1444530.560063037,1401855.104003651,1097473.2634372415
20160105,1463789.1333807046,1420544.7254264213,1112104.8467989415
20160106,1459387.173765238,1416272.8119583596,1108760.4848876959
20160107,1390950.4578685267,1349857.9072595863,1056766.108298797
20160108,1407457.8064265274,1365877.5827648179,1069307.4654659685
20160111,1374649.4511675015,1334038.4776981703,1044381.5180962152
20160112,1353533.8011370588,1313546.6427810611,1028339.032053208
20160113,1374099.206215568,1333504.4885146623,1043963.4728573093
20160114,1408764.638187369,1367145.8070756488,1070300.3229083696
20160115,1368734.3179342179,1328298.093975462,1039887.5317779785
20160118,1371691.8845508595,1331168.285836816,1042134.5249370968
20160119,1446043.7336808539,1403323.5742582972,1098622.8878442321
20160120,1391569.4834394518,1350458.6450910326,1057236.4091925658
20160121,1377400.675927168,1336708.4236157087,1046471.7442907436
20160122,1394458.2694371021,1353262.0883044482,1059431.146696821
20160125,1394664.611294077,1353462.3342482636,1059587.9136614106
20160126,1368803.0985532093,1328364.8426234005,1039939.7874328417
20160127,1375130.915500443,1334505.7182337393,1044747.3076802575
20160128,1352502.0918521837,1312545.413061984,1027555.1972302598
20160129,1380083.1200678432,1339311.6208853088,1048509.714830409
20160201,1384485.07968331,1343583.5343533705,1051854.0767416547
20160202,1406907.5614745943,1365343.5935813105,1068889.420227063
20160203,1400786.0863843355,1359402.963914787,1064238.6669442367
20160204,1409933.9087102276,1368280.5340906028,1071188.6690410443
20160205,1402230.4793831606,1360804.6855214946,1065336.0356963642
20160215,1378432.385212043,1337709.6533347857,1047255.5791136918
20160216,1402574.3824781189,1361138.428761187,1065597.3139706803
20160217,1391431.9222014686,1350325.1477951556,1057131.8978828394
20160218,1387373.8656809602,1346386.9775667863,1054048.81424591
20160219,1397003.1523397937,1355731.7882781713,1061364.60592676
20160222,1429261.2626468868,1387036.9041613117,1085872.5080576078
20160223,1460969.1280020461,1417808.0308609442,1109962.3649495498
20160224,1497629.1979246058,1453385.0602121463,1137814.6289916434
20160225,1460969.1280020461,1417808.0308609442,1109962.3649495498
20160226,1491438.9422153556,1447377.6818976845,1133111.6200539542
20160229,1478164.2827499635,1434495.1928455606,1123026.2786653535
20160301,1502306.2800160393,1457923.968271962,1141368.013522342
20160302,1542199.0390312076,1496638.184076272,1171676.2933430069
20160303,1566891.2812492168,1520600.948686181,1190436.073438901
20160304,1642343.620283078,1593824.2154746775,1247760.5268238478
20160307,1606990.3821213597,1559515.4104343061,1220901.1202241553
20160308,1576520.5679080505,1529945.759397566,1197751.865119751
20160309,1564346.398346525,1518131.2487124577,1188502.614208962
20160310,1568610.7967240084,1522269.6648846427,1191742.4648104813
20160311,1568542.016105017,1522202.9162367042,1191690.2091556182
20160314,1544606.360695916,1498974.3867541181,1173505.2412632194
20160315,1595160.1156547926,1548034.6429888902,1211913.1475876821
20160316,1572393.7307685504,1525940.8405212583,1194616.5258279582
20160317,1578927.889572759,1532281.9620754125,1199580.8130399636
20160318,1554441.9892117246,1508519.4434093186,1180977.799908659
20160321,1595572.7993687429,1548435.134876521,1212226.6815168615
20160322,1612836.7347356519,1565189.045509076,1225342.8508875286
20160323,1616138.204447252,1568392.9806101222,1227851.1223209628
20160324,1669030.5004518456,1619722.6908748022,1268035.7209107752
20160325,1684987.6040579127,1635208.377196526,1280159.032839041
20160328,1716626.6887940809,1665912.7552482204,1304196.63407612
20160329,1706515.9378023054,1656100.7040012658,1296515.0528112275
20160330,1710298.871846847,1659771.8796378812,1299389.1138287042
20160331,1703283.2487096968,1652963.5175481578,1294059.0370326561
20160401,1685744.1908668212,1635942.6123238492,1280733.8450425365
20160405,1688701.757483463,1638812.8041852033,1282980.8382016548
20160406,1769106.3010847243,1716841.9736252693,1344067.6987367528
20160407,1747784.309197307,1696149.8927643453,1327868.4457291565
20160408,1718552.5461258474,1667781.7173904972,1305659.7924122901
20160411,1676321.2460649624,1626798.0475562795,1273574.820326276
20160412,1684574.9203439627,1634807.8853088953,1279845.4989098618
20160413,1666141.7144541955,1616919.2476613866,1265840.9834065202
20160414,1669718.3066417621,1620390.1773541865,1268558.2774594072
20160415,1684437.3591059796,1634674.3880130185,1279740.9876001354
20160418,1676046.123588996,1626531.0529645258,1273365.797706823
20160419,1672607.0926394125,1623193.6205676023,1270753.0149636625
20160420,1640005.079237361,1591554.7614447696,1245983.8345584983
20160421,1653279.7387027533,1604437.2504968937,1256069.175947099
20160422,1701632.5138538969,1651361.5499976347,1292804.9013159391
20160425,1681823.6955842962,1632137.939391357,1277755.2727153334
20160426,1677284.174730846,1627732.528627418,1274306.3994943611
20160427,1684299.7978679962,1634540.8907171416,1279636.476290409
20160428,1695029.5744306964,1644953.679795542,1287788.3584490705
20160429,1727769.149070731,1676726.0362142515,1312662.0501639608
20160503,1788296.0937834,1735464.8464001012,1358647.0264435902
20160504,1762228.2391855572,1710167.1088314226,1338842.1332504314
20160505,1772958.0157482575,1720579.897909823,1346994.015409093
20160506,1734784.7722078813,1683534.398303975,1317992.1269600086
20160509,1725155.4855490476,1674189.58759259,1310676.3352791585
20160510,1733821.843541998,1682599.9172328366,1317260.5477919239
20160511,1766767.7600390075,1714572.5195953615,1342291.0064714036
20160512,1760508.7237107658,1708498.3926329613,1337535.7418788513
20160513,1726118.414214931,1675124.0686637284,1311407.9144472438
20160516,1730726.7156873727,1679596.2280756054,1314909.043323079
20160517,1719721.8166487056,1668916.444405451,1306548.1385449646
20160518,1681273.4506323626,1631603.950207849,1277337.2274764276
20160519,1690421.272958255,1640481.5203836649,1284287.2295732351
20160520,1728181.832784681,1677126.5281018824,1312975.5840931402
20160523,1748403.3347682317,1696750.6305957912,1328338.7466229252
20160524,1732858.9148761146,1681665.436161698,1316528.9686238386
20160525,1732308.6699241812,1681131.4469781904,1316110.923384933
20160526,1738155.0225384731,1686805.0820529598,1320552.6540483064
20160527,1736297.945825698,1685002.8685586213,1319141.7513669995
20160530,1761677.9942336238,1709633.119647915,1338424.0880115258
20160531,1819041.0304726765,1765301.4920285954,1382005.3041674474
20160601,1814363.9483812428,1760762.5839687798,1378451.9196367485
20160602,1841532.292882952,1787128.2999044734,1399092.9033077185
20160603,1952612.9925544977,1894927.366325095,1483485.7859118106
20160606,1898688.9872650292,1842596.4263413383,1442517.35249905
20160607,1911069.49868353,1854611.1829702621,1451923.370374429
20160608,1886514.8177035034,1830781.9156562297,1433268.1015882608
20160613,1836855.2107915184,1782589.3918446577,1395539.5187770198
20160614,1875991.3829977782,1820569.3725216445,1425272.986394189
20160615,1901715.3345006627,1845533.3668506308,1444816.6013130317
20160616,1884726.5216097203,1829046.4508098296,1431909.4545618175
20160617,1913889.5040621879,1857347.877535739,1454065.8522238205
20160620,1899101.6709789792,1842996.918228969,1442830.8864282293
20160621,1883282.1286108952,1827644.729203122,1430812.08580969
20160622,1915127.555204038,1858549.3531986312,1455006.4540113583
20160623,1901371.4314057042,1845199.6236109382,1444555.3230387154
20160624,1883007.0061349284,1827377.734611368,1430603.0631902372
20160627,1978680.8471523405,1920225.1038937734,1503290.6791049691
20160628,1982326.2199588988,1923762.782234512,1506060.2288127195
20160629,1982119.878101924,1923562.5362906968,1505903.46184813
20160630,2007843.8296048082,1948526.530619683,1525447.0767669724
20160701,2010778.225267699,1951374.2360617954,1527676.4659356086
20160704,2065093.1977711732,2004084.5929991321,1568941.9342994562
20160705,2112030.3279552883,2049635.0696280338,1604602.1320576065
20160706,2228740.76693106,2162897.557173851,1693272.1746867797
20160707,2226773.342312564,2160988.2557582683,1691777.4358585936
20160708,2177587.726850168,2113255.7203687006,1654408.9651539451
20160711,2214336.408117072,2148918.7432383345,1682328.5511232752
20160712,2281720.7013005554,2214312.3167220424,1733523.3559886438
20160713,2228740.76693106,2162897.557173851,1693272.1746867797
20160714,2228038.115281597,2162215.6638111426,1692738.3393909987
20160715,2231059.517374287,2165147.8052707873,1695033.8311628557
20160718,2221854.7807663246,2156215.0022193114,1688040.5887881287
20160719,2164939.9971598377,2100981.6398399547,1644799.9298298927
20160720,2168101.92958242,2104050.159972141,1647202.1886609057
20160721,2208996.255581155,2143736.353681753,1678271.402875342
20160722,2163604.9590258584,2099686.0424508094,1643785.6427679094
20160725,2187073.5241179154,2122461.28076526,1661615.7416469844
20160726,2241739.822446122,2175512.584383951,1703148.1276587225
20160727,2206396.4444781425,2141213.348239733,1676296.2122809535
20160728,2220730.538127184,2155123.9728389783,1687186.4523148795
20160729,2200353.640292763,2135349.0653204434,1671705.2287372395
20160801,2156859.503191015,2093139.866168811,1638660.8239284144
20160802,2151589.615820044,2088025.6659485004,1634657.0592100595
20160803,2155875.7908817674,2092185.2154610201,1637913.4545143219
20160804,2152222.002304561,2088639.3699749378,1635137.5109762622
20160805,2149622.1912015486,2086116.364532918,1633162.3203818738
20160808,2164869.7319948915,2100913.450503684,1644746.5463003148
20160809,2218622.583178796,2153078.292750854,1685584.9464275376
20160810,2204991.1411792175,2139849.561514317,1675228.5416893922
20160811,2225789.630003316,2160033.6050504767,1691030.0664445006
20160812,2227194.933302242,2161397.391775893,1692097.7370360622
20160815,2239912.928157518,2173739.6616409095,1701760.1558896925
20160816,2174847.3854172626,2110596.3362541385,1652327.0075004003
20160817,2165291.3229845692,2101322.586521309,1645066.847477783
20160818,2153135.4494488626,2089525.8313464585,1635831.4968607773
20160819,2153486.775273594,2089866.7780278125,1636098.4145086675
20160822,2159389.0491290814,2095594.6822745607,1640582.6309932254
20160823,2156297.381871445,2092594.3514786446,1638233.75569179
20160824,2145054.95548004,2081684.0576753148,1629692.390959299
20160825,2129104.763037234,2066205.0783418408,1617574.329745077
20160826,2118143.397305615,2055567.5418835944,1609246.4991308984
20160829,2160864.617592953,2097026.6583362473,1641703.6851143644
20160830,2149130.3350469247,2085639.0391790222,1632788.6356748273
20160831,2179555.1514686635,2115165.0217842828,1655903.7039821309
20160901,2169155.907056614,2105073.0000162027,1648002.9416045765
20160902,2148568.213727354,2085093.5244888554,1632361.5674382024
20160905,2167680.3385927426,2103641.0239545163,1646881.8874834373
20160906,2177798.522345007,2113460.2883775127,1654569.1157426792
20160907,2154329.9572529495,2090685.0500630622,1636739.0168636043
20160908,2148849.2743871394,2085366.2818339388,1632575.1015565149
20160909,2140487.719758532,2077251.7508177122,1626222.4615367244
20160912,2094323.506388826,2032451.3568877897,1591149.482603933
20160913,2110976.3504810943,2048612.229583972,1603801.3791139354
20160914,2104933.546295714,2042747.9466646821,1599210.3955702216
20160919,2108868.395532706,2046566.5494958472,1602199.8732265932
20160920,2072541.305255479,2011312.662643838,1574600.5884347314
20160921,2066147.175245368,2005107.4330431947,1569742.6872431275
20160922,2086734.8685746277,2025086.908570542,1585384.0614095016
20160923,2091653.4301208672,2029860.1621094986,1589120.9084799665
20160926,2028766.1074939466,1968830.7061471231,1541342.6495075945
20160927,2045910.807740839,1985468.904197201,1554368.2307246435
20160928,2026517.6222156659,1966648.6473864573,1539634.3765610964
20160929,2044575.7696068597,1984173.3068080556,1553353.94366266
20160930,2093269.5289146318,2031428.5168437276,1590348.7296602621
20161010,2128753.437212503,2065864.1316604866,1617307.4120971868
20161011,2170631.4755204865,2106504.9760778905,1649123.9957257165
20161012,2148849.2743871394,2085366.2818339388,1632575.1015565149
20161013,2135288.097552507,2072205.7399336721,1622272.0803479473
20161014,2147303.4407583214,2083866.1164359811,1631400.6639057973
20161017,2125169.913800243,2062386.4755106755,1614584.8520887054
20161018,2158264.8064899407,2094503.6528942275,1639728.494519976
20161019,2153275.979778755,2089662.2100189999,1635938.263919933
20161020,2146460.258778966,2083047.8444007314,1630760.0615508605
20161021,2137396.0525008957,2074251.4200217966,1623873.5862352895
20161024,2156648.707696176,2092935.2981599986,1638500.6733396803
20161025,2198878.0718288906,2133917.089258756,1670584.1746161
20161026,2204077.6940349154,2138963.100142796,1674534.555804877
20161027,2226492.281652779,2160715.4984131847,1691563.9017402811
20161028,2227757.054621812,2161942.9064660594,1692524.8052726865
20161031,2234080.919466977,2168079.946730432,1697329.3229347125
20161101,2225157.2435188,2159419.90102404,1690549.6146782981
20161102,2214617.4687768575,2149191.5005834177,1682542.0852415876
20161103,2219395.4999932046,2153828.375449833,1686172.1652528963
20161104,2212087.9228387917,2146736.6844776687,1680620.2781767773
20161107,2215671.4462510515,2150214.34062748,1683342.8381852587
20161108,2248485.2782809646,2182058.7606659485,1708272.946498217
20161109,2226070.690663101,2160306.36239556,1691243.600562813
20161110,2242372.208930638,2176126.2884103884,1703628.5794249251
20161111,2213914.8171273945,2148509.6072207093,1682008.2499458068
20161114,2185176.364664366,2120620.168685948,1660174.3863483767
20161115,2206396.4444781425,2141213.348239733,1676296.2122809535
20161116,2200353.640292763,2135349.0653204434,1671705.2287372395
20161117,2185527.6904890975,2120961.115367302,1660441.303996267
20161118,2178220.1133346846,2113869.424395138,1654889.4169201478
20161121,2174706.8550873706,2110459.9575815974,1652220.2404412443
20161122,2170280.1496957545,2106164.029396536,1648857.0780778257
20161123,2198948.3369938373,2133985.278595027,1670637.5581456784
20161124,2226913.8726424566,2161124.63443081,1691884.2029177498
20161125,2226632.8119826713,2160851.8770857262,1691670.6687994373
20161128,2244972.0200336506,2178649.293852408,1705603.7700193136
20161129,2276310.2835996915,2209061.7378291897,1729412.8242111322
20161130,2242020.8831059067,2175785.3417290337,1703361.6617770344
20161201,2255652.3251054846,2189014.072965571,1713718.0665151798
20161202,2260922.212476456,2194128.2731858823,1717721.8312335352
20161205,2219887.3561478285,2154305.700803729,1686545.8499599427
20161206,2293595.5141764763,2225836.3145518093,1742545.1724873374
20161207,2300832.826165943,2232859.8161877026,1748043.6760338785
20161208,2372924.8854008266,2302822.0752015547,1802815.1773809774
20161209,2373276.211225558,2303163.021882909,1803082.0950288682
20161212,2296687.181434113,2228836.645347725,1744894.0477887727
20161213,2339900.257876075,2270773.0871542734,1777724.918479285
20161214,2334700.63567005,2265727.0762702334,1773774.537290508
20161215,2305048.73606272,2236951.1763639515,1751246.6878085628
20161216,2301746.2733102445,2233746.277559223,1748737.6619183933
20161219,2290363.3165889475,2222699.605083352,1740089.5301267463
20161220,2294017.105166154,2226245.450569434,1742865.473664806
20161221,2309334.911124443,2241110.725876471,1754503.0831128252
20161222,2285023.1640530303,2217517.2155267703,1736032.381878813
20161223,2248696.073775803,2182263.328674761,1708433.0970869511
20161226,2279964.072176898,2212607.583315272,1732188.767749192
20161227,2291768.6198878735,2224063.3918087683,1741157.2007183079
20161228,2274623.919640981,2207425.1937586907,1728131.619501259
20161229,2299849.113856695,2231905.1654799115,1747296.3066197855
20161230,2347910.4866799507,2278546.671489146,1783810.640851185
20170103,2350791.3584427484,2281342.4342762493,1785999.3655638858
20170104,2472701.4196245447,2399650.9327061065,1878619.7893818363
20170105,2436374.3293473176,2364397.045854097,1851020.5045899744
20170106,2464620.9256557226,2391809.159034963,1872480.6834803582
20170109,2448811.2635428095,2376466.5583740305,1860469.3893252925
20170110,2452254.256625177,2379807.8358513,1863085.182274618
20170111,2427310.1230692477,2355600.6214751625,1844134.0292744034
20170112,2438552.5494606523,2366510.9152784925,1852675.3940068944
20170113,2423234.7435023636,2351645.6399714556,1841037.7845588755
20170116,2399344.587420628,2328461.2656393796,1822887.384502332
20170117,2453167.703769479,2380694.297222821,1863779.168159133
20170118,2494975.4769125152,2421266.9523039535,1895542.368258084
20170119,2492445.930974449,2418812.136198204,1893620.5611932736
20170120,2494343.0904279985,2420653.2482775156,1895061.9164918812
20170123,2467853.1232432513,2394945.86850342,1874936.3258409493
20170124,2461458.9932331396,2388740.6389027764,1870078.424649345
20170125,2442627.9290275364,2370465.8967821994,1855771.6387224225
20170126,2420072.8110797806,2348577.1198392687,1838635.5257278623
20170203,2437147.2461617272,2365147.128553076,1851607.7234153333
20170206,2437147.2461617272,2365147.128553076,1851607.7234153333
20170207,2414170.537224293,2342849.215592521,1834151.3092433044
20170208,2418597.242615909,2347145.143777582,1837514.4716067228
20170209,2442487.398697644,2370329.5181096573,1855664.8716632663
20170210,2424710.311966235,2353077.616033142,1842158.8386800147
20170213,2457524.143996148,2384922.036071611,1867088.9469929729
20170214,2460756.3415836766,2388058.745540068,1869544.589353564
20170215,2448951.7938727015,2376602.937046572,1860576.1563844485
20170216,2445860.1266150656,2373602.6062506563,1858227.2810830136
20170217,2463215.6223567966,2390445.3723095465,1871413.0128887966
20170220,2538610.1443441557,2463612.530128127,1928693.5401260653
20170221,2520692.527282854,2446224.24937907,1915080.7400836574
20170222,2542826.0542409318,2467703.8903043754,1931896.551900749
20170223,2541491.0161069524,2466408.2929152297,1930882.2648387658
20170224,2547955.4112820104,2472681.711852145,1935793.5495599483
20170227,2509871.6918811263,2435723.0915933647,1906859.6765286345
20170228,2492024.339984772,2418403.0001805793,1893300.2600158053
20170301,2505726.0471492964,2431699.9207533873,1903710.0482835288
20170302,2507201.615613168,2433131.8968150746,1904831.1024046682
20170303,2505234.190994672,2431222.5953994915,1903336.363576482
20170306,2522238.360911672,2447724.414777028,1916255.177734375
20170307,2580136.8568274067,2503912.427864176,1960243.206106704
20170308,2580698.978146977,2504457.9425543426,1960670.2743433283
20170309,2599108.4513629023,2522323.5486572953,1974656.7590927829
20170310,2598757.1255381713,2521982.601975941,1974389.8414448923
20170313,2610702.203579039,2533574.789141979,1983465.0414731642
20170314,2596297.8447650513,2519595.9752064627,1972521.41790966
20170315,2632695.2002072246,2554918.051394743,2000174.0862311
20170316,2633327.586691741,2555531.75542118,2000654.5379973024
20170317,2659395.9628868112,2580829.999177651,2020459.8274707664
20170320,2715116.238689211,2634904.142840404,2062792.9664261753
20170321,2768517.764048384,2686728.0384062203,2103364.448905508
20170322,2771820.2268008594,2689932.9372109487,2105873.4747956772
20170323,2738865.864441054,2657952.138499938,2080836.5994235626
20170324,2717997.1104520084,2637699.905627507,2064981.6911388757
20170327,2661784.978494984,2583148.436610858,2022274.8674764205
20170328,2671903.1622472485,2592967.701033855,2029962.0957356624
20170329,2695723.0531640374,2616083.88602966,2048059.112262628
20170330,2713219.0792356613,2633063.030761092,2061351.6111275672
20170331,2714764.9128644797,2634563.19615905,2062526.048778285
20170405,2737952.417296752,2657065.6771284174,2080142.6135390475
20170406,2753762.079409665,2672408.2777893497,2092153.9076941132
20170407,2760507.5352445077,2678954.4540713476,2097278.7265336076
20170410,2734720.219709223,2653928.96765996,2077686.9711784564
20170411,2707246.5402152278,2627266.937178073,2056814.0111134315
20170412,2741957.5316986903,2660952.4692958537,2083185.4747249975
20170413,2799293.9062948544,2716594.967692835,2126746.4348607017
20170414,2778635.9478006484,2696547.3028292167,2111051.6771647497
20170417,2781024.9634088217,2698865.7402624246,2112866.7171704043
20170418,2843279.899551226,2759281.492198363,2160164.5243765735
20170419,2850938.8025303707,2766714.1298518814,2165983.329100583
20170420,2918182.5653839605,2831971.324663047,2217071.366906795
20170421,2814330.6515933587,2731187.485654789,2138170.510190409
20170424,2800418.1489339955,2717685.9970731684,2127600.5713339513
20170425,2943337.494434729,2856383.107047998,2236182.6704957443
20170426,2936802.834094725,2850041.498774812,2231218.002244984
20170427,2961255.1114960304,2873771.3877970544,2249795.470538152
20170428,2905324.0401987913,2819492.676125489,2207302.1809940087
20170502,2895486.917106312,2809946.1690475754,2199828.486853079
20170503,2934343.5533216055,2847654.872005334,2229349.5787097514
20170504,2923030.861765254,2836676.388865733,2220754.830447682
20170505,2924365.899899233,2837971.986254879,2221769.1175096654
20170508,2849111.9082417674,2764941.2071088403,2164595.3573315535
20170509,2872158.882344147,2787307.3094056663,2182105.15503316
20170510,2881504.1492820024,2796376.491129684,2189205.1644670432
20170511,2896049.0384258823,2810491.6837377422,2200255.5550897038
20170512,2905253.775033845,2819424.486789218,2207248.797464431
20170515,2947974.9953211835,2860883.603241871,2239705.983447897
20170516,3022245.274669402,2932959.7316801185,2296132.3742119162
20170517,2997511.936608311,2908957.085312793,2277341.3718004357
20170518,3018169.8951025177,2929004.7501764116,2293036.129496388
20170519,3097429.001161921,3005922.3214898854,2353252.75086045
20170522,3104174.456996764,3012468.4977718834,2358377.5696999445
20170523,3191443.791860044,3097159.653420231,2424679.9134359066
20170524,3164180.9078608872,3070702.190947156,2403967.103959616
20170525,3166148.3324793833,3072611.492362739,2405461.8427878018
20170526,3175423.3342522923,3081612.484750486,2412508.468692107
20170531,3112325.216130533,3020378.4607792976,2364570.0591310007
20170601,3156873.330706474,3063610.4999749917,2398415.2168834964
20170602,3143031.0932120574,3050177.2007296425,2387898.6615566174
20170605,3122654.1953776362,3030402.293211107,2372417.4379789773
20170606,3153641.1331189456,3060473.7905065347,2395959.5745229055
20170607,3227770.8821372706,3132413.54027224,2452279.1982277683
20170608,3262481.8736207336,3166099.072390021,2478650.661839335
20170609,3272529.7922080513,3175850.1474767467,2486284.5065689986
20170612,3322699.1199796954,3224537.3335741055,2524400.34668774
20170613,3323823.3626188356,3225628.3629544387,2525254.4831609894
20170614,3333309.1598865837,3234833.9233509977,2532461.2596540283
20170615,3262411.608455787,3166030.88305375,2478597.278309757
20170616,3250677.325909758,3154643.2638965244,2469682.228870219
20170619,3303657.2602792536,3206058.023444716,2509933.4101720834
20170620,3276464.641445043,3179668.7503079125,2489273.984225371
20170621,3321504.6121756085,3223378.114857502,2523492.826684913
20170622,3321785.672835394,3223650.872202585,2523706.3608032255
20170623,3321645.142505501,3223514.4935300434,2523599.5937440693
20170626,3405612.014616306,3305000.7503736624,2587392.911589862
20170627,3401536.635049422,3301045.7688699556,2584296.6668743338
20170628,3339703.2898966954,3241039.152951642,2537319.160845633
20170629,3323612.567123997,3225423.794945626,2525094.3325722553
20170630,3315461.8079902288,3217513.8319382123,2518901.843141199
20170703,3234797.398631899,3139232.473899321,2457617.5511855753
20170704,3175423.3342522923,3081612.484750486,2412508.468692107
20170705,3233111.0346731883,3137595.9298288217,2456336.346475702
20170706,3203950.991220482,3109297.3552764356,2434182.1817008033
20170707,3181033.5838755057,3087056.9919741293,2416770.821551168
20170710,3241662.741583293,3145894.9954985366,2462833.4535290697
20170711,3303433.1540244026,3205840.537912816,2509763.146814791
20170712,3263061.2678331,3166661.349683622,2479090.853050682
20170713,3253717.2447040174,3157593.375022801,2471991.7885929113
20170714,3255500.455224835,3159323.9045382254,2473346.5718863793
20170717,3210278.2364169084,3115437.676027078,2438989.267564038
20170718,3227967.6847834163,3132604.5288200825,2452428.7178352377
20170719,3258710.2341623055,3162438.8576659877,2475785.181814621
20170720,3327256.846582521,3228960.412238877,2527863.0516155194
20170721,3375260.8738029217,3275546.266794084,2564333.81787567
20170724,3408071.94738596,3307388.0098778815,2589261.830475476
20170725,3409213.2021192824,3308495.5487677525,2590128.891783295
20170726,3364062.3117321897,3264678.541437223,2555825.778792693
20170727,3380039.8779987125,3280184.08589542,2567964.6371021634
20170728,3451724.9409355666,3349751.372415455,2622426.9254995654
20170731,3432466.2673107404,3331061.653648879,2607795.2659301143
20170801,3425476.0820691367,3324277.9779484174,2602484.5154197207
20170802,3444021.4714856357,3342275.4849088243,2616574.261671785
20170803,3403934.8989776643,3303373.181402099,2586118.733234631
20170804,3378399.3243195605,3278591.99874123,2566718.236472173
20170807,3434891.4336190517,3333415.173789855,2609637.77120923
20170808,3442166.9325439855,3340475.7342127836,2615165.2870465782
20170809,3501155.536572621,3397721.6505830013,2659981.5183944902
20170810,3506719.153397571,3403120.9026711234,2664208.442270109
20170811,3452723.538827224,3350720.4689440923,2623185.604143907
20170814,3565208.458480377,3459882.2707770225,2708645.33429585
20170815,3537675.6880389587,3433162.89505888,2687727.4802447087
20170816,3541384.765922259,3436762.3964509615,2690545.4294951214
20170817,3514279.966005836,3410458.34781652,2669952.723434412
20170818,3492596.1260726983,3389415.108908967,2653478.558585845
20170821,3493166.75343936,3389968.878353903,2653912.0892397547
20170822,3475263.3198103546,3372594.3620190485,2640310.064973339
20170823,3523695.317555751,3419595.5436579576,2677105.9792239214
20170824,3515135.9070558283,3411289.001983924,2670603.0194152766
20170825,3516419.8186308173,3412534.983235029,2671578.463386574
20170828,3509643.6186517114,3405958.9710764186,2666430.2868713965
20170829,3491098.229235212,3387961.4641160113,2652340.5406193323
20170830,3516277.1617891514,3412396.540873795,2671470.080723096
20170831,3503295.3891976015,3399798.2860015095,2661607.2583466507
20170901,3532040.7427931763,3427694.421790141,2683446.3650373504
20170904,3512354.0986433537,3408589.375939863,2668489.557477467
20170905,3495021.29238101,3391768.6290499438,2655321.0638649613
20170906,3459285.753543832,3357088.8175608516,2628171.2066638684
20170907,3432822.9094149033,3331407.759551963,2608066.2225888073
20170908,3383606.299040347,3283645.1449262677,2570674.203689099
20170911,3411781.0252692597,3310987.5112699624,2592079.7797258883
20170912,3458786.454598003,3356604.269296533,2627791.867341697
20170913,3506719.153397571,3403120.9026711234,2664208.442270109
20170914,3500156.938680963,3396752.554054364,2659222.839750148
20170915,3493951.366068519,3390730.311340689,2654508.1938888803
20170918,3559074.214288766,3453929.2492439654,2703984.8797663213
20170919,3544665.8732805625,3439946.5707593407,2693038.230755102
20170920,3539316.2417181106,3434754.9822130697,2688973.880874699
20170921,3557647.645872112,3452544.825631626,2702901.053131547
20170922,3565921.7426887043,3460574.482583192,2709187.2476132372
20170925,3618062.818317401,3511175.165614183,2748801.111114233
20170926,3632685.1445881026,3525365.5076406575,2759910.334120668
20170927,3624981.6751381718,3517889.6201340267,2754057.6702928874
20170928,3698093.3064916804,3588841.330266401,2809603.7853250634
20170929,3692244.3759833993,3583165.193455811,2805160.0961224893
20171009,3764500.066286915,3653286.2494207816,2860055.9151738
20171010,3852162.695490292,3738359.080399013,2926657.061880673
20171011,3891250.670106606,3776292.287377102,2956353.911673485
20171012,3880908.0490858667,3766255.2161876447,2948496.1685713725
20171013,3966930.124610091,3849735.960011686,3013850.914648254
20171016,3999313.227668133,3881162.3760117823,3038453.779257628
20171017,3971067.173018387,3853750.7884874693,3016994.011889099
20171018,3999527.212930631,3881370.0395536325,3038616.353252844
20171019,4155593.797712558,4032825.9827435194,3157186.987097137
20171020,4096605.1936839228,3975580.066373302,3112370.7557492256
20171023,4090042.9789673146,3969211.717756542,3107385.153229264
20171024,4046675.29910104,3927125.2399414373,3074436.8235321306
20171025,4034834.7812428125,3915634.5239590225,3065441.0624635043
20171026,4316011.41616528,4188504.4179510414,3279063.2921774923
20171027,4633708.202554083,4496815.556418938,3520431.4837416983
20171030,4437198.403160021,4306111.2038192395,3371134.3648015573
20171031,4408310.392722781,4278076.625669374,3349186.87544738
20171101,4443831.946297461,4312548.773616616,3376174.1586532574
20171102,4471721.358843043,4339614.255237843,3397362.969363092
20171103,4559098.674363089,4424410.201493607,3463747.3507430092
20171106,4658173.850899695,4520558.42137055,3539019.1105280747
20171107,4579783.91640457,4444484.343872523,3479462.8369472353
20171108,4639057.834116535,4502007.144965208,3524495.833622101
20171109,4636846.653070723,4499861.288366083,3522815.9023382016
20171110,4835710.290352264,4692849.939926141,3673901.33522572
20171113,4906539.412239126,4761586.572278772,3727713.3276422573
20171114,4841416.564018878,4698387.634375496,3678236.641764816
20171115,4907965.980655779,4762970.995891111,3728797.1542770313
20171116,5129298.070499618,4977764.319345507,3896952.856662242
20171117,4923444.247976473,4777991.992084988,3740556.6732643303
20171120,4844269.7008521855,4701156.481600174,3680404.2950343643
20171121,4830717.300893975,4688004.457282954,3670107.94200401
20171122,4640056.432008193,4502976.241493845,3525254.512266443
20171123,4520296.0134301055,4386753.879237986,3434267.266277152
20171124,4493975.826142842,4361211.263590331,3414270.6648655687
20171127,4431563.457914238,4300642.7305505,3366853.2495941985
20171128,4623722.223637507,4487124.5911325645,3512844.6972982795
20171129,4551609.190175656,4417141.977528827,3458057.260910445
20171130,4500823.354542781,4367856.496929559,3419473.032712485
20171201,4439124.270522503,4307980.175695897,3372597.5307585024
20171204,4549255.352288177,4414857.6785684675,3456268.946963067
20171205,4514803.725025989,4381423.848330482,3430094.533733272
20171206,4458097.630463999,4326393.009740005,3387012.4250009987
20171207,4398752.3843312,4268800.987466703,3341925.2369943936
20171208,4474289.18199302,4342106.217740053,3399313.857305685
20171211,4643408.8677873295,4506229.636982842,3527801.5048581623
20171212,4645762.7056748085,4508513.935943202,3529589.8188055404
20171213,4766236.408461222,4625428.510005231,3621118.978112218
20171214,4740130.206436457,4600093.557899427,3601284.9506958504
20171215,4663380.825620483,4525611.567555588,3542975.0777450004
20171218,4748832.2737780465,4608538.541934695,3607896.293167973
20171219,4758247.6253279615,4617675.737776132,3615049.5489574824
20171220,4885354.871251816,4741027.881635536,3711618.50211586
20171221,4862743.761847854,4719084.767379965,3694439.8499546903
20171222,4871160.51550611,4727252.866692764,3700834.4270998575
20171225,4908251.294339109,4763247.8806135785,3729013.9196039857
20171226,4856110.218710412,4712647.197582588,3689400.0561029897
20171227,4737491.054865648,4597532.374216598,3599279.871421518
20171228,5126302.276824646,4974857.029759595,3894676.8207292166
20171229,4975086.024659341,4828108.126851661,3779791.1974431556
20180102,5020450.900308932,4872132.797724041,3814256.884428974
20180103,5106116.333728993,4955267.435644998,3879340.673847162
20180104,5257403.914315131,5102085.559733549,3994280.488464962
20180105,5266605.280602548,5111015.092033137,4001271.170259256
20180108,5364824.516089163,5206332.657742676,4075892.6340634567
20180109,5581591.58699971,5416695.825637588,4240580.091217391
20180110,5604345.353245338,5438777.382254397,4257867.126042039
20180111,5526597.3745377045,5363326.2953819195,4198798.574446847
20180112,5623675.355290997,5457536.322201589,4272552.976943228
20180115,5601920.186937027,5436423.862113419,4256024.620762923
20180116,5513258.959841992,5350381.93460655,4188664.7954117083
20180117,5334866.5793394325,5177259.761883557,4053132.274733199
20180118,5354909.8655934185,5196710.913636921,4068360.0389517765
20180119,5350915.474026787,5192834.527522371,4065325.3243744085
20180122,5518251.949300281,5355227.417249737,4192458.188633418
20180123,5519250.547191938,5356196.5137783745,4193216.86727776
20180124,5452772.45897587,5291682.373443376,4142710.546097284
20180125,5486296.816767235,5324216.328333343,4168180.472014477
20180126,5543787.523958384,5380008.599910605,4211858.685395876
20180129,5252054.282752679,5096893.971187279,3990216.1385845593
20180130,5293139.453152308,5136765.371222642,4021430.345666055
20180131,5453343.086342532,5292236.142888312,4143144.0767511935
20180201,5404768.43175547,5245096.518888169,4106239.7798371334
20180202,5281156.278452416,5125136.212878994,4012326.2019339516
20180205,5123021.169466342,4971672.855451215,3892184.019469236
20180206,5056186.43914611,4906812.609213133,3841406.7416300667
20180207,4874798.264968578,4730783.146904228,3703598.1850185315
20180208,5000050.971950782,4852335.540067594,3798758.163551703
20180209,4874798.264968578,4730783.146904228,3703598.1850185315
20180212,4975014.696238508,4828038.905671044,3779737.006111417
20180213,5078440.906445909,4928409.617565622,3858314.4371325434
20180214,5124590.3947246615,4973195.721424789,3893376.228767488
20180222,5295778.604723118,5139326.5549054695,4023435.4249403877
20180223,5295992.5899856165,5139534.21844732,4023597.9989356035
20180226,5303339.417331384,5146664.000050866,4029179.7061046907
20180227,5263894.8006109055,5108384.6871696925,3999211.8996531847
20180228,5175732.8724617,5022827.307927142,3932231.4136241414
20180301,5292354.840523149,5136003.938235855,4020834.241016929
20180302,5252696.238540173,5097516.9618128305,3990703.8605702072
20180305,5136430.912582887,4984686.437407203,3902371.9898361135
20180306,5123235.154728839,4971880.518993066,3892346.593464452
20180307,5064603.192804367,4914980.708525933,3847801.3187752343
20180308,5155332.94410355,5003030.050270693,3916732.6927468707
20180309,5194135.605036534,5040686.372526315,3946212.7772127283
20180312,5163821.026182641,5011267.370764111,3923181.4612237774
20180313,5066814.373850182,4917126.565125059,3849481.2500591343
20180314,5184720.253486619,5031549.176684878,3939059.521423219
20180315,5324452.629897861,5167153.469513483,4045220.3402993483
20180316,5277233.215306618,5121329.047945062,4009345.678688323
20180319,5374453.852901576,5215677.517125965,4083208.463848183
20180320,5333440.010922779,5175875.338271219,4052048.4480984258
20180321,5292568.825785647,5136211.601777706,4020996.815012146
20180322,5179013.979820004,5026011.482235522,3934724.2148841224
20180323,5071878.691729302,4922041.268948861,3853328.834612582
20180326,5089211.497991646,4938862.01583878,3866497.3282250883
20180327,5098127.550595732,4947514.6634158995,3873271.244692427
20180328,4864954.942893666,4721230.623979089,3696119.78123859
20180329,4915241.479580713,4770031.556314039,3734324.6701143794
20180330,4876153.504964399,4732098.349335951,3704627.820321567
20180402,4850760.587147961,4698571.375077327,3678380.4872357836
20180403,4835424.9766689325,4698571.375077327,3678380.4872357836
20180404,4950263.7342095645,4698571.375077327,3678380.4872357836
20180409,4980863.626746789,4698571.375077327,3678380.4872357836
20180410,5050194.851796164,4698571.375077327,3678380.4872357836
20180411,5031221.491854669,4698571.375077327,3678380.4872357836
20180412,4951618.974205387,4698571.375077327,3678380.4872357836
20180413,4899263.913314191,4698571.375077327,3678380.4872357836
20180416,4860175.938697876,4698571.375077327,3678380.4872357836
20180417,4751899.395873852,4698571.375077327,3678380.4872357836
20180418,4676576.58347453,4698571.375077327,3678380.4872357836
20180419,4850047.302939635,4698571.375077327,3678380.4872357836
20180420,4780858.734731925,4698571.375077327,3678380.4872357836
20180423,4807606.892544184,4698571.375077327,3678380.4872357836
20180424,4920805.0964056635,4698571.375077327,3678380.4872357836
20180425,4928579.894276427,4698571.375077327,3678380.4872357836
20180426,4837707.486135579,4698571.375077327,3678380.4872357836
20180427,4725721.865428255,4698571.375077327,3678380.4872357836
20180502,4763525.928469581,4698571.375077327,3678380.4872357836
20180503,4785281.096823551,4698571.375077327,3678380.4872357836
20180504,4728147.031736566,4698571.375077327,3678380.4872357836
20180507,4979936.357275964,4698571.375077327,3678380.4872357836
20180508,5055972.4538836125,4698571.375077327,3730442.1169792106
20180509,5006898.500350721,4698571.375077327,3694233.940456184
20180510,5094204.487449935,4698571.375077327,3758650.812642499
20180511,5121523.272628855,4698571.375077327,3778807.399282498
20180514,5295493.291039787,4698571.375077327,3907167.490183169
20180515,5300129.6383939115,4698571.375077327,3910588.3208139776
20180516,5239215.167002794,4698571.375077327,3865643.8691415
20180517,5188286.674528253,4698571.375077327,3828067.36036615
20180518,5273452.809002487,4698571.375077327,3890905.387645938
20180521,5241355.019627775,4698571.375077327,3867222.7140480275
20180522,5275236.019523303,4698571.375077327,3892221.0917347106
20180523,5162608.4430284845,4589615.892527201,3809121.2214878225
20180524,5102835.226370689,4536476.843120782,3765018.820432159
20180525,5113249.175812262,4545734.959127151,3772702.532310592
20180528,5281156.278452416,4695006.226791483,3896589.2293094355
20180529,5217174.684965492,4638125.883930435,3849381.7666042685
20180530,5177516.082982518,4602868.949002072,3820120.507669963
20180531,5357691.674005894,4763047.038262948,3953059.2487995634
20180601,5314751.964664614,4724873.162675044,3921377.094341915
20180604,5577668.523853912,4958608.885959125,4115364.5051905722
20180605,5621036.203720187,4997163.232067839,4147362.4286295255
20180606,5604630.6669286685,4982578.528770135,4135257.9510128167
20180607,5570535.681770643,4952267.710612297,4110101.6888354816
20180608,5548994.49867917,4933117.361064876,4094207.983443106
20180611,5533159.589254312,4919039.951794918,4082524.531134804
20180612,5700496.064527806,5067803.925431505,4205990.202825241
20180613,5637299.0836700415,5011621.111858608,4159361.649919134
20180614,5607341.146920311,4984988.17540193,4137257.821227751
20180615,5594387.008951093,4973471.803754996,4127699.885081874
20180619,5338804.407699049,4746256.050031923,3939123.679658649
20180620,5523926.3654131675,4910831.513880591,4075711.9926159186
20180621,5493036.535032578,4883370.113699512,4052920.585959899
20180622,5545194.773216195,4929739.363185596,4091404.436543014
20180625,5538177.645471659,4923501.059163196,4086226.9975602645
20180626,5460338.166573499,4854300.90320338,4028794.7878134795
20180627,5226240.997693905,4646185.93602312,3856071.1532961987
20180628,5142975.904560278,4572162.34911815,3794635.7690782156
20180629,5291493.051565782,4704195.732190177,3904215.9982698043
20180702,5147461.078994931,4576149.718699478,3797945.059974406
20180703,5027157.126013853,4469198.176542254,3709181.3380330466
20180704,4998148.1752348915,4443408.899088828,3687777.6985270414
20180705,5081196.243799099,4517239.548755991,3749052.9557661763
20180706,5166052.850441796,4592678.008738207,3811662.6044957107
20180709,5260964.92880089,4677055.894072107,3881691.469911864
20180710,5250258.383376236,4667537.657007003,3873791.8722887007
20180711,5205551.322075992,4627792.586018931,3840805.7146460307
20180712,5335476.69763463,4743297.679052227,3936668.399316314
20180713,5403839.437001508,4804072.908961173,3987108.3976534065
20180716,5459470.068295824,4853529.154252156,4028154.2798980875
20180717,5370851.702449871,4774746.448814634,3962769.0968685234
20180718,5334753.282403235,4742654.554926208,3936134.642720155
20180719,5360145.157025219,4765228.21174953,3954869.499245361
20180720,5361447.30444173,4766385.835176367,3955830.261118448
20180723,5295905.884477294,4708118.789358902,3907471.913506378
20180724,5392337.134822318,4793847.235357446,3978621.667774467
20180725,5380834.832643129,4783621.561753718,3970134.937895527
20180726,5321587.125191836,4730949.6958326325,3926420.272670048
20180727,5342855.5329948645,4749857.545137637,3942112.716597143
20180730,5202874.685719829,4625413.026752655,3838830.81524024
20180731,5255177.606949726,4671910.901063943,3877421.417142587
20180801,5171984.855339239,4597951.626571576,3816039.4085842203
20180802,5033812.546142692,4475114.918501643,3714091.898717716
20180803,4911917.079652544,4366748.503267175,3624153.912264805
20180806,4844567.12160962,4306873.647134658,3574461.173162336
20180807,4964654.050021279,4413632.252054076,3663064.7681248477
20180808,4891878.477742888,4348933.964976405,3609368.854551181
20180809,5005165.302979429,4449647.2031112285,3692955.1375097916
20180810,4971164.787103838,4419420.36918826,3667868.5774902846
20180813,4913580.934684754,4368227.688757022,3625381.5524359723
20180814,4920164.013290454,4374080.11830381,3630238.737461026
20180815,4794796.153689607,4262626.707264442,3537738.719346548
20180816,4690913.726461208,4170274.082767886,3461091.272138014
20180817,4592546.576031649,4082824.6002250495,3388513.1550227213
20180820,4664379.716409045,4060007.8061385583,3369576.5083410935
20180821,4857526.226789358,4060007.8061385583,3369576.5083410935
20180822,4830109.549847733,4060007.8061385583,3369576.5083410935
20180823,4848266.768613822,4060007.8061385583,3369576.5083410935
20180824,4776578.307270418,4060007.8061385583,3369576.5083410935
20180827,4971895.003160621,4060007.8061385583,3369576.5083410935
20180828,4926457.725803594,4060007.8061385583,3369576.5083410935
20180829,4961543.364526278,4060007.8061385583,3369576.5083410935
20180830,4922117.234415221,4060007.8061385583,3369576.5083410935
20180831,4768680.863836229,4060007.8061385583,3369576.5083410935
20180903,4819464.613080194,4060007.8061385583,3369576.5083410935
20180904,4883342.17801242,4060007.8061385583,3369576.5083410935
20180905,4758553.050596691,4060007.8061385583,3369576.5083410935
20180906,4658794.090187247,4060007.8061385583,3369576.5083410935
20180907,4709216.131815515,4060007.8061385583,3369576.5083410935
20180910,4664581.412038411,4060007.8061385583,3369576.5083410935
20180911,4673262.394815157,4060007.8061385583,3369576.5083410935
20180912,4557515.957791871,4060007.8061385583,3369576.5083410935
20180913,4571839.579373503,4060007.8061385583,3369576.5083410935
20180914,4650836.522641895,4060007.8061385583,3369576.5083410935
20180917,4671887.905875505,4060007.8061385583,3369576.5083410935
20180918,4823009.347714034,4060007.8061385583,3369576.5083410935
20180919,4929496.069775456,4060007.8061385583,3369576.5083410935
20180920,4908734.052634404,4060007.8061385583,3332540.8065512506
20180921,5063978.961291885,4060007.8061385583,3437936.6148315393
20180925,5042348.845873159,4060007.8061385583,3423251.923929486
20180926,5244254.036955653,4060007.8061385583,3560325.4099081834
20180927,5237526.275303674,4060007.8061385583,3555757.9307981804
20180928,5280931.1891874075,4060007.8061385583,3585225.537959492
20181008,4963713.610220464,4060007.8061385583,3369866.442288911
20181009,5027735.85819897,4060007.8061385583,3413331.162851845
20181010,4853537.470478924,4060007.8061385583,3295067.8327777833
20181011,4665955.900978062,4060007.8061385583,3167718.6571623185
20181012,4832413.745722175,4060007.8061385583,3280726.930625946
20181015,4824456.178176824,4060007.8061385583,3275324.5359797054
20181016,4826192.374732173,4060007.8061385583,3276503.240266158
20181017,4815919.878446356,4060007.8061385583,3269529.2399046477
20181018,4672828.345676321,4060007.8061385583,3172384.3616295266
20181019,4846882.050350086,4060007.8061385583,3290549.4663463826
20181022,5013267.553571059,4060007.8061385583,3403508.627131408
20181023,4642444.905957707,4060007.8061385583,3151757.0366166085
20181024,4608082.682466419,4060007.8061385583,3128428.5142805707
20181025,4477940.282338363,4060007.8061385583,3040074.80547524
20181026,4413556.32674416,4060007.8061385583,2996364.5215192954
20181029,3972200.694069744,4060007.8061385583,2696728.0693673664
20181030,3790695.812512604,4060007.8061385583,2573504.3587544844
20181031,3970826.2051300923,4060007.8061385583,2695794.9284739243
20181101,4072827.752756863,4060007.8061385583,2765043.805303005
20181102,4339767.9731418155,4060007.8061385583,2946269.5893450673
20181105,4165424.902375491,4060007.8061385583,2827908.0339138014
20181106,4094530.2096987288,4060007.8061385583,2779777.6088836608
20181107,4097423.870624311,4060007.8061385583,2781742.1160277477
20181108,4125926.4307412957,4060007.8061385583,2801092.5113970092
20181109,4065593.6004429073,4060007.8061385583,2760132.5374427866
20181112,3993252.077303354,4060007.8061385583,2711019.858840602
20181113,4123466.8189545507,4060007.8061385583,2799422.680324535
20181114,4015677.9494766155,4060007.8061385583,2726244.789207279
20181115,4048955.050120811,4060007.8061385583,2748836.621364285
20181116,4051125.2958149966,4060007.8061385583,2750310.00172235
20181119,4116377.3496868736,4060007.8061385583,2794609.63782152
20181120,4062699.9395173257,4060007.8061385583,2758168.0302986996
20181121,4085125.8116905876,4060007.8061385583,2773392.960665377
20181122,4083678.981227796,4060007.8061385583,2772410.707093333
20181123,4028699.423641735,4060007.8061385583,2735085.0713556726
20181126,3994047.8340578894,4060007.8061385583,2711560.0983052263
20181127,3965038.883278928,4060007.8061385583,2691865.91418575
20181128,4029422.8388731307,4060007.8061385583,2735576.198141694
20181129,3990358.416377772,4060007.8061385583,2709055.3516965145
20181130,4087296.0573847736,4060007.8061385583,2774866.341023442
20181203,4349172.371149958,4060007.8061385583,2952654.2375633516
20181204,4356623.5480333315,4060007.8061385583,2957712.8434593766
20181205,4413556.32674416,4060007.8061385583,2996364.5215192954
20181206,4281171.339398776,4060007.8061385583,2906488.319677297
20181207,4246447.408291791,4060007.8061385583,2882914.2339482484
20181210,4175769.7401844477,4060007.8061385583,2834931.1469539143
20181211,4217438.45751283,4060007.8061385583,2863220.0498287724
20181212,4260915.712919702,4060007.8061385583,2892736.7696686853
20181213,4353151.1549226325,4060007.8061385583,2955355.4348864714
20181214,4289562.956082965,4060007.8061385583,2912185.390395151
20181217,4271911.624436914,4060007.8061385583,2900201.8968162173
20181218,4274949.968408776,4060007.8061385583,2902264.62931751
20181219,4179893.2070034016,4060007.8061385583,2837730.5696342383
20181220,4156020.5043673497,4060007.8061385583,2821523.3856955175
20181221,4104730.364461406,4060007.8061385583,2786702.4965665685
20181224,4108998.51432664,4060007.8061385583,2789600.1446040976
20181225,4093011.037712798,4060007.8061385583,2778746.2426330145
20181226,4051704.0280001136,4060007.8061385583,2750702.9031511676
20181227,4072827.752756863,4060007.8061385583,2765043.805303005
20181228,4268222.206756797,4060007.8061385583,2897697.1502075065
20190102,4333112.553012976,4060007.8061385583,2941751.222913666
20190103,4268149.865233658,4060007.8061385583,2897648.037528904
20190104,4354959.693001121,4060007.8061385583,2956583.251851526
20190107,4380206.884576826,4060007.8061385583,2973723.576683689
20190108,4375142.977957057,4060007.8061385583,2970285.6891815355
20190109,4457105.923674172,4060007.8061385583,3025930.354037811
20190110,4476276.427306153,4060007.8061385583,3038945.21386739
20190111,4600052.773397929,4060007.8061385583,3122977.006955728
20190114,4518451.535296513,4060007.8061385583,3067577.905492464
20190115,4774395.844164252,4060007.8061385583,3241338.5623869933
20190116,4782498.094755882,4060007.8061385583,3246839.182390438
20190117,4769114.912975065,4060007.8061385583,3237753.336849034
20190118,4945338.863343018,4060007.8061385583,3357391.8219239563
20190121,4969717.956641047,4060007.8061385583,3373942.7946128924
20190122,4854116.202664041,4060007.8061385583,3295460.734206601
20190123,4815485.82930752,4060007.8061385583,3269234.5638330346
20190124,4864967.431134974,4060007.8061385583,3302827.635996929
20190125,4917053.327795452,4060007.8061385583,3338188.7645905023
20190128,4897521.116547773,4060007.8061385583,3324928.341367912
20190129,4955394.3350594165,4060007.8061385583,3364218.4842496603
20190130,4890286.9642338175,4060007.8061385583,3320017.0735076936
20190131,4988671.435703611,4060007.8061385583,3386810.316406665
20190201,5010880.283307454,4060007.8061385583,3401887.9087375356
20190211,5246930.6733118165,4060007.8061385583,3562142.5790164648
20190212,5193542.629234825,4060007.8061385583,3525897.422208052
20190213,5318910.488835672,4123435.9994387743,3611009.6942256386
20190214,5332727.719755326,4134147.6794917197,3620390.215838656
20190215,5243168.9141085595,4064718.046478388,3559588.7197291506
20190218,5353272.712326961,4150074.994334843,3634338.2165616765
20190219,5286429.144946013,4098255.139000175,3588958.1015332574
20190220,5223057.970675764,4049127.2242023735,3545935.3950777436
20190221,5210398.204126342,4039312.857661717,3537340.676322362
20190222,5252066.921454725,4071616.1441041073,3565629.57919722
20190225,5370128.287218477,4163142.1223575464,3645781.470675986
20190226,5261760.685555425,4079131.144769524,3572210.6781299124
20190227,5358336.618946729,4154000.7409511055,3637776.1040638294
20190228,5461857.338559429,4234254.218206418,3708056.3471435555
20190301,5709916.421404959,4426559.720308772,3876463.7220704476
20190304,5656094.328189131,4384834.641987352,3839923.889190422
20190305,5641047.291376104,4373169.566327599,3829708.4520411673
20190306,5555828.97711771,4307104.8589853505,3771853.716647794
20190307,5415486.422226976,4198305.595620356,3676575.120159555
20190308,5335187.331542071,4136054.470705333,3622060.04691113
20190311,5487393.896227692,4254051.197571286,3725393.122690127
20190312,5389515.815419876,4178172.12368838,3658943.668541371
20190313,5454550.844722335,4228589.926660097,3703095.9666047352
20190314,5628170.500257263,4363186.953503389,3820966.3952499786
20190315,5623106.593637494,4359261.206887126,3817528.5077478252
20190318,5860314.448012091,4543154.394811775,3978568.9808843904
20190319,5733861.465564151,4445122.893594244,3892720.0186877707
20190320,5735235.954503802,4446188.453390085,3893653.159581212
20190321,5684235.180690417,4406650.576754869,3859028.7211666717
20190322,5743916.937280549,4452918.30473225,3899546.6810134742
20190325,5610808.534703771,4349727.25081906,3809179.3523854543
20190326,5591999.738687487,4335145.90624437,3796410.0559488866
20190327,5704129.099553795,4422073.152747328,3872534.7077822727
20190328,5836514.086899177,4524703.385715339,3962410.9096242706
20190329,6177893.734594731,4789354.789745963,4194173.639947981
20190401,6214136.837687647,4817451.9190995,4218779.091927676
20190402,6149029.466862049,4766978.034033266,4174577.6811857093
20190403,6109241.629135294,4736132.882048344,4147565.707954508
20190404,6257541.75157138,4851101.175810323,4248246.699088987
20190408,6512183.913022608,5048510.148513818,4421123.327768678
20190409,6546907.844129593,5075429.553882477,4444697.4134977255
20190410,6857904.052106534,5316526.478215524,4655832.818808518
20190411,6693037.720871491,5188715.384808915,4543905.02427414
20190412,6612015.214955191,5125903.438948711,4488898.824239693
20190415,6561376.148757503,5086645.972786085,4454519.949218163
20190416,6799379.759886635,5271156.063750431,4616100.661819351
20190417,6886913.002885494,5339015.398117257,4675527.002927994
20190418,6839891.012844785,5302562.036680533,4643603.761836574
20190419,6890964.128181309,5342155.995410267,4678277.312929717
20190422,6866657.37640642,5323312.411652206,4661775.452919383
20190423,7052936.79849077,5467723.8050361555,4788240.600320009
20190424,7017127.74453669,5439963.168249726,4763929.824411927
20190425,6889589.639241658,5341090.435614425,4677344.172036275
20190426,6836273.936687808,5299757.931954631,4641148.127906466
20190429,7031379.024595183,5451011.340869781,4773605.022096558
20190430,7046064.353792512,5462396.006056941,4783574.8958528
20190506,6554141.996443549,5081037.763334281,4449608.681357944
20190507,6438395.559420262,4991306.412105419,4371028.395594449
20190508,6397884.306462113,4959900.439175317,4343525.295577225
20190509,6212762.348747995,4816386.359303657,4217845.951034234
20190510,6562244.247035179,5087318.957920301,4455109.301361389
20190513,6452863.864048173,5002522.831009027,4380850.931314886
20190514,6413582.416983396,4972070.253685731,4354182.746833899
20190515,6706059.195036611,5198810.161822161,4552745.306422533
20190516,6727110.578270221,5215130.05132691,4567037.095895768
20190517,6559856.976771574,5085468.248801205,4453488.582967517
20190520,6401935.431757928,4963041.036468328,4346275.605578948
20190521,6474566.32099004,5019347.459364438,4395584.734895541
20190522,6423927.254792352,4980089.993201811,4361205.859874012
20190523,6228605.142315558,4828668.338003108,4228601.627648113
20190524,6355202.807809777,4926812.003409675,4314548.815201936
20190527,6358819.883966754,4929616.108135577,4317004.449132046
20190528,6423927.254792352,4980089.993201811,4361205.859874012
20190529,6596895.836619025,5114182.281194441,4478634.274411836
20190530,6549078.08982378,5077112.016718018,4446170.793855791
20190531,6438395.559420262,4991306.412105419,4371028.395594449
20190603,6452863.864048173,5002522.831009027,4380850.931314886
20190604,6332053.520405119,4908865.733163903,4298832.758049238
20190605,6305287.156843484,4888115.358192229,4280661.066966428
20190606,6236779.734430327,4835005.614683646,4234151.36033016
20190610,6301525.397640228,4885199.089277291,4278107.207679115
20190611,6589517.0012587905,5108461.907553601,4473624.781194413
20190612,6559205.903063317,5084963.509950544,4453046.568860098
20190613,6583078.605699371,5103470.601141497,4469253.752798819
20190614,6604781.062641236,5120295.229496907,4483987.556379474
20190617,6594653.249401699,5112443.7362643825,4477111.781375168
20190618,6633717.671897057,5142728.067304122,4503632.627820347
20190619,6742302.298129527,5226907.291175699,4577350.758402227
20190620,7053298.506106468,5468004.215508746,4788486.163713019
20190621,7062702.90411461,5475294.88779609,4794870.811931304
20190624,7140831.749105328,5535863.549875572,4847912.504821663
20190625,7111027.041571832,5512757.726934141,4827678.081237563
20190626,7088456.486352291,5495260.113444513,4812354.925513682
20190627,7207747.658009415,5587739.487304757,4893341.732528685
20190628,7224017.278600359,5600352.359693328,4904387.182118142
20190701,7575380.558024966,5872743.481578412,5142927.802581734
20190702,7525017.9985420415,5833700.374680551,5108736.648039732
20190703,7252649.05439969,5622548.878192113,4923825.302047269
20190704,7203461.131872634,5584416.3976942,4890431.6088356925
20190705,7340159.507612004,5690390.544988398,4983236.1711639855
20190708,7230330.952238161,5605246.97659306,4908673.536769181
20190709,7165725.919665311,5555162.524595803,4864813.163595766
20190710,7213151.886758562,5591929.0654937895,4897010.664811704
20190711,7205663.576164891,5586123.822194107,4891926.848830241
20190712,7239360.973836412,5612247.417042677,4914804.020746829
20190715,7164771.527138667,5554422.640645843,4864165.226264795
20190716,7106553.583013362,5509289.719698315,4824641.049075571
20190717,7073516.918629519,5483678.3521997165,4802212.449157348
20190718,6956053.223042521,5392615.712204703,4722466.316114776
20190719,7017501.418796469,5440252.855752095,4764183.511962672
20190722,7025944.121916784,5446797.983001736,4769915.265275106
20190723,7003626.0197552545,5429496.081402684,4754763.499997018
20190724,6947683.934731947,5386127.499105059,4716784.404135494
20190725,7069846.178142425,5480832.644699873,4799720.3824997675
20190726,7084749.384520025,5492386.21714924,4809838.173129544
20190729,7168295.438006277,5557154.519845693,4866557.610256073
20190730,7186795.97006123,5571496.885644908,4879117.626210278
20190731,7140324.395494623,5535470.228696881,4847568.06232531
20190801,7042682.698537932,5459774.409201026,4781279.089233672
20190802,7007076.515813123,5432171.046452538,4757106.042655144
20190805,6918831.914503391,5363760.238156283,4697196.760206912
20190806,6947243.445873496,5385786.014205078,4716485.356136584
20190807,6937699.520607052,5378387.174705483,4710005.982826875
20190808,7133570.232998371,5530234.126897167,4842982.6596753625
20190809,7062724.941597464,5475311.972150175,4794885.773184062
20190812,7478252.764736468,5797446.061132535,5076987.718822158
20190813,7473260.5576740205,5793575.898932748,5073598.508167849
20190814,7659587.344798895,5938024.011624836,5200095.811706627
20190815,7671113.46992837,5946959.533174349,5207920.901011431
20190816,7742325.835377986,6002166.258671325,5256266.994168488
20190819,7751722.931024947,6009451.269870927,5262646.684811895
20190820,7855384.642380472,6089814.049666526,5333022.647221964
20190821,7826018.718483723,6067048.389667772,5313086.113961321
20190822,8104994.995502843,6283322.15965593,5502483.179937429
20190823,8296607.648929132,6431868.091147794,5632569.059463123
20190826,8097286.440479946,6277346.173906256,5497249.83995651
20190827,8141702.400373779,6311779.234654371,5527403.846513231
20190828,8076436.634513253,6261182.555307141,5483094.901341452
20190829,8171802.472367947,6335114.036153092,5547838.79310539
20190830,8383971.272521962,6499595.929644086,5691880.245913535
20190902,8360184.8741655955,6481155.745045097,5675731.653972415
20190903,8369288.310573587,6488213.099644709,5681911.979283214
20190904,8259239.510770517,6402898.78879938,5607199.820888954
20190905,8398654.234470336,6510978.7596434625,5701848.512543856
20190906,8387568.5981993135,6502384.722993933,5694322.471237964
20190909,8343739.956783415,6468406.975445794,5664567.195346454
20190910,8250723.39284046,6396296.747399742,5601418.226243367
20190911,7851860.731512861,6087082.1704666745,5330630.263230686
20190912,8068287.590631906,6254865.084657487,5477562.513361624
20190916,8068287.590631906,6254865.084657487,5477562.513361624
20190917,8031653.60057071,6226464.923809042,5452691.688118973
20190918,8434627.491243854,6538866.693141935,5726270.765788144
20190919,8405995.715444524,6516670.1746431505,5706832.645859017
20190920,8497176.90914393,6587357.54893928,5768735.581633314
20190923,8435361.639341272,6539435.834641904,5726769.17911966
20190924,8692313.47343783,6738635.359630996,5901213.845150285
20190925,8618898.663695958,6681721.209634112,5851372.511998678
20190926,8567508.296876645,6641881.304636294,5816483.578792552
20190927,8624404.774426598,6685989.770883879,5855110.611985048
20190930,8442703.12031546,6545127.249641593,5731753.312434821
20191008,8568242.444974065,6642450.446136263,5816981.9921240695
20191009,8419283.796007803,6526971.635792587,5715853.927159458
20191010,8479410.525186397,6573584.324640034,5756673.979010625
20191011,8623303.552280469,6685136.058633925,5854362.991987774
20191014,8662947.549541082,6715869.699632243,5881277.311889643
20191015,8890533.459740888,6892303.564622581,6035785.444659624
20191016,8589532.739799207,6658955.549635359,5831435.978738035
20191017,8687394.681185124,6734822.111581205,5897874.475829127
20191018,8632039.914639752,6691908.842483555,5860294.110632815
20191021,8578520.518337928,6650418.427135827,5823959.778765295
20191022,8595405.924578557,6663508.68163511,5835423.285390164
20191023,8508115.71579547,6595837.757288815,5776161.940272903
20191024,8444685.32017849,6546663.931691508,5733099.028429914
20191025,8599443.739114359,6666638.959884938,5838164.558713501
20191028,8650393.617075222,6706137.379982776,5872754.443920718
20191029,8758386.802205516,6789858.094628191,5946071.044986731
20191030,8690845.177242994,6737497.076631059,5900217.018487253
20191031,8663020.964350823,6715926.613782239,5881327.153222794
20191101,8699654.954412017,6744326.774630684,5906197.978465445
20191104,8806767.161825411,6827364.519476137,5978916.48353364
20191105,8802435.68805064,6824006.584626322,5975975.844877696
20191106,8758386.802205516,6789858.094628191,5946071.044986731
20191107,8819834.997959463,6837495.238175582,5987788.240834626
20191108,8846484.573895765,6858155.074624452,6005880.644768661
20191111,8802435.68805064,6824006.584626322,5975975.844877696
20191112,8821523.538583528,6838804.263625511,5988934.591497113
20191113,8985972.712405326,6966291.95961853,6100579.177756714
20191114,9030021.59825045,7000440.44961666,6130483.977647679
20191115,8992580.045282094,6971414.23311825,6105064.897740359
20191118,9010052.77000066,6984959.800817508,6116927.135030441
20191119,9047053.834110564,7013644.532415937,6142047.166938851
20191120,9057552.151903652,7021783.255865491,6149174.47757953
20191121,9039565.523516892,7007839.289116254,6136963.350957386
20191122,8765728.283179704,6795549.5096278805,5951055.178301893
20191125,8678071.000347907,6727594.0145316,5891544.6265188735
20191126,8699654.954412017,6744326.774630684,5906197.978465445
20191127,8735995.285234246,6772499.278879143,5930869.438375493
20191128,8632113.329449493,6691965.756633551,5860343.951965966
20191129,8288532.019857526,6425607.534648137,5627086.512816446
20191202,8317897.943754275,6448373.19464689,5647023.046077088
20191203,8207775.729141465,6363001.969651566,5572261.046349678
20191204,8239564.341759696,6387645.796600216,5593842.343604323
20191205,8294405.204636876,6430160.666647888,5631073.819468575
20191206,8589532.739799207,6658955.549635359,5831435.978738035
20191209,8506574.004790893,6594642.560138882,5775115.27227672
20191210,8548420.44634376,6627083.625637105,5803524.832173135
20191211,8508629.619463664,6596236.156338793,5776510.829604964
20191212,8347263.867651025,6471138.854645644,5666959.579337731
20191213,8538142.372979896,6619115.644637541,5796547.04553191
20191216,8427432.839889152,6533289.106442242,5721386.315139287
20191217,8589385.910179723,6658841.721335365,5831336.2960717315
20191218,8574849.777850835,6647572.719635983,5821467.712107714
20191219,8497030.079524448,6587243.7206392875,5768635.898967011
20191220,8415539.640710967,6524069.014142745,5713312.019168725
20191223,8437564.083633529,6541143.25914181,5728264.419114208
20191224,8428020.158367086,6533744.419642216,5721785.0458045
20191225,8323036.980436208,6452357.185146674,5650511.939397702
20191226,8333315.053800069,6460325.166146236,5657489.726038926
20191227,8538142.372979896,6619115.644637541,5796547.04553191
20191230,8705528.139191367,6748879.906630435,5910185.285117574
20191231,8684971.992463645,6732943.944631308,5896229.7118351245
20200102,8295420.112472603,6430947.46452966,5631762.840658393
20200103,7917794.97036146,6138197.077294786,5375393.034885412
20200106,7913610.554906497,6134953.148042768,5372552.234160478
20200107,8035032.013897909,6229084.007390839,5454985.29379277
20200108,7988122.514323839,6192717.853144517,5423138.4225079855
20200109,8095008.635419061,6275580.326669784,5495703.4375168225
20200110,8166951.216925461,6331353.145388714,5544545.274542002
20200113,8253355.7255305955,6398337.438890938,5603205.317581425
20200114,8129511.710223151,6302328.515239066,5519127.583845225
20200115,8164235.017419607,6329247.436926877,5542701.246001256
20200116,8126575.27832493,6300052.073658702,5517134.03947685
20200117,8130245.818197706,6302897.625634158,5519625.969937319
20200120,8009118.002396114,6208994.410444123,5437392.264741864
20200121,7893863.050390963,6119644.078414816,5359145.648283158
20200122,7895404.6771375295,6120839.2102445075,5360192.259076555
20200123,7728688.756116067,5991594.239519315,5247008.777562085
20200203,7369856.778153536,5713413.078398775,5003397.655746702
20200204,7620114.186679368,5907422.812085338,5173297.474541432
20200205,7708060.32203107,5975602.237417255,5233004.128374253
20200206,7862296.407485095,6095172.331425899,5337715.046323132
20200207,7899001.806212851,6123627.851180455,5362634.350927815
20200210,7829188.13783266,6069505.452607289,5315237.833569707
20200211,8060505.560614971,6248832.138100501,5472279.291188421
20200212,8055146.57240072,6244677.632216336,5468641.072716137
20200213,8009118.002396114,6208994.410444123,5437392.264741864
20200214,7987094.763159462,6191921.098591389,5422440.681979055
20200217,8029819.847278568,6225043.323585692,5451446.752538905
20200218,7957730.444177258,6169156.682787744,5402505.238295307
20200219,8049493.940996645,6240295.482174134,5464803.499807016
20200220,8207327.155525991,6362654.217118725,5571956.509607153
20200221,8169740.827228771,6333515.76489006,5546439.141691958
20200224,7981075.07776811,6187254.393351642,5418353.916023887
20200225,7890265.921315644,6116855.43747887,5356703.5564319
20200226,7882117.322798084,6110538.312093359,5351171.470809661
20200227,7982616.704514676,6188449.525181334,5419400.526817284
20200228,7759521.291047381,6015496.876113142,5267940.993430018
20200302,7972486.014465815,6180595.801729076,5412522.79874639
20200303,8170621.756798237,6334198.697364169,5547037.20500247
20200304,8287491.746347409,6424801.072262676,5626380.270863782
20200305,8596404.382040191,6664282.726517019,5836101.138416794
20200306,8482617.645984152,6576070.615277895,5758851.294142277
20200309,8178036.247341243,6339946.712354589,5552070.904532616
20200310,8486288.185856929,6578916.167253352,5761343.224602746
20200311,8504787.706815718,6593257.749209647,5773902.554123506
20200312,8357819.290309786,6479321.848112404,5674125.658486354
20200313,8163500.909445051,6328678.326531785,5542202.859909161
20200316,7832932.088502891,6072407.915622254,5317779.6026393855
20200317,7672162.442075324,5947772.739097298,5208633.048470872
20200318,7399734.972717929,5736575.871478984,5023681.969694914
20200319,7311715.426568772,5668339.535107559,4963925.477252885
20200320,7600073.038974014,5891886.098299351,5159691.534227275
20200323,7480560.260716445,5799234.925978516,5078554.2784344265
20200324,7752180.211301831,6009805.772162231,5262957.132509083
20200325,7929100.233169609,6146961.37737919,5383068.180703655
20200326,7817662.642632145,6060570.419404359,5307413.171923838
20200327,7895331.266340075,6120782.299205,5360142.420467347
20200330,7869637.487230646,6100863.43537681,5342698.907244069
20200331,8155939.597307134,6322816.489462347,5537069.483160597
20200401,8097210.9593427265,6277287.657855057,5497198.595793104
20200402,8405536.308655867,6516314.023793328,5706520.754472443
20200403,8367289.283181547,6486663.3722090805,5680554.839074363
20200407,8515285.450851856,6601396.027859451,5781029.475240446
20200408,8513890.6457002,6600314.718108776,5780082.5416654665
20200409,8504640.885220805,6593143.927130628,5773802.876905086
20200410,8552357.903566888,6630136.102811552,5806197.972891175
20200413,8532536.988253899,6614770.122144091,5792741.548404646
20200414,8699913.606452461,6744527.292224866,5906373.577402
20200415,8732948.465307439,6770137.260003966,5928800.951546215
20200416,8788006.563399073,6812820.539635801,5966179.908453241
20200417,9000163.768045496,6977293.443817135,6110213.48906831
20200420,9009707.171714714,6984691.87895332,6116692.508265527
20200421,8809295.69466117,6829324.741093444,5980633.105123957
20200422,9135973.74333819,7082578.866908993,6202414.916105637
20200423,9192940.522163665,7126741.833568064,6241089.676852105
20200424,9180460.686596228,7117066.956851513,6232617.113286512
20200427,9367217.755323045,7261848.641362696,6359406.535115141
20200428,9390195.33492662,7279661.796729048,6375006.019797673
20200429,9359142.56760294,7255588.427016693,6353924.288102111
20200430,9291604.633943869,7203230.270668309,6308072.767629493
20200506,9543403.66921627,7398435.136184565,6479019.19721762
20200507,9631496.62616288,7466728.383595498,6538825.528268859
20200508,9650656.844298767,7481582.164907376,6551833.405272503
20200511,9712321.914161395,7529387.43809503,6593697.837008371
20200512,9785659.30081945,7586241.5665646335,6643486.607608528
20200513,9807315.486068826,7603030.323219823,6658188.997325293
20200514,9738602.979650468,7549761.590239292,6611540.059105325
20200515,9638837.70590843,7472419.4875464095,6543809.3891897965
20200518,9882634.964258179,7661421.04975617,6709323.410374101
20200519,9881900.856283624,7660851.93936108,6708825.024282008
20200520,9917798.736239368,7688681.437681035,6733196.1041853875
20200521,10028649.040397188,7774617.107339795,6808452.404091531
20200522,9750422.118040806,7558924.26760026,6619564.075188033
20200525,10005157.585211426,7756405.574696879,6792504.049144534
20200526,9969186.294458225,7728519.165337414,6768083.130631944
20200527,9822364.699547205,7614697.0863191895,6668405.912213212
20200528,9866411.17802051,7648843.710024657,6698309.077738832
20200529,10032319.580269963,7777462.65931525,6810944.334551999
20200601,10420662.698809609,8078522.058318452,7074590.577269547
20200602,10356134.60784622,8028497.254589944,7030782.439774515
20200603,10272372.88794948,7963561.758510047,6973916.586666628
20200604,10336166.870938318,8013017.451843465,7017226.3380695665
20200605,10461038.63741014,8109823.130048464,7102001.812334699
20200608,10322292.230219228,8002261.265376243,7007806.840928997
20200609,10399006.513560234,8061733.301663265,7059888.187552784
20200610,10451201.590551103,8102197.050754244,7095323.438700644
20200611,10280888.540454319,7970163.439093104,6979697.865334914
20200612,10397685.119206034,8060708.9029521,7058991.092587015
20200615,10152713.288097,7870796.764110194,6892679.65365536
20200616,10305995.033184104,7989627.01460522,6996742.669684517
20200617,10314217.042499121,7996001.05103024,7002324.593915966
20200618,10372945.680463528,8041529.882637531,7042195.48128346
20200619,10569980.260834116,8194279.112679987,7175962.308401398
20200622,10563813.753847854,8189498.585361221,7171775.865227811
20200623,10824422.084814914,8391532.77561857,7348702.927921062
20200624,10843117.674171442,8406026.35778079,7361395.368327305
20200629,10866586.179079205,8424220.098433653,7377328.142324685
20200630,10864432.423881974,8422550.419702852,7375865.957369229
20200701,11097557.857127117,8603278.748529874,7534134.873754593
20200702,11466889.739741994,8889599.863297882,7784874.383529811
20200703,11450476.639790678,8876875.759866606,7773731.52576582
20200706,11882787.295069423,9212020.583728373,8067227.340445399
20200707,12536340.59629824,9718681.715833435,8510924.844169896
20200708,12486878.494182514,9680336.680153664,8477345.010365292
20200709,12670021.953367773,9822316.947400378,8601681.151749907
20200710,12728321.878534205,9867513.423389295,8641260.985888967
20200713,13234380.082462976,10259830.349998828,8984824.030250186
20200714,13085919.508695202,10144737.667830871,8884034.108665496
20200715,13015588.26139251,10090214.02100093,8836286.206844235
20200716,11986761.683901282,9292625.763835998,8137815.579674297
20200717,12239642.251024475,9488669.076883465,8309496.26151315
20200720,12157279.681585526,9424818.2592125,8253580.292009689
20200721,12387805.755109873,9603531.45853683,8410084.502414329
20200722,12462667.315068811,9661567.188214319,8460908.034659136
20200723,12447219.69158522,9649591.561455471,8450420.639116555
20200724,11847881.607390156,9184960.27326367,8043529.86013284
20200727,12050260.328509307,9341852.498830294,8180924.825774802
20200728,12402659.23922871,9615046.48426649,8420168.536589887
20200729,12417512.723347547,9626561.50999615,8430252.570765443
20200730,12476926.659822894,9672621.612914791,8470588.70746767
20200731,12463409.989274753,9662142.939500801,8461412.236367913
20200803,12387805.755109873,9603531.45853683,8410084.502414329
20200804,12402584.971808117,9614988.909137843,8420118.116419008
20200805,12387805.755109873,9603531.45853683,8410084.502414329
20200806,12164706.423644945,9430575.77207733,8258622.309097467
20200807,12113016.298911393,9390503.48253811,8223529.870166529
20200810,12135222.257669054,9407718.446003953,8238605.501258986
20200811,12198498.100015298,9456772.455612307,8281563.486846858
20200812,12082937.993570749,9367185.555435548,8203109.700961027
20200813,12142723.267149067,9413533.533997431,8243697.938517642
20200814,12335818.560693944,9563228.868483018,8374790.382799881
20200817,12551194.080417078,9730196.741563095,8521008.878345454
20200818,12662595.211308355,9816559.434535548,8596639.134662129
20200819,12528913.854238823,9712924.202968605,8505882.827082118
20200820,12358098.786872199,9580501.407077508,8389916.434063215
20200821,12447219.69158522,9649591.561455471,8450420.639116555
20200824,12598353.892494384,9766756.948254766,8553025.686852844
20200825,12825983.53661556,9943224.717561815,8707563.510593254
20200826,12825983.53661556,9943224.717561815,8707563.510593254
20200827,12855690.504853232,9966254.769021135,8727731.578944366
20200828,13048785.79839811,10115950.10350672,8858824.023226604
20200831,13267874.689150952,10285796.733019212,9007563.527316066
20200901,13382840.65623075,10374923.032166785,9085613.951834876
20200902,13331001.99665601,10334735.59237027,9050420.672562184
20200903,13316148.512537172,10323220.566640608,9040336.638386626
20200904,13145333.44517055,10190797.770749513,8924370.245367724
20200907,12799989.939407595,9923073.422534907,8689916.45078603
20200908,12710126.360488633,9853407.516870463,8628908.044023912
20200909,12536340.59629824,9718681.715833435,8510924.844169896
20200910,12668536.604955887,9821165.444827411,8600672.748332351
20200911,12870543.988972068,9977769.794750795,8737815.613119923
20200914,13115626.476932876,10167767.719290193,8904202.17701661
20200915,13071066.024576364,10133222.642101211,8873950.07448994
20200916,12811872.726702662,9932285.443118636,8697983.678126473
20200917,12406521.145099608,9618040.390956203,8422790.385475531
20200918,12588327.79071417,9758984.305887247,8546218.963784346
20200921,12378893.664638571,9596622.443099033,8404034.081908995
20200922,12370649.980952619,9590231.603819072,8398437.442941561
20200923,12253975.863199154,9499781.076712588,8319227.354492563
20200924,12100539.372251568,9380830.860925196,8215059.281459061
20200925,12143540.208775602,9414166.860412562,8244252.560397298
20200928,12335818.560693944,9563228.868483018,8374790.382799881
20200929,12271205.904777003,9513138.506558994,8330924.8341362085
20200930,12391519.126139583,9606410.214969246,8412605.510958219
20201009,12595754.532773588,9764741.818752076,8551260.980872123
20201012,13001328.916638426,10079159.596300455,8826605.534035701
20201013,12915104.44132858,10012314.871939776,8768067.715646595
20201014,12840837.020734396,9954739.743291473,8717647.54476881
20201015,12811130.052496722,9931709.691832153,8697479.476417696
20201016,12714582.405724281,9856862.02458936,8631933.254276577
20201019,12618034.758951845,9782014.357346568,8566387.032135459
20201020,12877970.731031487,9983527.307615625,8742857.630207703
20201021,12872994.813851677,9979669.77399619,8739479.47875889
20201022,12941098.038536543,10032466.166966682,8785714.775453817
20201023,12739313.456782145,9876034.542429244,8648723.17117888
20201026,12202137.203624412,9459593.636916073,8284034.07521987
20201027,12068455.846554883,9355958.40534913,8193277.76763986
20201028,12364114.44794033,9585164.992498022,8394000.467904316
20201029,12447219.69158522,9649591.561455471,8450420.639116555
20201030,12402807.774069898,9615161.634523787,8420269.376931641
20201102,12432440.474886978,9638134.11085446,8440387.025111876
20201103,12588327.79071417,9758984.305887247,8546218.963784346
20201104,12622342.269346306,9785353.714808168,8569311.40204637
20201105,12788107.152112527,9913861.40195118,8681849.223445585
20201106,12630066.0810881,9791341.52818759,8574555.099817658
20201109,12941617.910480702,10032869.19286722,8786067.716649963
20201110,12959664.89368509,10046859.949128758,8798319.818173263
20201111,12858289.864574028,9968269.898523824,8729496.28492509
20201112,12883837.857258428,9988075.742778841,8746840.823707046
20201113,12662595.211308355,9816559.434535548,8596639.134662129
20201116,12848635.099896785,9960785.131799545,8722941.662710978
20201117,12742804.025550073,9878740.573475715,8651092.919210136
20201118,12578301.688933956,9751211.663519725,8539412.240715845
20201119,12775407.42319092,9904016.05495232,8673227.374225484
20201120,12773699.272517253,9902691.826993408,8672067.710295293
20201123,13295427.902191395,10307157.105747733,9026269.410711724
20201124,13097059.62178433,10153373.937128117,8891597.134297164
20201125,12825092.327568429,9942533.816018034,8706958.468542721
20201126,12880867.160434661,9985772.73763291,8744824.016871937
20201127,12906935.02506322,10005981.607788464,8762521.496850038
20201130,12728767.483057773,9867858.874161186,8641563.506914236
20201201,12900250.957209742,10000799.846210117,8757983.681471037
20201202,12907751.966689754,10006614.934203595,8763076.118729694
20201203,12989371.861922763,10069890.000588078,8818487.886524377
20201204,13316965.454163708,10323853.89305574,9040891.260266282
20201207,13460227.30848989,10434916.316218317,9138151.769889528
20201208,13739472.80992402,10651398.799935931,9327731.612389993
20201209,13665205.389329838,10593823.67128763,9277311.44151221
20201210,13612475.520707967,10552945.329947336,9241513.120188983
20201211,13516670.54814147,10478673.413991027,9176471.099756643
20201214,13583511.226676233,10530491.029774496,9221849.253546648
20201215,13487037.84732439,10455700.937660353,9156353.451576406
20201216,13665205.389329838,10593823.67128763,9277311.44151221
20201217,13854661.5792656,10740697.824469449,9405933.297421437
20201218,13702339.099626929,10622611.235611781,9302521.5269511
20201221,13683772.244478382,10608217.453449706,9289916.484231655
20201222,13969701.81376599,10829881.69874567,9484034.142111123
20201223,13677459.513727877,10603323.5675146,9285630.769707045
20201224,13593463.061035855,10538206.09701337,9228605.55644427
20201225,13590937.968735652,10536248.542639328,9226891.270634426
20201228,13910287.877290642,10783821.595827026,9443698.005408896
20201229,13865727.424934134,10749276.518638046,9413445.902882226
20201230,14355892.400855748,11129272.367716841,9746219.0306756
20201231,14838630.634717941,11503510.703930806,10073950.141381193
20210104,14831203.892658524,11497753.191065976,10068908.124293415
20210105,15295003.934269201,11857309.869474623,10383782.091425173
20210106,15596158.324778618,12090777.01614349,10588235.884334587
20210107,15893228.007155353,12321077.5307367,10789916.567845723
20210108,15521890.904184435,12033201.887495188,10537815.713456804
20210111,15594153.104422575,12089222.487669986,10586874.539720887
20210112,16048446.9161972,12441409.549611652,10895294.724980291
20210113,16071469.816581395,12459257.839492625,10910924.977952402
20210114,15848667.554798843,12286532.45354772,10759664.465319052
20210115,15462476.967709087,11987141.784576546,10497479.576754577
20210118,15321368.868580136,11877749.040144771,10401681.252086787
20210119,14923369.761615906,11569203.92571852,10131479.556352744
20210120,15155232.648710947,11748953.47735852,10288891.329833185
20210121,15373356.062996067,11918051.630198585,10436975.371701237
20210122,15447252.146487277,11975338.883203644,10487143.44172463
20210125,16153163.979234995,12522590.481005758,10966387.165917965
20210126,15907264.549647653,12331959.230051229,10799445.980141623
20210127,15514464.162125016,12027444.374630358,10532773.696369026
20210128,15507037.420065597,12021686.861765528,10527731.679281246
20210129,15716323.011300005,12183933.574296443,10669815.72081484
20210201,15665375.560772398,12144437.03604371,10635227.483592682
20210202,15930361.717452446,12349865.095060851,10815126.653284615
20210203,16263896.703340925,12608434.997820375,11041563.64069674
20210204,17236354.308601167,13362323.732341247,11701765.35817044
20210205,17178054.383434735,13317127.256352331,11662185.524031382
20210208,17592466.59035028,13638396.474209858,11943530.077529414
20210209,18243271.997017115,14142927.32655493,12385362.034931432
20210210,19316956.09654723,14975290.961423438,13114286.445311554
20210218,18351479.62882284,14226814.288995508,12458824.223900365
20210219,18269785.466169238,14163481.647482375,12403362.035934802
20210222,16992534.366790462,13173304.58498887,11536235.937178675
20210223,17133493.93107822,13282582.179163348,11631933.42150471
20210224,16257138.368066855,12603195.661113381,11036975.405146863
20210225,15967495.427749537,12378652.659385003,10840336.738723507
20210226,15765339.50889217,12221933.159204325,10703093.03359418
20210301,16026909.364224885,12424712.762303645,10880672.875425734
20210302,15284235.158283046,11848961.475820621,10376471.166647896
20210303,15893228.007155353,12321077.5307367,10789916.567845723
20210304,15098566.606797585,11705023.654199865,10250420.739453437
20210305,15299905.58402842,11861109.827965412,10387109.822703108
20210308,14556414.436460044,11284725.215067258,9882353.492045615
20210309,14385525.101672826,11152244.844047515,9766336.678855835
20210310,14630756.124474822,11342357.91884421,9932824.083094276
20210311,15209967.737688862,11791386.347172318,10326050.995770112
20210312,15046579.412381656,11664721.064146053,10215126.619838987
20210315,14671157.601278057,11373678.788828885,9960252.65605179
20210316,14931464.910460671,11575479.614741186,10136975.354978424
20210317,15078960.00776072,11689823.820236713,10237109.814341702
20210318,15371128.040378239,11916324.376339134,10435462.766574902
20210319,14927751.539430961,11572600.85830877,10134454.346434534
20210322,14779142.430822,11457393.025883516,10033563.584508087
20210323,14823777.150599105,11491995.678201146,10063866.107205637
20210324,14771789.956183176,11451693.088147335,10028571.987591188
20210325,14638108.599113645,11348057.85658039,9937815.680011177
20210326,14950031.765609218,11589873.396903262,10149580.39769787
20210329,15106736.023062946,11711356.918351177,10255966.958249992
20210330,15269753.011267181,11837734.325734204,10366639.233326728
20210331,14920324.797371544,11566843.34544394,10129412.329346756
20210401,15183974.140480896,11771235.052145412,10308403.935962887
20210402,16056616.332462559,12447742.813762965,10900840.943776846
20210406,15789476.42058528,12240645.076015022,10719479.58912946
20210407,15306515.3844613,11866234.014415111,10391597.21791123
20210408,15373356.062996067,11918051.630198585,10436975.371701237
20210409,15002018.960025147,11630175.986957071,10184874.517312318
20210412,14919507.855745008,11566210.019028809,10128857.7074671
20210413,15009445.702084566,11635933.499821903,10189916.534400096
20210414,15202540.995629443,11785628.834307488,10321008.978682334
20210415,14969341.294963704,11604842.930351818,10162689.642126093
20210416,15261806.397263601,11831573.786968835,10361244.275042806
20210419,15507037.420065597,12021686.861765528,10527731.679281246
20210420,15557539.266069643,12060837.949246375,10562017.39547814
20210421,15447623.483590249,11975626.758846886,10487395.54257902
20210422,15265668.3031345,11834567.693658546,10363866.12392845
20210423,15662553.398789817,12142249.181155073,10633311.517099325
20210426,15431433.185900718,11963075.380801557,10476403.945327664
20210427,15554865.638928253,12058765.244615035,10560202.26932654
20210428,15165407.28533235,11756841.269983336,10295798.893243441
20210429,15049253.039523046,11666793.768777393,10216941.745990587
20210430,14903837.429999635,11554061.666884016,10118219.051411888
20210506,14548987.694400625,11278967.702202428,9877311.474957837
20210507,14133090.139073195,10956546.981771935,9594958.518042248
20210510,13955071.131908936,10818539.398401955,9474101.3684482
20210511,14548987.694400625,10781660.80585487,9441805.740429468
20210512,14734656.245886086,10781660.80585487,9441805.740429468
20210513,14641821.970143354,10781660.80585487,9441805.740429468
20210514,14926637.528122049,10781660.80585487,9441805.740429468
20210517,15283938.088600669,10781660.80585487,9441805.740429468
20210518,15293964.190380882,10781660.80585487,9403561.884715596
20210519,15217394.47974828,10781660.80585487,9356482.657677697
20210520,15290770.691295335,10781660.80585487,9401598.347603444
20210521,15166149.959538292,10781660.80585487,9324974.736575706
20210524,15382936.560252715,10781660.80585487,9458266.941933254
20210525,16297985.449393656,10781660.80585487,10020888.820045732
20210526,16487367.371908825,10781660.80585487,10137331.13716178
20210527,16673035.923394283,10781660.80585487,10251490.271589277
20210528,16561634.792503007,10781660.80585487,10182994.790932778
20210531,16472513.887789989,10781660.80585487,10128198.40640758
20210601,16642957.61805364,10781660.80585487,10232996.491812022
20210602,16502220.856027659,10781660.80585487,10146463.867915979
20210603,16503854.739280732,10781660.80585487,10147468.46829894
20210604,16721309.746780504,10781660.80585487,10281171.646540426
20210607,16866131.216939162,10781660.80585487,10370215.771393875
20210608,16271991.852185693,10781660.80585487,10004906.541225882
20210609,16335119.159690747,10781660.80585487,10043720.646931231
20210610,16624613.565166878,10781660.80585487,10221717.569330586
20210611,16181459.86648138,10781660.80585487,9949242.547279034
20210615,16286845.336304529,10781660.80585487,10014039.271980083
20210616,16026909.364224885,10781660.80585487,9854216.483781585
20210617,16018814.215380117,10781660.80585487,9849239.145520546
20210618,15528872.041720288,10781660.80585487,9547996.021593267
20210621,15459803.340567695,10781660.80585487,9505528.823586237
20210622,15410266.971031375,10781660.80585487,9475071.16652098
20210623,15135700.317094676,10781660.80585487,9306252.638529597
20210624,15358873.915980201,10781660.80585487,9443471.918111451
20210625,15683634.192082476,10781660.80585487,9643152.217869561
20210628,15766175.689431822,10781660.80585487,9693903.224522881
20210629,15458725.479958922,10781660.80585487,9504866.096198391
20210630,15418991.60748376,10781660.80585487,9480435.548036484
20210701,15781094.634002682,10781660.80585487,9703076.203927068
20210702,15091374.58349045,10781660.80585487,9278998.76413548
20210705,14948932.399145534,10781660.80585487,9191417.55374374
20210706,15090624.887783375,10781660.80585487,9278537.810396578
20210707,15023901.969853384,10781660.80585487,9237512.92763413
20210708,14881459.785508469,10781660.80585487,9202947.943128193
20210709,14784824.008866046,10781660.80585487,9202947.943128193
20210712,14701532.815809624,10781660.80585487,9202947.943128193
20210713,14865716.175659819,10781660.80585487,9202947.943128193
20210714,14709029.77288041,10781660.80585487,9202947.943128193
20210715,14978845.257857965,10781660.80585487,9202947.943128193
20210716,14663298.334748622,10781660.80585487,9202947.943128193
20210719,14806490.214800615,10781660.80585487,9202947.943128193
20210720,14843975.000154542,10781660.80585487,9202947.943128193
20210721,14761508.472375905,10781660.80585487,9202947.943128193
20210722,14544171.686893843,10781660.80585487,9202947.943128193
20210723,14244218.434491731,10781660.80585487,9202947.943128193
20210726,13525335.220974145,10781660.80585487,9202947.943128193
20210727,12841462.796977129,10781660.80585487,9202947.943128193
20210728,13261367.362511802,10781660.80585487,9202947.943128193
20210729,13118100.512889098,10781660.80585487,9202947.943128193
20210730,12587315.952277511,10781660.80585487,9202947.943128193
20210802,13157159.659227889,10781660.80585487,9202947.943128193
20210803,13114427.003924415,10781660.80585487,9202947.943128193
20210804,12924753.99003355,10781660.80585487,9202947.943128193
20210805,12737330.063263923,10781660.80585487,9202947.943128193
20210806,12527415.265281938,10781660.80585487,9202947.943128193
20210809,12698345.88649584,10781660.80585487,9202947.943128193
20210810,13487025.770342436,10781660.80585487,9202947.943128193
20210811,13123423.352409357,10781660.80585487,9202947.943128193
20210812,12669857.449626856,10781660.80585487,9202947.943128193
20210813,12745126.898617538,10781660.80585487,9202947.943128193
20210816,12738829.454678081,10781660.80585487,9202947.943128193
20210817,12257524.810733674,10781660.80585487,9202947.943128193
20210818,12145070.454671899,10781660.80585487,9202947.943128193
20210819,12144845.545959774,10781660.80585487,9202947.943128193
20210820,11605289.54557537,10781660.80585487,9202947.943128193
20210823,11771647.022976091,10781660.80585487,9202947.943128193
20210824,12183904.692298565,10781660.80585487,9202947.943128193
20210825,12482583.461998645,10781660.80585487,9202947.943128193
20210826,11957646.52790227,10781660.80585487,9202947.943128193
20210827,11965368.393685179,10781660.80585487,9202947.943128193
20210830,11890173.914265204,10781660.80585487,9202947.943128193
20210831,11680259.11628322,10781660.80585487,9202947.943128193
20210901,12160139.338384176,10781660.80585487,9202947.943128193
20210902,12136074.106186956,10781660.80585487,9202947.943128193
20210903,12431604.153917305,10781660.80585487,9202947.943128193
20210906,12524941.26944858,10781660.80585487,9202947.943128193
20210907,12512421.351140369,10781660.80585487,9202947.943128193
20210908,12243280.592299182,10781660.80585487,9202947.943128193
20210909,12250627.610228552,10781660.80585487,9202947.943128193
20210910,12464290.886745928,10781660.80585487,9202947.943128193
20210913,12399966.995078593,10781660.80585487,9202947.943128193
20210914,12422457.866290947,10781660.80585487,9202947.943128193
20210915,12113133.417550353,10781660.80585487,9000158.372631673
20210916,12280540.468940984,10781660.80585487,9124543.197207944
20210917,12639869.621343717,10781660.80585487,9391527.731105871
20210922,12277691.625254087,10781660.80585487,9122426.482772702
20210923,12257524.810733674,10781660.80585487,9107442.372691637
20210924,12699845.277909996,10781660.80585487,9436090.140268888
20210927,13906855.366306402,10781660.80585487,10332908.624674609
20210928,13659905.60039474,10781660.80585487,10149422.904945886
20210929,13644461.868828923,10781660.80585487,10137948.084586408
20210930,13719431.439536773,10781660.80585487,10193651.09604018
20211008,13791402.227416309,10781660.80585487,10247125.9870358
20211011,13997718.486004315,10781660.80585487,10400420.67455658
20211012,14026731.709868256,10781660.80585487,10421977.73998919
20211013,14468377.450908208,11112570.212236086,10750124.180463359
20211014,14326684.962270368,11003741.994706025,10644845.488815729
20211015,14371441.795982957,11038117.891989332,10678100.18665363
20211018,13494522.72741322,10364592.145719962,10026542.061678866
20211019,13585835.664535383,10434725.885906002,10094388.329629561
20211020,13801897.96731541,10600674.522372471,10254924.408639329
20211021,13824388.838527765,10617948.842615338,10271635.31207546
20211022,14251715.391562518,10946160.927229805,10589142.477361958
20211025,14042025.502292657,10785106.68149881,10433341.154325759
20211026,13952211.956584651,10716124.562662296,10366608.94660414
20211027,13636964.911758138,10473996.173924783,10132377.783441031
20211028,13685620.163147533,10511366.286716852,10168529.03787453
20211029,13690043.367819294,10514763.569697948,10171815.5155503
20211101,13517013.598625576,10381866.465962829,10043252.965114998
20211102,13529308.608221663,10391309.761028929,10052388.258993415
20211103,13232129.229935741,10163058.409553185,9831581.521590665
20211104,13526009.947110517,10388776.194059975,10049937.326489449
20211105,13644012.051404675,10479408.794267548,10137613.866517685
20211108,13645211.564536002,10480330.091347167,10138505.114700947
20211109,13419628.126276078,10307068.659311216,9970894.753236549
20211110,13149587.732586397,10099661.654261865,9770252.505980063
20211111,13266615.23246135,10189545.700592246,9857204.9068594
20211112,13297952.513017233,10213614.586797306,9880488.765647076
20211115,13203190.97564251,10194663.476756547,9862155.762353972
20211116,13554498.383979501,10194663.476756547,9862155.762353972
20211117,13457037.942059293,10194663.476756547,9862155.762353972
20211118,13434547.070846938,10194663.476756547,9862155.762353972
20211119,13707511.277794225,10194663.476756547,9862155.762353972
20211122,13901382.58764473,10194663.476756547,9862155.762353972
20211123,14217454.29774903,10194663.476756547,9862155.762353972
20211124,14551593.674393922,10194663.476756547,10061887.23052313
20211125,14664272.939167822,10194663.476756547,10139800.762246348
20211126,14551668.64396463,10194663.476756547,10061939.069200259
20211129,14881459.785508469,10194663.476756547,10289977.40988584
20211130,14474899.80355979,10194663.476756547,10008856.2638213
20211201,14491543.048256934,10194663.476756547,10020364.450143693
20211202,14499114.974898426,10194663.476756547,10025600.156533608
20211203,14783099.708739767,10194663.476756547,10221965.065494051
20211206,14748763.645355571,10194663.476756547,10198222.951369477
20211207,14663073.426036496,10194663.476756547,10138971.3434123
20211208,15316283.295614004,10194663.476756547,10590641.73722759
20211209,15642775.776046699,10194663.476756547,10816399.176119547
20211210,15668640.277940905,10194663.476756547,10834283.519728666
20211213,15880054.467337044,10012206.836116605,10980468.589229312
20211214,16118457.702188013,10162517.56097191,11145315.582495997
20211215,16006003.346126236,10091616.275662804,11067557.566804165
20211216,15885977.063422965,10015940.970476218,10984563.844722414
20211217,15374009.865059048,9693151.052225625,10630557.518616065
20211220,15435934.730463736,9732194.026669174,10673376.265923701
20211221,15280297.901674237,9634066.647801371,10565759.172206206
20211222,15353768.080967931,9680388.820869988,10616561.075791536
20211223,15893548.990064459,10020714.990353698,10989799.551112333
20211224,16448998.539438931,10370920.072257146,11373872.309952859
20211227,15982163.02264114,10076585.203177275,11051072.867477497
20211228,16029843.669611331,10106647.348148335,11084042.266130833
20211229,15301289.381472435,9647301.554392405,10580274.001802014
20211230,15556185.92187913,9808011.13442638,10756525.504036836
20211231,15368761.9951095,9689842.325577868,10626928.811217114
20220104,15377983.252306568,9695656.230973216,10633304.968503846
20220105,15173841.111269087,9566946.764375418,10492148.250684604
20220106,14860618.244851686,9369463.051027788,10275566.257644286
20220107,14559090.631464707,9179353.071352303,10067071.09823592
20220110,14739017.60116355,9292795.127846872,10191483.923342852
20220111,14548220.043712068,9172499.28043909,10059554.490052376
20220112,14746514.558234336,9297521.880200813,10196667.79105564
20220113,14074712.235121282,8873957.601764213,9732141.405312633
20220114,13996818.851155823,8824846.64480677,9678281.019776758
20220117,13956410.25254429,8799369.44961903,9650339.972804824
20220118,14186266.956334563,8944291.676790845,9809277.35687893
20220119,14334181.919341154,9037550.50073409,9911555.066852255
20220120,14765406.890052713,9309433.296132743,10209731.137691868
20220121,14881384.815937761,9382556.155048203,10289925.571208712
20220124,14620565.679445146,9218112.440654615,10109578.813480789
20220125,14566587.588535491,9184079.823706243,10072254.965948708
20220126,14656551.073384913,9240800.851953529,10134461.378502175
20220127,14731520.644092765,9288068.375492932,10186300.055630062
20220128,14146757.992571525,8919381.69188558,9781958.374032533
20220207,14004015.929943778,8829384.327066554,9683257.532781035
20220208,13786904.053173838,8692497.578896439,9533132.72381867
20220209,14214080.667067176,8961827.928023964,9828509.506093377
20220210,14041800.593580533,8853207.158930413,9709384.22605349
20220211,13869145.672240354,8761786.500912383,9609122.447585976
20220214,14009338.769464035,8761786.500912383,9609122.447585976
20220215,14173896.977167767,8761786.500912383,9609122.447585976
20220216,14188366.104314383,8761786.500912383,9609122.447585976
20220217,14146683.023000818,8761786.500912383,9609122.447585976
20220218,14296697.133987227,8761786.500912383,9609122.447585976
20220221,14071713.452292966,8761786.500912383,9480423.522606399
20220222,13553523.779560298,8761786.500912383,9131307.718109543
20220223,13697015.537895124,8761786.500912383,9227981.278556153
20220224,13225456.938142741,8761786.500912383,8910281.855771832
20220225,13487475.587766683,8761786.500912383,9086809.59545883
20220228,13422551.939533684,8761786.500912383,9043069.102592181
20220301,13932944.776912734,8761786.500912383,9386932.007252857
20220302,13830986.160750056,8761786.500912383,9318240.240164354
20220303,13494522.72741322,8761786.500912383,9091557.408772299
20220304,13348332.06453291,8761786.500912383,8993065.536843933
20220307,12797305.719830204,8761786.500912383,8621826.942652397
20220308,13143665.136500476,8761786.500912383,8855176.91614422
20220309,13338436.081199475,8761786.500912383,8986398.394744167
20220310,13452764.676528947,8761786.500912383,9063424.089457376
20220311,13262192.027789587,8761786.500912383,8935031.095384602
20220314,12744827.020334708,8761786.500912383,8586470.886062726
20220315,12017622.18446855,8761786.500912383,8096536.959034442
20220316,12557028.24571154,8761786.500912383,8459946.712123979
20220317,12895890.705311028,8761786.500912383,8688245.820388706
20220318,12803228.315916123,8761786.500912383,8625817.126181802
20220321,12777063.935739083,8761786.500912383,8608189.606539238
20220322,12707342.234980782,8761786.500912383,8691419.759368377
20220323,13136093.209858984,8761786.500912383,8691419.759368377
20220324,12901738.33182624,8761786.500912383,8691419.759368377
20220325,12669857.449626856,8761786.500912383,8691419.759368377
20220328,12450946.30315993,8761786.500912383,8691419.759368377
20220329,12497427.436998798,8761786.500912383,8691419.759368377
20220330,12970485.428165339,8761786.500912383,8691419.759368377
20220331,12887269.204679625,8761786.500912383,8691419.759368377
20220401,13344658.555568226,8761786.500912383,8691419.759368377
20220406,13232129.229935741,8761786.500912383,8691419.759368377
20220407,13232129.229935741,8761786.500912383,8714695.514235802
20220408,13374571.414280657,8761786.500912383,8808508.100508029
20220411,12894766.16175041,8761786.500912383,8492507.809906844
20220412,13359577.500139087,8761786.500912383,8798633.091426741
20220413,13262117.058218881,8761786.500912383,8734445.532398377
20220414,13561995.341050286,8761786.500912383,8931945.714024115
20220415,13539429.500267223,8761786.500912383,8917083.825356778
20220418,13425700.661503414,8761786.500912383,8842181.881475218
20220419,13421802.243826604,8761786.500912383,8839614.379114082
20220420,13472031.856200865,8761786.500912383,8872695.659536393
20220421,13344433.646856103,8761786.500912383,8788659.33225464
20220422,13292104.886502022,8761786.500912383,8754195.55056095
20220425,12804802.676900988,8761786.500912383,8433257.75541912
20220426,12988328.185993807,8761786.500912383,8554127.866574073
20220427,13456438.185493633,8761786.500912383,8862425.650091857
20220428,13756916.2248907,8761786.500912383,9060320.832080847
20220429,13707286.369082103,8761786.500912383,9027634.552021787
20220505,13771910.13903227,8761786.500912383,9070195.841162134
20220506,13442044.027917724,8644390.416740606,8852945.641373819
20220509,13134668.788015533,8446721.701131925,8650507.955207435
20220510,13241050.608849976,8515134.36148527,8720571.144639168
20220511,13254620.101148097,8523860.712101167,8729508.027857732
20220512,13214661.319960812,8498163.779072039,8703191.128656102
20220513,13331388.941552937,8573229.679121481,8780068.074353922
20220516,13179650.530440243,8475648.83024539,8680132.982451295
20220517,13254620.101148097,8523860.712101167,8729508.027857732
20220518,13202141.4016526,8490112.394802123,8694945.496073227
20220519,13164656.616298676,8466006.453874236,8670257.97337001
20220520,13494597.696983928,8678186.945921505,8887557.548203731
20220523,13352080.543068301,8586536.158513675,8793695.586886097
20220524,13194644.444581814,8485291.206616545,8690007.991532583
20220525,13160983.10733399,8463644.071663301,8667838.596145093
20220526,13065696.782964312,8402366.769824611,8605082.913433515
20220527,13158359.172359215,8461956.655798351,8666110.46955587
20220530,13332663.42425497,8574049.28111303,8780907.450125832
20220531,13524735.464408483,8697568.122427527,8907406.316457117
20220601,13406433.481831495,8621489.772859113,8829492.494805763
20220602,13389565.328422228,8610642.099441562,8818383.109589314
20220606,13404559.242563799,8620284.475812718,8828258.118670601
20220607,13628718.258980274,8764438.00256149,8975889.504435845
20220608,13986323.111256722,8994408.679013537,9211408.471024537
20220609,13891861.45216483,8933661.707875261,9149195.91381243
20220610,14248716.608734202,9163150.265508754,9384221.12994706
20220613,13914352.323377186,8948125.272431994,9164008.42743436
20220614,14026806.679438964,9020443.095215658,9238070.995544014
20220615,14057544.203429183,9040209.966776526,9258314.764160652
20220616,14071788.421863675,9049370.224329123,9267696.022787875
20220617,14626563.245101774,9406138.150061864,9633071.358795496
20220620,14559240.570606122,9362843.880155377,9588732.568020515
20220621,14587129.250909444,9380778.700205725,9607100.08491171
20220622,14514108.889039997,9333820.3272782,9559008.790685842
20220623,14672294.683233563,9435547.397993887,9663190.13649342
20220624,15061461.724778017,9685815.276707219,9919495.997198224
20220627,15073007.038667027,9693239.90651301,9927099.754190816
20220628,15263804.596118508,9815939.145835958,10052759.244750194
20220629,15218822.853693798,9787012.016722493,10023134.217506332
20220630,15496610.490877636,9965653.35904913,10206085.474526962
20220701,15375744.506853431,9887926.136028673,10126482.998576494
20220704,15292009.765570205,9834077.495628921,10071335.201758146
20220705,15405752.613231856,9907223.929330306,10146246.371915922
20220706,15170764.891313951,9756106.613602132,9991483.188265515
20220707,15079831.235621758,9697628.45208204,9931594.17814604
20220708,15148031.477390902,9741487.07322211,9976510.935735647
20220711,14879777.193098936,9568976.496737834,9799838.355883198
20220712,14764670.340601906,9494952.890613653,9724028.850573633
20220713,14844085.733239753,9546023.8183412,9776331.919411307
20220714,14799452.463904168,9517320.787395088,9746936.396944331
20220715,14772930.147660613,9500264.656951727,9729468.768992819
20220718,14789298.20568521,9510790.726025345,9740248.790814323
20220719,14724432.19795811,9469076.304141011,9697527.963595765
20220720,14777476.830445223,9503188.565027732,9732463.219498793
20220721,14693363.198929945,9449096.265621645,9677065.885138279
20220722,14753985.636058072,9488081.706635041,9716991.891884593
20220725,14736177.795151686,9476629.733337358,9705263.627402864
20220726,14778310.388955735,9503724.614841666,9733012.202091554
20220727,14546353.788894236,9354556.571164163,9580245.318778463
20220728,14382673.20864829,9249295.880427996,9472445.10056341
20220729,14386007.442690339,9251440.079683732,9474641.030934459
20220801,14324324.112912467,9211772.393452602,9434016.31907008
20220802,14246121.169017183,9145095.125862101,9365730.390619777
20220803,14284161.748315085,9145095.125862101,9365730.390619777
20220804,14519149.470232988,9145095.125862101,9365730.390619777
20220805,14579393.017129065,9145095.125862101,9365730.390619777
20220808,14485200.905441236,9145095.125862101,9365730.390619777
20220809,14473606.864340482,9145095.125862101,9365730.390619777
20220810,14215961.50654594,9145095.125862101,9365730.390619777
20220811,14450115.669953333,9145095.125862101,9365730.390619777
20220812,14610007.34787877,9145095.125862101,9365730.390619777
20220815,14548551.35224013,9145095.125862101,9365730.390619777
20220816,14533016.852726048,9145095.125862101,9365730.390619777
20220817,14534229.30146861,9145095.125862101,9365730.390619777
20220818,14363728.69704575,9145095.125862101,9365730.390619777
20220819,14360015.572771652,9145095.125862101,9365730.390619777
20220822,14352210.433991406,9145095.125862101,9365730.390619777
20220823,14170570.456746254,9145095.125862101,9365730.390619777
20220824,14050765.365371794,9145095.125862101,9365730.390619777
20220825,14284161.748315085,9145095.125862101,9365730.390619777
20220826,14382673.20864829,9145095.125862101,9365730.390619777
20220829,14237330.915633604,9145095.125862101,9365730.390619777
20220830,14170494.678699844,9145095.125862101,9365730.390619777
20220831,14579696.129314706,9145095.125862101,9365730.390619777
20220901,14253016.97124051,9145095.125862101,9200654.9770491
20220902,14208383.701904925,9145095.125862101,9171843.160401225
20220905,13905271.516264284,9145095.125862101,8976177.172979333
20220906,13981049.562674444,9145095.125862101,9025093.669834806
20220907,13776524.615413424,9145095.125862101,8893068.044821883
20220908,13753715.423443967,9145095.125862101,8878344.179268386
20220909,13979458.22369983,9145095.125862101,9024066.42340084
20220913,14238694.920468988,9145095.125862101,9191409.759143416
20220914,14162916.874058828,9145095.125862101,9142493.26228794
20220915,14246272.725110004,9145095.125862101,9196301.408828963
20220916,14087138.827648668,9145095.125862101,9093576.765432468
20220919,14182922.278311111,9145095.125862101,9155407.217457788
20220920,14231117.115827972,9145095.125862101,9186518.109457867
20220921,14003782.976597494,9145095.125862101,9039768.618891448
20220922,13797742.468408268,9145095.125862101,8906764.663941415
20220923,13900952.167618908,9145095.125862101,8973388.932658572
20220926,14117450.04621273,9145095.125862101,9113143.364174657
20220927,14306895.16223813,9145095.125862101,9235434.60631334
20220928,14269006.139033051,9145095.125862101,9210976.357885605
20220929,14248924.956734357,9145095.125862101,9198013.486218903
20220930,14189439.190302383,9145095.125862101,9159614.036187356
20221010,13533959.088854503,9145095.125862101,8736486.338387514
20221011,13488416.482961997,9145095.125862101,8707087.523777375
20221012,13336936.168188088,9145095.125862101,8609303.446563283
20221013,12882192.11168072,9145095.125862101,8315755.548933589
20221014,13167269.12227574,9145095.125862101,8499779.410103878
20221017,13022457.275585925,9145095.125862101,8406299.98461307
20221018,12926446.490784254,9145095.125862101,8344322.783097185
20221019,12488222.0483943,9145095.125862101,8061438.681781984
20221020,12454121.927509729,9145095.125862101,8039426.258197021
20221021,12306354.737009918,9145095.125862101,7944039.089328848
20221024,11376406.55146444,9145095.125862101,7343735.839918481
20221025,11213256.417543367,9145095.125862101,7238418.622188647
20221026,11094512.218818644,9145095.125862101,7161766.47161612
20221027,10616504.302063359,9145095.125862101,6853201.209451796
20221028,10305814.311781704,9145095.125862101,6652643.572344355
20221031,10230036.265371544,9145095.125862101,6603727.075488882
20221101,11078826.163211742,9145095.125862101,7151640.756767037
20221102,11154225.319389852,9145095.125862101,7200312.6711382335
20221103,10908249.780742474,9145095.125862101,7041529.722345368
20221104,11492271.184425572,9145095.125862101,7418529.163610499
20221107,11420585.152521562,9145095.125862101,7372254.157585221
20221108,11252130.555351777,9145095.125862101,7263512.785075505
20221109,11062836.995419199,9145095.125862101,7141319.375930533
20221110,11177261.84549854,9145095.125862101,7215183.286182297
20221111,11580022.162168538,9145095.125862101,7475174.466969138
20221114,11616774.514677465,9145095.125862101,7498898.967944042
20221115,12033553.769933343,9145095.125862101,7767939.700649145
20221116,12012714.80717055,9145095.125862101,7754487.66401389
20221117,11874419.872472009,9145095.125862101,7665215.057252651
20221118,11875404.98707534,9145095.125862101,7665850.9717117725
20221121,11518111.498251438,9145095.125862101,7435209.689038216
20221122,11669440.256932527,9145095.125862101,7532895.933258597
20221123,11738019.388933722,9145095.125862101,7577165.362912799
20221124,11518187.276297849,9145095.125862101,7435258.605535071
20221125,11533494.4416727,9145095.125862101,7445139.737899877
20221128,11441575.671377178,9145095.125862101,7385804.027214189
20221129,12116909.620984519,9145095.125862101,7821747.847190165
20221130,12116909.620984519,9145095.125862101,7821747.847190165
20221201,12357883.808568826,9145095.125862101,7977302.307190569
20221202,12381223.446863158,9126962.806130819,7992368.588222057
20221205,12616286.946827473,9300242.597943056,8144107.561467734
20221206,12791334.23403494,9429280.740781955,8257104.669203877
20221207,12761023.015470875,9406936.473623702,8237538.070461687
20221208,12783907.985486744,9423806.395328183,8252310.85251204
20221209,13109602.02895761,9663895.54594359,8462553.955996864
20221212,13177953.826819574,9714281.868385447,8506676.6361605
20221213,13261158.12177793,9775616.881734846,8560386.94970781
20221214,13419306.90463593,9892198.09563302,8662475.678645182
20221215,13541461.11544911,9982245.492280774,8741329.071576206
20221216,13540551.778892186,9981575.164266024,8740742.07361394
20221219,13435447.628521297,9904096.41789479,8672894.8924754
20221220,12995934.95934237,9580104.544100149,8389179.210713655
20221221,13177802.270726753,9714170.147049656,8506578.80316679
20221222,13397558.605316216,9876166.083946975,8648436.644047663
20221223,13420292.019239264,9892924.284315664,8663111.593104305
20221226,13200990.352928262,9731263.511425719,8521547.251204565
20221227,13299562.121937804,9803926.836931935,8585177.627774252
20221228,13299562.121937804,9803926.836931935,8585177.627774252
20221229,13192121.920144886,9724726.043096362,8515822.47094284
20221230,13253516.32116941,9769983.639573831,8555453.989132218
20230103,13276615.96455489,9787011.81024848,8570365.347850973
20230104,13238244.46391456,9758725.812450062,8545595.64898261
20230105,13821414.53064627,10188616.40699043,8922045.532383975
20230106,13842672.342001012,10204286.849770753,8935767.945557047
20230109,14129921.39579451,10416035.829289716,9121193.911285605
20230110,14231605.87249138,10490993.723455526,9186833.613286763
20230111,14158700.021274757,10437250.32763853,9139771.185436876
20230112,14074666.43487244,10375303.992459994,9085525.544915164
20230113,14481404.341659918,10675135.56912323,9348084.3529198
20230116,14680168.71497682,10821657.037719041,9476391.393057916
20230117,14642564.644349298,10793936.75987659,9452117.088166922
20230118,14527450.142428312,10709078.766481334,9377807.991561836
20230119,14429295.843790352,10636723.18411298,9314447.101856565
20230120,14274274.981203426,10522447.753007367,9214377.518428383
20230130,14489078.641787983,10680792.768682916,9353038.292693473
20230131,14164916.204378491,10441832.659281874,9143783.876653552
20230201,14158853.507277317,10437363.471629724,9139870.26423235
20230202,14090859.208142655,10387240.683530925,9095978.357837612
20230203,13951877.632823387,10284788.799505053,9006262.508536406
20230206,13775368.729877876,10154673.209632326,8892321.893741941
20230207,13790717.330134008,10165987.608751694,8902229.773289286
20230208,13690951.428469155,10092444.014475806,8837828.556231545
20230209,13951877.632823387,10284788.799505053,9006262.508536406
20230210,13890483.231798861,10239531.203027584,8966630.990347026
20230213,14246187.042734705,10501742.402618924,9196246.098856742
20230214,14149797.8331262,10430687.976149296,9134024.615299417
20230215,14128386.535768898,10414904.38937778,9120203.12333087
20230216,14288165.464435223,10532687.284210395,9223344.14941873
20230217,13973212.18717941,10300515.814280974,9020034.461107215
20230220,14389312.74012313,10607249.174407026,9288637.075635731
20230221,14327918.339098604,10561991.577929556,9249005.557446353
20230222,14090015.03512857,10386618.39157936,9095433.424462508
20230223,13951877.632823387,10284788.799505053,9006262.508536406
20230224,13721648.628981417,10115072.81271454,8857644.315326234
20230227,13893629.694851369,10241850.654847054,8968662.105654232
20230228,13919185.114277827,10260689.1293808,8985158.725100562
20230301,14109431.014452575,10400931.10646536,9107966.8920899
20230302,14028620.634104045,10341360.79510189,9055801.90627313
20230303,13952184.604828509,10285015.08748744,9006460.666127352
20230306,13868534.733432595,10223351.612286888,8952462.722594324
20230307,13723950.919019835,10116769.972582445,8859130.497258335
20230308,13586734.432730023,10015619.2444553,8770554.054105075
20230309,13583664.712678796,10013356.364631426,8768572.478195604
20230310,13430025.224114921,9900099.229446558,8669394.603926683
20230313,13522116.825651709,9967985.624162763,8728841.881210752
20230314,13552814.026163971,9990614.422401497,8748657.64030544
20230315,13437085.580232743,9905303.853041468,8673952.228518464
20230316,13445297.081369773,9911357.056570329,8679252.94407629
20230317,13368630.823090397,9854841.632969089,8629763.085737305
20230320,13273469.501502382,9784692.35842901,8568334.232543766
20230321,13621882.727316562,10041529.218438651,8793243.098268492
20230322,13609220.132105254,10032194.839165173,8785069.097641934
20230323,13620808.325298633,10040737.210500296,8792549.54670018
20230324,13649663.69378016,10062008.280844707,8811176.360249186
20230327,13566551.02339321,10000740.809613332,8757525.192500316
20230328,13674067.968187409,10079998.1754445,8826929.888729464
20230329,13736997.229237549,10126387.211833907,8867552.194873579
20230330,13813740.230518205,10182959.207430746,8917091.592610303
20230331,13967226.233079517,10296103.19862442,9016170.38808375
20230403,13829626.031783301,10194669.61051929,8927346.247941805
20230404,13925708.269386683,10265497.749006532,8989369.573908184
20230406,13790410.358128885,10165761.320769306,8902031.615698338
20230407,13744594.786364332,10131987.839397995,8872456.595249515
20230410,13596557.536893947,10022860.459891696,8776895.097015373
20230411,13395490.873538626,9874641.831427982,8647101.874945158
20230412,13001031.84695605,9583861.774060236,8392469.370578395
20230413,13222819.120657148,9747354.841335097,8535638.230037529
20230414,13149299.32543028,9693158.869553328,8488179.487005748
20230417,13453048.124499118,9917070.82812561,8684256.4232477
20230418,13491419.625139447,9945356.825924028,8709026.122116063
20230419,13499093.925267512,9951014.02548371,8713980.061889734
20230420,13367709.907075029,9854162.769021926,8629168.612964464
20230421,13241774.641973471,9761328.124247516,8547874.4612785
20230424,13084681.718351966,9645525.249260789,8446467.314111425
20230425,13279455.455602275,9789104.974085564,8572198.305567233
20230426,13383288.736335002,9865646.884128084,8639225.110705018
20230427,13490805.681129202,9944904.249959255,8708629.806934169
20230428,13510758.861462172,9959612.96881443,8721510.050345717
20230504,13429257.794102116,9899533.50949059,8668899.209949316
20230505,13430025.224114921,9900099.229446558,8669394.603926683
20230508,13203786.856339546,9733324.986427082,8523352.459398821
20230509,13215144.820529083,9741697.641775414,8530684.290263856
20230510,13238167.72091328,9758669.240454465,8545546.109584874
20230511,13177310.52089772,9713807.647946173,8506261.36717965
20230512,13095425.73853126,9653445.328644346,8453402.829794567
20230515,13171401.309799109,9709451.604285216,8502446.833553923
20230516,13071558.665132973,9635851.43801373,8437996.077098446
20230517,13053984.517839704,9622896.451022055,8426651.555016736
20230518,12977241.516559046,9566324.455425218,8377112.157280012
20230519,13042473.067647606,9614410.65168253,8419220.645356229
20230522,13399328.023602659,9877470.431207823,8649578.844831994
20230523,13234714.285855649,9756123.500652606,8543316.836686721
20230524,13129960.089107554,9678902.726662925,8475695.558776094
20230525,13053984.517839704,9622896.451022055,8426651.555016736
20230526,12973864.824502697,9563835.287618956,8374932.423779596
20230529,12961892.916302916,9555010.05630585,8367204.277732668
20230530,12802958.160650674,9437849.453424798,8264608.185019912
20230531,12500667.47860617,9215012.362768857,8069472.497334957
20230601,12554869.254480604,9254967.83199654,8104461.008186398
20230602,12821020.940226477,9451164.64138431,8276268.13063976
20230605,12778043.736069126,9419483.495693088,8248525.342700346
20230606,12793315.99254647,9430741.617108362,8258383.940557389
20230607,12669833.275601516,9339714.896720553,8178672.965924327
20230608,12801067.238296278,9436455.538027672,8263387.550525033
20230609,12785718.23681151,9425140.843137948,8253479.411975242
20230612,13015953.259083025,9594861.26648377,8402101.490222095
20230613,13038976.761310177,9611833.308818351,8416963.698046781
20230614,13252941.84200784,9769560.15558107,8555083.149430856
20230615,13468748.802883673,9928644.765730552,8694391.577440906
20230616,13796373.239576042,10170156.928151658,8905880.79478618
20230619,13384329.29471745,9866413.943837084,8639896.81541706
20230620,13380185.064316565,9863358.97621686,8637221.618008617
20230621,13321628.623652175,9820193.415212573,8599422.069441168
20230626,13115721.768734016,9668406.78326696,8466504.390795732
20230627,13131454.495255902,9680004.345528925,8476660.232809266
20230628,13264453.593121417,9778046.176748361,8562514.253343198
20230629,13151868.667230643,9695052.889732255,8489838.057080487
20230630,12977580.755371107,9566574.529259467,8377331.14384762
20230703,13433946.030349638,9902989.497345194,8671925.575823389
20230704,13484593.121120054,9940324.589122204,8704619.454509575
20230705,13366001.010116098,9852903.035761267,8628065.480109
20230706,13269381.944646383,9781679.168371277,8565695.61923074
20230707,13168477.356111478,9707296.177830925,8500559.353232877
20230710,13253174.87559985,9769731.939002635,8555233.578051161
20230711,13324080.80267843,9822001.067490447,8601005.00821182
20230712,13353689.871128827,9843827.736529317,8620118.352674512
20230713,13545369.630044553,9985126.699254617,8743852.108932998
20230714,13659130.787775023,10068987.059246058,8817287.59028966
20230717,13479684.249245383,9936705.957149971,8701450.663190762
20230718,13423816.612195557,9895522.478989793,8665386.800086154
20230719,13425374.98421926,9896671.251044469,8666392.76558419
20230720,13433166.844337786,9902415.111317856,8671422.593074372
20230721,13801721.827944038,10174099.702249024,8909333.433359997
20230724,13800553.048926258,10173238.123208016,8908578.959236471
20230725,14247805.819729615,10502935.702900385,9197291.057172935
20230726,14247805.819729615,10502935.702900385,9197291.057172935
20230727,14321672.653653238,10557387.498292087,9244973.821779866
20230728,14781158.644842679,10896102.938613672,9541582.748875918
20230731,14653216.301696492,10801788.752924671,9458992.981487125
20230801,14718823.763894478,10850152.056426585,9501344.12895446
20230802,14648697.022827748,10798457.313966108,9456075.68154282
20230803,14636775.476846404,10789669.207747826,9448380.04548284
20230804,14753653.378624287,10875827.111848619,9523827.457835576
20230807,14710486.473567655,10844006.12593406,9495962.213539965
20230808,14726615.624013003,10855895.91669997,9506373.956444643
20230809,14728797.344846189,10857504.197576517,9507782.308141893
20230810,14609737.722235123,10769738.012599176,9430926.544091906
20230811,14290271.457375579,10534239.74139034,9224703.61699443
20230814,14048723.793701293,10356180.072915368,9068778.964798778
20230815,14126486.557684176,10413503.798443763,9118976.643150797
20230816,14181185.415716225,10453825.697562935,9154286.032131879
20230817,14243909.889670353,10500063.772763692,9194776.143427845
20230818,14045529.131052697,10353825.09020328,9066716.735527802
20230821,13955221.472278988,10287253.749634733,9008421.034916589
20230822,13931845.89192341,10270022.168814573,8993331.552446043
20230823,13822759.850264056,10189608.124987166,8922913.967583489
20230824,14152355.53327768,10432573.414551403,9135675.670418203
20230825,14219988.87910648,10482430.121724397,9179334.573032986
20230828,14297829.56169055,10539811.285855526,9229582.549659908
20230829,14425304.393229624,10633780.839928124,9311870.52739929
20230830,14461692.379983138,10660604.667404838,9335359.821778443
20230831,14391565.63891641,10608909.924944362,9290091.374366801
20230901,14423122.672396438,10632172.559051575,9310462.17570204
20230904,14539610.981168393,10718043.2701387,9385658.096680267
20230905,14482730.40230316,10676113.090142982,9348940.356001936
20230906,14500651.680575766,10689323.968771769,9360508.959229354
20230907,14321438.89784968,10557215.182483885,9244822.92695516
20230908,14169497.625538437,10445209.907152854,9146741.290896604
20230911,14198093.752173426,10466289.874356182,9165200.757785574
20230912,14180873.741311485,10453595.943152,9154084.839032272
20230913,14180484.14830556,10453308.75013833,9153833.347657762
20230914,14170978.078960957,10446301.2406048,9147696.958119739
20230915,13885016.812611075,10235501.568571525,8963102.289230047
20230918,14252870.528806658,10506669.212078087,9200560.445041556
20230919,14235260.924938792,10493688.087860234,9189193.034913743
20230920,14212352.856190328,10476801.138656478,9174405.342092607
20230921,14012803.318554891,10329700.877055056,9045591.460069038
20230922,14407149.35915346,10620397.645491134,9300151.029347166
20230925,14277648.643983569,10524934.687747456,9216555.296460336
20230926,14150017.975242123,10430850.25646939,9134166.722171148
20230927,14134434.255005073,10419362.535922617,9124107.067190783
20230928,14014050.016173854,10330619.894698799,9046396.232467467
20231009,13846135.430619631,10206839.705807324,8938003.450054036
20231010,13791592.409789953,10166632.683893621,8902794.65762276
20231011,13857823.22079742,10215455.496217405,8945548.19128931
20231012,13916262.17168636,10258534.4482678,8983271.897465678
20231013,13643547.067537973,10057499.338699285,8807227.935309296
20231016,13479138.819037087,9936303.886930835,8701098.575266449
20231017,13448750.564574838,9913902.831864629,8681482.248054737
20231018,13464334.284811888,9925390.5524114,8691541.9030351
20231019,12700731.9931964,9362492.24561955,8198618.808997232
20231020,12817609.894974278,9345647.249571232,8183867.854036083
20231023,12809662.197653385,9345647.249571232,8183867.854036083
20231024,12801636.581731305,9345647.249571232,8183867.854036083
20231025,13070845.348826356,9345647.249571232,8183867.854036083
20231026,13029782.246001726,9345647.249571232,8183867.854036083
20231027,13064689.77933272,9345647.249571232,8183867.854036083
20231030,13098116.859241195,9345647.249571232,8183867.854036083
20231031,13126011.718465514,9345647.249571232,8183867.854036083
20231101,13877224.95249255,9345647.249571232,8183867.854036083
20231102,13865615.080915945,9345647.249571232,8183867.854036083
20231103,14112928.721077943,9345647.249571232,8183867.854036083
20231106,14118850.534768023,9345647.249571232,8137313.859312575
20231107,13956546.088499138,9345647.249571232,8043770.6762609845
20231108,14012413.725548964,9345647.249571232,8075969.649975815
20231109,13979454.157247601,9345647.249571232,8056973.602721458
20231110,13837096.872882143,9345647.249571232,7974926.84543137
20231113,13744841.249078803,9345647.249571232,7921755.876284427
20231114,13754736.91142933,9345647.249571232,7927459.181252047
20231115,13814422.559937235,9345647.249571232,7961858.642710289
20231116,13714063.401610628,9345647.249571232,7904017.250597736
20231117,13662403.369024804,9345647.249571232,7874243.304191972
20231120,13733153.458901014,9345647.249571232,7915019.6893147975
20231121,13947429.612160463,9345647.249571232,8038516.450424673
20231122,13881276.719754182,9345647.249571232,8000389.63217657
20231123,13916262.17168636,9345647.249571232,8020553.285172327
20231124,13846135.430619631,9345647.249571232,7980136.16335455
20231127,13737049.388960278,9345647.249571232,7917265.084971341
20231128,13784112.22407617,9345647.249571232,7944389.464502383
20231129,13828292.07094821,9345647.249571232,7969852.251247583
20231130,13959117.40233825,9345647.249571232,8045252.637394303
20231201,13715855.529437887,9345647.249571232,7905050.132599745
20231204,13641287.4281036,9345647.249571232,7862073.259733508
20231205,13316288.942559905,9345647.249571232,7674762.354064674
20231206,13269537.781848755,9345647.249571232,7647817.606186156
20231207,13246162.201493178,9345647.249571232,7634345.232246897
20231208,13284498.153276322,9345647.249571232,7656439.925507282
20231211,13230578.481256127,9345647.249571232,7625363.649620724
20231212,13324002.884077245,9345647.249571232,7679208.23746463
20231213,12934487.79675216,9345647.249571232,7454713.57972344
20231214,12746703.9678957,9345647.249571232,7346485.509078058
20231215,12817609.894974278,9345647.249571232,7387351.710027143
20231218,12950071.51698921,9345647.249571232,7463695.162349613
20231219,13051365.698530043,9345647.249571232,7522075.449419737
20231220,13003208.1351535,9345647.249571232,7494320.129896404
20231221,13162498.006234942,9345647.249571232,7586125.880825435
20231222,13167621.134201443,9345647.249571232,7571116.597944881
20231225,13178261.476901092,9345647.249571232,7571116.597944881
20231226,13162498.006234942,9345647.249571232,7571116.597944881
20231227,13139325.704355702,9345647.249571232,7571116.597944881
20231228,13595914.632200725,9345647.249571232,7571116.597944881
20231229,13603875.184887132,9345647.249571232,7571116.597944881
20240102,13280802.853584394,9345647.249571232,7571116.597944881
20240103,13351659.654228738,9345647.249571232,7571116.597944881
20240104,13154616.270901868,9345647.249571232,7454095.745250477
20240105,13110163.283623325,9345647.249571232,7428906.350401338
20240108,12957494.070221666,9345647.249571232,7342395.964190732
20240109,12933927.681575771,9345647.249571232,7329042.01195688
20240110,12937868.54924231,9345647.249571232,7331275.114337123
20240111,12977828.947381,9345647.249571232,7353918.772472785
20240112,12950164.056361906,9345647.249571232,7338242.393763481
20240115,12926045.946242698,9345647.249571232,7324575.807196395
20240116,12921553.357102845,9345647.249571232,7322030.070482917
20240117,12429496.620258985,9345647.249571232,7043204.907285801
20240118,12696450.995990226,9345647.249571232,7194475.262523448
20240119,12886637.269577324,9345647.249571232,7302244.783393966
20240122,12941809.416908847,9345647.249571232,7333508.216717365
20240123,12760529.504248125,9345647.249571232,7230785.507226196
20240124,12815701.65157965,9345647.249571232,7262048.940549596
20240125,12910282.475576548,9345647.249571232,7315643.397675423
20240126,12904922.895550055,9345647.249571232,7312606.378438292
20240129,13004863.299573446,9345647.249571232,7369237.854801251
20240130,12713239.092249677,9345647.249571232,7203988.278663283
20240131,12649475.853405103,9345647.249571232,7167856.682150954
20240201,12689830.338310445,9345647.249571232,7190723.65052464
20240202,12579249.591587406,9345647.249571232,7128062.797735027
20240205,12847307.41026528,9345647.249571232,7279958.421639143
20240206,13209788.41823339,9345647.249571232,7485359.178573876
20240207,13485570.337537678,9345647.249571232,7641631.683143267
20240208,13446240.478225635,9345647.249571232,7619345.321388445
20240219,13362930.535755035,9345647.249571232,7572137.537070112
20240220,13162498.006234942,9345647.249571232,7458561.950010963
20240221,13538141.512209289,9345647.249571232,7671421.268895707
20240222,13543816.361649103,9345647.249571232,7674636.936323257
20240223,13510003.71707021,9345647.249571232,7655476.917900773
20240226,13359383.754855152,9345647.249571232,7570127.744927893
20240227,13316191.845229901,9345647.249571232,7545652.942840432
20240228,13253532.049331956,9345647.249571232,7510146.614994571
20240229,13359541.389561813,9345647.249571232,7570217.0690231025
20240301,13281196.940351048,9345647.249571232,7525822.993703876
20240304,13212152.938833313,9345647.249571232,7486699.040002022
20240305,13360329.563095119,9345647.249571232,7570663.689499151
20240306,13245650.313998882,9345647.249571232,7505680.410234085
20240307,13269926.058824752,9345647.249571232,7519436.3208963815
20240308,13173768.88776124,9345647.249571232,7464948.622818458
20240311,13355521.704541944,9345647.249571232,7567939.304595255
20240312,13753628.156215552,9345647.249571232,7793527.307047383
20240313,13615303.70112009,9345647.249571232,7715145.413500861
20240314,13530023.324816221,9345647.249571232,7666821.077992408
20240315,13536801.617202666,9345647.249571232,7670662.014086424
20240318,13464053.200078385,9345647.249571232,7629438.944147142
20240319,13462161.583598448,9345647.249571232,7628367.055004626
20240320,13474614.725424703,9345647.249571232,7635423.658526192
20240321,13469885.68422486,9345647.249571232,7632743.935669902
20240322,13409590.408926837,9345647.249571232,7598577.469252186
20240325,13312329.794916695,9345647.249571232,7543464.502507794
20240326,13472171.38747145,9345647.249571232,7634039.135050441
20240327,13406831.801560262,9345647.249571232,7597014.297586016
20240328,13411876.11217343,9345647.249571232,7599872.668632728
20240329,13421807.098693103,9345647.249571232,7605500.0866309395
20240401,13567067.480881672,9345647.249571232,7687812.240366689
20240402,13509215.543536903,9345647.249571232,7655030.297424725
20240403,13518043.087109946,9345647.249571232,7660032.446756468
20240408,13136173.010222472,9345647.249571232,7443644.82611094
20240409,13101178.105343621,9345647.249571232,7423814.876974385
20240410,12988942.194200633,9345647.249571232,7360216.121185069
20240411,12989099.828907296,9345647.249571232,7360305.44528028
20240412,12878991.98630424,9345647.249571232,7297912.564776296
20240415,13185985.577527504,9345647.249571232,7471871.24019721
20240416,13162498.006234942,9345647.249571232,7458561.950010963
20240417,13138852.800235717,9345647.249571232,7445163.335729506
20240418,13168645.75979474,9345647.249571232,7462045.589724141
20240419,12978380.668854315,9345647.249571232,7354231.406806019
20240422,13202379.5870203,9345647.249571232,7481160.94609902
20240423,13338103.069455849,9345647.249571232,7558068.992074583
20240424,13348506.960095508,9345647.249571232,7563964.3823584225
20240425,13344093.188308984,9345647.249571232,7561463.30769255
20240426,13473274.830418084,9345647.249571232,7634664.403716911
20240429,13430477.007559486,9345647.249571232,7610412.911867473
20240430,13438358.74289256,9345647.249571232,7614879.116627959
20240506,13873430.53327829,9345647.249571232,7861413.619406764
20240507,13950671.539542424,9345647.249571232,7905182.426059524
20240508,13903144.675483983,9345647.249571232,7878251.211353796
20240509,13840327.244879376,9345647.249571232,7842655.559412724
20240510,13706180.109510442,9345647.249571232,7766640.75438926
20240513,13446240.478225635,9345647.249571232,7619345.321388445
20240514,13414555.902186675,9345647.249571232,7601391.178251293
20240515,13398950.066227186,9345647.249571232,7592548.092825531
20240516,13434417.875226023,9345647.249571232,7612646.0142477155
20240517,13517176.09622331,9345647.249571232,7659541.164232815
20240520,13469885.68422486,9345647.249571232,7632743.935669902
20240521,13438358.74289256,9345647.249571232,7614879.116627959
20240522,13380900.892314445,9345647.249571232,7582320.483924019
20240523,13335975.000915918,9345647.249571232,7556863.116789251
20240524,13218300.692393111,9345647.249571232,7490182.6797152
20240527,13163443.81447491,9345647.249571232,7459097.894582221
20240528,13120251.904849663,9345647.249571232,7434623.092494761
20240529,13194024.947567241,9345647.249571232,7476426.769052906
20240530,12996981.564240372,9345647.249571232,7364771.650040765
20240531,12992646.60980718,9345647.249571232,7362315.237422499
20240603,12921238.087689523,9345647.249571232,7321851.422292498
20240604,13030084.852639286,9345647.249571232,7383529.710034805
20240605,12957572.887574997,9345647.249571232,7342440.626238337
20240606,12924548.416529413,9345647.249571232,7323727.228291902
20240607,12761948.216608081,9345647.249571232,7338726.007384806
20240611,12366442.737594387,9345647.249571232,7338726.007384806
20240612,12387565.788287027,9345647.249571232,7338726.007384806
20240613,12256177.260284668,9345647.249571232,7338726.007384806
20240614,12256098.442931337,9345647.249571232,7338726.007384806
20240617,12149695.015934827,9345647.249571232,7338726.007384806
20240618,11992060.30927333,9345647.249571232,7338726.007384806
20240619,12075598.117511107,9345647.249571232,7338726.007384806
20240620,12068357.585661832,9345647.249571232,7338726.007384806
20240621,11834247.055868646,9345647.249571232,7338726.007384806
20240624,11878897.002272502,9345647.249571232,7338726.007384806
20240625,11960151.859692132,9345647.249571232,7338726.007384806
20240626,11980230.082929628,9345647.249571232,7338726.007384806
20240627,11990446.768312125,9345647.249571232,7338726.007384806
20240628,11804615.71922893,9345647.249571232,7338726.007384806
20240701,11587330.150582304,9345647.249571232,7338726.007384806
20240702,11992136.141485607,9345647.249571232,7338726.007384806
20240703,12066951.239168452,9345647.249571232,7338726.007384806
20240704,11952234.756054757,9345647.249571232,7338726.007384806
20240705,11688853.433674507,9345647.249571232,7338726.007384806
20240708,11423380.506412802,9345647.249571232,7338726.007384806
20240709,11568425.260307606,9345647.249571232,7338726.007384806
20240710,11564885.62127745,9345647.249571232,7338726.007384806
20240711,11761979.158183867,9345647.249571232,7338726.007384806
20240712,11896565.887671394,9345647.249571232,7338726.007384806
20240715,11865030.921766369,9345647.249571232,7338726.007384806
20240716,11873880.019341756,9345647.249571232,7338726.007384806
20240717,12078213.726991678,9345647.249571232,7338726.007384806
20240718,12046920.100111432,9345647.249571232,7319469.21196882
20240719,12273054.76633345,9345647.249571232,7456864.140582615
20240722,12058906.605009006,9345647.249571232,7326751.974104521
20240723,11704942.701993398,9345647.249571232,7111690.541909324
20240724,11584434.082284903,9345647.249571232,7038471.899766507
20240725,11507768.718745386,9345647.249571232,6991891.548656956
20240726,11440998.255221987,9345647.249571232,6951323.142129226
20240729,11246559.447588187,9345647.249571232,6833185.987216546
20240730,11101514.693693383,9345647.249571232,6745059.677614742
20240731,11433677.638136892,9345647.249571232,6946875.280690642
20240801,11151150.086457161,9345647.249571232,6775217.155720295
20240802,11145438.396203954,9345647.249571232,6771746.846246236
20240805,11343014.61115994,9345647.249571232,6891790.227489737
20240806,11300297.603773283,9345647.249571232,6865836.222831635
20240807,11387179.652695296,9345647.249571232,6918624.02891591
20240808,11509377.645577276,9345647.249571232,6992869.10062148
20240809,11558530.360291487,9345647.249571232,7022733.313137675
20240812,11552899.116379876,9345647.249571232,7019311.881261842
20240813,11447594.855232732,9345647.249571232,6955331.105183772
20240814,11369481.457544515,9345647.249571232,6907870.95730615
20240815,11478808.035771383,9345647.249571232,6974295.613295531
20240816,11513480.408998594,9345647.249571232,6995361.858131015
20240819,11467143.316240186,9345647.249571232,6967208.361552735
20240820,11445261.911326494,9345647.249571232,6953913.654835213
20240821,11403912.491746943,9345647.249571232,6928790.569346956
20240822,11343336.396526316,9345647.249571232,6891985.737882641
20240823,11383076.889273979,9345647.249571232,6916131.271406375
20240826,11359023.433137236,9345647.249571232,6901516.869536747
20240827,11295229.484252831,9345647.249571232,6862756.934143385
20240828,11173996.847469985,9345647.249571232,6789098.39361653
20240829,11369481.457544515,9345647.249571232,6907870.95730615
20240830,11609935.572570346,9345647.249571232,7053966.098404205
20240902,11222264.65242666,9345647.249571232,6818424.952552239
20240903,11342934.164818345,9345647.249571232,6891741.349891511
20240904,11262487.823223889,9345647.249571232,6842863.7516653305
20240905,11301745.637921983,9345647.249571232,6866716.019599707
20240906,11246398.554904997,9345647.249571232,6833088.232020093
20240909,11061371.969237749,9345647.249571232,6720669.756099878
20240910,11085505.871716086,9345647.249571232,6735333.035567732
20240911,11101595.140034975,9345647.249571232,6745108.555212967
20240912,10740069.280909488,9345647.249571232,6525452.62878451
20240913,10491248.746357838,9345647.249571232,6374274.217470934
20240918,10191747.016601676,9345647.249571232,6192302.919274862
20240919,10144283.675060945,9345647.249571232,6163465.136321415
20240920,10167774.006806526,9345647.249571232,6177737.39500346
20240923,10148627.777507046,9345647.249571232,6186528.5902041625
20240924,11042064.847255077,9345647.249571232,6186528.5902041625
20240925,11254443.189064443,9345647.249571232,6186528.5902041625
20240926,12300245.629792375,9345647.249571232,6186528.5902041625
20240927,13106317.972568829,9345647.249571232,6291252.221711498
20240930,14062020.51071097,9345647.249571232,6750005.452707892
20241008,13860904.65672483,9345647.249571232,6653466.473121109
20241009,12832398.179439705,9345647.249571232,6159766.131514299
20241010,13193200.02149084,9345647.249571232,6332957.060892988
20241011,12911557.37956865,9345647.249571232,6197763.873879657
20241014,12887423.477090312,9345647.249571232,6186179.196329243
20241015,12503372.642318377,9345647.249571232,6001828.360910322
20241016,12247955.507755978,9345647.249571232,5879223.856835106
20241017,12023510.214707445,9345647.249571232,5771486.355616257
20241018,12396781.239705723,9345647.249571232,5950662.7017293265
20241021,12298636.702960486,9345647.249571232,5903551.679690976
20241022,12412870.508024614,9345647.249571232,5958385.820096268
20241023,12609964.044931032,9345647.249571232,6052994.020091317
20241024,12486881.142291516,9345647.249571232,5993912.1645842055
20241025,12540377.959451828,9345647.249571232,6019591.533154289
20241028,12589852.45953242,9345647.249571232,6043340.1221326385
20241029,12321322.571290122,9345647.249571232,5914441.2765883645
20241030,12324379.532270713,9345647.249571232,5915908.669078085
20241031,12290511.622459447,9345647.249571232,5899651.5049156705
20241101,12338457.642049743,9345647.249571232,5922666.397649159
20241104,12454702.605653733,9345647.249571232,5978465.92785032
20241105,12686307.623104172,9345647.249571232,6089640.21674246
20241106,12638120.264489094,9345647.249571232,6066509.477233467
20241107,13266727.977708176,9345647.249571232,6368251.711829917
20241108,12951619.657682689,9345647.249571232,6216994.438613344
20241111,12855405.833135718,9345647.249571232,6170810.1907790275
20241112,12687996.996277656,9345647.249571232,6090451.144170989
20241113,12698455.020684935,9345647.249571232,6095471.171109501
20241114,12660645.24013554,9345647.249571232,6077321.842947186
20241115,12541584.654575745,9345647.249571232,6020170.76703181
20241118,12541584.654575745,9345647.249571232,6020170.76703181
20241119,12404182.303132413,9345647.249571232,5954215.33617812
20241120,12427431.29585321,9345647.249571232,5965375.242218352
20241121,12430005.578784235,9345647.249571232,5966610.9411570635
20241122,12129860.278295318,9345647.249571232,5822536.168021747
20241125,12055447.412320444,9345647.249571232,5786816.745574637
20241126,12139352.946603462,9345647.249571232,5827092.807858244
20241127,12220201.519905891,9345647.249571232,5865901.477652131
20241128,12211754.654038474,9345647.249571232,5861846.840509485
20241129,12274020.122432582,9345647.249571232,5891735.308589553
20241202,12268067.093154594,9345647.249571232,5888877.7547937855
20241203,12282064.756592028,9345647.249571232,5895596.867773025
20241204,12227843.922357365,9345647.249571232,5869569.958876428
20241205,12155442.214922354,9345647.249571232,5834815.926225186
20241206,12235969.002858404,9345647.249571232,5873470.133651734
20241209,12218190.36136603,9345647.249571232,5864936.087856263
20241210,12441750.744657023,9345647.249571232,5972248.81756493
20241211,12353340.215244716,9345647.249571232,5929810.28213858
20241212,12596288.166859975,9345647.249571232,6046429.369479415
20241213,12219799.28819792,9345647.249571232,5865708.399692957
20241216,12285765.288305374,9345647.249571232,5897373.184997423
20241217,12533540.020416299,9345647.249571232,6016309.207848339
20241218,12642142.581568815,9345647.249571232,6068440.256825201
20241219,12477308.027641773,9345647.249571232,5989316.9091558745
20241220,12435378.2308397,9345647.249571232,5969189.904161865
20241223,12471736.596889133,9345647.249571232,5986642.529045912
20241224,12572804.684087217,9345647.249571232,6035156.904285388
20241225,12500741.58553531,9345647.249571232,6000565.409571389
20241226,12482684.958800647,9345647.249571232,5991897.926202008
20241227,12492326.053618249,9345647.249571232,5996525.813249912
20241230,12459889.488850553,9345647.249571232,5980955.718690436
20241231,12451719.069513602,9345647.249571232,5977033.780514246
20250102,12157583.973383358,9345647.249571232,5835844.0061713895
20250103,12051368.522002993,9345647.249571232,5784858.809880914
20250106,11765403.845209701,9345647.249571232,5647590.973714248
20250107,11767037.929077093,9345647.249571232,5648375.361349487
20250108,11785829.893552082,9345647.249571232,5657395.8191547245
20250109,11798085.522557506,9345647.249571232,5663278.726419009
20250110,11732722.167861897,9345647.249571232,5631903.221009486
20250113,11797922.11417077,9345647.249571232,5663200.287655487
20250114,12030942.473660616,9345647.249571232,5775053.964440438
20250115,12020892.857876167,9345647.249571232,5770229.980483724
20250116,11817531.120579451,9345647.249571232,5672612.939278344
20250117,11885917.530429732,9345647.249571232,5705439.561813057
20250120,12049734.438135602,9345647.249571232,5784074.422245676
20250121,11995401.14954488,9345647.249571232,5757993.53337401
20250122,11773574.264546655,9345647.249571232,5651512.911890439
20250123,11789915.103220556,9345647.249571232,5659356.78824282
20250124,11732722.167861897,9345647.249571232,5631903.221009486
20250127,11724470.044331577,9345647.249571232,5627942.063451534
20250205,11469634.665212069,9345647.249571232,5505616.811736153
20250206,11543495.256018106,9345647.249571232,5541071.132848915
20250207,11732722.167861897,9345647.249571232,5631903.221009486
20250210,11696036.985038986,9345647.249571232,5614293.718598391
20250211,11585654.619796775,9345647.249571232,5561308.333838058
20250212,11789915.103220556,9345647.249571232,5659356.78824282
20250213,11970154.553793699,9345647.249571232,5745874.744409581
20250214,12051368.522002993,9345647.249571232,5784858.809880914
20250217,12023752.504644098,9345647.249571232,5771602.658845389
20250218,12051368.522002993,9345647.249571232,5784858.809880914
20250219,12182095.231394213,9345647.249571232,5847609.820699961
20250220,12043198.102666043,9345647.249571232,5780936.871704724
20250221,12159299.76144412,9345647.249571232,5836667.613188391
20250224,12084622.128704384,9345647.249571232,5800821.098258008
20250225,11879789.71592702,9345647.249571232,5702498.108180915
20250226,11928893.936142096,9345647.249571232,5726068.95661982
20250227,12137648.150201198,9345647.249571232,5826274.477021485
20250228,12262083.636702964,9345647.249571232,5886005.5954448655
20250303,12149576.962433146,9345647.249571232,5832000.506758723
20250304,12011415.1714453,9345647.249571232,5765680.532199343
20250305,11980857.803125104,9345647.249571232,5751012.48342039
20250306,12304488.113061741,9345647.249571232,5906360.454579294
20250307,12427207.81150275,9345647.249571232,5965267.965985675
20250310,12442731.608242955,9345647.249571232,5972719.648520436
20250311,12653365.018749557,9345647.249571232,6073827.214702627
20250312,12603525.460794155,9345647.249571232,6049903.391827865
20250313,12564225.74378342,9345647.249571232,6031038.869200388
20250314,13301524.384749895,9345647.249571232,6384954.570219815
20250317,13382003.015218861,9345647.249571232,6423585.66125529
20250318,13268761.00320872,9345647.249571232,6369227.598133291
20250319,13364436.61364442,9399132.59966117,6415153.494176482
20250320,13105352.616469696,9216920.291406494,6290788.834609482
20250321,12858197.431526924,9043097.449252475,6172150.204779721
20250324,12933773.81039372,9096249.888588827,6208428.132909482
20250325,12872495.665366586,9053153.316153947,6179013.596588054
20250326,12876580.875035062,9056026.420982938,6180974.565676149
20250327,12982796.326415429,9130727.146536732,6231959.761966625
20250328,12951830.437128384,9108949.011932973,6217095.6162788635
20250331,12754024.584980795,8969833.276113177,6122145.493033293
20250401,12713335.896682778,8941217.152016418,6102614.240915865
20250402,12656142.96132412,8900993.684410527,6075160.67368253
20250403,12818407.489355972,9015113.408218093,6153050.365861674
20250407,12255629.005426774,8619314.486976147,5882907.264285675
20250408,12623297.875589576,8877893.921585431,6059394.482214245
20250409,12590943.01501525,8855138.931339815,6043863.607036532
20250410,12655979.552937381,8900878.760217369,6075082.234919008
20250411,12819224.531289665,9015688.02918389,6153442.559679292
20250414,12680409.106754865,8918059.92709474,6086808.830065817
20250415,12729513.32696994,8952594.647139225,6110379.678504721
20250416,12739072.717594175,8959317.712439068,6114968.346170864
20250417,12827558.359013356,9021549.163035035,6157442.936619006
20250418,12794386.456505336,8998219.55182362,6141519.867623674
20250421,12672320.391611284,8912371.179533336,6082926.111271388
20250422,12654345.469069991,8899729.518285772,6074297.847283769
20250423,12680490.810948236,8918117.389191322,6086848.049447579
20250424,12682533.415782472,8919553.941605816,6087828.5339916255
20250425,12664149.972274333,8906624.969875352,6079004.173095197
20250428,12664149.972274333,8906624.969875352,6079004.173095197
20250429,12615127.456252625,8872147.711927447,6055472.544038055
20250430,12639638.714263478,8889386.3409014,6067238.358566626
20250506,12665784.056141723,8907774.21180695,6079788.560730436
20250507,12705002.068959087,8935356.018165272,6098613.86397615
20250508,12894474.093382986,9068610.620133925,6189563.610282007
20250509,13000607.840569982,9143253.883591138,6240509.587190721
20250512,13109437.826138172,9219793.396235486,6292749.803697578
20250513,12993417.871553464,9138197.219092112,6237058.2815956725
20250514,13358553.911721813,9394995.328707421,6412329.698689624
20250515,13334206.062097698,9377871.623926628,6400642.322924577
20250516,13188118.964353012,9275129.395241873,6330518.068334292
20250519,12900928.724659177,9073150.125763731,6192661.941441197
20250520,12958285.068404574,9113488.51756278,6220193.947438054
20250521,12917187.85913971,9084585.082983121,6200466.598411816
20250522,12909262.552382868,9079011.259614876,6196662.318380911
20250523,12848801.449289428,9036489.308145793,6167639.9758771015
20250526,12668235.18194281,8909498.074704345,6080965.142183294
20250527,12614310.41431893,8871573.09096165,6055080.350220436
20250528,12557934.520893967,8831924.24432156,6028018.976804722
20250529,12582445.778904822,8849162.873295512,6039784.791333294
20250530,12435378.2308397,8745731.099451797,5969189.904161865
20250603,12329162.779459333,8671030.373898005,5918204.70787139
20250604,12337006.382022807,8676546.73516967,5921969.768520532
20250605,12370014.87614409,8699761.422187926,5937814.398752342
20250606,12307837.98498989,8656032.766690666,5907968.449231532
20250609,12142141.88083652,8539499.634826748,5828431.5430183895
20250610,12051450.226196364,8475716.707623126,5784898.029262676
20250611,12092220.61868775,8504390.293816466,5804468.500761867
20250612,11920641.812611774,8383719.890998799,5722107.7990618665
20250613,11658779.87286249,8199553.87146041,5596409.680514963
20250616,11620705.718752297,8172776.534454203,5578133.448613916
20250617,11659188.393829336,8144936.930145784,5559132.191533865
20250618,11642847.555155434,8144936.930145784,5559132.191533865
20250619,11651017.974492386,8144936.930145784,5559132.191533865
20250620,11672751.289928677,8144936.930145784,5559132.191533865
20250623,11601995.458470678,8144936.930145784,5559132.191533865
20250624,11742526.67106624,8144936.930145784,5559132.191533865
20250625,11731578.309154723,8144936.930145784,5559132.191533865
20250626,11829323.57927161,8144936.930145784,5559132.191533865
20250627,11688454.662563525,8144936.930145784,5559132.191533865
20250630,11742019.839052761,8144936.930145784,5559132.191533865
20250701,11705198.986784888,8144936.930145784,5559132.191533865
20250702,11742686.27981779,8144936.930145784,5559132.191533865
20250703,11792669.337194994,8144936.930145784,5559132.191533865
20250704,11847817.310501177,8144936.930145784,5559132.191533865
20250707,11751849.840336945,8144936.930145784,5559132.191533865
20250708,11796917.897072056,8144936.930145784,5559132.191533865
20250709,11819993.4085612,8144936.930145784,5559132.191533865
20250710,11883471.89143025,8144936.930145784,5559132.191533865
20250711,11887637.146211682,8144936.930145784,5559132.191533865
20250714,11859313.413697934,8144936.930145784,5527065.316317174
20250715,11754348.993205804,8144936.930145784,5478146.362267163
20250716,11754598.90849269,8144936.930145784,5478262.835967281
20250717,11798917.219367145,8144936.930145784,5498917.505455064
20250718,11970942.241840355,8144936.930145784,5579090.235703695
20250721,12020925.29921756,8144936.930145784,5602384.975727509
20250722,12204029.899409384,8144936.930145784,5687721.373348085
20250723,12291666.860010749,8144936.930145784,5728564.817523174
20250724,12424955.013016624,8144936.930145784,5790684.124253347
20250725,12120891.413971968,8144936.930145784,5648974.455775139
20250728,11984770.887714716,8144936.930145784,5585535.113776949
20250729,11987603.26096609,8144936.930145784,5586855.149044966
20250730,12074573.780802427,8144936.930145784,5627387.996686405
20250731,11843235.5302416,8144936.930145784,5519572.174942846
20250801,11804332.050583009,8144936.930145784,5501441.102290978
20250804,11820993.069708744,8144936.930145784,5509206.015632249
20250805,11893801.723288205,8144936.930145784,5543138.686933606
20250806,11861645.956375537,8144936.930145784,5528152.404184952
20250807,11848900.276744349,8144936.930145784,5522212.245478879
20250808,11837404.173547592,8144936.930145784,5516854.455273401
20250811,12037586.318343295,8144936.930145784,5610149.889068781
20250812,11971275.462222869,8144936.930145784,5579245.533970519
20250813,11829740.104749752,8144936.930145784,5513282.595136416
20250814,11887553.841116054,8144936.930145784,5540226.844430629
20250815,11846651.039162373,8144936.930145784,5521163.982177807
20250818,11900132.910555983,8144936.930145784,5546089.35400329
20250819,11979272.751403224,8144936.930145784,5582972.69237433
20250820,12079238.86615763,8144936.930145784,5629562.17242196
20250821,12064660.474422613,8144936.930145784,5622767.873248347
20250822,12195449.474559631,8144936.930145784,5683722.44297733
20250825,12415208.316828068,8144936.930145784,5786141.649948702
20250826,12342566.273439867,8144936.930145784,5752286.627780759
20250827,12062577.847031895,8144936.930145784,5621797.2590806885
20250828,12046749.878862448,8144936.930145784,5614420.5914064795
20250829,12329154.15304365,8144936.930145784,5746035.872541035
20250901,12296665.165748468,8144936.930145784,5730894.291525555
20250902,12423288.911104051,8144936.930145784,5789907.632919219
20250903,12333735.933303228,8144936.930145784,5748171.223709885
20250904,12268008.212852206,8144936.930145784,5717538.640578568
20250905,12354145.681732252,8144936.930145784,5757683.242552942
20250908,12506010.871063324,8144936.930145784,5828460.427658634
20250909,12537416.892115334,8144936.930145784,5843097.289306931
20250910,12679118.859779708,8144936.930145784,5909137.877274446
20250911,12691531.31902838,8144936.930145784,5914922.737713694
20250912,12629052.497306874,8144936.930145784,5885804.312683925
20250915,12621555.038700294,8130227.89976513,5882310.101680352
20250916,12495597.73410974,8049091.970886213,5823607.356820339
20250917,12437450.777360925,8011636.363506923,5796507.809259301
20250918,12228854.817906728,7877268.396633371,5699291.094226579
20250919,12228938.123002358,7877322.057961996,5699329.918793286
20250922,12107146.073193235,7798869.195514258,5642568.4022685895
20250923,12057746.151485434,7767048.02764045,5619545.43421172
20250924,12012594.789654693,7737963.587526446,5598502.519056873
20250925,11987603.26096609,7721865.18893936,5586855.149044966
20250926,11954281.22271462,7700400.65748991,5571325.322362422
20250929,12169708.200010369,7839168.853310599,5671725.651865065
20250930,12029172.503684798,7748642.191922546,5606228.607831438
20251009,11969109.529736524,7709952.373984914,5578236.095236154
20251010,11912628.674900284,7673569.993178098,5551913.039009243
20251013,11822659.171621317,7615615.758264585,5509982.506966377
20251014,12087735.985911755,7786366.105944954,5633522.278226008
20251015,12179204.980912039,7845286.244773692,5676151.65246959
20251016,12370056.95499733,7968224.348650413,5765098.734793858
20251017,12120891.413971968,7807723.314737156,5648974.455775139
20251020,12145299.80699117,7823446.084023878,5660350.0538201025
20251021,12181370.913398383,7846681.439317906,5677161.091203955
20251022,12151714.299354577,7827578.006327897,5663339.545456492
20251023,12229021.428097986,7877375.719290619,5699368.743359992
20251024,12079238.86615763,7780892.650425345,5629562.17242196
20251027,11999349.279449733,7729431.43627529,5592329.412950562
20251028,12037586.318343295,7754061.986113533,5610149.889068781
20251029,11928456.643069733,7683765.645616587,5559289.706683451
20251030,11885471.213725336,7656076.4000467975,5539256.230262971
20251031,11912711.979995912,7673623.6545067215,5551951.863575949
20251103,11954281.22271462,7700400.65748991,5571325.322362422
20251104,11904298.165337417,7668203.860315735,5548030.582338607
20251105,11829990.02003664,7620337.955183463,5513399.068836535
20251106,11955364.188957796,7701098.254762018,5571830.041729606
20251107,11940369.271744631,7691439.215609764,5564841.61972246
20251110,12181704.133780899,7846896.084632401,5677316.389470781
20251111,12154130.147127809,7829134.184857981,5664465.457890976
20251112,12205446.086035073,7862189.563290134,5688381.390982093
20251113,12249014.651048867,7890254.438160288,5708686.6393695185
20251114,12134220.229272554,7816309.127316935,5655186.386448156
20251117,12254179.566977844,7893581.440534952,5711093.762505312
20251118,12295832.114792181,7920412.104846765,5730506.045858492
20251119,12254262.872073473,7893635.101863577,5711132.5870720185
20251120,12221773.88477829,7872707.183700363,5695991.006056539
20251121,12217525.324901229,7869970.455940559,5694010.953154515
20251124,12095899.885283364,7791624.916150069,5637327.085763231
20251125,12034670.63999629,7752183.839611706,5608791.029234058
20251126,12072157.933029193,7776331.437492336,5626262.08425192
20251127,12056746.490337888,7766404.0916969655,5619079.539411243
20251128,12083404.120939065,7783575.716856526,5631503.400757278
20251201,12062577.847031895,7770160.38470062,5621797.2590806885
20251202,11962861.647564374,7705927.774338143,5575324.2527331775
20251203,11905131.216293704,7668740.473601972,5548418.828005671
20251204,11862479.007331822,7641265.873346677,5528540.649852015
20251205,11912711.979995912,7673623.6545067215,5551951.863575949
20251208,11814495.272249708,7610356.94805947,5506177.699429153
20251209,11671127.202672761,7518005.801498215,5439360.62012751
20251210,11686038.814790292,7527611.179321843,5446310.217567949
20251211,11762596.197673045,7576925.940326954,5481989.994371092
20251212,11834738.410487475,7623396.650915012,5515612.069138799
20251215,11879306.636648815,7652105.461728649,5536383.2123267
20251216,11845984.598397344,7630640.9302792,5520853.3856441565
20251217,11938453.254545173,7690205.005051421,5563948.654688214
20251218,11920959.18446315,7678936.126040461,5555795.49567988
20251219,11946004.879017666,7695069.415798478,5567468.10984112
20251222,11931263.000656325,7685573.37268962,5560597.61728004
20251223,11927874.063101994,7683390.37427379,5559018.19370278
20251224,11868906.549656631,7645406.201838361,5531536.223458459
20251225,11981334.55302157,7717827.174283499,5583933.600634055
20251226,11980995.659266137,7717608.874441916,5583775.65827633
20251229,11878226.127931042,7651409.44748189,5535879.638295922
20251230,11774185.745013071,7584391.396115929,5487391.334474044
20251231,11667942.552684788,7515954.3957796795,5437876.405326947
20260105,12081562.381190917,7782389.352431652,5630645.052931516
20260106,12098591.792401431,7793358.919471194,5638581.656407247
20260107,12059195.393332329,7767981.562887178,5620220.8573216
20260108,11965491.26995507,7707621.656689496,5576549.795410365
20260109,12023103.2083787,7744732.629758595,5603399.996223782
20260112,12058093.988627171,7767272.088402033,5619707.5446589915
20260113,11954477.222903496,7700526.911838052,5571416.668784271
20260114,11844421.475826588,7629634.038283993,5520124.8881127555
20260115,11767153.699587835,7579861.6744030835,5484114.03055123
20260116,11708779.250214478,7542259.526690423,5456908.459432928
20260119,11657945.18689951,7509514.550452982,5433217.105774029
20260120,11637187.94437923,7496143.685156027,5423543.136363313
20260121,11446644.930386957,7373404.599226022,5334740.045731876
20260122,11353449.147642847,7313372.142790714,5291305.897357228
20260123,11327523.775352214,7296672.204909621,5279223.306991191
20260126,11369885.494781353,7323959.685107487,5298966.101706939
20260127,11378442.56210604,7329471.756107457,5302954.14623952
20260128,11214756.87823184,7224032.932622898,5226667.987457868
20260129,12180858.251532821,7846351.206015452,5676922.163745231
20260130,11869753.784045214,7645951.951442318,5531931.079352774
20260202,12090034.725076744,7787846.848471225,5634593.611874666
20260203,12496029.44408563,8049370.058687583,5823808.556430401
20260204,12920324.425887901,8322681.460349416,6021552.3883033395
20260205,13174494.742462745,8486406.341536619,6140009.156597831
20260206,12835685.710468479,8268161.074914079,5982106.284461274
20260209,12919985.53213247,8322463.160507835,6021394.445945614
20260210,12749183.079394171,8212440.040350034,5941791.497651715
20260211,12745201.077767832,8209875.017211434,5939935.674948434
20260212,12594986.420672102,8113113.6124297995,5869927.72488639
20260213,12583972.373620523,8106018.867578354,5864794.598260295
20260224,12427234.011732703,8005055.190846246,5791746.257812025
20260225,12637856.480734393,8140728.542390041,5889907.433138728
20260226,12422235.328840066,8001835.268182898,5789416.608035567
20260227,12327429.800757648,7940765.887500072,5745232.233461722
20260302,12201107.15341995,7859394.621550032,5686359.219619358
20260303,12083172.126529224,7783426.27667917,5631395.279130715
20260304,11871278.805944663,7646934.3007294405,5532641.81996254
20260305,11853147.990028989,7635255.259204753,5524191.903824199
20260306,11878226.127931042,7651409.44748189,5535879.638295922
20260309,11835864.4085019,7624121.967284024,5516136.843580174
20260310,11877209.446664743,7650754.547957143,5535405.811222745
20260311,11861281.440159384,7640494.455402744,5527982.520409623
20260312,11793502.68907276,7596834.487086156,5496394.048864425
20260313,11976844.21076208,7714934.701382525,5581840.864394186
20260316,12371147.095208522,7968926.567064271,5765606.797608375
20260317,12581430.670454776,8104381.618766481,5863610.03057735
20260318,12444178.69950436,8015970.182925393,5799643.375698325
20260319,12309214.261403117,7929032.2710149875,5736742.831733949
20260320,12242536.91502165,7886081.777183546,5705667.672851361
20260323,11929653.255318018,7684536.448442101,5559847.391080841
20260324,11923383.720842505,7680497.901372816,5556925.457462911
20260325,11948292.41186684,7696542.939729162,5568534.220755771
20260326,11871278.805944663,7646934.3007294405,5532641.81996254
20260327,11997008.38921035,7727923.54195671,5591238.434678882
20260330,12030728.317875948,7749644.376194212,5606953.699272618
20260331,12284898.634450791,7913369.257381413,5725410.4675671095
20260401,12364877.56073301,7964888.019994986,5762684.863990444
20260402,12368605.392042775,7967289.318252399,5764422.229925429
20260403,12369622.073309073,7967944.217777147,5764896.056998607
20260407,12200344.642470226,7858903.44690647,5686003.849314475
20260408,12412153.23961593,7995340.847895806,5784717.822893219
20260409,12373773.521813128,7970618.390836539,5766830.85088075
20260410,12318449.116238672,7934980.941698125,5741046.7609819835
20260413,12228218.653854601,7876858.608876667,5698994.608237438
20260414,12258634.368404724,7896451.019658736,5713169.934843346
20260415,12433164.652452784,8008875.438073947,5794510.24907223
20260416,12393683.529944824,7983443.506529535,5776109.964397152
20260417,11922621.209892781,7680006.726729255,5556570.087158027
20260420,11953545.265076052,7699926.587273698,5570982.327300523
20260421,11963034.29022818,7706038.98283802,5575404.713316851
20260422,11941768.707074752,7692340.66777869,5565493.830369545
20260423,12022255.973990118,7744186.880154638,5603005.140329468
20260424,12356828.834041473,7959703.398757392,5758933.732994451
20260427,11888392.940594036,7657958.442729379,5540617.909027703
20260428,11903643.159588525,7667781.93560061,5547725.315125372
20260429,11871194.082505805,7646879.725769045,5532602.334373109
20260430,11732417.08965594,7557485.940640832,5467924.938884316
20260506,11649472.843013681,7504057.054413409,5429268.54683088
20260507,11616007.08466466,7482499.945057093,5413671.739005438
20260508,11632443.431803167,7472360.514072694,5406335.748177119
20260511,11533655.90209441,7472360.514072694,5406335.748177119
20260512,11476213.410548495,7472360.514072694,5406335.748177119
20260513,11387592.693502733,7472360.514072694,5406335.748177119
20260514,11371325.793241944,7472360.514072694,5406335.748177119
20260515,11293210.78261461,7472360.514072694,5406335.748177119
20260518,11208910.960950619,7472360.514072694,5406335.748177119
20260519,11219925.008002196,7472360.514072694,5406335.748177119
20260520,11141132.209863994,7472360.514072694,5406335.748177119
20260521,11107242.834320681,7472360.514072694,5406335.748177119
20260522,10931018.081495455,7472360.514072694,5406335.748177119
20260525,10894417.55590868,7472360.514072694,5406335.748177119
20260526,10788513.257335829,7472360.514072694,5406335.748177119
20260527,11039464.083234055,7472360.514072694,5406335.748177119
20260528,10810541.35143898,7472360.514072694,5406335.748177119
20260529,11234327.992608102,7472360.514072694,5406335.748177119
20260601,11095381.552880522,7472360.514072694,5406335.748177119
20260602,11075217.37443225,7472360.514072694,5406335.748177119
20260603,10860782.350681942,7472360.514072694,5406335.748177119
20260604,10742932.04723007,7472360.514072694,5406335.748177119
20260605,10784107.638515197,7472360.514072694,5406335.748177119
20260608,10700400.880923215,7472360.514072694,5406335.748177119
20260609,10641263.920600133,7472360.514072694,5406335.748177119
20260610,10809694.117050398,7472360.514072694,5406335.748177119
20260611,10836127.82997418,7472360.514072694,5406335.748177119
20260612,10945505.789540222,7472360.514072694,5406335.748177119
20260615,10769196.313276138,7472360.514072694,5406335.748177119
20260616,10638468.047117813,7472360.514072694,5406335.748177119
20260617,10505706.418426882,7472360.514072694,5406335.748177119
20260618,10293897.82128118,7472360.514072694,5406335.748177119
20260622,10517652.423305903,7472360.514072694,5406335.748177119
20260623,10357016.783230599,7472360.514072694,5406335.748177119
20260624,10231880.26403692,7472360.514072694,5406335.748177119
20260625,10269328.024012277,7472360.514072694,5406335.748177119
20260626,10135361.924007151,7472360.514072694,5406335.748177119
20260629,10363718.272431469,7472360.514072694,5406335.748177119
20260630,10281586.308148207,7472360.514072694,5406335.748177119
20260701,10346806.19953259,7472360.514072694,5406335.748177119
20260702,10433448.04992222,7472360.514072694,5406335.748177119
20260703,10359295.11490407,7472360.514072694,5406335.748177119
20260706,10467358.924298942,7472360.514072694,5406335.748177119
20260707,10310293.467786811,7472360.514072694,5406335.748177119
20260708,10401358.475703837,7472360.514072694,5406335.748177119
20260709,10252965.877088571,7472360.514072694,5406335.748177119
20260710,10450620.308558002,7472360.514072694,5406335.748177119
20260713,10502744.184518129,7472360.514072694,5406335.748177119
20260714,10536481.601736914,7472360.514072694,5406335.748177119
20260715,10850265.600445297,7472360.514072694,5406335.748177119
20260716,10919041.363567393,7472360.514072694,5429459.756862745
20260717,10867090.944765205,7472360.514072694,5403627.570790094
20260720,11513218.858081253,7472360.514072694,5724912.689723742
20260721,11344098.129092488,7472360.514072694,5640817.927049834
20260722,11318079.55540191,7472360.514072694,5627880.271253848
20260723,11205419.1313217,7472360.514072694,5571860.22165723
20260724,11252252.563964745,7472360.514072694,5595148.002090004
20260727,11183650.258000584,7472360.514072694,5561035.716307921
20260729,11456845.281751664,7472360.514072694,5696881.102165773
20260730,11810350.969627665,7472360.514072694,5872660.718913901
20260731,11713561.87549871,7472360.514072694,5824532.639352833
20260803,11786240.424674397,7472360.514072694,5860671.824542955
20260804,11520677.515872551,7342706.853980777,5728621.484385258
20260805,11330655.199352356,7221596.080417347,5634133.471555242
20260806,11348868.20093576,7233204.141781254,5643189.830612431
20260807,11354679.015726658,7236907.666121168,5646079.240406869
20260810,11698471.102758173,7456023.643485584,5817028.7989911605
20260811,11678003.158121586,7442978.393571861,5806851.176431652
20260813,11754237.579034982,7491566.421852214,5844758.507913891
20260814,11638888.56900675,7418048.699880804,5787401.567218354
20260817,11214785.817850308,7147746.699549823,5576517.777743784
20260818,11257282.821544923,7174832.176065607,5597649.282210561
20260819,11343057.386144865,7229500.617441341,5640300.4208179945
20260820,11200995.973794302,7138957.738802865,5569660.820171911
20260821,11039073.716859931,7035756.545629462,5489145.4756015595
