trade_date,nav_official_compact,nav_000906.SH,nav_922
20200102,100000.0,100000.0,100000.0
20200103,100000.0,99930.87445104292,99967.80708825514
20200106,100000.0,99884.09264365394,99615.6265770816
20200107,100000.0,100740.17383809057,100424.91671937743
20200108,99083.58425,99523.57702506105,99253.63704256376
20200109,99510.22425000001,100805.94773403661,100505.99759774648
20200110,99545.94425000002,100707.28505460112,100126.82298577327
20200113,99499.41425000002,101808.38933799899,100829.57393394197
20200114,99744.92425,101472.89547945342,100934.39162018536
20200115,99179.16425,100993.58523716155,100413.95478577407
20200116,98496.19425000002,100658.62551389872,99889.32632967734
20200117,98176.82425,100686.88879597097,99931.33969386447
20200120,98512.52425000003,101599.34420668797,100051.23807489702
20200121,97723.72425000003,100005.06051881239,98211.7933290498
20200122,97435.99425000002,100557.47938072612,98555.69060145985
20200123,95948.37425000002,97330.4726197849,95890.63639003367
20200203,89339.15425000002,89468.68957709335,87348.64284818838
20200204,91564.57425000002,91633.00574259672,89176.8270752474
20200205,91842.12425000002,92986.29897111961,90208.69461485904
20200206,92365.69425000002,94999.43466093791,91339.86958684881
20200207,92549.34425000001,95197.45384502149,91650.7953402139
20200210,92412.75425,95766.3409603936,93044.79670670541
20200211,92667.23425000001,96314.08292642992,93363.32281022948
20200212,92842.41425,97339.03530395601,93957.83591458321
20200213,92344.16425000002,96680.0775615825,93382.87228233015
20200214,92422.85425,97225.5049413938,94089.09339037405
20200217,93332.29425000004,99642.26518880673,96040.75044885997
20200218,92998.77425000002,99572.41277534123,96239.47246140982
20200219,92901.07425,99202.74527180142,95855.46191235239
20200220,93789.22425000003,101374.34660203692,97213.10588952135
20200221,93760.03425000001,101806.89889865342,97581.59000896828
20200224,92903.99425000002,101863.82376986442,96902.39871765522
20200225,91818.06425000002,101842.57032505894,95936.05276814538
20200226,92151.06425000002,100223.9935771609,95890.6992500726
20200227,92520.53425,100487.42506045273,96012.68058421263
20200228,91084.95425000001,96486.8178716159,93034.2805079234
20200302,92857.43425000002,99775.72742434093,96703.61955961543
20200303,93329.26425000001,100411.93761153058,96685.75587946731
20200304,93934.29425,100875.1577167497,97931.52898829982
20200305,94737.23425000002,102932.28339345873,99145.5063465424
20200306,94287.03425000001,101515.80434716372,97969.16500795931
20200309,92855.51425000001,97864.92544682894,94933.56658217468
20200310,93366.88425,100098.4185557496,96625.19737516479
20200311,92843.05425,98722.13731938977,95780.65418013903
20200312,92414.37425000002,96875.43524683474,94065.4280143621
20200313,91143.21425,95692.8946057476,92589.72431229868
20200316,90137.34425000002,91478.8994537136,89717.30769024717
20200317,90078.61425000001,91198.98503283189,89391.44124854324
20200318,89022.85425,89440.86681896559,88097.33877025048
20200319,87901.75425000001,88746.06511164161,87208.12065984469
20200320,88692.33425000001,90195.42927039323,88420.30793561562
20200323,87279.27425000003,86961.9100971392,85864.76734106679
20200324,88916.25425,89132.50923540094,87986.1579337048
20200325,89728.65425000002,91458.41692581099,89810.90914545706
20200326,88927.69425,90781.64916746481,88930.22285669591
20200327,89465.53425000001,90874.32439228804,89581.73572996756
20200330,88891.36425,89727.08807431931,88428.83404271124
20200331,88854.54425,90010.07147868103,88275.781277066
20200401,88079.19425,89708.09415024583,87738.80796650989
20200402,88758.89425000003,91368.18110233042,89017.52830755417
20200403,88610.73425000002,90798.84061439875,88547.71666266053
20200407,89513.34425000001,93065.30694056489,90184.1591987631
20200408,89142.71827000001,92762.03924407558,90108.11283805575
20200409,89319.19827000002,93215.77523587304,90356.30570122694
20200410,89225.73827,92276.08076125474,89414.55088466576
20200413,89657.30827000002,91809.29424760162,89181.35728396058
20200414,89969.74827,93668.59897600209,90317.53248631812
20200415,89541.33827000001,93060.66491949974,89821.53106339542
20200416,90103.61827000002,93366.93001432804,89546.1626624941
20200417,90328.37827,94054.16939393815,89810.99057778019
20200420,90156.90827,94591.71873720874,90330.95310462518
20200421,89554.22827,93590.41698895277,89784.03505018624
20200422,89845.32827000001,94359.53325019668,90189.23371826773
20200423,89406.03827000002,94050.3496842361,89909.41939825084
20200424,89123.60827000001,93080.3875435981,89366.10008103946
20200427,89508.74827000001,93520.72977196646,89890.05136308067
20200428,89106.02827000001,93836.42575023981,89345.79485983461
20200429,90383.51827000003,94166.50667081738,90220.38372482162
20200430,91233.18827000003,95574.67633420938,91120.14803539164
20200506,90660.07827000001,96442.03310610863,91210.92793203687
20200507,90732.03827,96214.03443208571,91350.9272391478
20200508,90842.98827,97278.40819609482,92071.07184581005
20200511,90746.24827000001,97167.31356384238,92118.54403292152
20200512,90423.56827,97242.68353971269,91819.31453270526
20200513,90574.06827000002,97501.8621314237,92024.45826968456
20200514,90096.03827000003,96493.43307284909,91053.34924359016
20200515,90091.34827000003,96375.67735145257,90726.04559281481
20200518,90095.72827000002,96437.58564978566,90742.44063387207
20200519,90292.12827000002,97360.28140669575,91299.66344878032
20200520,90009.24827,96733.41583367872,90617.25486638492
20200521,89868.24827000001,96062.79889090754,90121.66060507788
20200522,89247.25827000002,93990.58710461599,88631.82482335794
20200525,89504.02827,94041.22533203576,89082.62844966786
20200526,89594.54827,95313.83476460786,89774.81748266259
20200527,89573.55827000001,94594.85930582971,90163.6111092261
20200528,90083.1860315888,94788.44755323823,90164.76116221069
20200529,89785.99804448844,95242.23861052874,89792.31828894974
20200601,90615.691692579,97894.74341132198,91603.83031932543
20200602,91018.16678700616,98155.7520129191,91864.64662121933
20200603,91101.31515181524,98200.58817288655,91930.95539044477
20200604,90900.95188143336,98204.91081409193,92217.8614657604
20200605,90874.81005738807,98617.0925493084,91922.18927229148
20200608,90927.39986853371,98956.94759490446,91993.76685568728
20200609,91601.26496296088,99580.30916704632,92366.26401716366
20200610,91046.46845253083,99523.94229283168,91996.99128995585
20200611,90514.12982545525,98684.10725436478,91259.46873980979
20200612,90245.67856048362,98843.06114215376,91129.23988283747
20200615,89737.9819463077,97972.24442177378,90491.41621167547
20200616,90344.6824668423,99544.04486883216,92032.81579758496
20200617,90687.84540529404,99786.87084462024,92222.59311232553
20200618,91070.2038956566,100320.56560337648,93062.52609495222
20200619,91155.37666308982,101612.4497940367,93260.77665721027
20200622,90817.21911011772,101693.47499604446,92642.99962391125
20200623,90958.33747474647,102158.6389131687,92630.64476899116
20200624,91315.06900681161,102543.86425401492,92824.25511746791
20200629,90882.30703965103,101896.29956215591,92389.88367678369
20200630,91179.5757918429,103435.21122572484,93235.02404217908
20200701,91801.11343684878,105080.23776545699,94908.67257812951
20200702,92661.92329477257,107150.14964965497,97145.45848719458
20200703,94171.65281121062,109062.32826449351,98219.7394094228
20200706,98244.86757236288,114844.17016118404,103407.78414434093
20200707,97538.67957418934,115735.1096482453,103007.65856712685
20200708,97886.09316653725,117873.51749926305,104273.54688841022
20200709,98121.89946165965,119838.01934560902,105270.67568470119
20200710,96776.41645253419,118279.11890805862,103149.92797882474
20200713,98152.45776312087,121189.15033577102,105974.64668907961
20200714,98030.2980415011,119967.22318301309,105480.25391169809
20200715,97272.02080186752,118164.91858199747,103639.33624084825
20200716,95546.91547839236,112521.11669883103,100365.856855548
20200717,95625.62409269226,113228.01996601357,101012.37378436363
20200720,97410.73300018576,116588.7477703064,105393.96279328583
20200721,97084.45126663844,116953.8099631098,105203.31258118678
20200722,96984.7179042184,117660.4636000571,105122.87601821657
20200723,96244.85317398382,117684.30328752006,103928.44241752569
20200724,94676.93269746054,112319.58250077367,100046.66072115465
20200727,94670.77910655651,112821.04742644077,99777.96119892667
20200728,94912.48066141938,113838.48152864746,100730.68652091472
20200729,95451.6310595145,116678.83491695572,102443.43828697821
20200730,95478.45072562837,116170.79517141703,102392.6202314321
20200731,95347.73285946056,117205.97321100475,103294.48749603107
20200803,96508.24169150543,119345.40160916054,105302.43143344819
20200804,96675.64212767364,119244.23528530716,105597.90790361413
20200805,96152.94755788616,119607.85659770876,105536.82508944163
20200806,95997.22733440634,119329.41426100822,105612.65001137552
20200807,95311.2898504866,117959.31137296995,104804.58135392665
20200810,96089.00144955334,118439.61095862048,106165.35690394309
20200811,95641.13424857102,117080.83504250506,105096.00192294572
20200812,96137.8170194502,116140.92214143094,104430.38125685076
20200813,96165.09201847065,116024.75230623463,104823.50651154999
20200814,96759.83769414088,117685.54409663039,105649.13454941315
20200817,97481.10429237185,120299.084554533,107847.38011144084
20200818,97201.9697447797,120456.12032764703,108055.1539695936
20200819,97511.58861297547,118559.44448462185,107025.41938539312
20200820,97224.94288184014,117092.65393283259,106212.4605026446
20200821,97480.80039757262,118084.59638278445,106153.46635612857
20200824,97281.05023495186,118987.56951559622,106764.02591405103
20200825,96832.61544289105,118942.3570747595,106681.2906737489
20200826,96499.0456107576,117332.46599063372,104903.3344750526
20200827,96483.84511051889,118041.89125739853,105526.68605089305
20200828,96807.68304856063,120662.28186263803,107383.20586912755
20200831,96968.0362677191,120034.32599285837,106814.23251285504
20200901,97006.11608545079,120707.26669943675,107018.3790610353
20200902,96737.4741092043,120771.86770038058,106926.90341805034
20200903,96848.2969809664,120023.45790004438,106762.78728555707
20200904,96333.4131367077,118949.21089312925,106457.24035143048
20200907,95873.12645147397,116435.13523534441,105239.61996820568
20200908,96592.57415373578,117110.3226140397,105851.2710049856
20200909,96215.90103419534,114268.10434103307,104246.83280051117
20200910,95665.99039746051,113716.91711064748,103278.83391770549
20200911,95754.99081096845,114906.62727893131,103708.712294245
20200914,96260.62466190262,115527.2007016078,104157.28724644815
20200915,95981.08050443602,116392.83575909067,104636.04787506282
20200916,96089.71254384733,115703.59383104951,104599.33761234
20200917,95777.15038424397,115298.81473361701,105002.16045667819
20200918,96685.95741164485,117714.7581762162,106650.21352769468
20200921,96165.12152855398,116752.47400082747,105999.69784322205
20200922,95298.0829589527,115323.68781683309,104472.2603291366
20200923,95303.10955143513,115783.36353981549,104622.1186618955
20200924,94210.35260339669,113453.26169435053,102680.0749034509
20200925,93758.3318195765,113551.74449317536,102082.2030729273
20200928,94085.38247578149,113516.89170710002,101993.63613537909
20200929,94143.34468119445,113925.98426815575,102407.74664261319
20200930,93880.09637107536,113682.44244095785,101900.41755495165
20201009,94448.98638914328,116178.32996638435,104142.63800010785
20201012,95425.36141309865,119659.99077102337,106724.42266090117
20201013,95406.89357628157,120006.83546320543,106935.73525351705
20201014,95611.7417728811,119212.73415224288,106918.3630245822
20201015,95227.47293327603,118841.8753985365,106488.52179261117
20201016,95476.05909250808,118573.86246622191,106771.22481714336
20201019,95165.37726024391,117581.60797847601,106036.32095907276
20201020,95014.07482271979,118583.72102499644,106137.08274416928
20201021,95243.55587914606,118247.43238783433,105786.41944575304
20201022,94983.11286685783,117822.90129804051,104961.47143921988
20201023,95161.14636477215,116251.56156560744,104140.99506727274
20201026,94920.41789496601,115746.75967106079,104301.10815819728
20201027,94598.7581690908,115934.59173892788,103953.64643585365
20201028,94380.91662780795,116758.1751148758,103942.70164589728
20201029,94222.08364670724,117469.09816305187,104487.81390285482
20201030,94106.6799110586,115373.16416234922,102902.82945178547
20201102,94699.75911198353,115992.80330716008,103905.80137442047
20201103,95408.29753099346,117496.7593957333,105203.11257197207
20201104,95447.80858193793,118141.65708221169,105788.94813368187
20201105,95936.9100833669,120014.63457253942,107615.92659090365
20201106,96139.70308784387,119801.09609699456,107786.99018633357
20201109,96601.74008947297,122133.18764227547,109552.14722392568
20201110,96364.57784154083,121401.28280572637,109200.219581545
20201111,97204.38733586956,120132.43067529751,109691.9850950276
20201112,96913.60881798134,120316.9734977124,110308.03776316838
20201113,96151.15159216341,119308.87483209613,109573.61678448759
20201116,97182.96145575478,120555.42360231848,111862.80939371849
20201117,97231.1781613948,120155.12316498833,112615.6183624174
20201118,97639.38452731821,120114.64635655495,113048.00971187603
20201119,97647.49599230965,120884.39587096906,112573.1435483992
20201120,97690.83564149127,121449.1145285164,113151.22018121551
20201123,98488.06587272912,122831.4511335966,114734.5545562635
20201124,98100.38462699448,122263.63045327344,114288.03255578561
20201125,97993.7918755959,120518.03046149656,112727.36351067602
20201126,98942.8226244394,120613.76365670115,112283.45591636187
20201127,99681.60189714616,121854.82606829809,113073.93090610245
20201130,98954.71272558933,121332.92450263929,111838.06825385884
20201201,99464.12586865717,123810.97264383014,113356.23105493076
20201202,99418.59153442385,123849.02657056882,113543.40110669385
20201203,99205.7778126047,123686.74122044958,112740.61269251334
20201204,98586.09297787701,123959.24382596515,112583.89975823885
20201207,97655.94306811939,122960.14836846452,111446.20734312403
20201208,97543.29632783827,122723.75771329892,111117.14075398476
20201209,97055.04786332502,120943.42607953146,109741.06878495475
20201210,96951.81279911163,120959.80622820095,109925.1944107425
20201211,96775.29138824575,119517.51431427493,109264.27681846771
20201214,95937.76974118456,120587.84065808404,108504.72896787031
20201215,95618.70593238917,120810.0647974012,108288.3004252696
20201216,95596.26421776813,120841.41174708492,107844.29139771084
20201217,96507.75997676371,122364.54531137517,108934.52162617492
20201218,96933.38051467502,121959.80108875493,109415.60950486649
20201221,96556.85058322994,123314.38101429904,109768.52862149721
20201222,95226.44595938509,121112.08984926372,107256.06286861074
20201223,95599.15347309064,122163.9380491177,107314.00268083779
20201224,95157.22115675145,121576.69760490804,106323.78563155231
20201225,95891.43235384733,122691.58845225217,107084.19780768472
20201228,95987.39718296591,122962.46111917311,106371.03066534137
20201229,95545.46346170109,122360.61363517056,105477.05662153721
20201230,95628.31648089575,123999.84361399972,105903.53912733836
20201231,95836.99856784726,126269.57532390441,106683.29219453325
20210104,95463.63639276962,127843.83719850265,107048.07042895905
20210105,95417.62633184332,129992.70015113642,107285.17135253732
20210106,96159.3543485099,130866.53078950335,107533.16563513105
20210107,95844.00066750927,132717.05991382618,106803.59916581871
20210108,96263.40315505429,132460.39047308234,107114.73350022198
20210111,94954.1694109288,130986.26152658435,105926.52304338309
20210112,95339.91951374241,134295.34891148368,106790.47998997098
20210113,96263.53012062935,133744.1873783282,106632.25412885094
20210114,96315.3660673473,131468.66277855338,106249.57792698307
20210115,96451.6871680509,131136.60317125847,106871.8823117208
20210118,96024.76923313225,132703.57621009173,107683.56685004417
20210119,96553.74542813779,131010.92536092678,108255.5017713316
20210120,95861.15405126572,132007.89161936234,108098.06166069793
20210121,95678.84506457888,134059.61170016913,108571.96492266965
20210122,94678.60052167597,134217.93784133723,107394.01350990814
20210125,93998.81364320128,135307.3645691731,105844.93642742827
20210126,94146.22302298028,132684.19499205038,105166.97090687392
20210127,94173.36931318727,133074.39458243654,105251.3347936387
20210128,94467.0765039557,129603.27331316957,103760.37896031638
20210129,93978.02006568949,128826.87555822643,102876.74396427549
20210201,93935.04832974142,130271.52794628838,104048.71510151718
20210202,94028.58238709442,132113.9716207133,104750.36599900496
20210203,93740.55222926402,131569.04533688887,103901.0482982966
20210204,93533.15823088192,131044.40518070843,102869.43362747785
20210205,93782.40102663371,130827.99962849148,103239.63354025953
20210208,93868.21213839143,132723.93942942604,104282.75588411037
20210209,94254.71915609993,135610.61758153088,105589.3403660383
20210210,94896.79231451503,138193.9582875219,106350.73401596003
20210218,96102.17856694716,137850.65063551086,108931.73149762972
20210219,96786.73261325638,138442.11827407125,110835.30491226203
20210222,97853.85822495424,134822.16415464005,112033.97870830478
20210223,97874.85276891348,134375.29850086028,111195.35435739718
20210224,96991.90403653565,131280.75178347956,109983.68281967277
20210225,97876.75880689725,131718.13515935402,111549.3163792189
20210226,96725.4498266462,128622.13838398931,109237.62416197032
20210301,96927.03160771565,130715.55222062614,111456.24066251625
20210302,96393.15598805824,129170.26947950995,110487.86461947713
20210303,97232.74601011752,131505.45754101736,113059.89454514156
20210304,97489.49858403196,127737.32952182229,112192.58458693276
20210305,97925.07437046056,127407.10543096274,111483.86479234222
20210308,98354.0561872176,123317.13428895215,110509.31417911756
20210309,98024.17548672063,120609.51076512034,109602.3866813864
20210310,97722.30553327715,121019.77989221113,109015.37820849605
20210311,98720.63724877792,124036.2088656178,111505.16005915987
20210312,100245.45665137528,124415.76246067864,112429.43407035539
20210315,100794.59525097521,122115.18673259355,112694.75915140376
20210316,100695.99731133365,123034.45741583515,113434.94753865447
20210317,99435.882012917,123572.40323065576,112897.37134317974
20210318,99563.95561371071,124557.13577204941,113308.12883879294
20210319,98915.33282942353,121724.77055126798,112180.01400778821
20210322,100692.81961731565,123105.88470240223,113716.73480671074
20210323,99894.79820448786,121820.99933591015,112086.43255349979
20210324,99621.0239781669,119965.49412653098,110341.91503822854
20210325,99040.11264483149,119987.34594969435,109933.93195615085
20210326,99464.1699078065,122506.39035046982,111301.70354277035
20210329,101086.14574409273,122687.56867125863,112547.33521651535
20210330,102469.68907838146,123700.60120505324,112397.40402325678
20210331,104270.91250439432,122713.52838020449,112059.81989884535
20210401,103016.84197693862,124146.84645427785,112939.95044771707
20210402,102221.62228466004,125168.61971733782,112283.54163459675
20210406,101713.87562089489,124842.49617019497,112772.47416041666
20210407,102617.14906539074,124175.87331118723,113739.34727707098
20210408,101718.58307918947,124376.40348175443,113491.00440698874
20210409,101496.41021225447,122834.58068911894,113599.93228259444
20210412,102117.73905783128,120703.95726330375,113080.09547582729
20210413,101541.52664074268,120477.74638228888,112097.17019105525
20210414,101105.65825462739,121548.36824424409,112934.53734118464
20210415,100822.64577849714,120949.38416588077,113055.93150541578
20210416,101548.19446136687,121553.39021721134,114427.037531372
20210419,101578.41936939298,124206.99632786583,115121.613817208
20210420,101297.67403483189,124156.2975284037,115064.66262195651
20210421,101100.2203364447,124410.58079778153,114943.57704337093
20210422,100829.45357121753,124418.75435246834,115428.42080938729
20210423,100827.31060458772,125365.89551726505,115083.76207332409
20210426,100173.49797102099,124190.57763335117,114272.92328825149
20210427,100051.0835312946,124457.17171146123,114305.75194357168
20210428,100020.85285279856,125192.69985745379,115043.35449740363
20210429,100707.8202851322,126049.18119447332,115710.13950285567
20210430,100470.14335420147,125264.86318611146,115169.3460162986
20210506,100883.07372430377,124106.4247113375,116863.37834850249
20210507,101487.26576798043,122683.04412324537,117098.94777295095
20210510,101612.11918464005,122760.38911480019,118099.18956980518
20210511,102180.51324602765,123252.63974796157,117003.22907733962
20210512,102065.87855233173,123917.69874696636,118087.03758137427
20210513,101962.67848476263,122628.7752443164,116740.1641004175
20210514,102280.23849341052,125240.82159184062,117547.85131172114
20210517,102069.9334142668,126887.76808176418,117386.95675622197
20210518,102079.63425379134,127036.18794073044,118034.86803499161
20210519,101483.04335650739,126698.35930527904,117988.33874846378
20210520,101145.72479165102,126819.67225752737,116287.51896069499
20210521,101175.74551089408,125771.06741521475,116801.41406514801
20210524,101146.89193374927,126251.88094546717,117564.46493427735
20210525,101736.63038076519,129659.48416848718,119042.8259016219
20210526,101529.94196510917,129745.07429986978,119900.63542213196
20210527,101531.90709972713,130338.83266294155,120475.95049914799
20210528,101610.51745586442,129963.92292446225,120726.23488725016
20210531,101453.32143880386,130449.16004932398,121822.52110900824
20210601,101199.50819784716,130704.10777565144,122693.8898256384
20210602,101179.92371376163,129517.03708000173,122077.03712063878
20210603,101533.84184335376,128827.4280486735,121982.84135233375
20210604,101229.72211452319,129507.68328824693,121628.17072643706
20210607,101134.34892943087,129560.7076870327,121410.7335659393
20210608,101484.21431755318,128549.37484145725,120762.58941929825
20210609,101433.3181128631,128692.66626750304,121176.86993436485
20210610,101193.92964497479,129689.97026096271,121466.17469161973
20210611,101279.05563763721,128672.33241643167,121069.53784656507
20210615,100786.1432580557,127296.81291939257,120077.39928018111
20210616,101012.64808957689,125252.31376024264,118508.56700183687
20210617,100795.14288521606,125953.19286248421,118465.9921832113
20210618,100446.65325716008,126202.65423018624,118398.29763585537
20210621,100122.33544732477,126183.77410813175,119028.7423956318
20210622,100840.8091997316,126947.59123342665,120436.93012999528
20210623,101086.78450535123,127662.24037996659,122151.2705406785
20210624,101212.08942426473,127709.72335463388,122067.54525476354
20210625,101435.3518588432,129656.3729681292,122663.09412112202
20210628,101289.27734254474,129959.1028583029,121674.24856359455
20210629,100939.11478250068,128580.68691632873,121558.95753768657
20210630,101287.11422085582,129461.1162362809,121997.06915068589
20210701,101239.16429721743,129191.32285302394,121451.55401802441
20210702,101106.13412806415,126084.43595864803,120630.15331777786
20210705,100812.66099036076,126412.75661896403,120892.18967588148
20210706,101555.56548822856,126432.59304508139,120772.50987634789
20210707,100937.1322940115,127814.74793403447,121057.93445483739
20210708,100516.01699370581,126783.60619508821,118906.61534049247
20210709,100534.70350729008,126755.18689411898,120123.6999847493
20210712,100174.37123488211,128432.13857121198,121121.18022580327
20210713,100109.22494144243,128987.42083876493,122042.98126592263
20210714,99735.04869574582,127592.28701309716,121364.52000824324
20210715,99636.17735348069,129084.77479498199,122113.78024201829
20210716,99616.3190209991,128043.12105341023,122391.72876178939
20210719,99497.04588960671,128261.08312356439,122121.1848688743
20210720,99207.03217701077,128236.0797186814,121773.68457332498
20210721,99273.2275035819,129314.01611363169,121811.34487981768
20210722,99437.50109420023,129653.92438920437,123144.75631198725
20210723,99427.42505313564,128290.62208955926,121492.64876846113
20210726,98599.67454822549,124616.16781612825,119090.24665779244
20210727,97974.31511189304,120617.77609562894,115616.98378246713
20210728,97507.80582420174,120394.39374544103,114331.51170178912
20210729,97104.04893908919,122744.03833439364,115620.74967025267
20210730,96881.84745541385,122057.76443642852,117097.85343681906
20210802,97355.79319739876,124879.96640270717,117421.104043722
20210803,97269.04346314698,124655.26431620221,116016.06645449022
20210804,96818.00286511763,126013.09677686985,117806.4303676848
20210805,96768.02036258782,125348.42323631649,117087.82154606408
20210806,96521.58151864387,124956.88004789963,117706.64291319135
20210809,97087.62895114618,126372.11277853504,119349.7343270458
20210810,97159.35457165526,127659.75325519663,119626.9713854674
20210811,97462.6189950991,127352.5575535356,121497.30898316386
20210812,97302.65458290126,126633.74729123662,123077.72036640259
20210813,97241.62648933996,126089.2413406759,123235.13761884031
20210816,97489.61595000672,125863.54807529582,123282.77124196079
20210817,97359.00781069593,123183.24804912135,120949.11658429979
20210818,97815.5228024396,124488.82886342255,121739.42013757062
20210819,97544.23724645696,123895.2852557737,121045.6367454072
20210820,97399.5186838594,122017.0416687928,121218.46327920107
20210823,97599.12089385913,123826.66814486923,122621.60935271662
20210824,97912.83847047528,125129.12123916448,123645.06793348693
20210825,98297.2597298087,125629.6023280222,125178.95574474683
20210826,98455.740487109,123611.13813399196,125671.21842399167
20210827,98707.96452301193,124373.06100632557,126535.97397880116
20210830,98588.5443417014,124305.68286901497,127281.4954688984
20210831,99354.98914573467,124278.65488950374,130045.20136820588
20210901,100436.59018099697,125251.78513150926,129442.59503384266
20210902,100516.6484873799,125737.74728536297,131545.61335147228
20210903,100981.14067658484,125105.28889376728,131154.66391130164
20210906,101418.1773520597,127192.81439367938,132380.69325336776
20210907,102214.67813771204,128953.46011367721,135032.90973048404
20210908,103190.50322642026,128744.85917734358,136169.41923395757
20210909,104191.13329154516,129017.7582544092,138750.2209923243
20210910,103852.3327145703,129820.14325104469,136873.4559556494
20210913,104833.22910916994,129571.99244207754,139378.16277964236
20210914,102852.66364083055,127732.49477153143,136925.75265074713
20210915,102790.9519026064,126918.57355409945,137320.92799989713
20210916,102394.03253284049,125139.65526798723,135250.0911649144
20210917,101988.54582289647,125871.62434761159,132755.8362510273
20210922,104355.46676437386,125457.90261410578,134643.64322499145
20210923,106611.3444599286,126278.33991488344,134821.99429902306
20210924,107024.30405339919,125680.6003166633,130558.61787918086
20210927,104365.77165966647,125326.36583531233,126861.41897251694
20210928,106151.3298187501,125574.56620322325,128869.01432244557
20210929,106394.90256161492,123799.64750742374,124785.74762908719
20210930,105955.85496566074,124829.25659014643,126835.18347809595
20211008,106191.38883090521,126009.58543392895,126813.31247046738
20211011,104496.53034853512,126127.11905783675,127557.58533160992
20211012,103391.31196277228,124519.17178561608,125439.62632564142
20211013,102678.28173444964,125736.69920547836,124556.82422511607
20211014,102064.63119777346,125337.43032838489,124067.85026881595
20211015,101343.83481836121,125778.40397440703,124452.82514801575
20211018,101368.55970676157,124855.67701371756,126310.89646630149
20211019,101512.0447816338,126009.7855052204,127203.53044836709
20211020,101225.69558115449,125759.81386394933,125953.40285320289
20211021,101131.47754527905,126019.28430277357,126867.774979633
20211022,100752.41070514647,126339.12304164164,124609.69951829924
20211025,100606.48902678232,127102.32343341426,124741.57416538121
20211026,100303.94398154746,126776.93592836201,124182.40840381573
20211027,99218.16531676153,125286.09644023614,122305.37478333822
20211028,98499.97091625258,124203.95304161594,119532.04844080319
20211029,99318.33400511177,125379.88215250277,120128.90308160626
20211101,99709.79110265223,125193.21013102283,120747.76159330198
20211102,98363.10794586797,123882.10624776754,118287.59253551323
20211103,98590.69957729404,123659.41772279223,119839.35402738197
20211104,98632.87434178182,124823.83263907983,119871.49122227417
20211105,98434.58287236119,123959.84587535595,118127.21943260958
20211108,98453.54670551221,124223.58205437606,118854.77438067683
20211109,98958.97403064852,124433.31183331748,119471.81280851869
20211110,98998.69392666534,123854.19905588377,119348.82714239335
20211111,99631.76361633654,125603.9344661896,121108.76822539324
20211112,99402.05756334792,125562.34533479635,120281.05437714812
20211115,99814.66562024254,125195.25489633187,120475.56333845382
20211116,99832.77118366846,124989.1465913175,119813.30425580323
20211117,99945.90662507222,125292.32985405074,120813.330328433
20211118,99651.66076144073,124274.12850597406,120724.50195026843
20211119,100386.9197976982,125658.71912523692,122430.55626491364
20211122,99908.38230182567,126457.98925048155,122624.08232379278
20211123,100057.39639553826,126511.03200443168,123324.46602004164
20211124,100368.72316422014,126552.69455648233,123918.31337943784
20211125,100199.63239782228,126070.50255338692,123381.75865959538
20211126,100265.34473017152,125309.15786873047,122489.29468536231
20211129,99728.5729671519,125148.9980466434,121719.42921656034
20211130,99635.88808249656,124905.05240582975,122078.38003965183
20211201,100468.60767200704,125220.74104203738,123515.03765709206
20211202,100349.86851101588,125275.64868068586,123777.52689320332
20211203,100767.32282311104,126454.87988564,124642.14529883697
20211206,100477.39411046762,126028.03053858824,123259.5973171621
20211207,100823.58671487254,126455.66732219078,123905.18991767836
20211208,100587.70005408196,128301.80589120013,124016.7364853595
20211209,101138.3137936676,129982.37904222019,124174.97377557754
20211210,101044.33737695176,129466.25017575068,123880.16305036911
20211213,101011.34275298184,130221.32840729668,123844.40283141618
20211214,100936.58596207947,129432.61066603915,122573.8857254495
20211215,101349.98234440402,128532.94696936046,123125.73114975654
20211216,101721.43668447042,129375.65642656521,124952.28958762743
20211217,101776.7569240034,127532.08207401611,124150.5855091181
20211220,102117.93579076626,125581.78528936366,123046.97180691539
20211221,103609.75238771722,126560.62765851612,125523.977354671
20211222,103096.29456465306,126693.21435271064,125048.80403418587
20211223,102502.86871908006,127509.51072841001,125534.4221215906
20211224,102472.20348887517,126729.42358543171,124787.7148625776
20211227,102906.76186445734,126664.80422932356,125526.0760227882
20211228,102508.47983470597,127437.97331085682,124897.97565673561
20211229,102478.2366292545,125858.79408772814,124520.74542005686
20211230,102876.71984197527,126867.02858156063,124843.1317014248
20211231,103540.13260073046,127438.36427585757,126090.72489411119
20220104,104838.07405213616,126974.9092245347,127611.90783432523
20220105,104736.52974109423,125453.32116508303,127254.95853201809
20220106,105018.75519816548,124506.48469601462,127826.38057253353
20220107,105516.03050172275,124361.3081945897,128181.2926381251
20220110,105799.19613659836,124851.65172617472,129428.83582850781
20220111,106185.73271730085,123710.97003739682,130011.47695733124
20220112,106057.01827898384,124904.52928364566,129426.11284591326
20220113,106460.26192197324,122930.89390751715,129033.58190430918
20220114,104723.90828526621,122094.01955706051,126721.80539746296
20220117,105999.07003104078,123207.87700865153,127089.2708985521
20220118,106269.07082909397,124132.40828199699,128348.20175643807
20220119,107116.03037668655,123301.61683300728,129199.15953270704
20220120,106537.67502681795,123888.22953059604,128710.2655800928
20220121,106171.05527083138,122688.47908741061,127707.99654698378
20220124,104739.28066844704,122844.850403575,127119.07084290667
20220125,102509.15657513839,119743.31771064113,122722.46685650876
20220126,103326.86696293546,120567.49212288123,123495.16531297336
20220127,102376.03079076746,118020.88377179539,121830.93435376129
20220128,103731.76498801704,116815.95717226212,121246.40313785886
20220207,105994.31587050052,118593.73376715153,124413.54905279567
20220208,108938.19889001854,118370.69098750417,127170.91751727131
20220209,109129.84415223124,119638.62168868247,127761.26328677284
20220210,110339.52906542007,119389.02082173135,129147.26857058771
20220211,109207.9932587432,118237.93175476471,128883.64642513888
20220214,108251.42410569651,117058.60693847238,126889.48169397804
20220215,107469.95012043862,118276.09030594022,126361.5702294856
20220216,108558.74153308592,118675.5115308978,127501.07987117978
20220217,108183.06598048433,118881.00126687344,126930.62501808119
20220218,109314.05027538317,119589.1343300677,129364.23428079367
20220221,109351.34583990081,119391.02887671167,130196.32547356645
20220222,108419.24865101918,117869.40227141487,129098.42203444375
20220223,109153.82716870084,119254.70690657111,128741.93846787943
20220224,106377.0756587717,116908.0340187274,126250.23795739161
20220225,106871.3837541897,117999.36784813965,126218.74793517274
20220228,107255.3564962899,118301.42961033087,126314.42091439213
20220301,108303.33295624197,119133.19021199849,127389.72759816436
20220302,109329.24830060746,118333.00232853614,128238.5595622084
20220303,111351.67856513694,117739.1466830933,129602.6252638068
20220304,109748.26561047065,116425.59054988033,128978.51793886219
20220307,108576.70313960653,113009.42464268919,127581.99074171632
20220308,105898.61200401594,110342.0503232528,123190.89558054639
20220309,104109.69069270123,109059.78974526336,121611.18280092192
20220310,105561.9134457907,110817.71155887107,123124.7968209964
20220311,106441.96171290276,111332.13523057206,123922.31784964378
20220314,104667.36702776131,108123.46160778758,121236.05123236036
20220315,99803.70897317577,102889.8389114066,113746.74618937801
20220316,102730.94790916986,107062.06872246954,116449.58214146295
20220317,102590.02700414218,109124.42745653588,118507.5869566848
20220318,104677.02556226272,109946.23588809076,121627.7792798311
20220321,104642.95306319126,109917.0236440214,122134.95264603263
20220322,106266.51047715063,109845.90472421549,124203.64652514349
20220323,105882.55462773987,110428.15807027018,124538.13336400142
20220324,105485.49824602796,109709.54604374623,124119.11263054618
20220325,106169.17728989711,107889.93252274481,124018.69086111468
20220328,107594.46996568007,107440.62379658954,125540.43954167889
20220329,107055.7251932513,107034.29001673625,125311.61471367789
20220330,108212.16281451625,109906.32992526879,126925.36620437156
20220331,109681.3181606243,109068.83517025698,128350.75330256287
20220401,111160.35153720895,110283.2991131886,129661.15653185453
20220406,113877.2986430673,110010.55789053642,131847.6672675277
20220407,111120.29565273326,108374.9236884042,129300.44991358531
20220408,111798.53085265179,108829.64168149458,130680.23776809718
20220411,111902.74228781485,105459.5876181935,127787.38449021401
20220412,114221.4031889327,107429.60519142784,127419.75183856687
20220413,113109.31619797098,106303.45895730186,127169.27744171071
20220414,112332.11375140892,107661.72459984824,130202.25860405712
20220415,111690.03895721177,107374.73059207518,129430.51733454864
20220418,111220.5209184715,106951.2787859454,127703.98493359158
20220419,112198.2309374675,106410.30436900636,129203.70974234171
20220420,111996.8273378414,104593.92869899697,125458.46719366714
20220421,110177.65379564429,102305.61789173316,122552.1775824672
20220422,112221.10807129492,102570.05523803162,124138.927829175
20220425,109469.85334685001,97137.13216709514,117621.61756738079
20220426,109408.27924225589,95970.68166308069,115383.73303627202
20220427,111260.62088368706,99000.48604475209,116688.07170044619
20220428,112472.59345152699,99427.22526081771,118202.87863262271
20220429,113874.80417198122,102201.98646930706,121610.5442000721
20220505,115583.3350850705,102331.75748128966,122404.71221709858
20220506,116198.19535571506,99831.55282120711,119250.78262534238
20220509,115747.789219303,99408.31209946738,119588.05530683379
20220510,117625.59856223523,100591.00875945155,119646.94230555624
20220511,119384.7991451142,101905.58727531902,119550.15498928343
20220512,119111.18662175053,101585.45852485417,119265.13042922333
20220513,117576.61878134006,102403.03425550903,122333.79180683683
20220516,119465.2124401887,101758.68722396126,123596.74713585018
20220517,118155.18767515494,102837.10085318473,122775.20214324162
20220518,119880.68179651395,102487.38174226486,121931.68470975984
20220519,122504.51297650882,102831.39606810352,122453.70304560459
20220520,120266.60657611687,104751.3389174638,123768.92935424527
20220523,118319.83542786045,104442.44536310004,124118.74975668524
20220524,116424.67174049372,101668.97452266476,120913.79495698193
20220525,117337.79455266194,102563.03438766621,122916.85295501114
20220526,118402.38362801899,103098.96847647364,124444.99192998535
20220527,119997.84093888558,103233.5852518457,124351.97478740985
20220530,121745.8131664382,104005.24003231977,124384.98202238603
20220531,123083.20164891535,105593.98046056043,124466.56292379186
20220601,120597.17339838673,105457.39050502032,125104.38373767934
20220602,118441.13545170975,105886.61501033945,124195.50472146751
20220606,117474.01385629328,107855.79558807927,124659.62610420267
20220607,117833.49923167139,108116.9914123528,125163.44645878328
20220608,117265.6399080093,109082.73370070582,126176.75028599531
20220609,116415.26744899347,107873.39451966187,125575.7640262712
20220610,116825.67782075697,109639.9671222296,126730.81009803666
20220613,115345.07204943054,108651.62044897465,125188.45332517105
20220614,116556.74571151825,109482.62298235446,126957.0933803736
20220615,116532.19643647593,110532.97890734643,126929.1492358041
20220616,115750.91251931405,110075.82151291342,125149.95012270207
20220617,115380.40678403837,111477.06210176175,125167.52664676338
20220620,115420.44464116995,112036.4908009423,124628.44466762934
20220621,115916.20433414857,111771.16139365624,124839.02436933703
20220622,114657.11477783455,110295.30522619253,123181.24942184836
20220623,115229.02499538416,112278.91296311456,124900.39148232187
20220624,115185.17835064752,113600.53252002824,124844.76034788747
20220627,115283.53242472628,114757.45485822654,125975.68959427059
20220628,116080.56962378594,116083.64485106435,127105.9502384217
20220629,115561.87070504302,114253.33394027743,126657.21956475853
20220630,116706.72290123478,115947.83682552572,127194.28573673572
20220701,116048.02805797353,115521.41698931986,127679.3323692413
20220704,114911.73731571427,116463.11951891848,128124.3857306283
20220705,114794.72075235487,116290.48002058714,128308.89137392401
20220706,114019.40321866979,114627.16806612558,125877.34363476031
20220707,113155.94292884815,115198.5074314554,126848.7498174023
20220708,113265.21328375833,114771.75169574187,127013.2345383055
20220711,113343.13143593016,112997.67366646978,125437.52622888697
20220712,113813.12347626587,111959.14764490393,125668.04113475227
20220713,115873.15611268526,112257.78800445955,125876.50931060752
20220714,114022.4550001128,112432.62645148051,124500.02446541289
20220715,112921.6309103573,110745.53354608192,121974.06380508246
20220718,113633.6256138395,112121.040194506,125025.77440174922
20220719,114157.60010972955,111769.85817698711,125514.44548695281
20220720,114156.09811585145,112383.52088028431,125941.06657056701
20220721,113200.84058493953,111234.2930269832,124261.17203256863
20220722,113648.16016193992,111038.28189787995,123705.06784062552
20220725,113267.70892687872,110286.6654503311,123592.02263247129
20220726,113817.87217398758,111285.05606952055,125417.2467231526
20220727,113684.36558040816,110976.67278872583,125530.04334842571
20220728,113591.85214402694,111090.50417598343,126191.58382654059
20220729,113141.92989473013,109782.3573097056,125155.85753772227
20220801,112766.6636143264,110382.92910978553,125566.99076493167
20220802,110971.19304588137,108002.86267143264,122029.61493583098
20220803,110339.6770256629,107018.7321794298,120435.9229407355
20220804,110797.57618560352,107853.89032201933,121101.51074817377
20220805,111606.0021948602,109502.45206640605,122048.12007410341
20220808,111967.1144828539,109566.32803835788,123983.90497276481
20220809,111839.49663529453,109808.78874637531,124248.95861273611
20220810,111406.49515800468,108807.09419760216,123713.81967240633
20220811,112676.60952854935,110976.1588441239,125268.4755833394
20220812,113059.68992635958,110859.68064216645,126124.1350047913
20220815,112432.44028211155,110849.09888991636,126441.94821832863
20220816,112478.36230488178,110792.90088321379,127130.2542152835
20220817,113073.3385831922,111691.10901535924,127535.97433596049
20220818,112331.63832771542,110861.18943667633,126449.13426368573
20220819,112443.18529006254,109960.93286818897,127407.44270003868
20220822,112536.73088333302,110912.57288376885,128525.11276412377
20220823,112880.21560077423,110497.45799328863,129153.77887052654
20220824,112161.90058735324,108151.18524802783,126834.01199555265
20220825,113290.34032669048,109017.2461453237,129151.99307396663
20220826,113259.59035084733,108778.10772205434,128581.56679361299
20220829,113440.3790684088,108472.54012347151,129590.3689848568
20220830,114138.87534693751,108094.18144961011,128827.14239334599
20220831,113714.6261483446,107591.24994631115,127522.79801462282
20220901,114081.4514532886,106769.27815379351,128373.14004823794
20220902,114028.58312327809,106467.89920371627,128299.26521614745
20220905,115119.09451941367,106449.18611365739,130226.36257170419
20220906,115480.66097769327,107655.65821802925,132413.22189486586
20220907,115179.13908780407,107752.55329513745,132040.98474536862
20220908,115529.120773066,107286.50282357492,131566.24144469516
20220909,116055.14083063071,108592.16990714855,132950.75237394866
20220913,115804.94556423638,108866.09870893444,132054.00534524626
20220914,115337.46266960574,107739.55783877485,130958.5777344742
20220915,115646.04037744408,106369.58527240348,130715.78369146294
20220916,113414.43832072045,103831.65157199134,126664.73133940814
20220919,113753.89536558941,103568.7597305315,126736.85609086991
20220920,113597.30424752308,103868.4298148074,126854.46293775678
20220921,114441.31065108367,103378.55066888055,127879.10728744288
20220922,113909.73270627341,102642.18369187698,127737.36647152674
20220923,113975.43885588068,102047.45066957803,126391.46017798677
20220926,111774.73647366524,101304.83926566127,124106.14346160949
20220927,112637.65876947637,102905.09755953406,125580.2013735633
20220928,112450.77223027883,101000.95850668255,124033.62726354178
20220929,111530.14666973305,100980.72377349874,123446.36020730957
20220930,112048.39217115792,100288.45507885562,124153.3870667613
20221010,112116.44083253408,98282.34941698491,123797.31780499888
20221011,112308.0141159468,98627.63942674619,123813.67427285043
20221012,112997.01431376062,100340.45525947044,125547.34128822363
20221013,112626.26900120151,99763.87365920113,124405.80298163737
20221014,113134.34870076951,102166.64727137634,125839.39331490628
20221017,113651.16156761597,102427.46497926419,125874.90352234086
20221018,113871.69908903641,102352.65483590668,126012.81130452082
20221019,113093.00640488649,100854.20713215607,125003.7976749643
20221020,112786.7278376041,100363.43225420875,123824.35762219047
20221021,113052.25874829735,100161.16752061008,124410.30461760561
20221024,111368.37107979633,97725.60974938226,121718.17487305665
20221025,111042.38481846344,97490.53332398445,121224.86500270906
20221026,111045.31058437105,98516.6255572169,120923.72398585505
20221027,111634.0902107492,97967.67031481677,121248.60895376965
20221028,109850.19720535219,95399.88193958286,118043.92130923174
20221031,110752.64734059901,94862.74008096097,116339.59278838204
20221101,112693.46829766926,97936.07373489781,117873.41059641677
20221102,113271.18599984398,99048.34162925578,119336.93659457883
20221103,113252.91007719435,98449.45483326353,118694.32555999901
20221104,114070.579470389,101411.49561917291,121147.84145412412
20221107,114019.94744304278,101607.28281527104,122024.6889946001
20221108,114308.66364944482,101060.31910820332,122154.54354861351
20221109,113789.1775561548,100311.20630507238,122287.51824637636
20221110,113921.85860784598,99608.46782468175,122242.5261735273
20221111,115139.35327564117,101862.18281817116,124959.83422093377
20221114,115493.24947181912,101933.55687476162,125322.28234800817
20221115,115869.61666935959,103826.15052923445,126537.33832737293
20221116,115490.04701154797,103058.0181047999,126074.66415416996
20221117,115806.26199666032,102803.1493056792,125576.36976846434
20221118,115591.39994853927,102355.67793147577,124752.19322604507
20221121,114958.21077925272,101702.76821575688,124818.90629961166
20221122,116956.31262482882,101432.96381940132,124947.10792032919
20221123,117663.35741446525,101469.61174055049,125242.5115299955
20221124,117238.43368499097,101156.75163516981,126140.3500375553
20221125,118964.91151038109,101394.03985787228,127712.41960790339
20221128,118248.88417968625,100410.0268389213,127170.95037592802
20221129,119755.44077389699,103169.71662195961,130824.15725581642
20221130,119913.78452164342,103228.1209194175,130579.97600603744
20221201,119783.87704656352,104187.00204733505,129904.76918400884
20221202,119637.60030621954,103635.37062197208,129487.6342517209
20221205,122325.41608637717,105347.95517962547,131372.9811123441
20221206,122109.19643396046,105755.61970889442,130720.77963591892
20221207,121823.94823621961,105530.37430952462,129965.36054696806
20221208,122175.74869676513,105468.27144644936,130239.83462095217
20221209,120857.83134880578,106270.5187793522,131383.40302106776
20221212,120644.81369951225,105221.31005213234,129503.88785769058
20221213,121391.49081042549,104921.2288121749,130109.28717787356
20221214,121101.04784400274,105042.82994050355,129615.87015973237
20221215,120041.88986691528,105010.11186004261,128298.92091457071
20221216,121374.48637502598,104925.37524380248,129643.69429877304
20221219,119199.36935120402,103116.95653754054,126980.85733235566
20221220,118563.97979573553,101591.67725453731,125700.5969203581
20221221,118880.79763911455,101478.67368519206,125755.96375690166
20221222,118345.691983519,101290.31482410795,124870.31581097843
20221223,118039.71208020959,101067.39318854536,124712.99427723634
20221226,118100.67914033661,101728.46544585246,124405.93441626418
20221227,119036.73832303862,102850.05959921864,125700.13261325254
20221228,118948.5697660601,102418.07814821355,125908.80222695974
20221229,118107.16596022974,102112.37839244735,124784.08326669334
20221230,119436.19181474933,102438.36794689043,125627.31783000003
20230103,120206.76187701445,103165.5114538061,126441.4853398603
20230104,120941.7227841579,103249.80938161818,127439.43560256885
20230105,120980.9056013976,104999.62555464717,127786.21872221971
20230106,120353.38286689279,105252.93783583067,127520.97078758272
20230109,120095.9736529214,106009.6717032014,127449.65321616604
20230110,119806.70367529802,106132.35211519407,126727.5685201211
20230111,119986.03676462169,105839.6000923632,127412.30578123067
20230112,119757.63443684178,105999.26799604557,126919.87166551601
20230113,120603.13512177038,107302.55441480248,128009.05041696565
20230116,120760.90334425915,108861.41079995844,128501.66025506175
20230117,120784.80718208218,108875.88017601868,128307.83418236053
20230118,121077.442074086,108822.82273793707,128454.68523371255
20230119,121442.65623279812,109564.67974459889,128973.42913298507
20230120,121844.4771437705,110277.49337470342,130238.79171576121
20230130,121718.70379967602,110810.21714526533,129774.22174093021
20230131,121714.55895191734,109958.43840135328,130061.21210584347
20230201,122230.94094327703,111070.46400754177,130461.65198325209
20230202,121922.93449906263,110797.6199959692,130674.15605933274
20230203,121437.9417021774,109900.42690441255,129516.19699621874
20230206,121667.86229424087,108636.4499056361,128788.2777456533
20230207,121552.06695557546,108847.79493904067,129475.29082589877
20230208,121331.86300861069,108273.2636106297,128897.7813620699
20230209,121921.58947918349,109736.18305825672,129849.8766550316
20230210,122284.70921025472,109161.65356536218,129908.63650503899
20230213,122186.7523790614,110117.14265890709,130371.33353643793
20230214,122432.36726984021,110210.49335377855,131042.43016910423
20230215,122323.78556539836,109727.14130429595,130237.15449747506
20230216,121692.75616112053,108709.73657035221,129119.72444444761
20230217,121550.04960988005,107314.68350740761,129283.93629563648
20230220,122962.86861683565,109750.41014614748,132178.8896702741
20230221,123115.41766802188,110130.74200017694,133669.45262835323
20230222,123076.32436615428,109355.65847500155,133748.8677156912
20230223,123345.09201353097,109224.93482998897,133929.72604809294
20230224,123359.57844884356,108297.8999122256,133385.6966981693
20230227,123132.36071676247,107827.42217502091,133246.73743897487
20230228,123831.68793193443,108556.54436865394,133837.6675211108
20230301,125111.12009773472,109889.08524835823,134744.21357269675
20230302,126159.14520124446,109618.98716937302,135344.11978266144
20230303,128300.61721896016,109907.76897015412,135929.2595980315
20230306,128114.35777925601,109504.48765413291,135292.7474158631
20230307,127457.32611908778,107824.43946081337,134484.39874551367
20230308,127663.4385623038,107609.99974669874,134378.77816513687
20230309,127883.46340642926,107259.4950347445,133948.8212135488
20230310,126362.40062147699,105859.05106002909,131558.85539012332
20230313,127756.62847917245,106857.20489759838,133151.77020655596
20230314,127342.7159808283,106136.68209846519,132050.01373277555
20230315,128463.46848409978,106336.84333022888,133646.17155576096
20230316,128459.75407822107,105022.10695994791,132406.61301895697
20230317,129723.37063340785,105598.45728514639,133195.48793497987
20230320,130565.45693210399,105107.4217638652,132566.70610896003
20230321,129808.85114871946,106292.19989948712,132546.91805443895
20230322,130846.8028648219,106784.74237976174,133172.60116626802
20230323,131472.00321572393,107727.25804314125,133283.02339643505
20230324,130926.41163344032,107508.80589009881,132196.28618604215
20230327,130263.33096456999,107227.91864550636,131123.3510401015
20230328,129486.28230268537,106831.38652341806,131170.44606697952
20230329,128824.82852827891,106876.8742917201,130790.90000932185
20230330,129553.29046582415,107634.42312838814,131610.75063815442
20230331,129888.79340221932,108117.41358113293,132050.27660202916
20230403,130686.29300015283,109228.50123842293,132649.37277467427
20230404,132256.03564480465,109454.16880657291,133124.35037185642
20230406,132574.5275765315,109361.84600090528,132293.9764010556
20230407,131762.9358497237,110099.18580161959,132803.0198534147
20230410,131117.99698723215,109495.06227723716,132841.56020045208
20230411,131548.80970894574,109449.2936749205,133694.20805458535
20230412,132818.0321658116,109493.04137364175,135019.36482073637
20230413,133280.77773604114,108764.40559186411,135044.44740489832
20230414,133344.5087289827,109336.1634549412,134885.84295490757
20230417,135471.43943820804,110594.03369053706,136741.31986795107
20230418,135501.8623248827,110805.1639685187,137246.4488542508
20230419,136002.02696681404,109921.23615424066,137128.65485588444
20230420,135829.0860566096,109673.14408179943,137347.86066929513
20230421,135692.0718506102,107373.43104643896,135696.86603418516
20230424,135404.67774393773,106203.1241223937,135596.0828195299
20230425,136110.69458420225,105408.35651896511,136036.79883823218
20230426,135563.95284872607,105466.99943355961,136374.53582682917
20230427,136933.51453544234,106118.65549155313,136739.76693926254
20230428,137402.28873076304,107296.4109412932,138281.83512740408
20230504,141073.89843914745,107413.49486367435,141062.6475291183
20230505,142109.17924346973,106884.56143455154,141422.07980296234
20230508,146430.70768391725,108007.1118919806,144526.6385487046
20230509,144420.89536874657,107027.92628125472,143391.45767787157
20230510,142072.96345660702,106384.46947517812,140721.68039170376
20230511,142145.9817893817,106179.39273040045,140651.40001092906
20230512,142091.8343354119,104865.28594225686,139814.05143308386
20230515,142876.27617921898,106379.6916258968,139799.22789299936
20230516,142410.3745653329,105772.67899864502,138819.81991313174
20230517,141863.84069232625,105467.51704919442,138172.7829603578
20230518,142619.7277161601,105437.04564085037,139004.30555550597
20230519,140786.96309503142,105196.00011600465,137315.58203931537
20230522,140434.29223428067,105684.44021704615,137323.81384713794
20230523,138858.702674364,104297.97186446987,135589.72681241386
20230524,137276.36714983583,103024.87418452595,133656.14915830054
20230525,137420.58001869987,102786.51952677449,133047.09395540008
20230526,139261.387155971,103024.42264748282,134198.56129085948
20230529,140566.608206124,102667.88642852187,135289.80156585787
20230530,140078.99776731513,102915.77292312233,135246.41385263822
20230531,139458.19990429378,102137.27717289353,134177.7303311474
20230601,139165.06270977456,102376.63035158585,133719.4306451976
20230602,139045.50522951336,103717.65131722167,134545.36726870632
20230605,139797.7473110074,103340.75554995927,135249.4811368095
20230606,139111.77494121133,102128.5474567268,134263.35284732762
20230607,140678.7414031103,101797.4239628139,135300.98493823467
20230608,142446.9101324317,102345.73677446163,136722.2089874855
20230609,141843.89774889636,102908.91359820325,136475.63191304173
20230612,139780.69282387343,103152.5380236407,135716.13977929697
20230613,139920.95090014298,103674.47262859537,135485.7863094407
20230614,138748.62121167636,103765.81159745362,134894.9676610101
20230615,139349.44117566067,105259.73291767453,135208.10780210944
20230616,138696.7018143714,106270.54814761516,134832.96480444993
20230619,137328.0248804453,105639.18188829855,133241.74720906786
20230620,136776.36448228674,105513.49122935181,132252.4587739935
20230621,136947.91705241386,103776.0941605247,131270.706400402
20230626,135826.54276500517,102261.08459197753,129627.50783875401
20230627,137385.47469655992,103283.03957116463,131882.8331733855
20230628,138447.58089777615,103243.36488341351,132757.67347852813
20230629,137926.91045184064,102901.3714611702,132547.039488605
20230630,138526.80326925105,103694.31456126201,133033.9319204349
20230703,139839.99407009422,104910.55161307019,134434.78360253028
20230704,138743.90962146013,105096.25631738867,133774.17745317554
20230705,138941.56625479832,104376.08410189467,133609.0927046282
20230706,138170.06425312016,103744.77107255466,133070.2650229243
20230707,138961.1137764828,103310.53744288332,133587.0988341963
20230710,139451.27122565225,103786.82458960607,134135.33266354055
20230711,140165.1788680443,104502.50713189912,134397.12043876306
20230712,138883.3596797105,103776.48879655832,133712.2145984583
20230713,141377.87554122796,105382.07743015952,135147.87359846223
20230714,141649.56354932336,105371.02395018555,135367.6994404385
20230717,141729.6571069916,104760.65783440632,134634.04563995983
20230718,141779.09935693874,104516.84067974314,134637.71580904978
20230719,142322.691087214,104422.53368080885,135365.07360517682
20230720,142137.7096092884,103583.84033356473,134902.3922887876
20230721,142592.64693705444,103611.84847885245,134993.42648286297
20230724,142559.92663865729,103239.30655657483,135036.6770469068
20230725,143547.51329566207,105900.33182466119,137293.34530055136
20230726,144246.68414188127,105682.63957542303,137615.4801417637
20230727,144454.92333243246,105406.88994133323,137761.51686988436
20230728,146756.6682178308,107627.91255159177,140286.3989090926
20230731,147673.3645241352,108275.51946032881,141365.96721777538
20230801,147426.28502223454,107992.84442272825,141494.64743197098
20230802,146114.71961643753,107337.55037115977,140204.60514073682
20230803,147031.68827533355,108137.48495335403,140975.6963802975
20230804,146820.73272335707,108593.8567467527,140586.00271226783
20230807,145556.6311690806,107811.39628102345,139359.26905203846
20230808,145436.29719163475,107490.30571994644,139164.9786722317
20230809,145087.67739022503,107063.90790993783,138597.32680541356
20230810,145463.61389417888,107284.94997667057,139163.21430523047
20230811,143280.50260203172,104940.8339632214,137017.95404145404
20230814,142563.62799525322,104390.07807919814,136945.5378479937
20230815,143529.05865027383,104032.29003802824,137854.06541944254
20230816,143117.80991210774,103254.14120040572,137786.12228920546
20230817,142830.26783160685,103699.3181790649,137798.68858243828
20230818,143097.36837772702,102318.31048788394,137199.87813724278
20230821,142069.97777931576,100920.60326817371,135769.86368300542
20230822,142266.41486737446,101637.15033870784,136853.73933299072
20230823,141340.86187987946,99891.85687817566,136474.19756124477
20230824,140347.7943556006,100537.66314528955,135828.54210068964
20230825,141498.98670297285,99979.39449249623,136149.9383364448
20230828,142866.45210446062,101152.44000706307,138030.7007001394
20230829,142483.73312544267,102486.03630871771,138294.4099924604
20230830,141041.97296374026,102476.32092022516,137289.0808183663
20230831,140656.4969104048,101854.93803480065,135873.3927384512
20230901,141393.15110531586,102440.98906436018,137323.61383792327
20230904,143230.14028960018,103955.87198227331,139451.17185756058
20230905,142524.6670271203,103193.08641721508,138366.6761790097
20230906,142752.52384505622,103034.6721712581,138338.04628856113
20230907,142011.48404643065,101558.02673172716,137610.67420606167
20230908,141864.22388036802,101214.97605201708,136710.92275322689
20230911,142649.83099519106,102074.38687326749,137747.4462216295
20230912,142549.8736414463,101917.97334022507,137569.89947036846
20230913,142564.53542197234,101182.38462219016,137952.09565012105
20230914,143631.87332906848,101058.19174465469,139333.7078743985
20230915,143192.77145215403,100585.23973129509,139101.34716920886
20230918,143965.81181897092,101034.29332066582,139255.63570607363
20230919,144178.99322877533,100743.46859009212,140187.44577875195
20230920,144666.92643785966,100286.41765561233,140374.0300892434
20230921,143626.56995787864,99440.65022802622,139459.5208136375
20230922,144437.544774432,101173.6457284412,140056.42259946978
20230925,144279.96046131614,100538.01556444514,139776.66971085453
20230926,143858.2850593841,100014.49140225747,139145.04489671133
20230927,143316.29184280988,100298.91568702096,138665.50280352205
20230928,143489.23511916844,100157.40104088467,138690.1310810391
20231009,142619.83657834548,99911.04169595845,138195.3525716006
20231010,142033.53085845965,99230.21377525717,136822.59504098582
20231011,141884.9291746501,99438.54121964193,136397.00543346463
20231012,143124.60792070848,100330.13415055418,137777.58189573736
20231013,142358.1719240744,99373.29411691286,137604.10247472118
20231016,142599.4087578658,98396.58461785835,137899.56037260286
20231017,142669.49043831546,98720.8377737535,138167.7127267649
20231018,141548.6510301188,97817.70862204477,136894.03547520583
20231019,139951.9660857223,95995.75848862108,134611.73604069615
20231020,139670.63982140692,95350.43679784612,133917.58834603452
20231023,137797.9288928024,94009.24880021467,132124.21143688407
20231024,138708.36483286566,94553.83918453145,133129.37917496913
20231025,139649.93424521497,95052.43703352645,134316.53958343083
20231026,140483.86461412805,95352.36041907042,134961.19071200065
20231027,141588.24994824297,96754.5866802446,135506.17010569415
20231030,141052.45804744726,97433.92966814963,134113.85310251795
20231031,140741.767938616,97124.34412408971,134361.79309689626
20231101,141008.0653146043,97010.5494471608,134201.78001057907
20231102,141070.72025372955,96440.19391864036,134423.66023291787
20231103,140460.34467013544,97276.83882954255,133794.42267161593
20231106,140618.03526865598,98685.36274760659,133582.11860475
20231107,140643.44978067972,98455.39639996491,133517.65992076063
20231108,140109.44126690022,98268.6858326398,133369.30737166104
20231109,140400.07330497264,98230.37309808377,134244.4519765375
20231110,140034.76034655166,97614.71885945414,133758.3024360765
20231113,139991.06307539737,97622.40783780203,133997.41059498812
20231114,140387.51119999442,97790.51361053792,133813.23639553395
20231115,140874.61157121896,98452.6688225419,134465.04356807866
20231116,140874.71191947357,97500.51669787656,134297.4087020438
20231117,140975.4454629972,97515.94421351608,133950.38842860976
20231120,140951.59786417775,97812.40214403004,134288.2911391275
20231121,140947.61461934441,97821.51181209892,134785.9054935031
20231122,140863.67555312233,96781.27876024814,134376.60663652
20231123,141619.60222068007,97355.13828964376,135429.0222656687
20231124,141869.4223186838,96641.30227688471,135512.9518467101
20231127,141598.98582535013,96101.43651187267,135154.8710637026
20231128,141468.76714457956,96348.56493818531,135144.75774062448
20231129,140609.92044618336,95570.45281089151,134197.1969422877
20231130,140802.99997970712,95691.61341527569,134640.40021843865
20231201,140792.16285198627,95524.81453024178,135043.8745213619
20231204,140963.99909413097,95032.55839053109,135057.82659272518
20231205,139843.16098092767,93256.24286672425,133315.1891640722
20231206,139440.65657654183,93462.13274528281,133257.9993864003
20231207,139860.1031267606,93292.62463799027,133459.57867344606
20231208,139097.1823894348,93540.69835526714,133434.49323200964
20231211,139828.21531007375,94251.28917496839,135476.0015729296
20231212,140424.21610938403,94404.41162704214,136507.35337449476
20231213,139703.590274873,92987.79491701447,135379.69713604663
20231214,139677.54064891726,92550.45008698512,135256.24144826672
20231215,139060.65184815854,92158.45719704159,134457.7775190357
20231218,138333.94230964364,91614.92039915876,134157.26367393357
20231219,138233.5928738705,91683.35579393612,133923.4143287316
20231220,137737.4367863333,90684.13735683431,133324.0410004604
20231221,137632.32658603822,91489.01498478907,133191.25202553975
20231222,137357.78949779068,91490.38060901701,132885.14077970022
20231225,136900.69875202695,91715.37637815163,133093.214651675
20231226,137179.57198394067,90996.35870249545,132308.56993054322
20231227,137244.8397993885,91354.56157037975,133068.40779450195
20231228,137988.8750647691,93371.68033086284,132897.97422809838
20231229,138544.24443215015,93919.22773215704,133593.49770042975
20240102,139519.31919727373,92931.45741106282,134973.1626921383
20240103,140600.07813804282,92732.7517438324,136403.00285263144
20240104,140902.11184846453,91893.14063837059,136993.75721238586
20240105,140813.16050682214,91192.54237014364,137076.7253205594
20240108,138713.35610916477,89799.93054405808,135645.97083222764
20240109,139025.94230650476,89989.11538753808,136408.94312630832
20240110,138827.87405877133,89577.43841934136,135659.44716738735
20240111,139532.90354450428,90254.44663034056,134962.03646525144
20240112,139928.21939160128,89941.9334375662,135280.26826950244
20240115,140095.54735555605,89817.0430637853,135954.92792346503
20240116,140079.55923674215,90203.03197946865,136428.97404916157
20240117,138523.459849815,88166.87891355048,134519.2174925202
20240118,136748.9547210873,89105.75107680573,133637.41258079393
20240119,136278.0938996784,88781.02068663733,132851.82067316675
20240122,131217.5259737408,86658.68828856082,128459.4225948267
20240123,132175.11682678803,87313.63726303942,129998.31349372881
20240124,134891.35549257646,88533.85004344667,132888.87666610355
20240125,138813.17095429706,90499.59086338655,136717.7730688307
20240126,140373.09339048373,90103.2312798432,138505.73401417423
20240129,138850.5596278297,89044.41362408405,138876.80110976542
20240130,137218.93466384418,87340.00812766678,137050.55411481456
20240131,134889.68735929558,86197.12014813352,136541.56495067093
20240201,133444.42512179338,86159.49940327361,135182.63377134164
20240202,131618.78914622372,84860.19789069793,135075.44454726664
20240205,127993.3907048518,84797.77564776293,134964.68944462086
20240206,132994.79346948562,88631.87212764622,138149.4618859226
20240207,136687.3572546739,90681.86131645442,140868.99003561234
20240208,138899.3629588616,91297.1980107407,141070.2535938263
20240219,137992.2962570786,92035.57671375746,143885.81902523365
20240220,138664.91465866598,92173.66261519243,145535.0278637837
20240221,138588.90802379,93086.12903900802,145568.9879998043
20240222,138990.05281208616,93856.15388088746,147692.53726332393
20240223,139264.37054952903,94016.81663447781,147170.15462498096
20240226,137937.01451667649,93277.89094756334,144579.71242246518
20240227,139109.15065421484,94629.21833798393,145338.62452948728
20240228,137865.41036290326,93162.8150801625,143979.32190447347
20240229,139755.41965959017,95236.7706070677,145637.97689250685
20240301,139321.738298688,95821.5092423759,145644.0057416931
20240304,138523.78323091593,95928.27022032437,146330.31450377536
20240305,138101.03328314552,96249.83250912526,147121.0080750149
20240306,137756.10471908422,95952.18883499404,147079.87618000974
20240307,137917.34892940155,95186.92899378091,147784.2343450823
20240308,138064.51438053363,95826.94237102469,148601.70343562256
20240311,139002.62082814836,97139.85056693596,147479.9774703906
20240312,139399.72249403436,97224.1044423536,144700.74371283533
20240313,138945.32557156892,96680.93658327426,144091.59564851382
20240314,138923.06862418677,96374.88440835247,144476.2633707053
20240315,139714.53530648426,96814.87421756523,144470.02594048085
20240318,140084.5771892656,97831.48050185955,144125.49578176998
20240319,139303.05136047944,97079.64929888779,143601.76593850218
20240320,139577.97164384273,97305.45269525397,144163.67896949538
20240321,139022.11901067896,97091.31951238406,144341.59002325463
20240322,137669.18290934572,95991.24311818999,143854.94903158039
20240325,136944.4437605377,95188.73330643689,143979.47762593348
20240326,137178.18328328268,95500.77660700382,143882.53601683793
20240327,136041.23949664005,94087.22704493967,143396.65220290507
20240328,135933.05787422135,94763.10274229827,143260.9730948319
20240329,137669.15873985802,95386.43127514428,144742.38420270075
20240401,139134.44260904938,97085.59270110562,145175.60416176316
20240402,140478.0645799086,96692.95738040967,145715.32188447253
20240403,140739.30976040603,96404.46742674179,147156.9011572319
20240408,140330.7879338395,95422.60196202024,146919.32164017556
20240409,139876.40052024444,95570.24172650145,146383.98126199385
20240410,139653.8385431994,94680.65134402021,146724.51552232227
20240411,140266.2419987798,94793.89353050206,148016.44647199818
20240412,139337.09863820858,94111.02268000819,147516.48486662423
20240415,141305.66362136693,95867.45588978678,150244.47197745898
20240416,140509.2521044892,94418.43864364146,149746.26759589996
20240417,142294.48073887307,96194.48618204873,152498.5529690475
20240418,142530.72800168002,96335.15281959188,153153.81458645774
20240419,142995.8773285191,95612.04561331763,153607.16975889247
20240422,142121.73801645727,95192.39883275838,150490.20758456373
20240423,140925.774280452,94429.38015711286,147986.6193835359
20240424,141367.09315442314,94992.57166498595,148198.96488088203
20240425,141637.48821022082,95149.73775976687,148940.43332710688
20240426,142404.35254697286,96760.1207622973,148008.48467661545
20240429,141665.3459305561,98052.03615673695,147875.57141025426
20240430,142425.75402061158,97539.32318635374,148149.34688062416
20240506,143352.858393113,99017.92161537193,149621.71757198815
20240507,143294.48843751548,99033.5124919742,149680.43170560358
20240508,142601.41846152465,98139.63617861632,149859.62853288598
20240509,143512.05336956793,99283.75211864484,150925.75765097752
20240510,144150.07204579143,99236.63808278106,151742.0338294157
20240513,144984.90624411273,99064.58778522549,152169.7578209853
20240514,144702.15756491412,98899.98417784832,151732.9719833521
20240515,143863.01770891546,98091.56033214038,151630.87156515426
20240516,143956.50464441004,98291.34528303481,151995.689801423
20240517,145170.2972084216,99371.35581155708,153564.28635462135
20240520,145410.73020562687,99783.61463846383,155003.9641112037
20240521,145500.92755658203,99306.85759953363,155540.27167680228
20240522,145663.9315262414,99450.45188579123,155475.37154390328
20240523,144256.78461514617,98109.19413853524,153502.4777927269
20240524,144082.47564361276,97094.72806640458,153138.4095910133
20240527,145461.86928342743,98059.81691090661,155349.07715391173
20240528,144816.93583164335,97280.0564898538,154610.80171193602
20240529,144922.07552894452,97450.28595510547,154955.1947214711
20240530,144425.18811869124,97004.40046710221,153698.27824210475
20240531,143921.30481051034,96727.39350425417,153826.33414182297
20240603,142944.31545550894,96749.29855739421,152885.03791781835
20240604,143615.37776696924,97616.32310081868,153664.65383583744
20240605,143141.8850908184,96941.74511357992,151707.41223434938
20240606,142740.84149704274,96701.22087540184,152176.96529590114
20240607,144044.28094749234,96312.04366767021,153373.14469130902
20240611,142490.3934206753,95738.52554433157,150823.75295147527
20240612,142540.04595994297,95854.13187598223,152580.58246254918
20240613,142015.7726167559,95368.0026901329,150938.8439681685
20240614,142903.54749299266,95879.84011917641,151019.52482810814
20240617,141964.66870350388,95752.04779391114,149092.27317972865
20240618,141953.6952640271,96063.95893729472,149639.16551869712
20240619,141818.38930571533,95551.0844414652,149202.07680996732
20240620,141150.36451019018,94706.3761068623,148881.88634404942
20240621,141050.08836175315,94614.27906971623,148947.83938260013
20240624,140282.7979353299,93736.10009291384,147165.05581864307
20240625,140129.482518011,93148.2796255106,147637.39329419105
20240626,140908.7483170851,94000.51908404793,148232.92358826532
20240627,140461.090418268,93085.37280623663,147481.67754871564
20240628,140608.73537201318,93373.40204527925,148327.08649791367
20240701,142160.62204223787,93994.66562213545,151557.74962489345
20240702,142714.41249811946,93613.85653383279,151364.36500110183
20240703,142717.1011045656,93273.40127436236,150175.9773932442
20240704,141733.01276002268,92568.0380054691,149245.6931051466
20240705,140755.65615157934,92454.60125424509,148828.77675435762
20240708,140204.65868054188,91514.88291791314,148030.77570359493
20240709,141795.94313145187,92806.3798146055,149693.5408809906
20240710,141204.07538552693,92514.9750608382,146992.13928070257
20240711,141785.01609987728,93913.87720174785,147454.82774027804
20240712,142524.60852132566,94016.62757628497,147322.56450386465
20240715,143246.26269741473,93942.68563220142,148609.6209432506
20240716,143638.9291558364,94544.76439127483,147903.67556219554
20240717,144527.81426707155,94438.9285136098,147080.73193372125
20240718,144857.25215672335,94959.95453792892,147446.28020362367
20240719,145110.5882313844,95357.19333384484,146499.9323183104
20240722,143907.31429348793,94840.31374115327,145146.6742574926
20240723,143013.87285871856,92642.60769617357,143345.51841852715
20240724,143148.86483295434,91961.89724852415,143119.36514217977
20240725,142679.5465737678,91570.0273381818,142775.9407486988
20240726,142387.87993860405,92204.34510792654,142872.6509185602
20240729,143028.17437664617,91707.06699524859,143008.15716152638
20240730,142900.14179592286,91246.44414578553,142150.927667739
20240731,144072.17819276688,93629.25101017648,144399.2198211989
20240801,144791.50896574906,93008.11041292145,144144.6009476865
20240802,144190.9082893366,91988.49388167307,143776.3111229053
20240805,143224.2111610069,90698.12215655559,142119.41478732412
20240806,142806.26398833795,90965.37518506596,141673.27280435423
20240807,142737.55169090783,90941.15187466801,142055.7589974681
20240808,143795.21577143163,91001.56789813911,142721.1896548091
20240809,143731.0453952196,90622.83844995777,142123.1392446295
20240812,143696.42361227522,90475.70528801272,142916.30150103345
20240813,144407.94172405737,90734.94078073325,143133.88295389325
20240814,143989.21704051876,89925.68361056362,142545.15583039363
20240815,145456.1513223147,90756.44385577393,143821.900366124
20240816,145513.4737987312,90729.51315863378,143830.9079239722
20240819,146642.21760906078,91022.54417996285,145043.72237149498
20240820,145576.265083785,90146.32920574634,143375.78695589904
20240821,144952.85636059672,89851.77287025946,142248.68931461486
20240822,144811.9997713107,89422.12252512731,142023.9846764369
20240823,144814.39862126907,89745.07246435335,142171.86291797017
20240826,144680.38378250154,89738.29390215744,142011.7198256634
20240827,143714.50622627305,89117.0743776957,141984.74858305973
20240828,142924.64821792932,88796.1086317363,141379.42069473915
20240829,139404.76056365127,88893.00003781164,139329.81626653517
20240830,138248.4579781746,90177.13284256519,139815.6857940955
20240902,137327.6662170656,88589.41112594616,140330.2323571336
20240903,137140.00729932962,89000.06387597194,139326.1846706509
20240904,136756.06110594785,88497.28288502069,139145.1134712992
20240905,137326.22270351902,88710.66534166854,139236.12909309036
20240906,136954.04449528886,87865.46141762807,137892.8072043319
20240909,135554.45520900429,86944.93524114465,135564.4227894785
20240910,135273.13374606144,87006.86556567496,135677.7351527981
20240911,132059.3132536086,86858.13917546399,133080.51549517817
20240912,132447.2246694287,86490.79727124784,133473.26358964396
20240913,132302.08019624386,86012.04869698524,132941.65766922833
20240918,132182.65524892986,86310.15675677461,134467.4579650277
20240919,133600.7777704377,87108.23746736911,134928.19062021072
20240920,133328.77825197854,87110.30792990823,134799.62326835774
20240923,134773.49063428483,87332.61283194856,136233.16645659748
20240924,139982.67162914277,91117.74507540118,142383.55409945673
20240925,142345.82163738954,92340.0411669626,144360.9752020718
20240926,147098.59229730006,96287.27887992382,149606.25114514204
20240927,149605.96460679625,100797.57227254189,151783.3900204688
20240930,160050.93283581774,109832.73122275865,161515.21409379216
20241008,165144.811828895,116689.65712185884,163055.15646970877
20241009,154912.14984559303,108530.22489848676,150591.2593830216
20241010,157811.50753647284,109200.60505963776,155264.857559509
20241011,154619.03209197999,105883.66166439491,152540.8334884
20241014,156669.08331355947,108062.63075760208,156547.75809314073
20241015,155031.9487511568,105257.14851053349,153080.82408082372
20241016,157434.36480252162,104706.86251871768,155189.94267950204
20241017,155333.34778447583,103619.45302344434,152599.1947486152
20241018,156706.12249651886,107545.93471655405,153932.55617848109
20241021,155836.02407905992,108062.32973290666,152937.87178052135
20241022,156701.3922747335,108764.84795132503,153928.22883625713
20241023,157192.24924860237,109195.171930989,154204.99873029866
20241024,156863.68500427445,108052.14995875594,153459.28723144744
20241025,156435.30496419544,109024.53314557223,153614.29580148516
20241028,157907.02134652354,109538.95865278966,155140.77327134
20241029,156404.71097764734,108387.16658302832,152771.6841240186
20241030,156240.1122674762,107794.28926784554,151454.0162743212
20241031,156747.59292017843,108135.76874548692,150881.51989859535
20241101,158252.794988638,107788.47618729464,152108.73786685173
20241104,160079.19417430952,109377.51396919784,153417.7738902971
20241105,161770.5377801275,112303.76585564985,155385.7531293406
20241106,161807.39883119223,111959.25594037361,154816.55976293192
20241107,165036.12586668192,115014.80160453504,157909.84227487625
20241108,163356.39740826833,114080.59899509147,155765.35490385094
20241111,162146.96652836565,115159.04015706146,154666.93144077
20241112,160188.83045001363,113907.5593541772,153857.86845179653
20241113,160485.69815205655,114416.49116070352,154518.2345900936
20241114,158592.44314897122,112082.11072642764,152523.4498303672
20241115,158297.41645747237,109893.46295505665,152064.34010709779
20241118,160446.32653658168,109081.17718276862,154573.03997219872
20241119,160549.68034301663,110123.67709741711,154701.07301372098
20241120,161385.44108276843,110573.88339110927,155162.6899953605
20241121,160947.679912412,110617.17588175456,155031.68253108807
20241122,158089.5550103551,106952.95277693446,150827.56455565276
20241125,159081.64069182964,106527.24512110554,151062.56538247655
20241126,158636.52107993144,106148.0127414209,151119.95659800043
20241127,160494.92103572245,108070.00586263949,152761.0979220114
20241128,161257.13544255047,107147.8277213642,152210.86685779452
20241129,161629.27470810103,108509.35691213273,153171.4053968915
20241202,163224.41262133987,109588.53962274262,153977.32252664497
20241203,165098.2122494674,109620.70154172367,155547.99631840183
20241204,164987.8695393608,108929.96917433699,155805.3696045282
20241205,164346.92099654814,108858.52169708913,155546.02908491142
20241206,166356.90629386905,110290.00609024354,157673.3956671575
20241209,167120.20167451265,110000.9801657765,157931.76757072023
20241210,166790.3750415191,110816.8525371793,157963.1975901747
20241211,167284.55015023914,110945.63604131968,158831.1304342236
20241212,168305.50613592568,112017.0820501544,159452.96479730675
20241213,165094.44175323562,109524.46357949934,156664.0320214753
20241216,167525.6235781189,108722.68980983684,157975.28814720394
20241217,165147.43784315715,108622.60827619677,157405.17902431934
20241218,166023.65483736468,109227.36321823299,158381.3725703791
20241219,164480.37310358984,109364.70757102805,156857.5195071487
20241220,163699.23653176185,109144.12805443701,155551.30504226804
20241223,163858.03091948084,108789.60539700568,155628.47002594048
20241224,165211.69618421132,110189.15731073348,157413.54369540597
20241225,165577.17995195347,109965.63179026362,158025.4161709593
20241226,164491.23776737126,110229.11833904851,157296.21257550793
20241227,166021.92500532628,110158.73362581676,157630.25939409353
20241230,166245.75430132283,110537.31623268328,159527.24536237563
20241231,165456.65189794332,108386.94815657249,158651.8421741573
20250102,161428.75606986394,105168.74086142256,155488.1535613605
20250103,159729.30971559114,103671.83499147769,154186.71503079965
20250106,159741.90947740214,103541.80517167768,154750.9695982422
20250107,159313.4766555876,104395.70944362193,154342.5750686371
20250108,159644.167647252,104165.1061717772,154069.07103934433
20250109,157852.544211029,103949.10626869243,151791.62754284038
20250110,156223.1450929252,102579.03825546644,149594.88776447202
20250113,155622.2582492817,102433.90580643599,148435.4743486396
20250114,157834.02562253762,105366.58016489544,151164.427218254
20250115,157621.49339802412,104622.82523423943,151214.68524799895
20250116,158409.69670197566,104823.98498694398,152439.83740679483
20250117,158551.0108284026,105273.01655011749,152015.09926707338
20250120,158113.23442793282,105770.60302955659,151790.30033883706
20250121,157462.54838886086,105927.02574018118,150850.13702417005
20250122,156526.34943471523,105079.23924451612,149449.94822975772
20250123,158295.8077343783,105140.12332467826,151066.566995408
20250124,158810.96201735025,106106.70811507515,152156.54006916747
20250127,161067.42135924133,105495.1599267115,154082.31450663263
20250205,158948.12462115337,105163.34444310247,151045.7888952741
20250206,159290.42649017705,106789.64137312782,151169.53459641532
20250207,159914.39273543732,108230.95128576091,152186.52145045254
20250210,159801.05804009648,108666.0677988377,152013.01202805416
20250211,160278.20167906018,108151.22930042229,152589.19285924244
20250212,160203.75549498753,109303.5481634006,152623.62444555483
20250213,160087.48157952604,108796.80062143244,152679.7527457515
20250214,160477.91834537708,109732.56892639543,152976.95072380122
20250217,160828.94810045682,109909.67240069764,152333.43250456898
20250218,160616.80596164064,108676.65138660418,151821.38748535202
20250219,160719.92242428905,109737.40184116982,151395.00355552096
20250220,160496.39059809793,109571.46931989344,151033.44404081473
20250221,159673.1591291316,111071.83146728615,150062.0264290748
20250224,159160.84968881065,110833.94486622573,150189.1279991114
20250225,158325.76187646922,109613.71923720342,149194.90076507095
20250226,159710.16914588245,110665.39856954533,151065.76410127466
20250227,160464.1839327856,110723.92584660443,152735.8067568113
20250228,159357.79283519974,108302.12343554346,151621.99829920736
20250303,159015.50380842827,108395.4741304149,151457.9421694785
20250304,159260.50004338194,108578.02358198095,151472.64856130874
20250305,159722.37590655457,108998.20816885577,152190.6030670699
20250306,158976.29033963187,110570.42527814498,152154.58997932405
20250307,158741.25383059503,110155.13417808693,152360.58232682865
20250310,158861.3454798813,109841.11586183554,152807.28862151148
20250311,159661.4871763971,110251.76126979559,153780.72918359452
20250312,159111.63538294955,109938.14493164353,153162.1864007306
20250313,159995.98462948579,109391.90625356778,154233.2214591315
20250314,160534.53057309703,111857.8179600878,155406.51980037653
20250317,160844.3798148832,111695.3435517757,155980.24051822387
20250318,160611.24126597116,112042.2065991221,155712.55675707918
20250319,160879.64468966486,111939.18456815254,155947.43186382516
20250320,160800.52674701338,111012.99765898233,155517.9120752349
20250321,160512.00676895696,109350.04730125854,154855.8501445245
20250324,160790.31035090267,109751.20308924757,155722.73436883345
20250325,162132.52973136425,109592.07115636436,156709.73555567383
20250326,162136.30699570756,109333.86538836407,156491.42264054308
20250327,162011.35559070535,109646.46668592737,156344.51444370116
20250328,161674.64031909357,109093.85509478791,155209.34214469168
20250331,161848.87279589102,108241.55873524107,154396.20753956164
20250401,163526.71440560796,108425.33064075308,155895.72662454806
20250402,163283.03265453572,108387.4565946251,156461.7841321975
20250403,164793.27912133822,107658.26465136751,156673.382452263
20250407,157586.5432238609,99367.19653131448,146220.67945273194
20250408,161917.15961673087,100821.83412878498,149956.96730313648
20250409,163416.21567556527,102107.34907741437,150403.6935987408
20250410,162888.06884097113,103604.55230102174,151825.82626128133
20250411,162437.42801637048,104101.11639780634,151142.20190858797
20250414,162855.83536288867,104499.46384564921,152495.87713148215
20250415,163621.0212818188,104423.98557430923,153227.3665465302
20250416,165099.30527942828,104453.24921283878,153923.9429245133
20250417,165220.62354371347,104442.94278805402,153605.77398030122
20250418,164947.02193658348,104487.5219757205,153711.36598793304
20250421,164653.33510618328,105135.52352049116,153502.66494420636
20250422,165302.48367591403,105077.28074847955,154098.04951728135
20250423,166960.04052216472,105189.42896716592,153411.58503373904
20250424,169247.02353478086,104999.78524457705,154235.77443389356
20250425,168612.04808556114,105166.72913540935,154033.36082269505
20250428,169016.1059733419,104916.7060996781,154007.63249449708
20250429,167827.72688585258,104814.12275713657,153678.88163418957
20250430,165485.59364425114,104870.07847566967,152734.0366752611
20250506,167658.65870729333,106176.70002778972,153119.80730540803
20250507,168277.28120688602,106700.49584640986,154156.04790363557
20250508,168132.9006771148,107254.00133405333,154398.42192729595
20250509,169349.7484323339,106884.51921767353,155266.55478055956
20250512,168987.3757638151,108152.3306102835,155803.8881077021
20250513,170031.45541520722,108217.95399388185,156893.1040037202
20250514,171232.50069189412,109281.01719915611,157778.5933709089
20250515,171290.41650570516,108152.76929871159,157232.39534964287
20250516,170287.9203210425,107783.82315313091,156358.89796351333
20250519,172461.92744583212,107566.39154722657,156864.9655644849
20250520,171410.45960111913,108143.19340946812,157357.7082658451
20250521,172584.75899409925,108596.57698210994,158612.67179809356
20250522,172067.42289172564,108296.14515851336,158368.10053034584
20250523,170391.2500583513,107420.85712009673,156873.75596947144
20250526,170736.05804839334,107054.6917819157,155834.86667778622
20250527,172263.9289265919,106548.86934023096,155429.8280170765
20250528,173270.6839539258,106422.88499865455,155968.85427935788
20250529,173229.79820677039,107296.74867631734,156283.7730738309
20250530,172677.85690118448,106709.00162957149,156522.35120832355
20250603,172858.30761117922,107067.94788161211,157094.13612269994
20250604,172818.3372184825,107635.70615437647,157669.9726523115
20250605,171783.0248142537,107988.61722837754,156767.3096367654
20250606,173121.54771657,107942.6522258023,156882.7806709666
20250609,173323.62190353862,108398.09524788466,157301.3556696005
20250610,173996.63731074583,107761.37295160955,157305.92730879388
20250611,174063.3440008814,108575.81912674206,157938.40787664862
20250612,173959.63781740097,108664.06157937381,158030.72212969814
20250613,173176.8289850791,107855.6524177973,157066.82057851952
20250616,174518.0462305909,108193.18369958615,157423.351290113
20250617,175840.49662801213,108058.10253855595,157408.01201198198
20250618,175588.6790387383,108156.2806416525,157403.00892433972
20250619,175618.3007977163,107180.84131997128,156465.4528726502
20250620,175770.13553236437,107165.35873883868,156967.8631622671
20250623,177910.79179593053,107579.91196128969,157515.53410853574
20250624,177283.05785580497,108986.33237751873,158019.95020484872
20250625,178313.63839372518,110688.15897334425,159050.7219796912
20250626,178395.11792402904,110372.58413915565,159168.26168062745
20250627,176360.6194058517,110065.04336040474,158528.1150453003
20250630,175961.77571010322,110698.41400366885,158443.1282726954
20250701,176863.70485919275,110935.63614777963,159733.68201606433
20250702,177885.70376761066,110751.62378961459,160880.00054288216
20250703,178067.22803268358,111415.37957195022,160964.67158665525
20250704,179475.71010790463,111671.39373332664,161852.1467596186
20250707,180550.91777386487,111302.95051924924,162672.97886224044
20250708,180162.0610162269,112373.43471747181,162592.94517497413
20250709,181247.37787356184,112126.67155892981,163184.40813880353
20250710,181754.7328156512,112709.77107806121,164413.52762323694
20250711,180354.90547285505,113150.36660769764,163494.75957999495
20250714,181511.97917274255,113217.07661702574,164464.8599881923
20250715,179861.56421996903,113252.90773336113,162654.55087037937
20250716,179563.4249510721,113041.03407122318,162077.19141346155
20250717,179022.2063943666,113985.11543012207,162038.78678696268
20250718,179426.3326792712,114673.29092311427,162805.78212353354
20250721,180367.8749589232,115549.54077214304,164849.40056166874
20250722,181234.787083228,116514.96184511986,167561.79409694235
20250723,181916.8434136039,116455.95549827113,167011.32730757954
20250724,182934.55965343973,117549.19092271046,167745.99401186695
20250725,181094.51486670307,117165.46336327551,166762.34012209848
20250728,180196.20461600536,117488.78040578862,165055.2014717821
20250729,179622.35113375855,118004.09430296079,164993.79864286602
20250730,180162.73149342023,117786.22951517769,165428.86440125277
20250731,177908.8153522623,115791.77938267178,162560.8579823856
20250801,177857.81592761885,115298.01995500046,162557.34639203022
20250804,177903.28999645571,115867.59722455232,163320.50583759038
20250805,179425.43231880086,116756.47726217307,165098.46060764944
20250806,178846.14118308388,117232.61756758096,166145.753143627
20250807,178987.640657598,117161.371997141,166426.67894342277
20250808,179225.58410820944,116926.81869392727,166513.67723727273
20250811,178238.51802370412,117628.8266387766,165804.56028152726
20250812,178322.37000888525,118204.39319845712,166734.08882052067
20250813,177722.0426613717,119335.41823526843,165874.6306526265
20250814,177119.7145095059,118896.89316817114,164286.06317933934
20250815,176533.73085749344,120202.44094317645,164680.00418590714
20250818,176703.98372175076,121467.8753420026,164363.92676662604
20250819,176862.7993586608,121076.23487121466,164206.66094973663
20250820,177998.08086643345,122455.19963260303,165446.65379226403
20250821,179017.86354975327,122687.64943398179,166334.07610564918
20250822,178966.55593805312,125173.10939053878,166080.79586523806
20250825,179903.4113651358,127729.98194953139,167299.24342942942
20250826,179360.659006361,127441.52870619218,167108.1131952151
20250827,176997.2154478631,125553.31642945064,164094.39292024527
20250828,177252.58139568393,127909.34310904914,164443.1775606805
20250829,176482.51196194947,128796.46472192477,164344.29729083946
20250901,174651.7222734142,129695.95955109141,163949.99341041068
20250902,175239.24506608088,128269.0529359269,164467.0500890934
20250903,173603.8075748939,127172.1116038045,163081.09766485673
20250904,174213.11783751255,124365.70425645247,163010.01867586045
20250905,173524.82607725516,127423.39931035977,163513.34186467878
20250908,173889.53722863723,127963.63584969175,164776.02575261504
20250909,173724.3550759112,126997.26030816851,165145.21276158793
20250910,173674.26655389598,127206.86527199233,164336.79123073886
20250911,174104.60996777102,130300.72367070982,165046.63964875526
20250912,173536.1799652869,129886.0034162632,164208.07530061208
20250915,173527.85786282367,130067.79296402498,163688.1099164926
20250916,173372.5044373682,130147.28550980918,163699.17614061505
20250917,173970.66095936135,131080.28585598757,164131.86750389572
20250918,171720.2564087446,129678.31656711437,161214.2930870744
20250919,171643.77044347874,129615.73279873304,162540.04273768328
20250922,170818.7453257187,130318.68603454661,161508.99952176368
20250923,171663.8425071249,130045.51346553213,162103.9355027428
20250924,171755.98761853334,131732.23009006146,162518.36031017144
20250925,170506.1291526705,132401.36393555283,161729.72397656893
20250926,171010.310832128,131011.86881637457,162219.02509079885
20250929,170523.4210281573,133021.3683481343,162917.1886847644
20250930,169779.5856825206,133781.8173007703,162534.74820804244
20251009,170562.61698098978,135895.94310486416,163763.8776929366
20251010,171538.3061769895,133217.94848733256,165450.4839687257
20251013,171296.61482055977,132640.1462686337,164721.29180237232
20251014,172679.9022215273,130595.77008908494,166565.763922695
20251015,172451.4641725905,132516.3700533291,167324.13457620013
20251016,173211.27661305387,132487.8553055052,167974.0545189403
20251017,172457.7933034812,129263.00160534268,166684.94369919185
20251020,172819.35644071866,130038.49077965028,167935.37559408986
20251021,172602.04801618174,132071.7675913142,168007.54320466905
20251022,173508.7196102088,131475.4266566178,168172.7079569023
20251023,174801.03356917447,131839.37101991207,169549.40852632138
20251024,173932.17552464042,133626.30867733055,168670.36517039538
20251027,174239.7693560193,135391.0163951999,169458.40861954
20251028,173707.16408275373,134710.43810473382,168568.16474759014
20251029,174008.95154466733,136577.33269359465,168642.98819481328
20251030,174339.65589885812,135315.2995067233,167950.96345510203
20251031,173600.51310669983,133591.901921749,167864.95377822765
20251103,174796.4621713896,133878.67016100048,169379.08353634865
20251104,175396.849014583,132547.06172364537,170006.01099122065
20251105,175034.22073715553,132820.4986070266,170720.20389510802
20251106,175311.3944096577,134784.85361205772,171391.59911295917
20251107,176028.67244353867,134394.28691838452,171601.70022118877
20251110,177070.27697795385,134827.7092497914,172917.69370803153
20251111,177199.64668759648,133669.75902238928,172561.0487054582
20251112,176974.70477795496,133307.92366747934,172675.3539716651
20251113,176972.59402906478,135040.21616509955,173139.91394603538
20251114,176684.04882119896,132897.78119102257,172112.54518511746
20251117,175805.3493257154,132269.38663281486,171269.86636170023
20251118,174894.3178590624,131244.10569784683,168896.1027133036
20251119,175423.3364847954,131528.23629998064,169161.2592151567
20251120,176545.976311947,130752.55990299664,168844.09317429268
20251121,174484.819043707,127211.54950993547,165870.00901112944
20251124,173694.00809071207,127351.21211998846,165053.2313810172
20251125,174632.07714025697,128665.48594012765,165885.40257747588
20251126,173701.93037146534,129290.98955994962,165185.79748852714
20251127,173987.01073368,129176.84613489798,165460.75158462656
20251128,173353.05783887673,129811.30156837538,165635.2453380888
20251201,174260.79447237565,131205.10097359464,167008.5243212991
20251202,174410.74988151027,130436.88411540406,166800.67617400945
20251203,174938.5065660902,129730.98487571169,166473.25680361703
20251204,174115.22266621926,130140.18206120419,165867.24031214294
20251205,173604.27323939215,131357.38275914098,166016.8314897365
20251208,173207.88260697058,132506.97588021273,165104.55374551186
20251209,172403.78183723567,131762.22059309942,163593.62842073798
20251210,172220.00689473146,131799.3420774889,163735.12493968473
20251211,171932.94469157475,130618.20560647482,162434.24357765054
20251212,171508.22605341277,131666.81779085318,162211.37188106167
20251215,172150.06854739273,130816.18440919682,163171.6046917876
20251216,171497.95332558453,129117.28362656932,161894.36156165766
20251217,171545.5335934332,131538.00491844985,162362.75314112686
20251218,172623.6845305323,130807.41798270137,163679.22379281046
20251219,172359.96866796372,131526.79358406243,163967.5227894428
20251222,171628.63041143893,132865.77712645495,163216.3238949223
20251223,171228.9622263436,133067.28012073293,163243.48371764272
20251224,171110.969912677,133815.45864599827,163635.28605425038
20251225,171239.44369047735,134297.24499996146,164096.79160218453
20251226,170935.1166125743,134842.77700420958,164913.51637271862
20251229,170264.49076179098,134328.30560908123,164554.3412535792
20251230,169066.68901683216,134718.36202918543,164478.6691958308
20251231,169152.34838369006,134299.6054740974,164621.31005321318
20260105,169295.5753513331,137061.771368807,165253.45060540288
20260106,169826.3714358282,139398.60772407343,167225.21716179067
20260107,168913.1302420782,139399.46674576518,167304.38223761023
20260108,168771.18930184838,138670.71716196855,166756.57985671484
20260109,169133.00269295854,139918.0662173567,167328.23333646441
20260112,169239.2924478551,141517.56093639237,167913.96746492965
20260113,168992.20909587198,140391.80016071783,167339.49528388988
20260114,167942.01981732197,140419.39347929115,166209.47893670815
20260115,167898.58285145674,140601.195875668,165892.04574067876
20260116,167387.15908801387,140286.96831054296,164489.9597160012
20260119,167846.12838670472,140611.4472349597,165852.44820207788
20260120,169259.74657689748,140086.90986769964,168036.77883731073
20260121,168205.1708464437,140626.21947123177,167009.70294702865
20260122,168472.06408867307,140871.56744660207,168225.63610966364
20260123,168172.9932569679,141435.86209985285,168152.62846038264
20260126,168820.7784231921,141122.8221138615,169249.76614994046
20260127,168199.3382346405,141302.56138976495,167806.43393927792
20260128,168162.3259105929,141817.82022144404,170425.30173711575
20260129,168999.96042300502,142171.37189068104,172532.4759604996
20260130,168751.69896447577,140453.09723207794,170805.5092538192
20260202,167405.16803918974,136701.2759408949,165467.52903973075
20260203,167821.94622145095,139065.62301649505,166724.06121567744
20260204,169789.58670995827,139942.88056404685,171194.8486198114
20260205,170080.05922702487,138605.42233581212,170476.9784036479
20260206,169623.9042793017,138078.3905017164,170064.9337058743
20260209,169821.32069323387,140492.10012081367,171220.03549449242
20260210,169866.6151997317,140580.67847295312,171848.09014415304
20260211,170166.76213411582,140460.16764138706,173098.04630284754
20260212,169239.71201359705,141075.5685787486,172543.3278890349
20260213,168397.52757314817,139217.0549579318,170040.8311668645
20260224,169264.17833819543,140670.99138812398,172626.4345750215
20260225,169511.66285019007,141928.79187409533,173561.1162085682
20260226,169738.10615521122,141882.8378846187,173061.60176665284
20260227,170550.75495720378,142033.8164534959,174795.274496575
20260302,171554.6333412044,142414.82561309,177151.49876547884
20260303,171835.80986751322,139033.78781943952,178556.69779071966
20260304,171101.54347574792,137746.286842027,175678.54376148045
20260305,171280.72145998868,138994.69682591484,175479.60031015717
20260306,172591.59525887924,139514.6288824385,175809.14549277452
20260309,172800.98336994296,138167.22582615676,175929.19388071806
20260310,172823.0067995361,140063.45563868814,174608.6573274269
20260311,174397.23474347126,140659.01097235017,177149.31723640126
20260312,175736.2651049996,140086.1701545762,179289.81299495584
20260313,174900.76160426458,139111.45953291978,178627.69963330452
20260316,175060.69349195986,138895.59178701843,177364.87431028072
20260317,174764.44295121217,137346.72795333678,176048.38080040118
20260318,174353.29391928922,138182.01825310965,174996.00088718373
20260319,174513.74264844492,135520.5377769473,173969.7378914957
20260320,174031.16692022,134604.70868702207,173173.43549042082
20260323,170358.63796785253,129889.66343603538,168777.80440598872
20260324,171929.33472062508,131855.92737815934,171377.7527607522
20260325,172291.17325745855,134016.36693295115,171797.54495832132
20260326,172623.69262933428,132134.1696435684,171874.15848801605
20260327,172553.08102257774,133131.49382770888,172290.10622275097
20260330,172802.74595128538,132985.3903904841,173882.07528132547
20260331,172179.89582869693,131431.81478611278,171851.94032153624
20260401,172346.9740767935,133692.4166372678,171953.99788061666
20260402,173201.47554935687,131986.56475389947,172355.63067012728
20260403,170868.00935294322,130835.6243637641,169499.05192060635
20260407,170393.83420094952,131010.17096367183,170355.75424724925
20260408,171649.41077645167,136118.5343474684,171725.82879711245
20260409,169855.54143393008,135270.21922306993,170426.48464875703
20260410,170392.4147986737,137109.27636967154,170792.25864334466
20260413,170446.41529756418,137304.2926488668,170659.01964769093
20260414,171005.15221008362,139062.19243627728,171023.4607237262
20260415,171607.5115191194,138509.889211899,171634.160288099
20260416,172091.2569670376,140262.05851699816,172051.7352406593
20260417,171061.57927629788,140266.3279282269,170914.48141717957
20260420,171139.3603381182,141246.1210948929,171130.25992983248
20260421,172324.32718628237,141379.9724599114,172640.5180810116
20260422,171589.6446826938,142638.9531829507,172626.58601056976
20260423,171731.15163774238,141961.1593709171,173495.29889055603
20260424,171631.3038125934,141373.51327757523,173345.67342566856
20260427,170662.51268261566,141657.8329379019,172971.55761819027
20260428,172481.31472606753,140928.7547966633,174922.31463521
20260429,172501.75103654858,142718.02906650407,176637.44365365405
20260430,171250.36653627368,142702.49325539486,176131.62749283807
20260506,171281.25827246666,145350.38540338594,176635.06782991075
20260507,170794.93014760345,146376.6850499756,173793.02117847573
20260508,170778.91917909542,145764.32005679823,173206.63844869996
20260511,171790.93762778255,148183.42242318272,173967.34492410545
20260512,171487.42460150857,147844.4924778701,173704.53710188792
20260513,170805.30668466733,149601.33317229737,173008.06930033563
20260514,169502.87630389756,146620.76835452192,171451.24186078573
20260515,168897.34469429322,144813.3665243652,171031.66967335282
20260518,168396.4765764396,144353.5402890351,170243.72765745278
20260519,169913.3774366328,145134.321257226,170489.45040682232
20260520,168042.330428586,145248.00029661946,169951.68563123088
20260521,166339.29002204185,142663.6775893355,167370.00097504494
20260522,165876.16272390814,144760.20446184676,167082.65487945694
20260525,165696.57307655815,147008.796528965,167953.590719001
20260526,164483.99465277768,147362.1150876147,168105.3534252114
20260527,163833.66873226836,145933.3325746532,166674.57893595815
20260528,162705.84431690112,146241.87003882852,166390.47298964846
20260529,165404.1872682042,144812.66902811974,168539.2119851236
20260601,166234.62724764284,143387.3941870663,173029.92745022895
20260602,165399.98776958275,145115.47600998374,172499.57730195427
20260603,164306.72760910034,145839.9231432558,172436.6301161732
20260604,162818.57937574605,145107.77785405368,171682.6239494605
20260605,163548.6208342449,142768.75539871273,171809.2083528134
20260608,161815.72210088297,139179.65998159346,170332.86033535114
20260609,161642.2998703763,142105.6438826459,170222.47953566434
20260610,162023.2809698392,140535.16317190454,169189.8519610368
20260611,161111.42918453104,139864.01025833425,168607.6808538679
20260612,162874.6900522426,141443.99710869452,171190.19126238316
20260615,162776.3964017851,145360.42017173825,169488.7343024018
20260616,160719.46529283095,145688.84912752398,166580.1331561347
20260617,159410.31246881743,147288.93121181897,165023.20285470295
20260618,156844.95219065432,147759.52275104268,161676.98726119884
20260622,157312.1577722913,151241.05874056407,163400.45809253358
20260623,157362.6612306163,147364.10845846354,162468.70945125687
20260624,154518.56657006757,148620.98567966788,160147.4339353492
20260625,152628.7396847471,150747.52324589787,158211.1561568372
20260626,151466.75024281233,146524.28443309525,155198.3973547353
20260629,153193.4778844906,148431.6374752251,156336.32692363326
20260630,150445.94139652437,150585.6857617889,153393.9999378543
20260701,152535.3552919479,150138.05286213913,156013.0220285149
20260702,153669.63651749172,145385.54288518956,157495.0803090571
20260703,155493.70509566896,146294.8338655719,159173.44477656292
20260706,157722.10955304082,145859.25663786987,162467.41939182198
20260707,156648.30555918656,144112.42501456483,160199.6049103691
20260708,157717.19691996282,142764.25471241312,161099.39493640958
20260709,156956.02289546686,146648.81871668767,159130.29278848917
20260710,157590.38685712844,144005.03996102832,159001.85544262576
20260713,158681.74689858092,140451.30393252053,159635.48034891608
20260714,159353.86455227117,143307.80619442745,162994.65796817068
20260715,161140.4117616056,142494.7531762694,165278.903206612
20260716,160954.36462082577,139755.39724430247,163662.55588203887
20260717,161112.44493384674,134052.36324576574,162650.47782558555
20260720,163693.20977749515,135080.19371306253,167845.40144885247
20260721,162528.8311394127,139997.68908480782,166024.0475364758
20260722,163393.33934318964,139303.86387222752,168017.2336511218
20260723,163792.52755169265,139457.49843338673,169653.51475121532
